pto_no,sacco,permit_id,route_hints,is_intercity,route_text,pto_name_raw
NTSA/RSN-0004,2B,NTR-00539,2B,False,"kikuyu, dagoreti, gikambura",2B TRAVELLERS SACCO LTD
NTSA/RSN-0004,2B,NTR-00201912130944110,2B,False,"Kikuyu, GikamburaKamanguMutarakwaLimuruNorthern bypassRuiruThika rd, Thika (MAKONGENI)",2B TRAVELLERS SACCO LTD
NTSA/RSN-0004,2B,NTR-001144,2B,False,"Railways, Waiyaki way Uthiru kawangware Kikuyu gikambura kamangu mutarakwa limuru northern bypass thika Rd thika, Thika(makongeni)",2B TRAVELLERS SACCO LTD
NTSA/RSN-0004,2B,NTR-00667,2B,False,"railways, kawangware,dagorretti,kikuyu, gikambura",2B TRAVELLERS SACCO LTD
NTSA/RSN-0004,2B,NTR-00201901141024040,2B,False,"knh, kawangware,dagoreti,kikuyu, gikambura",2B TRAVELLERS SACCO LTD
NTSA/RSN-0004,2B,NTR-00201901141021120,2B,False,"knh, dagoreti,kikuyu, limuru",2B TRAVELLERS SACCO LTD
NTSA/RSN-0004,2B,ADR-YM3SEOK,2B,False,"Railways, Karen via bomas kawangwarekabiria dagoretti Kikuyu Muslim gikambura waiyaki way, Uthiru",2B TRAVELLERS SACCO LTD
NTSA/RSN-0004,2B,ADR-8LMSVDD,2B,False,"railways, kawangware,dagorretti,kikuyu, gikambura",2B TRAVELLERS SACCO LTD
NTSA/RSN-0004,2B,ADR-ZZJS27K,2B,False,"railways, dagoretti,kawangware, kikuyu",2B TRAVELLERS SACCO LTD
NTSA/RSN-0007,2KR,NTR-00202008120851300,105,False,"Kikuyu, Wangige Kiambu Ruiru Thika road Juja, Makongeni",2KR ROUTE 105 MULTIPURPOSE COOPERATIVE SOCIETY LIMITED
NTSA/RSN-0007,2KR,NTR-00346,105,False,"Tommboya, KawangwarekikuyuwestlandsThika RdMakongeniruirukiambuwangige, Limuru",2KR ROUTE 105 MULTIPURPOSE COOPERATIVE SOCIETY LIMITED
NTSA/RSN-0007,2KR,NTR-00341,105,False,"odeon, westlands,kinoo, kikuyu",2KR ROUTE 105 MULTIPURPOSE COOPERATIVE SOCIETY LIMITED
NTSA/RSN-0007,2KR,ADR-O68ILQB,105,False,"odeon, westlands,kinoo, kikuyu",2KR ROUTE 105 MULTIPURPOSE COOPERATIVE SOCIETY LIMITED
NTSA/RSN-0007,2KR,ADR-6DBSD6W,105,False,"odeon, westlands, kinoo, kikuyu, thogoto, kanyariri, mutarakwa, city cabanas",2KR ROUTE 105 MULTIPURPOSE COOPERATIVE SOCIETY LIMITED
NTSA/RSN-0007,2KR,ADR-WZ9S3ZE,105,False,"tommboya, westlands,kinoo,kikuyu,kamangu, limuru",2KR ROUTE 105 MULTIPURPOSE COOPERATIVE SOCIETY LIMITED
NTSA/RSN-0007,2KR,ADR-537HODO,105,False,"odeon, kikuyu,westlands, kinoo",2KR ROUTE 105 MULTIPURPOSE COOPERATIVE SOCIETY LIMITED
NTSA/RSN-0008,2KW,NTR-00494,,True,"nairobi, limuru, nakuru",2KW SAVINGS AND CREDIT CO-OPERATIVE SOCIETY LTD
NTSA/RSN-0008,2KW,NTR-00202009011729160,,False,"Wangige Market, Ngecha Nduma Kamangu Gikambura Muguga Zambezi, Kahuho",2KW SAVINGS AND CREDIT CO-OPERATIVE SOCIETY LTD
NTSA/RSN-0008,2KW,NTR-00201901101111320,,True,"Dagoretti Corner, UthiruWangigeKahawa west KU Hospital Ruiru Limuru, Nakuru",2KW SAVINGS AND CREDIT CO-OPERATIVE SOCIETY LTD
NTSA/RSN-0008,2KW,NTR-00202107221145140,,True,"suswa, kimuka ngong dagoretti corner kawangware uthiru Kikuyu kamangu thigio ngecha wangige kahawa west via Kiambu KU hospital ruiru limuru, nakuru",2KW SAVINGS AND CREDIT CO-OPERATIVE SOCIETY LTD
NTSA/RSN-0008,2KW,ADR-9AKFJOA,,False,"wangige, kahawa west KU Hospital, Ruiru",2KW SAVINGS AND CREDIT CO-OPERATIVE SOCIETY LTD
NTSA/RSN-0008,2KW,ADR-DB3TYQY,,True,"suswa, kimuka ngong dagoretti centre kamangu thigio ngecha wangige kahawa west KU hospital ruiru limuru, nakuru",2KW SAVINGS AND CREDIT CO-OPERATIVE SOCIETY LTD
NTSA/RSN-0008,2KW,ADR-3ZQSJOA,,True,"suswa, kimuka ngong dagoretti corner kawangware uthiru Kikuyu kamangu thigio ngecha wangige kahawa west KU hospital ruiru limuru, nakuru",2KW SAVINGS AND CREDIT CO-OPERATIVE SOCIETY LTD
NTSA/RSN-0008,2KW,ADR-JY7SZE7,,False,"bus station, ngong road, kawagware, uthiru, wangige",2KW SAVINGS AND CREDIT CO-OPERATIVE SOCIETY LTD
NTSA/RSN-0008,2KW,ADR-POKSY77,,False,"bus station, wangige,ngong road, kawagware, uthiru",2KW SAVINGS AND CREDIT CO-OPERATIVE SOCIETY LTD
NTSA/RSN-0008,2KW,ADR-VYASWZP,,True,"dagoretti corner, uthiru,wangige,limuru, nakuru",2KW SAVINGS AND CREDIT CO-OPERATIVE SOCIETY LTD
NTSA/RSN-01907,61 BUS,NTR-001280,61,False,"Bus station, Muthurwa gikomba , Jogoo road juja rd outering rd , Kayole kangundo rd , Eastern bypass, Utawala City cabanas ruai, Kamulu",61 BUS LIMITED
NTSA/RSN-01907,61 BUS,ADR-K9BFZR3,61,False,"Bus station, Muthurwa, Jogoo road, Kayole, Eastern bypass, Utawala, City cabanas",61 BUS LIMITED
NTSA/RSN-01907,61 BUS,ADR-7WRSODM,61,False,"Bus station, Muthurwa, Jogoo road, Kayole, Eastern bypass, Utawala, City cabanas",61 BUS LIMITED
NTSA/RSN-0657,8B,NTR-00202101181143450,8B,False,"Fig tree, Thika rd Kariokor Gikomba Juja rd Eastleigh KiambiuJericho Jogoo rd Buruburu Outering rd Donholm(caltex) Cabanas Likoni rd Lungalunga rd Kariobangi south, Kangundo rd",8B SAVINGS AND CREDIT CO-OPERATIVE SOCIETY LTD
NTSA/RSN-0657,8B,NTR-00201909131211180,8B,False,"kariokor, gikomba,eastleigh,jericho,buruburu,outering rd,donholm(caltex), cabanas",8B SAVINGS AND CREDIT CO-OPERATIVE SOCIETY LTD
NTSA/RSN-0657,8B,ADR-POKSKYO,8B,False,"jericho, eastleigh, kariokor, gikomba",8B SAVINGS AND CREDIT CO-OPERATIVE SOCIETY LTD
NTSA/RSN-0657,8B,ADR-VYASAWA,8B,False,"jericho, gikomba,eastleigh section3, kariokor",8B SAVINGS AND CREDIT CO-OPERATIVE SOCIETY LTD
NTSA/RSN-0657,8B,ADR-Q5LCL8B,8B,False,"jericho, gikomba,eastleigh, kariokor",8B SAVINGS AND CREDIT CO-OPERATIVE SOCIETY LTD
NTSA/RSN/8384,Akilla,ADR-ZZJSJEL,,True,"bus station, mombasa road,south b, south c",AKILLA  TRANSPORTERS  LIMITED
NTSA/RSN-01901,Aldana Supreme,NTR-00202008111559300,,False,"Saika, Dandora Outering road Thika road, Thika",ALDANA SUPREME SERVICES LIMITED
NTSA/RSN-01901,Aldana Supreme,NTR-00202108060811330,,False,"Malaa, ruai dandora outering rd cabanas juja rd kariokor ngara thika rd mwihoko eastern bypass ruiru gatundu juja thika, Muranga",ALDANA SUPREME SERVICES LIMITED
NTSA/RSN-01901,Aldana Supreme,ADR-A5ACPY5,,False,"Ruai, Dandora, Outering rd, Cabanas, Juja rd, Kariokor Ngara, Ronald Ngala, Thika rd, Thika",ALDANA SUPREME SERVICES LIMITED
NTSA/RSN-01901,Aldana Supreme,,,True,"Nairobi - Thika,Muranga,Sagana,Nyeri - Naivasha via Nyahururu and back",ALDANA SUPREME SERVICES LIMITED
NTSA/RSN-0023,Aldana,NTR-00202003241145200,,False,"Ronald ngala, Juja rdDandoraKariobangiAlsops Thika rd, Thika",ALDANA TRAVELLERS SACCO
NTSA/RSN-0023,Aldana,NTR-00418,,True,"Ronald Ngala, Ngara Juja Rd Outering Rd Kangundo Rd Dandora Kariobangi Asops Thika Rd Thika, Nyeri",ALDANA TRAVELLERS SACCO
NTSA/RSN-0023,Aldana,NTR-00337,,False,"ronald ngara, juja road, dandora",ALDANA TRAVELLERS SACCO
NTSA/RSN-0023,Aldana,NTR-00360,,False,"dandora, kariobangi, alsolps",ALDANA TRAVELLERS SACCO
NTSA/RSN-0023,Aldana,NTR-00201909131231540,,False,"dandora, kariobangi,alsops,thika rd, thika",ALDANA TRAVELLERS SACCO
NTSA/RSN-0023,Aldana,ADR-2DVSRKQ,,False,"dandora, juja road, ronald ngala",ALDANA TRAVELLERS SACCO
NTSA/RSN-0023,Aldana,ADR-K9BF6RK,,False,"ronald ngara, dandora, juja road",ALDANA TRAVELLERS SACCO
NTSA/RSN-0023,Aldana,ADR-7WRS9DE,,False,"dandora, alsolps, kariobangi",ALDANA TRAVELLERS SACCO
NTSA/RSN-0023,Aldana,ADR-BQ9SQJ9,,False,"dandora, juja road,kariokor, gikomba",ALDANA TRAVELLERS SACCO
NTSA/RSN-7779,Arbab Ventures,NTR-00201905131607200,,True,"South c, iindustrial arealikoni rdjogoo rdeastleighoutering rd mombasa rd, machakos",ARBAB VENTURES LIMITED
NTSA/RSN-7779,Arbab Ventures,ADR-JY7SLOJ,,True,"South c, South bLikoni rdindustrial areaeastleighjogoo rdoutering rddonholmfedha, machakos",ARBAB VENTURES LIMITED
NTSA/RSN-7779,Arbab Ventures,ADR-POKSRLV,,True,"Machakos, SyokimauImara daimaSouth bSouth cNgumoLikoni rdIndustrial areaEastleighGikombaBusstationJogoo rdOutering rdDonholm Fedha juja rd thika rd kangundo rdutawala westlands parklands KNH nairobi west, langata",ARBAB VENTURES LIMITED
NTSA/RSN-7779,Arbab Ventures,ADR-VYAS9K2,,True,"machakos, syokimau,imara daima,south b,south c,ngumo,likoni rd,industrial area,eastleigh,gikomba,busstation,jogoo rd,outering rd,donholm, fedha",ARBAB VENTURES LIMITED
NTSA/RSN-7779,Arbab Ventures,ADR-Q5LCMKD,,True,"machakos, syokimau,imara daima,south b,south c,ngumo,likoni rd,industrial area,eastleigh,gikomba,busstation,jogoo rd,donholm, fedha",ARBAB VENTURES LIMITED
NTSA/RSN-0030,Baba Dogo 25,NTR-00201910081316170,25,False,"odeon, muranga rd terminus,thika rd,alsops,baba dogo,outering rd,caltex, donholm",BABA DOGO 25 TRAVELLERS SACCO
NTSA/RSN-0030,Baba Dogo 25,ADR-BQ9S3MQ,25,False,"Odeon, Muranga rd terminus(via forest rd)thika rdalsopsbaba dogo outering rd caltex juja rd kariokor, donholm",BABA DOGO 25 TRAVELLERS SACCO
NTSA/RSN-0030,Baba Dogo 25,ADR-REOSLYL,25,False,"Odeon, Muranga rd terminus(via forest rd) thika rdalsops roysambu lucky summer baba dogo outering rd caltex kangundo rd ruai junction utawala city cabanas donholm juja rd, kariokor",BABA DOGO 25 TRAVELLERS SACCO
NTSA/RSN-0030,Baba Dogo 25,ADR-MDMSAEM,25,False,"odeon, thika road, babadogo",BABA DOGO 25 TRAVELLERS SACCO
NTSA/RSN-0030,Baba Dogo 25,ADR-YM3SEJ6,25,False,"odeon, babadogo, thika road",BABA DOGO 25 TRAVELLERS SACCO
NTSA/RSN-0032,Bakaki 101,NTR-00201911291135300,101,False,"Kiambu, Bypass Ruaka Banana Ndenderu Wangige Kikuyu Rusingiti Kamangu Thigio Mutarakwa Limuru, Tigoni",BAKAKI 101 TRAVELLERS SAVINGS AND CREDIT CO-OPERATIVE SOCIETY LIMITED
NTSA/RSN-0032,Bakaki 101,ADR-2DVSRWK,101,False,"Kiambu, BananaRuakaNdenderuWangigeKikuyuRusingitiKamanguThigioMutarakwaLimuru, Tigoni",BAKAKI 101 TRAVELLERS SAVINGS AND CREDIT CO-OPERATIVE SOCIETY LIMITED
NTSA/RSN-0032,Bakaki 101,ADR-K9BF6JM,101,False,"kiambu, banana, limuru",BAKAKI 101 TRAVELLERS SAVINGS AND CREDIT CO-OPERATIVE SOCIETY LIMITED
NTSA/RSN-0037,Banana Hill Matatu,NTR-00202107191137140,,False,"Banana, Kiambu Nairobi thika rd ruiru thika, Soko mjinga via limuru",BANANA HILL MATATU SACCO LTD
NTSA/RSN-0037,Banana Hill Matatu,NTR-00202211011757100,,False,"Thika, Ruiru Kiambu, Olkalou via Banana",BANANA HILL MATATU SACCO LTD
NTSA/RSN-0037,Banana Hill Matatu,ADR-7WRS96P,,False,"banana, kiambu, nairobi, thika road, ruiru, thika",BANANA HILL MATATU SACCO LTD
NTSA/RSN-0037,Banana Hill Matatu,ADR-BQ9SQ6V,,False,"banana, thika,commercial, kiambu",BANANA HILL MATATU SACCO LTD
NTSA/RSN-0037,Banana Hill Matatu,ADR-REOSZKQ,,False,"banana, commercial, kiambu, thika",BANANA HILL MATATU SACCO LTD
NTSA/RSN-0039,Benjo( K),NTR-00833,,True,"Embu, Kitui, Mwingi and Back",BENJO( K) LTD
NTSA/RSN-0039,Benjo( K),NTR-001425,,True,"Busstation, jogoo rd,Muthurwa,Gikomba,Kariokor,Juja Rd,Outering Rd,Allsops,Kariobangi Roundabout,kangundo rd,ruai,joska,malaa,tala,Thika,kiskioni,donyosabuku,kilimambogo, Nyeri and Back",BENJO( K) LTD
NTSA/RSN-0039,Benjo( K),NTR-00741,,True,"Bus Station, Jogoo rd Muthurwa Gikomba Kariokor Juja Rd OuteringRd Allsops Kariobangi dandora Moslem machakos mlolongo mombasa rd Cabanas EasternBypass Utawala Ruiru Roundabout kangundo rd ruai joska malaa tala Thika Makongeni kiskioni donyosabuk kilimambogo, Nyeri",BENJO( K) LTD
NTSA/RSN-0039,Benjo( K),ADR-537HOWE,,True,"nairobi, matuu, kitui, mwingi",BENJO( K) LTD
NTSA/RSN-0039,Benjo( K),ADR-A5AC78Q,,True,"nairobi, mwingi,thika,matuu, kitui",BENJO( K) LTD
NTSA/RSN-0050,Buruburu 58,ADR-K9BFLV9,58,False,"Commercial, muthurwaJogoo road Lusaka Likoni rd JerichoBuruburu Rabai rd Outering rdAlsops Kangundo rd Eastern bypass, Malaa",BURUBURU 58 TRAVELLERS SAVINGS AND CREDIT CO-OPERATIVE SOCIETY LIMITED
NTSA/RSN-0050,Buruburu 58,ADR-7WRSVZ6,58,False,"Commercial, muthurwaJogoo road Lusaka Enterprise rd Likoni rd Jericho Buruburu Rabai rd Outering rd Alsops Kangundo rd Eastern bypass, Malaa",BURUBURU 58 TRAVELLERS SAVINGS AND CREDIT CO-OPERATIVE SOCIETY LIMITED
NTSA/RSN-0050,Buruburu 58,ADR-BQ9S53D,58,False,"buruburu, jogoo rd accra, commercial",BURUBURU 58 TRAVELLERS SAVINGS AND CREDIT CO-OPERATIVE SOCIETY LIMITED
NTSA/RSN-0050,Buruburu 58,ADR-REOSRLV,58,False,"buruburu, jogoo road, commercial",BURUBURU 58 TRAVELLERS SAVINGS AND CREDIT CO-OPERATIVE SOCIETY LIMITED
NTSA/RSN-0050,Buruburu 58,ADR-MDMSQA8,58,False,"commercial, buruburu,muthurwa, jogoo road",BURUBURU 58 TRAVELLERS SAVINGS AND CREDIT CO-OPERATIVE SOCIETY LIMITED
NTSA/RSN-0050,Buruburu 58,ADR-YM3S6EM,58,False,"buruburu, commercial, jogoo road",BURUBURU 58 TRAVELLERS SAVINGS AND CREDIT CO-OPERATIVE SOCIETY LIMITED
NTSA/RSN-9870,Bybuss Trans,NTR-00202007061248330,,False,"Khoja via Ngara Rd, WestlandsWangige via Lower Kabete RdNyathunaNgechaKabukuLimuru Kikuyu Kiambu Ruiru, Thika(Makongeni)",BYBUSS TRANS LIMITED
NTSA/RSN-9870,Bybuss Trans,NTR-00202009081636350,,False,"Kiserian, Ngong Dagoretti Wangige Khoja Thika Gatuanyaga Ruiru Kiambu, Limuru",BYBUSS TRANS LIMITED
NTSA/RSN-9870,Bybuss Trans,NTR-00202102051433520,,False,"Khoja, Ngara Westlands kangemi wangige nyathuna gachie ngecha kabuku ruaka Kikuyu limuru kiambu ruiru Thika(makongeni), muranga",BYBUSS TRANS LIMITED
NTSA/RSN-9870,Bybuss Trans,NTR-00202102051436280,,False,"Thika (makongeni), Kiambu ruaka gachie wangige nyathuna ngecha kabuku limuru kikuyu kangemi kawangware dagoretti corner& market karen bomas ngong, Kiserian",BYBUSS TRANS LIMITED
NTSA/RSN-9870,Bybuss Trans,ADR-BQ9SMJB,,False,"Khoja via Ngara Rd, WestlandsWangige via Lower Kabete RdNyathunaNgechaKabuku, Limuru",BYBUSS TRANS LIMITED
NTSA/RSN-9870,Bybuss Trans,ADR-REOSYWM,,False,"Khoja, Ngara Westlands kangemi wangige nyathuna gachie ngecha kabuku ruaka Kikuyu limuru kiambu ruiru, Thika(makongeni)",BYBUSS TRANS LIMITED
NTSA/RSN-9870,Bybuss Trans,ADR-MDMSEYL,,False,"Thika (makongeni), Kiambu ruakagachie wangige nyathuna ngecha kabuku limuru kangemi Dagoretti ngong, Kiserian, 8Ngara;Westlands,Ruaka,Gachie,Ngecha,Banana,Kiambu,Limuru,Kikuyu,Kangemi,Dagoret,Karen,Boma,Ngong - Kiserian and back",BYBUSS TRANS LIMITED
NTSA/RSN-0053,Cbet,NTR-00202012111552070,,False,"Gillhouse, Jogoo rd Buruburu Outering rd Kangundo rd, Koma bus park",CBET SACCO
NTSA/RSN-0053,Cbet,NTR-00202012111553240,,True,"Gillhouse, Mombasa rd Athi river, Machakos",CBET SACCO
NTSA/RSN-0053,Cbet,NTR-00202104141523000,,False,"kyumbi, malili, konza city",CBET SACCO
NTSA/RSN-0053,Cbet,NTR-00202104141524480,,False,"kenol, njumbi murarandaia githiga, kiria-ini",CBET SACCO
NTSA/RSN-0053,Cbet,NTR-0063,,True,"Gillhouse, MuthurwaJogoo roadBuruburu civil servant outering rd komarock bus park mombasa rd athi river machakos kyumbi malili murarandia githiga njumbi konza city kenol kangundo rd, kiria-ini",CBET SACCO
NTSA/RSN-0053,Cbet,ADR-A5AC86D,,True,"gillhouse, muthurwa,jogoo road,buruburu,civil servant,Outering rd,Komarock Bus Park,Mombasa rd,Athiriver,Machakos,Kyumbi,Malili,Murarandi,Githiga, Kiria-ini",CBET SACCO
NTSA/RSN-0053,Cbet,ADR-9AKFR5P,,False,"gillhouse, civilservant,muthurwa,jogoo road, buruburu",CBET SACCO
NTSA/RSN-0053,Cbet,ADR-DB3TOWP,,False,"gillhouse, muthurwa,jogoo road,buruburu, civilservant",CBET SACCO
NTSA/RSN-0064,Chania,NTR-0053,,True,"nairobi, thika,matuu,kitui, mwingi",CHANIA TRAVELLERS SACCO
NTSA/RSN-0064,Chania,NTR-00182,,True,"nairobi, thika, nyeri",CHANIA TRAVELLERS SACCO
NTSA/RSN-0064,Chania,NTR-00183,,True,"nairobi, thika nyeri nyahururu, nakuru",CHANIA TRAVELLERS SACCO
NTSA/RSN-0064,Chania,NTR-00236,,True,"nairobi, thika,nyeri,nyahururu, nakuru",CHANIA TRAVELLERS SACCO
NTSA/RSN-0064,Chania,NTR-00142,,True,"nairobi, thika road,thika, nyeri",CHANIA TRAVELLERS SACCO
NTSA/RSN-0064,Chania,NTR-00519,,True,"nairobi, thika,matuu, mwingi",CHANIA TRAVELLERS SACCO
NTSA/RSN-0064,Chania,NTR-00567,,True,"Nairobi, Thika Gatura Olkalou Nyahururu Nakuru, Eldoret",CHANIA TRAVELLERS SACCO
NTSA/RSN-0064,Chania,NTR-00917,,True,"Nairobi, Thika Nyeri Nyahururu Nakuru, Eldoret",CHANIA TRAVELLERS SACCO
NTSA/RSN-0064,Chania,NTR-001007,,True,"Nairobi, Ruiru Thika Odonyo Sabuk Matuu Kitui Mwingi Igikiro gatura Flyover Olkalou Nyahururu Nyeri Embu Meru Nakuru, Eldoret",CHANIA TRAVELLERS SACCO
NTSA/RSN-0064,Chania,NTR-001285,,True,"Nairobi, Eastleigh Outering Rd Eastern Bypass Mombasa Rd Matuu Kitui Mwigi Oldonyo sabuk Thika Ruiru Igikiro Gatura Flyover Olkalou Nyahururu Nyeri Meru Nakuru, Eldoret",CHANIA TRAVELLERS SACCO
NTSA/RSN-0064,Chania,NTR-001145,,True,"nairobi, thika, nyeri, meru",CHANIA TRAVELLERS SACCO
NTSA/RSN-0064,Chania,ADR-Q5LCLAM,,True,"nairobi, thika, flyover, nakuru",CHANIA TRAVELLERS SACCO
NTSA/RSN-0064,Chania,ADR-EPJSJ6A,,True,"thika, flyover, nakuru",CHANIA TRAVELLERS SACCO
NTSA/RSN-0064,Chania,ADR-2DVSB6R,,True,"nairobi, mwingi,thika,matuu, kitui",CHANIA TRAVELLERS SACCO
NTSA/RSN-0064,Chania,ADR-K9BFBOV,,True,"nairobi, nyeri, thika",CHANIA TRAVELLERS SACCO
NTSA/RSN-0064,Chania,ADR-7WRS2W2,,True,"nairobi, thika,nyeri, embu",CHANIA TRAVELLERS SACCO
NTSA/RSN-0064,Chania,ADR-BQ9SZE5,,True,"nairobi, nyeri,thika road, thika",CHANIA TRAVELLERS SACCO
NTSA/RSN-0064,Chania,ADR-REOSOMB,,True,"nairobi, mwingi,thika, matuu",CHANIA TRAVELLERS SACCO
NTSA/RSN-0064,Chania,ADR-MDMSM85,,True,"thika, nakuru, flyover",CHANIA TRAVELLERS SACCO
NTSA/RSN-0064,Chania,ADR-YM3SLQD,,True,"nairobi, meru, embu",CHANIA TRAVELLERS SACCO
NTSA/RSN-0064,Chania,ADR-8LMSOPW,,True,"nairobi, thika, nyeri, nyahururu, nakuru",CHANIA TRAVELLERS SACCO
NTSA/RSN-0064,Chania,ADR-ZZJSZDW,,True,"nairobi, nakuru, nyeri",CHANIA TRAVELLERS SACCO
NTSA/RSN-041811,Chelsea,NTR-00202211011801400,44,False,"Commercial, Bus Station Thika Rd Zimmerman Githurai 44 Kahawa West Ruiru Ruaka Limuru Juja, Juja Farm",CHELSEA TRANSPORTERS LIMITED
NTSA/RSN-041811,Chelsea,NTR-00202211071700350,44,False,"Commercial, Bus Station Thika Rd Zimmerman Githurai 44 Northern Bypass Ruiru Ruaka Kikuyu via Waiyaki Way Limuru Juja, Juja Farm",CHELSEA TRANSPORTERS LIMITED
NTSA/RSN-041811,Chelsea,ADR-8LMS57A,,False,"ngara(figtree), githurai44, kahawa west, Commercial",CHELSEA TRANSPORTERS LIMITED
NTSA/RSN-041811,Chelsea,,44,False,"Bus station,Thika rd,Zimmerman,Githurai 44,Kahawa west,Northen Bypass,Ruiru,Ruaka,Kikuyu via Waiyaki way,Forest rd,Limuru,Juja - Juja farm and back",CHELSEA TRANSPORTERS LIMITED
NTSA/RSN-5013,Circular Classic Company,NTR-00202009101604470,,True,"Nairobi, Kangundo road Tala Kangundo, Machakos",CIRCULAR CLASSIC COMPANY LIMITED
NTSA/RSN-5013,Circular Classic Company,NTR-00202009101603390,,True,"Nairobi, Machakos Masii Mwala Kithimani Garissa road, Ol donyo Sabuk",CIRCULAR CLASSIC COMPANY LIMITED
NTSA/RSN-5013,Circular Classic Company,NTR-00201910290905210,,True,"Nairobi, EastleighPangani TerminusJuja Thika Garissa rd Mwala Kithiani Masii Machakos Tala, Kangundo rd",CIRCULAR CLASSIC COMPANY LIMITED
NTSA/RSN-5013,Circular Classic Company,NTR-00202111051642530,,True,"eastleigh, northern bypass eastern bypass jogoo rd mombasa rd utawala, ruai",CIRCULAR CLASSIC COMPANY LIMITED
NTSA/RSN-5013,Circular Classic Company,NTR-00706,,True,"Nairobi, eastleigh kahawa west muranga othaya nyeri mwea, embu",CIRCULAR CLASSIC COMPANY LIMITED
NTSA/RSN-5013,Circular Classic Company,NTR-00202111051643520,,True,"kiambu via westlands, kikuyu ruiru limuru, naivasha",CIRCULAR CLASSIC COMPANY LIMITED
NTSA/RSN-5013,Circular Classic Company,NTR-00202111121600130,,True,"eastleigh, jogoo rd mombasa rd utawala eastern bypass mwihoko kawaha west via mwiki northern bypass, ruiru",CIRCULAR CLASSIC COMPANY LIMITED
NTSA/RSN-5013,Circular Classic Company,NTR-00202009231508300,,True,"Commercial, eastleigh jogoo rd manyanja rd umoja innercore komarock eastern bypass utawala mombasa rd westlands kikuyu kiambu northern bypass kahawa west ruiru mwihoko kasarani, mwiki",CIRCULAR CLASSIC COMPANY LIMITED
NTSA/RSN-5013,Circular Classic Company,ADR-WZ9SDA5,,False,"Nairobi, Eastleigh,Pangani Terminus,Juja town, Thika",CIRCULAR CLASSIC COMPANY LIMITED
NTSA/RSN-0069,City Star Shuttle,NTR-0020181211134410497,,False,"bus station, kencom,gpo,knh,adams arcade,karen,ngong,matasia,kiseriani,rongai,bomas,langata road, kiserian",city star shuttle limited
NTSA/RSN-0069,City Star Shuttle,NTR-0020181211134054530,,False,"kikuyu, kawangware,ngong road,yaya,icea,ambassadeur,bus station,jogoo road,kangundo road,utawala,ruai,joska, malaa",city star shuttle limited
NTSA/RSN-0069,City Star Shuttle,NTR-00202101251020460,,True,"South B, Langata Ongata Rongai Kiserian Ngong Karen Kawangware Yaya KNH Ambassador Kencom Bus station Jogoo rd Buruburu Umoja Kangundo rd Ruai Malaa Kantafu Utawala Jkia Mombasa rd SGR Syokimau Athi river Kitengela, Isinya",city star shuttle limited
NTSA/RSN-0069,City Star Shuttle,NTR-00202101251031330,,True,"Kangundo, Malaa Ruai Juja Ruiru Thika Kenyatta university Juja rdTom mboya Kencom Ambassador Bus station Gikomba Jogoo rd Buruburu Outering rd Umoja Kangundo rdUtawala JKIA Mombasa SGR Syokimau Athi river Kitengela, Isinya",city star shuttle limited
NTSA/RSN-0069,City Star Shuttle,NTR-00592,,False,"kikuyu, kawangware,yaya,arkwings kodhek,yaya,ambassadour,jkia,utawala, joska",city star shuttle limited
NTSA/RSN-0069,City Star Shuttle,NTR-00591,,False,"juja, ruiru,thika rd,tom mboya,bus station,buruburu,ruai,kangundo rd,joska, malaa",city star shuttle limited
NTSA/RSN-0069,City Star Shuttle,NTR-00596,,False,"kikuyu, kawangware,ngong rd,yaya,icea,ambassadour,bus station,umoja,jkia, joska",city star shuttle limited
NTSA/RSN-0069,City Star Shuttle,ADR-DB3TQ92,,True,"Isinya, Kitengela Athi river Syokimau SGR Mombasa rd JKIA Utawala Ruai Malaa Kantafu Kangundo rd Umoja Outering rd Juja rd Buruburu Jogoo rd South B Bus station Ambassador Kencom KNH Langata rd Ongata Rongai Kiserian Ngong Karen Hardy Kawangware Kikuyu, Waiyaki way",city star shuttle limited
NTSA/RSN-0069,City Star Shuttle,ADR-3ZQSO8Q,,True,"Kantafu, Malaa Ruai Juja Ruiru Thika rd Kenyatta university Juja rdTom mboya Kencom Ambassador Bus station Jogoo rd Buruburu Outering rd Umoja Kangundo rdUtawala JKIA Mombasa SGR Syokimau Athi river Kitengela, Isinya",city star shuttle limited
NTSA/RSN-0069,City Star Shuttle,ADR-JY7SED8,,True,"Isinya, Kitengela Athi river Syokimau SGR Mombasa rd JKIA Utawala Ruai Malaa Kantafu Kangundo rd Umoja Outering rd Juja rd Buruburu Jogoo rd South B Bus station Ambassador Kencom KNH Langata rd Ongata Rongai Kiserian Ngong Karen Hardy Kawangware Kikuyu Waiyaki way, Thika",city star shuttle limited
NTSA/RSN-0069,City Star Shuttle,ADR-POKS78J,,False,"kikuyu, kawangware,yaya,arkwings kodhek,yaya,ambassadour,jkia,utawala , joska",city star shuttle limited
NTSA/RSN-0069,City Star Shuttle,ADR-VYASZ6M,,False,"kikuyu, waiyaki way, ambassadeur, tom mboya, bus station, jogoo road, umoja, jkia, utawala, kangundo road, joska",city star shuttle limited
NTSA/RSN-0069,City Star Shuttle,ADR-Q5LCBRQ,,True,"kikuyu, kawangware, ngong road, yaya, knh , ambassadour, bus station, jogoo road, jkia, utawala, mombasa road, athi river, kitengela, kajiado",city star shuttle limited
NTSA/RSN-0069,City Star Shuttle,ADR-EPJSQDR,,False,"kikuyu, waiyaki way, ambassadeur, tom mboya, bus station, jogoo road, umoja, jkia, utawala, kangundo road, joska",city star shuttle limited
NTSA/RSN-0069,City Star Shuttle,ADR-2DVS2WZ,,True,"kitengela, athi river,jkia,mombasa road, ambassador, kencom,juja,outering road, jkia, kitengela",city star shuttle limited
NTSA/RSN-0069,City Star Shuttle,ADR-K9BFLJ6,,False,"umoja, jkia,sgr terminus nairobi, kencom, knh, kawangware, kikuyu, ambassadour, bus station",city star shuttle limited
NTSA/RSN-0069,City Star Shuttle,ADR-7WRSVBZ,,False,"kiserian, ngong, yaya, icea, ambassadour, railways, bus station, south b, jkia",city star shuttle limited
NTSA/RSN-0069,City Star Shuttle,ADR-BQ9S5AZ,,False,"kiserian, jkia,ngong, yaya, icea, ambassadour, railways, bus station, south b",city star shuttle limited
NTSA/RSN-0069,City Star Shuttle,ADR-REOSR9R,,False,"kikuyu, kawangware, yaya, argwings kodhek, yaya, ambassadour, jkia, utawala",city star shuttle limited
NTSA/RSN-0069,City Star Shuttle,ADR-MDMSQLO,,False,"kikuyu, kawangware, ngong road, yaya, icea, ambassadour, bus station, jogoo road, kangudo road, ruai, joska, malaa",city star shuttle limited
NTSA/RSN-0069,City Star Shuttle,ADR-YM3S6M9,,False,"bus station, tom mboya, juja road, jogoo road, buruburu, outering road, umoja, kangundo road, kantafu market",city star shuttle limited
NTSA/RSN-0069,City Star Shuttle,ADR-8LMSELZ,,False,"kikuyu, joska,waiyaki way, ambassadeur, tom mboya, bus station, jogoo road, umoja, jkia, utawala, kangundo road",city star shuttle limited
NTSA/RSN-0069,City Star Shuttle,ADR-ZZJSQ65,,False,"kikuyu, kawangware, ngong road, yaya, icea, ambassadour, bus station, jogoo road, kangudo road, ruai, joska, maraa",city star shuttle limited
NTSA/RSN-0069,City Star Shuttle,ADR-LZRSW8V,,True,"kikuyu, kajiado,kawangware, ngong road, yaya, knh , ambassadour, bus station, jogoo road, jkia, utawala, mombasa road, athi river, kitengela",city star shuttle limited
NTSA/RSN-0069,City Star Shuttle,ADR-O68I25W,,False,"juja, malaa,ruiru,thika rd,tom mboya,bus station,buruburu,ruai,kangundo rd, joska",city star shuttle limited
NTSA/RSN-0069,City Star Shuttle,ADR-6DBS8MM,,False,"kikuyu, waiyaki way, ambassadour, jkia, utawala",city star shuttle limited
NTSA/RSN-0069,City Star Shuttle,ADR-WZ9SVBB,,False,"south b, uhuru,ambassadour,bus station,thika rd, kenyatta university",city star shuttle limited
NTSA/RSN-0069,City Star Shuttle,ADR-537H2VZ,,False,"kikuyu, utawala,kawangware, yaya, argwings kodhek, yaya, ambassadour, jkia",city star shuttle limited
NTSA/RSN-0070,City Tram Shuttle,ADR-2DVS5R9,,False,"bus station, tom mboya, juja road, jogoo road, buruburu, outering road, umoja, kangundo road, kantafu market",CITY TRAM SHUTTLE LIMITED
NTSA/RSN-0070,City Tram Shuttle,ADR-K9BFV62,,False,"bus station, tala market,tom mboya, jogoo road, buruburu, outering road, umoja, innercore, kangundo road",CITY TRAM SHUTTLE LIMITED
NTSA/RSN-0070,City Tram Shuttle,ADR-7WRSZ93,,False,"bus station, jogoo road, buruburu, outering road, kangundo road, kantafu market",CITY TRAM SHUTTLE LIMITED
NTSA/RSN-0070,City Tram Shuttle,ADR-BQ9S3QE,,False,"bus station, kantafu market,tom mboya, jogoo road, buruburu, outering road, umoja, innercore, kangundo road",CITY TRAM SHUTTLE LIMITED
NTSA/RSN-0070,City Tram Shuttle,ADR-REOSLZ9,,False,"bus station, kantafu market,jogoo road, buruburu, outering road, umoja, kangundo road",CITY TRAM SHUTTLE LIMITED
NTSA/RSN-0070,City Tram Shuttle,ADR-MDMSAA9,,False,"bus station, tom mboya, jogoo road, buruburu, umoja, outering road, kangundo road, tala market",CITY TRAM SHUTTLE LIMITED
NTSA/RSN-0070,City Tram Shuttle,ADR-YM3SEEZ,,False,"bus station, tom mboya, jogoo road, buruburu, outering road, umoja, kangundo road, tala",CITY TRAM SHUTTLE LIMITED
NTSA/RSN-0070,City Tram Shuttle,ADR-8LMSVVQ,,False,"bus station, tom mboya, jogoo road, buruburu, outering road, umoja, kangundo road, kantafu market",CITY TRAM SHUTTLE LIMITED
NTSA/RSN-0079,Compliant,NTR-00495,,False,"kiserian, ngong,karen,yaya,ambassdour,jogoo road, civil servant",COMPLIANT MOA
NTSA/RSN-0079,Compliant,NTR-00354,,False,"mfangano, jogoo road,buruburu,civil servant,garage, eastleigh",COMPLIANT MOA
NTSA/RSN-0079,Compliant,NTR-00355,,False,"luthuli, general waruinge,garage,eastleigh, kimathi",COMPLIANT MOA
NTSA/RSN-0079,Compliant,ADR-Q5LCMYK,,False,"mfangano, jogoo road,buruburu,civil servant,garage, eastleigh",COMPLIANT MOA
NTSA/RSN-0079,Compliant,ADR-EPJSRA9,,False,"ngong, yaya, kawangware, ambasdours, jogoo road, buruburu, civil servant",COMPLIANT MOA
NTSA/RSN-0079,Compliant,ADR-2DVSDZ7,,False,"luthuli, kimathi,general waruinge,garage, eastleigh",COMPLIANT MOA
NTSA/RSN-0079,Compliant,ADR-K9BFZEP,,False,"ngong, karen, yaya, ambassadours, jogoo road, buruburu, civil servant",COMPLIANT MOA
NTSA/RSN-0079,Compliant,ADR-7WRSO7D,,False,"ngong, civil servant,karen, yaya, ambassadours, jogoo road, buruburu",COMPLIANT MOA
NTSA/RSN-0079,Compliant,ADR-BQ9SM7W,,False,"mfangano, eastleigh,jogoo road,buruburu,civil servant, garage",COMPLIANT MOA
NTSA/RSN-0079,Compliant,ADR-REOSY8J,,False,"ngong, karen, yaya, kileleshwa, westlands, ambassador",COMPLIANT MOA
NTSA/RSN-0079,Compliant,ADR-MDMSEK6,,False,"kiserian, civil servant,ngong,karen,yaya,ambassdour, jogoo road",COMPLIANT MOA
NTSA/RSN-0079,Compliant,ADR-YM3SJV8,,False,"mfangano, civil servant,jogoo road, buruburu",COMPLIANT MOA
NTSA/RSN-0081,Cosy Travel,NTR-0078,,False,"odeon, westlands, kangemi",COSY TRAVEL LIMITED
NTSA/RSN-0081,Cosy Travel,ADR-3ZQSAW5,,False,"odeon, westlandsuthiru, kinoo",COSY TRAVEL LIMITED
NTSA/RSN-0081,Cosy Travel,ADR-JY7S3P6,,False,"odeon, westlands, kangemi, uthiru, kinoo",COSY TRAVEL LIMITED
NTSA/RSN-0081,Cosy Travel,ADR-POKSOJD,,False,"odeon, westlandsuthiru, kinoo",COSY TRAVEL LIMITED
NTSA/RSN-0081,Cosy Travel,ADR-VYASL7Q,,False,"odeon, kinoo, westlandsuthiru",COSY TRAVEL LIMITED
NTSA/RSN-0081,Cosy Travel,ADR-Q5LC6JA,,False,"odeon, kangemi, westlands",COSY TRAVEL LIMITED
NTSA/RSN-0082,County Link,NTR-00202011241151430,,True,"Bus Station, Hazina Kangundo rd Ruai Kamulu Utawala Mombasa rd Mlolongo, Katani",COUNTY LINK SAVINGS AND CREDIT CO-OPERATIVE SOCIETY LTD
NTSA/RSN-0082,County Link,NTR-00202211011653270,,True,"Bus Station, Jogoo Rd Industrial Area Buruburu Hazina Donholm Manyanja Rd Outering Rd Kangundo Rd Eastern Bypass Ruai Kamulu Utawala Mombasa Rd Mlolongo via Syokimau, Katani",COUNTY LINK SAVINGS AND CREDIT CO-OPERATIVE SOCIETY LTD
NTSA/RSN-0082,County Link,ADR-JY7S3W6,,False,"Bus Station, Kangundo rd Ruai Kamulu Utawala, Katani",COUNTY LINK SAVINGS AND CREDIT CO-OPERATIVE SOCIETY LTD
NTSA/RSN-0082,County Link,ADR-POKSOVD,,False,"Bus Station, Kangundo rd Ruai Kamulu Utawala, Katani",COUNTY LINK SAVINGS AND CREDIT CO-OPERATIVE SOCIETY LTD
NTSA/RSN-0082,County Link,ADR-VYASL5Q,,True,"bus station, mombasa road, hazina, citycabanas, syokimau, katani, mlolongo",COUNTY LINK SAVINGS AND CREDIT CO-OPERATIVE SOCIETY LTD
NTSA/RSN-0082,County Link,ADR-Q5LC67A,,True,"bus station, mombasa road, bunyala road, likoni road, balozi, diamond park",COUNTY LINK SAVINGS AND CREDIT CO-OPERATIVE SOCIETY LTD
NTSA/RSN-0082,County Link,ADR-EPJSYOD,,True,"bus station, diamond park,mombasa road, bunyala road, likoni road, balozi",COUNTY LINK SAVINGS AND CREDIT CO-OPERATIVE SOCIETY LTD
NTSA/RSN-0085,Dabumato,NTR-0040,,False,"dandora, buru buru, city stadium",DABUMATO COMMUTER SERVICE SAVINGS & CREDIT CO-OPERATIVE SOCIETY LTD
NTSA/RSN-0085,Dabumato,ADR-MDMSJLB,,False,"city stadium, jogoo road,buru buru, dandora",DABUMATO COMMUTER SERVICE SAVINGS & CREDIT CO-OPERATIVE SOCIETY LTD
NTSA/RSN-0085,Dabumato,ADR-YM3SBMA,,False,"city stadium, dandora,jogoo road, buru buru",DABUMATO COMMUTER SERVICE SAVINGS & CREDIT CO-OPERATIVE SOCIETY LTD
NTSA/RSN-0085,Dabumato,ADR-8LMSYLP,,False,"dandora, city stadium, buruburu",DABUMATO COMMUTER SERVICE SAVINGS & CREDIT CO-OPERATIVE SOCIETY LTD
NTSA/RSN-01723,Dakabo,ADR-2DVS88Q,,False,"dagoretti market, karen, bomas",DAKABO SACCO LIMITED
NTSA/RSN-01723,Dakabo,ADR-EPJSLLM,,False,"bomas, karen, kabiria, dagoretti market",DAKABO SACCO LIMITED
NTSA/RSN-0087,Dakika,NTR-00126,,False,"railways, dagoreti, kikuyu",DAKIKA MATATU OWNERS SACCO
NTSA/RSN-0087,Dakika,NTR-00104,,False,"railways, kikuyu, dagoretti",DAKIKA MATATU OWNERS SACCO
NTSA/RSN-0087,Dakika,ADR-MDMSA9B,,False,"railways, dagoreti, kikuyu",DAKIKA MATATU OWNERS SACCO
NTSA/RSN-0087,Dakika,ADR-YM3SEWA,,False,"railways, kikuyu, dagoreti",DAKIKA MATATU OWNERS SACCO
NTSA/RSN-0087,Dakika,ADR-8LMSVRP,,False,"railways, ngong road, dagoretti, kikuyu",DAKIKA MATATU OWNERS SACCO
NTSA/RSN-0087,Dakika,ADR-ZZJS236,,False,"kikuyu, railways,kinoo, uthiru, westlands, ambassadours",DAKIKA MATATU OWNERS SACCO
NTSA/RSN-0087,Dakika,ADR-LZRS3A9,,False,"railways, kawangware,kikuyu, dagoretti",DAKIKA MATATU OWNERS SACCO
NTSA/RSN-0087,Dakika,ADR-O68ILAA,,False,"railways, uthiru,kamangu, limuru",DAKIKA MATATU OWNERS SACCO
NTSA/RSN-0088,Dandora Usafiri,NTR-00357,,False,"dandora, kariobangi round about,alsolps,thika road, ronald ngara",DANDORA USAFIRI TRAVELLERS SACCO
NTSA/RSN-0088,Dandora Usafiri,NTR-0040,,False,"dandora, buru buru, city stadium",DANDORA USAFIRI TRAVELLERS SACCO
NTSA/RSN-0088,Dandora Usafiri,NTR-00337,,False,"ronald ngara, juja road, dandora",DANDORA USAFIRI TRAVELLERS SACCO
NTSA/RSN-0088,Dandora Usafiri,NTR-00360,,False,"dandora, kariobangi, alsolps",DANDORA USAFIRI TRAVELLERS SACCO
NTSA/RSN-0088,Dandora Usafiri,NTR-00356,,False,"Dandora, juja rd thika rdring rd komarock rd baraka slip rd kangundo rd outering rd jogoo rd heshima rd ambira gikomba, ronald ngala",DANDORA USAFIRI TRAVELLERS SACCO
NTSA/RSN-0088,Dandora Usafiri,NTR-00201901101405390,,True,"gikomba, dandora baraka slip rd kangundo rd outering rd heshima rd ambira rd likoni rd enterprise rd lusaka, enterprise via mombasa rd",DANDORA USAFIRI TRAVELLERS SACCO
NTSA/RSN-0088,Dandora Usafiri,ADR-A5AC77Q,,False,"dandora, juja road, gikomba",DANDORA USAFIRI TRAVELLERS SACCO
NTSA/RSN-0088,Dandora Usafiri,ADR-9AKFWW2,,False,"dandora, thika road, ngara, ronald ngara",DANDORA USAFIRI TRAVELLERS SACCO
NTSA/RSN-0088,Dandora Usafiri,ADR-DB3T33B,,False,"dandora, gikomba, juja road",DANDORA USAFIRI TRAVELLERS SACCO
NTSA/RSN-0088,Dandora Usafiri,ADR-3ZQSAAJ,,False,"ronald ngara, dandora, juja road",DANDORA USAFIRI TRAVELLERS SACCO
NTSA/RSN-0088,Dandora Usafiri,ADR-JY7S333,,False,"dandora, city stadium, buru buru",DANDORA USAFIRI TRAVELLERS SACCO
NTSA/RSN-0088,Dandora Usafiri,ADR-POKSOOK,,False,"dandora, juja road, ronald ngala",DANDORA USAFIRI TRAVELLERS SACCO
NTSA/RSN-0088,Dandora Usafiri,ADR-VYASLLZ,,False,"dandora, buruburu, city stadium",DANDORA USAFIRI TRAVELLERS SACCO
NTSA/RSN-0088,Dandora Usafiri,ADR-Q5LC66E,,False,"city stadium, jogoo road,buru buru, dandora",DANDORA USAFIRI TRAVELLERS SACCO
NTSA/RSN-0088,Dandora Usafiri,ADR-EPJSYY3,,False,"dandora, city stadium, buruburu",DANDORA USAFIRI TRAVELLERS SACCO
NTSA/RSN-0088,Dandora Usafiri,ADR-2DVS559,,False,"dandora, ronald ngara,kariobangi round about,alsolps, thika road",DANDORA USAFIRI TRAVELLERS SACCO
NTSA/RSN-0088,Dandora Usafiri,ADR-K9BFVV2,,False,"muthurwa, jogoo road,maringo,jericho,bururburu, dandora",DANDORA USAFIRI TRAVELLERS SACCO
NTSA/RSN-6534,Digital Luxury,NTR-00201810020854450,,False,"Odeon, NgaraMuseum HillKangemiUthiruKawangware, Knh via kenyatta avenue",DIGITAL LUXURY TRAVELLERS LIMITED
NTSA/RSN-6534,Digital Luxury,NTR-00202104141031560,,False,"Uthiru, muhuri rd dagoretti market kikuyu zambezi nduma buroti mutarakwa kwambira limuru rironi muguga, kinoo",DIGITAL LUXURY TRAVELLERS LIMITED
NTSA/RSN-6534,Digital Luxury,NTR-00202104161732330,,False,"Odeon, NgaraMuseum HillKangemiUthiruKawangwareKNH back to odeon via kenyatta AvenueUthirumuhuri rd dagoretti market kikuyu zambezi nduma buroti mutarakwa kwambira limuru rironi muguga, Kinoo",DIGITAL LUXURY TRAVELLERS LIMITED
NTSA/RSN-6534,Digital Luxury,ADR-6DBSZO5,,False,"ngara, museum hill,kangemi,uthiru,kawangware, knh",DIGITAL LUXURY TRAVELLERS LIMITED
NTSA/RSN-6534,Digital Luxury,ADR-WZ9SVOQ,,False,"odeon, ngara,museum hill,kangemi,uthiru,kawangware, knh",DIGITAL LUXURY TRAVELLERS LIMITED
NTSA/RSN-0092,Dix-hult,ADR-A5AC8Z7,,False,"kayole, komarocksmolemjuja road, eastleigh",DIX-HULT MATATU OWNER SACCO
NTSA/RSN-0092,Dix-hult,ADR-9AKFR6R,,False,"kayole, eastleigh, komarocksmolemjuja road",DIX-HULT MATATU OWNER SACCO
NTSA/RSN-0092,Dix-hult,,,False,"Eastliegh - Jogoo rd,Lunga Lunga rd,Buru buru,Umoja,Kayole Junction,Bee centre,Savannah,Cabanas,Taj Mall,Ruai,Utawala,Kangundo rd,Eastern Bypass,Alsops - Githurai and back",DIX-HULT MATATU OWNER SACCO
NTSA/RSN-0092,Dix-hult,,,False,"Eastleigh - Juja rd,Jogoo rd,lungalunga,Buruburu,umoja,Kayole junction,Bee centre,Savannah,Kayole,Kamarock,Mowlem,Cabanas,Taj mall,Kangundo rd,Eastern bypass,Alsop - Githurai and back",DIX-HULT MATATU OWNER SACCO
NTSA/RSN/9253,Domann Enterprises,NTR-00201909271238580,,True,"Embakasi, Mombasa rd,South b,South c,Langata rd,Westlands,,Wangari maathai rd,Thika rd,Outering rd, Embakasi",DOMANN ENTERPRISES
NTSA/RSN/9253,Domann Enterprises,ADR-2DVSDYJ,,False,"WITHIN NAIROBI, WITHIN NAIROBI, WITHIN NAIROBI",DOMANN ENTERPRISES
NTSA/RSN/9253,Domann Enterprises,ADR-K9BFZK3,,True,"embakasi, mombasa rd,south b,south c,langata rd,westlands,wangari maathai rd,thika rd,outering rd, embakasi",DOMANN ENTERPRISES
NTSA/RSN-01859,Drepeja Route,NTR-00202002270910280,,False,"Saika, Kangundo rdDandoraOuteringBuruburuJerichoMaringoJogoo rdOtc, Temple rd",DREPEJA ROUTE LIMITED
NTSA/RSN-01859,Drepeja Route,NTR-00109,,False,"Jericho, Maringo,Jogoo road,, Temple road",DREPEJA ROUTE LIMITED
NTSA/RSN-01859,Drepeja Route,ADR-6DBSK32,,False,"kangundo rd, Saika Dandora Kariobangi Alsops Outering Rd Utawala Buruburu Jericho Maringo Bahati Jogoo Rd Likoni Rd Donholm(sinai) juja rd OTC, temple rd",DREPEJA ROUTE LIMITED
NTSA/RSN-01859,Drepeja Route,ADR-WZ9SD87,,False,"kangundo rd, Saika Dandora Kariobangi Alsops Outering Rd Utawala Buruburu Jericho Maringo Bahati Jogoo Rd Likoni Rd Donholm(sinai) juja rd OTC, temple rd",DREPEJA ROUTE LIMITED
NTSA/RSN-02051,Eastern Bypass Safaris,NTR-00202108061008520,,False,"ruiru, eastern bypass utawala kangundo rd githunguri ruai mihango outering rd jogoo rd, cabanas",EASTERN BYPASS SAFARIS LTD
NTSA/RSN-0095,Eastern Bypass,NTR-00741,,True,"Bus Station, Jogoo rd Muthurwa Gikomba Kariokor Juja Rd OuteringRd Allsops Kariobangi dandora Moslem machakos mlolongo mombasa rd Cabanas EasternBypass Utawala Ruiru Roundabout kangundo rd ruai joska malaa tala Thika Makongeni kiskioni donyosabuk kilimambogo, Nyeri",EASTERN BYPASS SAVINGS AND CREDIT CO-OPERATIVE SOCIETY LIMITED
NTSA/RSN-0095,Eastern Bypass,NTR-0019,,False,"muthurwa, jogoo road,kangundo road,ruai, joska",EASTERN BYPASS SAVINGS AND CREDIT CO-OPERATIVE SOCIETY LIMITED
NTSA/RSN-0095,Eastern Bypass,NTR-00202008120908210,,True,"Cabanas, Eastern Bypass Ruai Ruiru, Nyeri",EASTERN BYPASS SAVINGS AND CREDIT CO-OPERATIVE SOCIETY LIMITED
NTSA/RSN-0095,Eastern Bypass,NTR-00202202240934310,,True,"Nyeri, Karatina Sagana Thika Nairobi Machakos Wote Kibwezi Voi, Mombasa",EASTERN BYPASS SAVINGS AND CREDIT CO-OPERATIVE SOCIETY LIMITED
NTSA/RSN-0095,Eastern Bypass,NTR-00437,,False,"bus station, jogoo road,kangundo road,ruai,joska, malaa",EASTERN BYPASS SAVINGS AND CREDIT CO-OPERATIVE SOCIETY LIMITED
NTSA/RSN-0095,Eastern Bypass,NTR-00723,,False,"bus station, jogoo rd,kangundo rd,ruai,joska, malaa",EASTERN BYPASS SAVINGS AND CREDIT CO-OPERATIVE SOCIETY LIMITED
NTSA/RSN-0095,Eastern Bypass,ADR-BQ9S55J,,False,"mlolongo, cabanas tajmall alsops ruiru, makongeni(thika)",EASTERN BYPASS SAVINGS AND CREDIT CO-OPERATIVE SOCIETY LIMITED
NTSA/RSN-0095,Eastern Bypass,ADR-REOSRR7,,True,"Bus Station, Jogoo rdMuthurwaGikombaKariokorJuja RdOuteringRdAllsopsKariobangi dandoraMoslemmlolongomombasa rdCabanasEasternBypassUtawalaRuiruRoundaboutkangundordruaijoskamalaatalaThikaMakongenikiskionidonyosabukukilimambogo, Nyeri",EASTERN BYPASS SAVINGS AND CREDIT CO-OPERATIVE SOCIETY LIMITED
NTSA/RSN-0095,Eastern Bypass,ADR-MDMSQQ3,,True,"Bus Station, Jogoo rdMuthurwaGikombaKariokorJuja RdOuteringRdAllsopsKariobangi dandoraMoslemmlolongomombasa rdCabanasEasternBypassUtawalaRuiruRoundaboutkangundordruaijoskamalaatalaThikaMakongenikiskionidonyosabukukilimambogo, Nyeri",EASTERN BYPASS SAVINGS AND CREDIT CO-OPERATIVE SOCIETY LIMITED
NTSA/RSN-0095,Eastern Bypass,ADR-YM3S66R,,False,"malaa, joska, ruai, saika, mowlem, kariobangi round about, juja road, kariokor, hakati",EASTERN BYPASS SAVINGS AND CREDIT CO-OPERATIVE SOCIETY LIMITED
NTSA/RSN-0095,Eastern Bypass,ADR-8LMSEEM,,True,"busstation, Jogoo rd,Muthurwa,Gikomba,Kariokor,Juja Rd,Outering Rd,Allsops,Kariobangi,Moslem,mlolongo,Cabanas,Eastern Bypass,Utawala,Ruiru,Roundabout,kangundo rd,ruai,joska,malaa,tala,Thika,Makongeni,kiskioni,donyosabuku,kilimambogo, Nyeri",EASTERN BYPASS SAVINGS AND CREDIT CO-OPERATIVE SOCIETY LIMITED
NTSA/RSN-0095,Eastern Bypass,ADR-ZZJSQQV,,False,"bus station, jogoo road, kangundo road, ruai, joska",EASTERN BYPASS SAVINGS AND CREDIT CO-OPERATIVE SOCIETY LIMITED
NTSA/RSN-0095,Eastern Bypass,ADR-LZRSWWO,,False,"muthurwa, joska,jogoo road,kangundo road, ruai",EASTERN BYPASS SAVINGS AND CREDIT CO-OPERATIVE SOCIETY LIMITED
NTSA/RSN-0095,Eastern Bypass,ADR-O68I22M,,False,"bus station, malaa,jogoo road,kangundo road,ruai, joska",EASTERN BYPASS SAVINGS AND CREDIT CO-OPERATIVE SOCIETY LIMITED
NTSA/RSN-0095,Eastern Bypass,ADR-6DBS88D,,False,"ruiru, eastern bypass, kangundo road, utawala, cabanas, mlolongo",EASTERN BYPASS SAVINGS AND CREDIT CO-OPERATIVE SOCIETY LIMITED
NTSA/RSN-0095,Eastern Bypass,ADR-WZ9SLL9,,False,"joska, gikomba,kamulu,ruai,dandora, kariobangi",EASTERN BYPASS SAVINGS AND CREDIT CO-OPERATIVE SOCIETY LIMITED
NTSA/RSN-0095,Eastern Bypass,ADR-537HYYY,,False,"malaa, joska, ruai, jogoo road, muthurwa, bus station",EASTERN BYPASS SAVINGS AND CREDIT CO-OPERATIVE SOCIETY LIMITED
NTSA/RSN-0095,Eastern Bypass,ADR-A5AC22V,,False,"bus station, joska,jogoo road, kangundo road, ruai",EASTERN BYPASS SAVINGS AND CREDIT CO-OPERATIVE SOCIETY LIMITED
NTSA/RSN-0095,Eastern Bypass,,,True,"Mombasa - Voi,Kibwezi,Narobi - Busia and back- Mombasa - Voi,Kibwezi,Narobi - Busia and back - Mombasa - Voi,Kibwezi,Narobi - Busia and back",EASTERN BYPASS SAVINGS AND CREDIT CO-OPERATIVE SOCIETY LIMITED
NTSA/RSN-0096,Eastern Bypass Traverlers Investment CO,NTR-00201911140919120,,True,"Nairobi, RuaiThikaKamwangiFlyover, Nakuru",eastern bypass traverlers investment co. limited
NTSA/RSN-0096,Eastern Bypass Traverlers Investment CO,NTR-00201908131524330,,True,"Bus Station, Gikomba Juja Rd Jogoo Rd Outering Rd Mombasa rd Kariobangi Komarock Kangundo Rd Eastern Bypass Ruiru Thika Makongeni Kangundo, Machakos",eastern bypass traverlers investment co. limited
NTSA/RSN-0096,Eastern Bypass Traverlers Investment CO,NTR-0023,,True,"ruiru, mlolongo, machakos",eastern bypass traverlers investment co. limited
NTSA/RSN-0096,Eastern Bypass Traverlers Investment CO,NTR-00374,,True,"thika, ruiru, ruai, kagundo, machakos",eastern bypass traverlers investment co. limited
NTSA/RSN-0096,Eastern Bypass Traverlers Investment CO,NTR-00375,,False,"thika, ruiru, ruai, mlologo, kitegela, kajiado, namaga",eastern bypass traverlers investment co. limited
NTSA/RSN-0096,Eastern Bypass Traverlers Investment CO,NTR-00376,,False,"kangundo, ruai, easternbypass, mlolongo, emali, loitoktok, ellasit",eastern bypass traverlers investment co. limited
NTSA/RSN-0096,Eastern Bypass Traverlers Investment CO,NTR-0027,,False,"ruiru, ruai,joska, kangundo",eastern bypass traverlers investment co. limited
NTSA/RSN-0096,Eastern Bypass Traverlers Investment CO,NTR-00201908221405250,,True,"thika, ruiru,ruai,nairobi,machakos,mlolongo,emali,loitoktok, elasit",eastern bypass traverlers investment co. limited
NTSA/RSN-0096,Eastern Bypass Traverlers Investment CO,ADR-POKSRQ8,,True,"thika, ruiru, ruai, mlolongo, machakos, kangundo",eastern bypass traverlers investment co. limited
NTSA/RSN-0096,Eastern Bypass Traverlers Investment CO,ADR-VYAS99Y,,True,"nairobi, ruai, ruiru, kagundo, machakos",eastern bypass traverlers investment co. limited
NTSA/RSN-0096,Eastern Bypass Traverlers Investment CO,ADR-Q5LCMMK,,True,"nairobi, kariobangi, ruai, kangundo, machakos",eastern bypass traverlers investment co. limited
NTSA/RSN-0096,Eastern Bypass Traverlers Investment CO,ADR-EPJSRR9,,False,"kagundo, joska, kamulu, ruai, dandora, kariobagi, alslops",eastern bypass traverlers investment co. limited
NTSA/RSN-0096,Eastern Bypass Traverlers Investment CO,ADR-2DVSDD7,,False,"huruma, jonsaga, kariokor, ronald ngala",eastern bypass traverlers investment co. limited
NTSA/RSN-0096,Eastern Bypass Traverlers Investment CO,ADR-K9BFZZP,,True,"machakos, mlolongo, outrering road, kariobangi, alslops, thika, kenol",eastern bypass traverlers investment co. limited
NTSA/RSN-0096,Eastern Bypass Traverlers Investment CO,ADR-7WRSOOD,,False,"huruma, joskasaga, kariokor, ronald ngala",eastern bypass traverlers investment co. limited
NTSA/RSN-0096,Eastern Bypass Traverlers Investment CO,ADR-BQ9SMMW,,True,"nairobi, machakos,ruai, ruiru, kagundo",eastern bypass traverlers investment co. limited
NTSA/RSN-0096,Eastern Bypass Traverlers Investment CO,ADR-REOSYYJ,,True,"thika, machakos,ruiru, ruai, kagundo",eastern bypass traverlers investment co. limited
NTSA/RSN-0096,Eastern Bypass Traverlers Investment CO,ADR-MDMSEE6,,False,"thika, kitengela,ruiru, ruai, mlolongo",eastern bypass traverlers investment co. limited
NTSA/RSN-0096,Eastern Bypass Traverlers Investment CO,ADR-YM3SJJ8,,False,"kangundo, ruai, easternbypass, mlolongo, emali, loitoktok, ellasri",eastern bypass traverlers investment co. limited
NTSA/RSN-0096,Eastern Bypass Traverlers Investment CO,ADR-8LMS555,,True,"nairobi, machakos,kariobagi, ruai, kagundo",eastern bypass traverlers investment co. limited
NTSA/RSN-0096,Eastern Bypass Traverlers Investment CO,ADR-ZZJSVV9,,False,"mlolongo, outerring road, kariobagi, alsops, thika road, kenol",eastern bypass traverlers investment co. limited
NTSA/RSN-0096,Eastern Bypass Traverlers Investment CO,ADR-LZRS667,,True,"machakos, mlolongo, outerring road, kariobagi, thika, kenol",eastern bypass traverlers investment co. limited
NTSA/RSN-0096,Eastern Bypass Traverlers Investment CO,ADR-O68IBBL,,False,"ruiru, kangundo,ruai, joska",eastern bypass traverlers investment co. limited
NTSA/RSN-0096,Eastern Bypass Traverlers Investment CO,ADR-6DBSKKL,,False,"thika, namaga,ruiru, ruai, mlologo, kitegela, kajiado",eastern bypass traverlers investment co. limited
NTSA/RSN-0096,Eastern Bypass Traverlers Investment CO,ADR-WZ9SDDL,,True,"nairobi, ruiru,ruai,kangundo, machakos",eastern bypass traverlers investment co. limited
NTSA/RSN-0096,Eastern Bypass Traverlers Investment CO,ADR-537HQQ2,,True,"nairobi, machakos, makueni, kitui, mutomo, kibwezi, ikutha, voi, mombasa",eastern bypass traverlers investment co. limited
NTSA/RSN-0096,Eastern Bypass Traverlers Investment CO,ADR-A5ACPPM,,True,"nairobi, machakos, wote, makindu, kitui, mutomo, kibwezi, mtito andei, ikutha, voi, mombasa",eastern bypass traverlers investment co. limited
NTSA/RSN-2808,Eastern Kubamba,NTR-00202006091049440,,False,"Gikomba, Jogoo rdOutering rdMowlemKangundo rdEastern bypassRuiru, Thika-Makongeni",EASTERN KUBAMBA LIMITED
NTSA/RSN-2808,Eastern Kubamba,NTR-00202007021019530,,True,"GIKOMBA, JOGOO RDOUTERING RDMOWLEM KANGUNDO RDEASTERN BYPASS RUIRUTHIKAMAKONGENINGOLIBA Matuu Mwingi Kitui Machakos, Kangundo",EASTERN KUBAMBA LIMITED
NTSA/RSN-2808,Eastern Kubamba,NTR-001395,,True,"Muthurwa, RuaiKangundo Machakos Kitui Makindu Kibwezi, Voi",EASTERN KUBAMBA LIMITED
NTSA/RSN-2808,Eastern Kubamba,NTR-00202101181006500,,True,"Muthurwa, Mombasa rd Athi river Machakos Kitui Mutomo Ikutha, Voi",EASTERN KUBAMBA LIMITED
NTSA/RSN-2808,Eastern Kubamba,NTR-00202104141559120,,False,"kajiado, isinya kiserian ongata rongai gataka langata rd mbagathi way knh railways bus station gekomba juja rd jogoo rd outereing rd kangundo rd eastern bypass ruai kangundo, Machakos",EASTERN KUBAMBA LIMITED
NTSA/RSN-2808,Eastern Kubamba,NTR-00202104141601500,,True,"Bus Station, gikomba jogoo rd juja rd ouering rd mombasa rd kariobangi komarock rd kangundo rd eastern by pass ruiru thika makongenikangundo machakos kitui mwingi mutomo kibwezi, Voi",EASTERN KUBAMBA LIMITED
NTSA/RSN-2808,Eastern Kubamba,ADR-3ZQSOJ3,,False,"GIKOMBA, JOGOO RDOUTERING RDMOWLEM KANGUNDO RDEASTERN BYPASS RUIRUTHIKAMAKONGENI, NGOLIBA",EASTERN KUBAMBA LIMITED
NTSA/RSN-2808,Eastern Kubamba,ADR-JY7SEZQ,,False,"Gikomba, Nyayo stadium Langata rd Ongata Rongai Kiserian, Isinya",EASTERN KUBAMBA LIMITED
NTSA/RSN-2808,Eastern Kubamba,ADR-POKS7YY,,True,"Machakos, Kangundo Ruai Gikomba Railways KNH Mbagathi way Langata rd Ongata Rongai Kiserian Isinya, Kajiado",EASTERN KUBAMBA LIMITED
NTSA/RSN-2808,Eastern Kubamba,ADR-VYASZWL,,True,"muthurwa, ruai,kangundo, machakos",EASTERN KUBAMBA LIMITED
NTSA/RSN-2808,Eastern Kubamba,ADR-Q5LCB8L,,True,"ruai, ruiru,allsops,kariobangi,cabanas, machakos",EASTERN KUBAMBA LIMITED
NTSA/RSN-0097,Eastlands Eagles,NTR-0040,,False,"dandora, buru buru, city stadium",EASTLANDS EAGLES LIMITED
NTSA/RSN-0097,Eastlands Eagles,NTR-00288,,False,"Muthurwa, Jogoo RoadLikoni Road Industrial area, Enterprise rd",EASTLANDS EAGLES LIMITED
NTSA/RSN-0097,Eastlands Eagles,NTR-00202109101404550,,False,"city stadium, jogoo rd likoni rd lungalunga kangundo rd eastern bypass outering rd donholm saika dandora kariobangi roundabout buruburu, bahati",EASTLANDS EAGLES LIMITED
NTSA/RSN-0097,Eastlands Eagles,ADR-DB3T3R6,,False,"city stadium, jogoo road,buru buru, dandora",EASTLANDS EAGLES LIMITED
NTSA/RSN-0097,Eastlands Eagles,ADR-3ZQSADR,,False,"city stadium, dandora,jogoo road, buru buru",EASTLANDS EAGLES LIMITED
NTSA/RSN-0097,Eastlands Eagles,ADR-JY7S3YM,,False,"dandora, buruburu, city stadium",EASTLANDS EAGLES LIMITED
NTSA/RSN-0098,Eastleigh Commuter,NTR-0034,,False,"eastleigh, juja road,luthuli, commercial",EASTLEIGH COMMUTER SERVICES LIMITED
NTSA/RSN-0098,Eastleigh Commuter,NTR-00201903271302260,,False,"Commercial, Thika rdKosovoEastleighPnganiJuja rdOutering rdfedha donholm Kangundo rd eastern bypass githunguri baba dogo lucky summer alsops, Kamulu",EASTLEIGH COMMUTER SERVICES LIMITED
NTSA/RSN-0098,Eastleigh Commuter,ADR-O68ILZA,,False,"commercial, thika road, kosovo, juja road, eastleigh",EASTLEIGH COMMUTER SERVICES LIMITED
NTSA/RSN-0098,Eastleigh Commuter,ADR-6DBSD3O,,False,"eastleigh, commercial,juja road, luthuli",EASTLEIGH COMMUTER SERVICES LIMITED
NTSA/RSN-0098,Eastleigh Commuter,ADR-WZ9S388,,False,"eastleigh, mathare valley, kosovo, utalii drift, commercial",EASTLEIGH COMMUTER SERVICES LIMITED
NTSA/RSN-0099,Eastleigh Route,NTR-0034,,False,"eastleigh, juja road,luthuli, commercial",EASTLEIGH ROUTE SACCO
NTSA/RSN-0099,Eastleigh Route,ADR-Q5LC85R,,False,"commercial, thika road, kosovo, juja road, eastleigh",EASTLEIGH ROUTE SACCO
NTSA/RSN-0099,Eastleigh Route,ADR-EPJSE7M,,False,"eastleigh, commercial,juja road, luthuli",EASTLEIGH ROUTE SACCO
NTSA/RSN-0099,Eastleigh Route,ADR-2DVSRPQ,,False,"commercial, thika rd,kosovo,eastleigh,pngani,juja rd,outering rd,kangundo rd, kamulu",EASTLEIGH ROUTE SACCO
NTSA/RSN-0102,Ecosa,NTR-00360,,False,"dandora, kariobangi, alsolps",ECOSA TRAVELLERS SACCO
NTSA/RSN-0102,Ecosa,NTR-00202009231508320,,False,"Ronald Ngala, Kariokor Gikomba Dandora Juja Rd Outering Rd Kangundo Rd Saika Komarock Rd Kariobangi Alsops Thika Rd, Thika",ECOSA TRAVELLERS SACCO
NTSA/RSN-0102,Ecosa,NTR-00359,,False,"ronald ngara, juja road,kariobangi, dandora",ECOSA TRAVELLERS SACCO
NTSA/RSN-0102,Ecosa,NTR-00114,,False,"ronald ngala, kariobangi, dandora",ECOSA TRAVELLERS SACCO
NTSA/RSN-0102,Ecosa,ADR-9AKFJD8,,False,"dandora, juja road, ronald ngala",ECOSA TRAVELLERS SACCO
NTSA/RSN-0102,Ecosa,ADR-DB3TY6K,,False,"ronald ngara, dandora,juja road, kariobangi",ECOSA TRAVELLERS SACCO
NTSA/RSN-0102,Ecosa,ADR-3ZQSJWM,,False,"city stadium, jogoo road,buru buru, dandora",ECOSA TRAVELLERS SACCO
NTSA/RSN-0102,Ecosa,ADR-JY7SZPV,,False,"dandora, gikomba, juja road",ECOSA TRAVELLERS SACCO
NTSA/RSN-0102,Ecosa,ADR-POKSYJ3,,False,"dandora, juja road, gikomba",ECOSA TRAVELLERS SACCO
NTSA/RSN-0102,Ecosa,ADR-VYASW7J,,False,"dandora, buruburu, city stadium",ECOSA TRAVELLERS SACCO
NTSA/RSN-0102,Ecosa,ADR-Q5LC8JR,,False,"ronald ngara, dandora, juja road",ECOSA TRAVELLERS SACCO
NTSA/RSN-0102,Ecosa,ADR-EPJSEZM,,False,"dandora, juja road,kariokor, gikomba",ECOSA TRAVELLERS SACCO
NTSA/RSN-0113,Eleventh Hour Transport,NTR-00138,,False,"kiserian, magadi road,langata road,mbagathi road,knh, railways",ELEVENTH HOUR TRANSPORT SACCO
NTSA/RSN-0113,Eleventh Hour Transport,ADR-O68IO56,,False,"railways, knh,mbagathi way,rongai, kiserian",ELEVENTH HOUR TRANSPORT SACCO
NTSA/RSN-0113,Eleventh Hour Transport,ADR-6DBSBMV,,False,"kiserian, railways,magadi road,langata road,mbagathi road, knh",ELEVENTH HOUR TRANSPORT SACCO
NTSA/RSN-0113,Eleventh Hour Transport,ADR-WZ9SQJ5,,False,"railways, kiserian,knh,mbagathi way, rongai",ELEVENTH HOUR TRANSPORT SACCO
NTSA/RSN-0113,Eleventh Hour Transport,ADR-537H7AK,,False,"railways, mbagathi way,ongata rongai, kiserian",ELEVENTH HOUR TRANSPORT SACCO
NTSA/RSN-0151,Emaar City BUS,NTR-00138,,False,"kiserian, magadi road,langata road,mbagathi road,knh, railways",EMAAR CITY BUS LIMITED
NTSA/RSN-0151,Emaar City BUS,NTR-00202001241343230,,False,"Ruai, KayoleDonholmUmojaBuruburuCbdKnhNgong rdKikuyu, Westlands",EMAAR CITY BUS LIMITED
NTSA/RSN-0151,Emaar City BUS,NTR-00202001241345310,,True,"Machakos, KitengelaSyokimauImara daimaKnhNgong rdKikuyuWestlands, Cbd",EMAAR CITY BUS LIMITED
NTSA/RSN-0151,Emaar City BUS,NTR-00202002271026150,,False,"Ngong, KiserianRongaiLangataMbagathi wayKnhCbdWestlandsKikuyuRuaka, Limuru",EMAAR CITY BUS LIMITED
NTSA/RSN-0151,Emaar City BUS,NTR-00202001201200040,,False,"Thika, Kiambu KasaraniKnh Ngong rd Kikuyu, Westlands",EMAAR CITY BUS LIMITED
NTSA/RSN-0151,Emaar City BUS,NTR-0081,,False,"rongai, langata,mbagathi way,community, bustation",EMAAR CITY BUS LIMITED
NTSA/RSN-0151,Emaar City BUS,NTR-0076,,False,"bustation, knh,mbagathi way,langata, rongai",EMAAR CITY BUS LIMITED
NTSA/RSN-0151,Emaar City BUS,ADR-YM3SEZA,,False,"Thika, KiambuKasaraniCbdKnhNgong rdKikuyu, Westlands",EMAAR CITY BUS LIMITED
NTSA/RSN-0151,Emaar City BUS,ADR-8LMSVAP,,False,"railways, knh,mbagathi way,rongai, kiserian",EMAAR CITY BUS LIMITED
NTSA/RSN-0151,Emaar City BUS,ADR-ZZJS2P6,,False,"bustation, rongai,knh,mbagathi way, langata",EMAAR CITY BUS LIMITED
NTSA/RSN-0151,Emaar City BUS,ADR-LZRS3B9,,False,"railways, mbagathi way,ongata rongai, kiserian",EMAAR CITY BUS LIMITED
NTSA/RSN-0115,Embassava,NTR-00201909271127470,,False,"KITENGELA, MLOLONGOEMBAKASIJOGOO RDMOMBASA ROADOUTERING ROADSAVANNAH ROUTEALSOPS, ACCRA RD",EMBASSAVA COOPERATIVE SAVINGS AND CREDIT SOCIETY LTD
NTSA/RSN-0115,Embassava,NTR-00202101270939490,,False,"Malaa, Kangundo rd Eastern bypass Utawala Tajmall Enterprise rd Likoni rd Gikomba Eastleigh Juja rd, Thika rd",EMBASSAVA COOPERATIVE SAVINGS AND CREDIT SOCIETY LTD
NTSA/RSN-0115,Embassava,NTR-00465,,False,"embakasi, jogoo road, msa road, outereing road,all sops, accra road",EMBASSAVA COOPERATIVE SAVINGS AND CREDIT SOCIETY LTD
NTSA/RSN-0115,Embassava,NTR-00259,,False,"embakasi, jogoo road, muthurwa",EMBASSAVA COOPERATIVE SAVINGS AND CREDIT SOCIETY LTD
NTSA/RSN-0115,Embassava,NTR-0039,,False,"muthurwa, jogoo road, embakasi",EMBASSAVA COOPERATIVE SAVINGS AND CREDIT SOCIETY LTD
NTSA/RSN-0115,Embassava,ADR-BQ9S52M,,True,"Accra, Mombasa rdJogoo rdEmbakasiMlolongo, Kitengela",EMBASSAVA COOPERATIVE SAVINGS AND CREDIT SOCIETY LTD
NTSA/RSN-0115,Embassava,ADR-REOSRQ8,,True,"Kitengela, Mlolongo Mombasa rd Embakasi Savannah Utawala Kangundo rd MalaaJogoo rd Likoni rd Enterprise rd Eastleigh Outering rd Alsops Thika rd, Accra rd",EMBASSAVA COOPERATIVE SAVINGS AND CREDIT SOCIETY LTD
NTSA/RSN-0115,Embassava,ADR-MDMSQZJ,,True,"Kitengela, Mlolongo Mombasa rd Embakasi tajmall Savannah Utawala Eastern bypass Kangundo rd MalaaJogoo rd Likoni rd Enterprise rd Gikomba Eastleigh Juja rd Outering rd Alsops Thika rd, Accra rd",EMBASSAVA COOPERATIVE SAVINGS AND CREDIT SOCIETY LTD
NTSA/RSN-0115,Embassava,ADR-YM3S68E,,True,"Machakos, Tala Kangundo Kitengela Mombasa rd Embakasi tajmall Savannah Utawala Eastern bypass Kangundo rd MalaaJogoo rd Likoni rd Enterprise rd Gikomba Eastleigh Juja rd Outering rd Alsops Thika rd, Accra rd",EMBASSAVA COOPERATIVE SAVINGS AND CREDIT SOCIETY LTD
NTSA/RSN-0115,Embassava,ADR-8LMSEMO,,True,"Machakos, Tala Kangundo Kitengela Mlolongo Mombasa rd Embakasi tajmall Savannah Utawala Eastern bypass Kangundo rd MalaaJogoo rd Likoni rd Enterprise rd Gikomba Eastleigh Juja rd Outering rd Alsops Thika rd, Accra rd",EMBASSAVA COOPERATIVE SAVINGS AND CREDIT SOCIETY LTD
NTSA/RSN-0115,Embassava,ADR-ZZJSQLQ,,True,"Machakos, Tala Kangundomombasa rd Kitengela A. rivergreatwall Mlolongo Embakasi tajmall imara daima Savannah mananja rd Utawala Eastern bypass Kangundo rd MalaaJogoo rd Likoni rd lungalunga rd Enterprise rd Gikomba Eastleigh Juja rd Outering rd Alsops Thika rd KU ruiru kihunguro juja thika makongenimuranga rd forest rd globe r. about, Accra rd",EMBASSAVA COOPERATIVE SAVINGS AND CREDIT SOCIETY LTD
NTSA/RSN-0115,Embassava,ADR-LZRSWEY,,True,"embkasi, mombasa road, accra",EMBASSAVA COOPERATIVE SAVINGS AND CREDIT SOCIETY LTD
NTSA/RSN-0115,Embassava,ADR-O68I2OK,,False,"emabakasi, jogoo road, accra road",EMBASSAVA COOPERATIVE SAVINGS AND CREDIT SOCIETY LTD
NTSA/RSN-0115,Embassava,ADR-6DBS8BR,,False,"emabakasi, jogoo road, accra road",EMBASSAVA COOPERATIVE SAVINGS AND CREDIT SOCIETY LTD
NTSA/RSN-0115,Embassava,ADR-WZ9SLQY,,True,"accra road, embakasi, mombasa road",EMBASSAVA COOPERATIVE SAVINGS AND CREDIT SOCIETY LTD
NTSA/RSN-0115,Embassava,ADR-537HY73,,False,"embakasi, muthurwa, jogoo road",EMBASSAVA COOPERATIVE SAVINGS AND CREDIT SOCIETY LTD
NTSA/RSN-0115,Embassava,ADR-A5AC2QB,,True,"accra road, mombasa road, embakasi",EMBASSAVA COOPERATIVE SAVINGS AND CREDIT SOCIETY LTD
NTSA/RSN-0115,Embassava,ADR-9AKFOKE,,True,"accra road, mombasa road, mlolongo, kitengela",EMBASSAVA COOPERATIVE SAVINGS AND CREDIT SOCIETY LTD
NTSA/RSN-0115,Embassava,ADR-DB3TQ5R,,False,"emabakasi, accra road, jogoo road",EMBASSAVA COOPERATIVE SAVINGS AND CREDIT SOCIETY LTD
NTSA/RSN-0115,Embassava,ADR-3ZQSO3Y,,False,"alsolps, outering road, city cabanas",EMBASSAVA COOPERATIVE SAVINGS AND CREDIT SOCIETY LTD
NTSA/RSN-0115,Embassava,ADR-JY7SELA,,False,"accra rd, jogoo rd, embakasi",EMBASSAVA COOPERATIVE SAVINGS AND CREDIT SOCIETY LTD
NTSA/RSN-0115,Embassava,ADR-POKS7R6,,True,"embakasi, jogoo rd,mombasa road,outerind road,savannah route,alsops, accra rd",EMBASSAVA COOPERATIVE SAVINGS AND CREDIT SOCIETY LTD
NTSA/RSN-0115,Embassava,,,True,"Tala - Kangundo,Mombasa rd,Kitengela,Athi river,Greatwall,Syokimau,Embakasi,Tajmall,Imara Daima,Savannah,Manyaja rd,Spine rd,Kayole,Komarock,Utawala,Eastern Bypass,Kangundo rd,Malaa,Jogoo rd, Entreprise rd,Heshima rd,Buruburu,Gikomba,Eastleigh,Juja rd,Outering rd,Alsop,Thika rd,KU,Ruiru,Kihunguro,Juja,Thika,Mokengeni - Globe R. About and back- Tala - Kangundo,Mombasa rd,Kitengela,Athi river,Greatwall,Syokimau,Embakasi,Tajmall,Imara Daima,Savannah,Manyaja rd,Spine rd,Kayole,Komarock,Utawala,Eastern Bypass,Kangundo rd,Malaa,Jogoo rd, Entreprise rd,Heshima rd,Buruburu,Gikomba,Eastleigh,Juja rd,Outering rd,Alsop,Thika rd,KU,Ruiru,Kihunguro,Juja,Thika,Mokengeni - Globe R. About and back - Tala - Kangundo,Mombasa rd,Kitengela,Athi river,Greatwall,Syokimau,Embakasi,Tajmall,Imara Daima,Savannah,Manyaja rd,Spine rd,Kayole,Komarock,Utawala,Eastern Bypass,Kangundo rd,Malaa,Jogoo rd, Entreprise rd,Heshima rd,Buruburu,Gikomba,Eastleigh,Juja rd,Outering rd,Alsop,Thika rd,KU,Ruiru,Kihunguro,Juja,Thika,Mokengeni - Globe R. About and back",EMBASSAVA COOPERATIVE SAVINGS AND CREDIT SOCIETY LTD
NTSA/RSN-01756,Expreso,NTR-00202002051557030,,False,"Kiserian, RongaiDagoretti marketAmbassadorTom mboyaThika rdJuja rdOutering rdKangundo rdKomarocks rdInfinityMwiki, Kasarani",EXPRESO LIMITED
NTSA/RSN-01756,Expreso,NTR-00201901221600550,,False,"NDEIYA, NDUMAONDIRIKIKUYUKABIRIADAGORETTI MARKETKARENBOMASRONGAI, KISERIAN",EXPRESO LIMITED
NTSA/RSN-01756,Expreso,NTR-00201901041415180,,False,"Ndeiya, Nduma (via Zambezi)KikuyuDagoreti MarketKabiriaBomasRongai, Kiserian",EXPRESO LIMITED
NTSA/RSN-01756,Expreso,NTR-00202011171152220,,False,"Ndeiya, Nduma (via Zambezi) Kikuyu Dagoretti market Kawangware KNH Ambassador Tom Mboya Ngara Thika rd Outering rd Kangundo rd Kasarani, Mwiki",EXPRESO LIMITED
NTSA/RSN-01756,Expreso,NTR-00202012111036520,,False,"Railways, Ngong rd Kawangware Kabiria Waithaka Dagoretti market Karen Ngong Kikuyu Lusigetti, Kamangu",EXPRESO LIMITED
NTSA/RSN-01756,Expreso,NTR-00202012311422330,,False,"Kimende, Limuru Muguga Kikuyu Nduma Ndeiya Dagoretti Market Kawangware KNH Karen Bomas Ongata Rongai, Kiserian",EXPRESO LIMITED
NTSA/RSN-01756,Expreso,NTR-00201811260931410,,False,"kiserian, rongai,langata rd,kabiria,knh,ambassador, railways",EXPRESO LIMITED
NTSA/RSN-01756,Expreso,NTR-00201810080909530,,False,"ndeiya, kikuyu,tom mboya,ngara,thika rd,juja rd,outering rd,kangundo rd,komarocks rd,choka,kasarani,mwiki, infinity",EXPRESO LIMITED
NTSA/RSN-01756,Expreso,ADR-WZ9S9JA,,False,"Kiserian, RongaiDagoretti marketAmbassadorTom mboyaThika rdJuja rdOutering rdKomarocks rdKangundo rdInfinityMwiki, Kasarani",EXPRESO LIMITED
NTSA/RSN-01756,Expreso,ADR-537HWAM,,False,"limuru, kikuyu dagoretti mrktkabiria kawangware knh ambassador moi service lane tom mboya rongai gataka karen ngong kiserian isinya katani cabanas outering rd juja rd eastleigh gikomba thika rd mwiki lucky summer komarocks rd kangundo rd eastern bypass infinity kenol kiambu ruaka, western bypass",EXPRESO LIMITED
NTSA/RSN-01756,Expreso,ADR-A5AC8DY,,False,"Limuru, kikuyu dagoretti market kabiria kawangware knh ambassador moi service lane tom mboya rongai gataka karen ngong kiserian isinya katani cabanas outering rd juja rd eastleigh gikomba thika rd mwiki lucky summer komarocks rd kangundo rd eastern bypass infinity Thika Makongeni kenol kiambu ruaka, Western bypass",EXPRESO LIMITED
NTSA/RSN-01756,Expreso,ADR-9AKFREZ,,False,"ndeiya, kikuyu, waiyaki way, westlands, tommboya, thika road, mwiki",EXPRESO LIMITED
NTSA/RSN-01756,Expreso,ADR-DB3TO97,,False,"ndeiya, kikuyu,tom mboya,ngara,thika rd,juja rd,outering rd,kangundo rd,komarocks rd,mwiki, infinity",EXPRESO LIMITED
NTSA/RSN-01756,Expreso,ADR-3ZQS287,,False,"ndeiya, kikuyu,tom mboya,ngara,thika rd,juja rd,outering rd,kangundo rd,komarocks rd,kasarani,mwiki, infinity",EXPRESO LIMITED
NTSA/RSN-01756,Expreso,ADR-JY7S7DP,,False,"ndeiya, kikuyu,dagoreti market,kabiria,bomas,rongai, kiserian",EXPRESO LIMITED
NTSA/RSN-01756,Expreso,ADR-POKSK8P,,False,"railways, knh,mbagathi way,rongai, kiserian",EXPRESO LIMITED
NTSA/RSN-01756,Expreso,ADR-VYASA63,,False,"ndeiya, kikuyu,kabiria,dagoretti market,karen,bomas,rongai, kiserian",EXPRESO LIMITED
NTSA/RSN-0122,Express Connections,NTR-00181,,False,"eastlands, ladhies road,bustation,ambassador,kencom,gpo,knh,upper hill,jamhuri,karen,kawangware, kawangware",EXPRESS CONNECTIONS LTD
NTSA/RSN-0122,Express Connections,NTR-00178,,True,"jkia, mombasa road, bus station, gpo, knh, ngumo, kibera, yaya, kawangware, satelite, jamuhuri, karen, hardy",EXPRESS CONNECTIONS LTD
NTSA/RSN-0122,Express Connections,NTR-00176,,False,"jkia, umoja, buru, jogoo road, gpo, knh, yaya, kawangware, setlite",EXPRESS CONNECTIONS LTD
NTSA/RSN-0122,Express Connections,ADR-A5AC7EZ,,True,"jkia, hardy, mombasa road, bus station, gpo, knh, ngumo, kibera, yaya, kawangware, satelite, jamuhuri, karen",EXPRESS CONNECTIONS LTD
NTSA/RSN-0122,Express Connections,ADR-9AKFW3M,,False,"eastlands, ladhies road,bustation,ambassador,kencom,gpo,knh,upper hill,jamhuri,karen,kawangware, kawangware",EXPRESS CONNECTIONS LTD
NTSA/RSN-0122,Express Connections,ADR-DB3T3P6,,False,"komarock, buru buru, gogoo road, bustation, kencom, knh, kawangware, jamhuri",EXPRESS CONNECTIONS LTD
NTSA/RSN-0122,Express Connections,ADR-3ZQSAYR,,False,"jkia, utawala, umoja, bururu, kencom, knh, ngumo, kibera, kawangware, satellite, karen, langata road, waiyaki way, hardy",EXPRESS CONNECTIONS LTD
NTSA/RSN-0122,Express Connections,ADR-JY7S3OM,,True,"jkia, hardy,mombasa road, bus station, gpo, knh, ngumo, kibera, yaya, kawangware, satelite, jamuhuri, karen",EXPRESS CONNECTIONS LTD
NTSA/RSN-0122,Express Connections,ADR-POKSOLR,,False,"komarock, buru buru,gogoo road,bustation,kencom,knh,kawangware, jamhuri",EXPRESS CONNECTIONS LTD
NTSA/RSN-0122,Express Connections,ADR-VYASLKV,,False,"eastlands, kawangware,ladhies road,bustation,ambassador,kencom,gpo,knh,upper hill,jamhuri,karen, kawangware",EXPRESS CONNECTIONS LTD
NTSA/RSN-0122,Express Connections,ADR-Q5LC6K8,,False,"jkia, setlite,umoja, buru, jogoo road, gpo, knh, yaya, kawangware",EXPRESS CONNECTIONS LTD
NTSA/RSN-0122,Express Connections,ADR-EPJSYPY,,False,"githunguri, ngong,utawala, jkia, umoja, buruburu, jogoo road, bus station, knh, langata, karen, hardy",EXPRESS CONNECTIONS LTD
NTSA/RSN-0122,Express Connections,ADR-2DVS5QB,,False,"komarock, jamhuri,buru buru,gogoo road,bustation,kencom,knh, kawangware",EXPRESS CONNECTIONS LTD
NTSA/RSN-0122,Express Connections,ADR-K9BFVAL,,False,"hardy, karen, kawangware, yaya, kibera, knh, bus station, jogoo road, jkia",EXPRESS CONNECTIONS LTD
NTSA/RSN-0127,Fastrack United AND Credit,NTR-00202202221453100,,False,"Railways, Community Jamhuri via Ngong Rd Wanyee Satelite Kabiria Kawangware Othaya Rd via Lavington Uthiru via WestlandsDagoretti Market, Kawangware",FASTRACK UNITED AND CREDIT COOPERATIVE SOCIETY
NTSA/RSN-0127,Fastrack United AND Credit,NTR-0042,,False,"railways, yaya, kawangware",FASTRACK UNITED AND CREDIT COOPERATIVE SOCIETY
NTSA/RSN-0127,Fastrack United AND Credit,ADR-3ZQS3MO,,False,"railways, kawangware, yaya",FASTRACK UNITED AND CREDIT COOPERATIVE SOCIETY
NTSA/RSN-0129,FIG Komba,NTR-00201812211059020,,False,"mathare north, ngara,figtree,gikomba, kiambio",FIG KOMBA
NTSA/RSN-0129,FIG Komba,NTR-0044,,False,"figtree, ngara,gikomba, kiambio",FIG KOMBA
NTSA/RSN-0129,FIG Komba,ADR-2DVSRRD,,False,"mathare north, ngara, gikomba, kiambio",FIG KOMBA
NTSA/RSN-0129,FIG Komba,ADR-K9BF66E,,False,"mathare north, ngara, gikomba, kiambio",FIG KOMBA
NTSA/RSN-0129,FIG Komba,ADR-7WRS999,,False,"figtree, kiambio,ngara, gikomba",FIG KOMBA
NTSA/RSN-0129,FIG Komba,ADR-BQ9SQQ3,,False,"dandora, juja road, gikomba",FIG KOMBA
NTSA/RSN-7695,FIG Prestige Management Company,NTR-00202104150827230,,True,"Commercial, Jogoo rd Eastleigh Jericho Outering rd Kariobangi ound about Juja rd Cabanas Koma Kenol, Machakos",FIG PRESTIGE MANAGEMENT COMPANY LIMITED
NTSA/RSN-7695,FIG Prestige Management Company,NTR-00202211011743410,,True,"Commercial, Ngara Fig Tree Gikomba Muthurwa Eastleigh Thika Rd Kiambio Jericho Outering Rd Kariobangi Round About Mathare North Jogoo Rd Cabanas Kangundo Rd Ruai Tala Kantafu Koma Ruiru Ndani Kwa Maiko Juja Thika Kabati Kenol, Machakos",FIG PRESTIGE MANAGEMENT COMPANY LIMITED
NTSA/RSN-7695,FIG Prestige Management Company,NTR-00201812211059020,,False,"mathare north, ngara,figtree,gikomba, kiambio",FIG PRESTIGE MANAGEMENT COMPANY LIMITED
NTSA/RSN-7695,FIG Prestige Management Company,ADR-537HQZK,,False,"mathare north, ngara, gikomba, kiambio",FIG PRESTIGE MANAGEMENT COMPANY LIMITED
NTSA/RSN-01899,Five Friends Investment Company,NTR-00202008111555100,,False,"Huruma, DandoraMolem roadKangundo road, Malaa",FIVE FRIENDS INVESTMENT COMPANY LIMITED
NTSA/RSN-01899,Five Friends Investment Company,NTR-00202008111557230,,False,"Huruma, Outering road, Mlolongo",FIVE FRIENDS INVESTMENT COMPANY LIMITED
NTSA/RSN-01899,Five Friends Investment Company,ADR-YM3SJA3,,False,"Ngara, Huruma Dandora Molem road Kangundo road, Malaa",FIVE FRIENDS INVESTMENT COMPANY LIMITED
NTSA/RSN-01899,Five Friends Investment Company,ADR-8LMS562,,False,"Ngara, Huruma Dandora Molem road Kangundo roadMalaauUtawala Mlolongo Outering rd Thika rd Gikomba Jogoo rd Savannah, Kayole",FIVE FRIENDS INVESTMENT COMPANY LIMITED
NTSA/RSN-01899,Five Friends Investment Company,ADR-ZZJSVWM,,False,"Ngara, Huruma via Ronald Ngala Dandora Kariobangi Alsops Thika rd Mowlem rdJogoo rd Gikomba Kagundo rd Malaa Savannah Kayole Utawala Outering rd cabanas, Mlolongo",FIVE FRIENDS INVESTMENT COMPANY LIMITED
NTSA/RSN-01899,Five Friends Investment Company,ADR-2DVSDOA,,False,"Ngara, Huruma via Ronald Ngala Dandora Kariobangi AlsopsThika rd Mowlem rd Jogoo rd Gikomba Soweto Spine Rd Manyanja Rd Kagundo rd Malaa Savannah Kayole Utawala Outering rd cabanas, Mlolongo",FIVE FRIENDS INVESTMENT COMPANY LIMITED
NTSA/RSN-0134,Forward Travellers,NTR-00246,,True,"nairobi, emali,oloitoktok, taveta",FORWARD TRAVELLERS SACCO LTD
NTSA/RSN-0134,Forward Travellers,NTR-00117,,False,"kayole, juja road, gikomba",FORWARD TRAVELLERS SACCO LTD
NTSA/RSN-0134,Forward Travellers,NTR-0047,,False,"kayole, jogoo road,muthurwa, otc",FORWARD TRAVELLERS SACCO LTD
NTSA/RSN-0134,Forward Travellers,NTR-00202002041321020,,False,"O.t.c, Jogoo rdUmojaKayoleMihangoEastern by pass, Ruiru",FORWARD TRAVELLERS SACCO LTD
NTSA/RSN-0134,Forward Travellers,NTR-00202002041322540,,False,"Kayole, KomarocksMowlemJuja rdEastleigh, Alsops",FORWARD TRAVELLERS SACCO LTD
NTSA/RSN-0134,Forward Travellers,NTR-00202002041322120,,False,"Malaa, KayoleJoskaKamuluRuaiSaikaMowlemjogooroad, Bus station",FORWARD TRAVELLERS SACCO LTD
NTSA/RSN-0134,Forward Travellers,NTR-00202012161512240,,False,"Kayole, Gikombe Alsops Mihango, Cabanas",FORWARD TRAVELLERS SACCO LTD
NTSA/RSN-0134,Forward Travellers,NTR-00202102051741120,,True,"KANGEMA, MURANGA-THIKA-RUIRU-E BYPASS-KANGUNDO RD-JOGOO RD-JUJA RD-EASTLIEGH-GIKOMBA-ALSOLPS-NGARA-MFANGANO STREET-BUS STATION-MUTHURWA-KAYOLE-KOMAROCKS-UMOJA-MOWLEM-SAVVANNAH-CABANAS-UTAWALA-MIHANGO-TASSIA LINK RD-MALAA-MOMBASA RD-EMALI, LOITOKTOK",FORWARD TRAVELLERS SACCO LTD
NTSA/RSN-0134,Forward Travellers,NTR-00202211180859400,,True,"Voi, Ikutha Kibwezi Mwingi Mutomo Kitui Makueni Kilimambogo Nairobi Narok Kisii Nyamira Kisumu Siaya, Bungoma",FORWARD TRAVELLERS SACCO LTD
NTSA/RSN-0134,Forward Travellers,NTR-00206,,False,"kayole, umoja, outering, juja road, gikomba",FORWARD TRAVELLERS SACCO LTD
NTSA/RSN-0134,Forward Travellers,NTR-00207,,False,"kayole, mihango, eastern bypass, juja road, bus station",FORWARD TRAVELLERS SACCO LTD
NTSA/RSN-0134,Forward Travellers,NTR-0052,,False,"kayole, umoja,outering,juja road, gikomba",FORWARD TRAVELLERS SACCO LTD
NTSA/RSN-0134,Forward Travellers,NTR-0048,,False,"kayole, juja road,eastleigh, gikomba",FORWARD TRAVELLERS SACCO LTD
NTSA/RSN-0134,Forward Travellers,NTR-0049,,False,"kayole, juja road,muthurwa,otc, bustation",FORWARD TRAVELLERS SACCO LTD
NTSA/RSN-0134,Forward Travellers,ADR-O68IMM7,,False,"Malaa, KayoleJoskaKamuluRuaiSaikaMowlemKariobangiGikomba, Bus station",FORWARD TRAVELLERS SACCO LTD
NTSA/RSN-0134,Forward Travellers,ADR-6DBS997,,False,"Nairobi, ThikaMuranga, Kangema",FORWARD TRAVELLERS SACCO LTD
NTSA/RSN-0134,Forward Travellers,ADR-WZ9SEEJ,,False,"OTC, Jogoo rd Donholm Umoja Kayole Mihango Eastern Bypass, Ruiru",FORWARD TRAVELLERS SACCO LTD
NTSA/RSN-0134,Forward Travellers,ADR-537HBOV,,True,"Kangema, Muranga Thika Ruiru Estern Bypass Kangundo Rd Jogoo Rd Juja Rd Gikomba Alsops Ngara Mfangano Street Bus station Kayole Komarock Rd Umoja Morlem Savannah Cabanas Utawala-Mihango Northern Bypass Tassia Rd Malaa Mombasa Rd Mwiki Mwihoko Katani Emali Loitoktok, Nyahururu",FORWARD TRAVELLERS SACCO LTD
NTSA/RSN-0134,Forward Travellers,ADR-A5ACK7E,,False,"kayole, juja road, eastern bypass, bus station",FORWARD TRAVELLERS SACCO LTD
NTSA/RSN-0134,Forward Travellers,ADR-9AKFJWV,,False,"kayole, jogoo road, muthurwa, otc, mfangano",FORWARD TRAVELLERS SACCO LTD
NTSA/RSN-0134,Forward Travellers,ADR-DB3TY3L,,True,"nairobi, emali, loitoktok, taveta",FORWARD TRAVELLERS SACCO LTD
NTSA/RSN-0134,Forward Travellers,ADR-3ZQSJAZ,,False,"kayole, mfangano,jogoo road, muthurwa, otc",FORWARD TRAVELLERS SACCO LTD
NTSA/RSN-0134,Forward Travellers,ADR-JY7SZ3B,,False,"kayole, gikomba,umoja,outering, juja road",FORWARD TRAVELLERS SACCO LTD
NTSA/RSN-0134,Forward Travellers,ADR-POKSYOW,,False,"kayole, bus station,mihango, eastern bypass, juja road",FORWARD TRAVELLERS SACCO LTD
NTSA/RSN-0134,Forward Travellers,ADR-VYASWL7,,False,"kayole, gikomba,umoja, outering, juja road",FORWARD TRAVELLERS SACCO LTD
NTSA/RSN-0134,Forward Travellers,ADR-Q5LC865,,False,"kayole, bus station,juja road, eastern bypass",FORWARD TRAVELLERS SACCO LTD
NTSA/RSN-0134,Forward Travellers,ADR-EPJSEY7,,True,"nairobi, taveta,emali, oloitoktok",FORWARD TRAVELLERS SACCO LTD
NTSA/RSN-0134,Forward Travellers,ADR-2DVSR5D,,False,"bus station, jogoo road, kayole, utawala",FORWARD TRAVELLERS SACCO LTD
NTSA/RSN-0134,Forward Travellers,ADR-K9BF6VE,,False,"nairobi, thika, muranga",FORWARD TRAVELLERS SACCO LTD
NTSA/RSN-0134,Forward Travellers,ADR-7WRS9Z9,,False,"kayole, jogoo road, otc",FORWARD TRAVELLERS SACCO LTD
NTSA/RSN-0134,Forward Travellers,ADR-BQ9SQ33,,False,"kayole, mfangano street, otc",FORWARD TRAVELLERS SACCO LTD
NTSA/RSN-0134,Forward Travellers,ADR-REOSZLO,,False,"kayole, gikomba,allsops,, juja road",FORWARD TRAVELLERS SACCO LTD
NTSA/RSN-0134,Forward Travellers,ADR-MDMSJAQ,,False,"kayole, otc,kangundo,tala, jogoo road",FORWARD TRAVELLERS SACCO LTD
NTSA/RSN-0134,Forward Travellers,ADR-YM3SBE5,,True,"nairobi, taveta,emali, loitoktok",FORWARD TRAVELLERS SACCO LTD
NTSA/RSN-0134,Forward Travellers,ADR-8LMSYVK,,False,"kayole, komarocksmolemjuja road, eastleigh",FORWARD TRAVELLERS SACCO LTD
NTSA/RSN-0134,Forward Travellers,ADR-ZZJSJ2A,,False,"kayole, gikomba,juja road, eastleigh",FORWARD TRAVELLERS SACCO LTD
NTSA/RSN-0134,Forward Travellers,ADR-2DVSR5M,,False,"bus station, muthurwa, jogoo road, kayole, eastern bypass, utawala",FORWARD TRAVELLERS SACCO LTD
NTSA/RSN-0134,Forward Travellers,ADR-K9BF6V8,,False,"kariobangi south, outering road, thika road, gikomba, commercial",FORWARD TRAVELLERS SACCO LTD
NTSA/RSN-0134,Forward Travellers,ADR-7WRS9ZW,,False,"kayole, gikomba, juja road",FORWARD TRAVELLERS SACCO LTD
NTSA/RSN-0134,Forward Travellers,ADR-BQ9SQ3A,,False,"otc, jogoo rd, kayole, mihango, eastern bypass, ruiru underpass",FORWARD TRAVELLERS SACCO LTD
NTSA/RSN-0136,Fourty Four Owners Company,NTR-00201901151029270,,False,"tom mboya, zimmerman,githurai,kahawa west,ruiru,juja,thika road, makongenithika",FOURTY FOUR OWNERS COMPANY LIMITED
NTSA/RSN-0136,Fourty Four Owners Company,NTR-00202103091438110,,False,"Commercial, Alsops Outering rd Juja rd Jogoo rd Kangundo rd Eastleigh Gikomba Thika rd Githurai Kahawa west Bypass Ruiru, Thika(makongeni)",FOURTY FOUR OWNERS COMPANY LIMITED
NTSA/RSN-0136,Fourty Four Owners Company,NTR-0066,,False,"commercial, zimmerman,kahawa west, githurai",FOURTY FOUR OWNERS COMPANY LIMITED
NTSA/RSN-0136,Fourty Four Owners Company,NTR-00201909171049330,,False,"commercial, thika rd,githurai,kahawa west,bypass,ruiru, thika (makongeni)",FOURTY FOUR OWNERS COMPANY LIMITED
NTSA/RSN-0136,Fourty Four Owners Company,ADR-YM3SB85,,False,"commercial, gikombajuja rd eastleigh jogoo rd kangundo rdoutering rd thka rd alsops githurai kahawa westbypass ruiru kahawa sukari kahawa wendanimwihoko, thika(makongeni)",FOURTY FOUR OWNERS COMPANY LIMITED
NTSA/RSN-0136,Fourty Four Owners Company,ADR-8LMSYMK,,False,"tom mboya, thika road, githurai, ruiru",FOURTY FOUR OWNERS COMPANY LIMITED
NTSA/RSN-0136,Fourty Four Owners Company,ADR-ZZJSJLA,,False,"commercial, githurai,zimmerman, kahawa west",FOURTY FOUR OWNERS COMPANY LIMITED
NTSA/RSN-0136,Fourty Four Owners Company,ADR-LZRS7E5,44,False,"tom mboya, thika road, githurai 44, bypass, ruiru",FOURTY FOUR OWNERS COMPANY LIMITED
NTSA/RSN-0136,Fourty Four Owners Company,ADR-O68IMO7,,False,"ronald ngala, kahawa west, zimmerman",FOURTY FOUR OWNERS COMPANY LIMITED
NTSA/RSN-8282,Garamu Travel Solutions,NTR-00201908300830460,,False,"Railways, Ngong rdHurlinghamYayaKorosho/MbaaziKawangwareRiruta sateliteWaithakaDagoretti MarketKikuyuKarenNgong Langata Kibera Kileleshwa Lavington Uthiru, Wangige",GARAMU TRAVEL SOLUTIONS LIMITED
NTSA/RSN-8282,Garamu Travel Solutions,NTR-00202101201303380,,False,"Ngong, Karen Dagoretti corner Kawangware Kikuyu Wangige, Limuru",GARAMU TRAVEL SOLUTIONS LIMITED
NTSA/RSN-8282,Garamu Travel Solutions,ADR-8LMS5QE,,False,"railways, ngong rd,hurlingham,yaya,korosho/mbaazi,kawanware,riruta satelite,waithaka,dagoretti market, kikuyu",GARAMU TRAVEL SOLUTIONS LIMITED
NTSA/RSN-8282,Garamu Travel Solutions,ADR-ZZJSVOR,,False,"railways, ngong rd,hurlingham,yaya,korosho/mbaazi,kawangware,riruta satelite,waithaka,dagoretti market, kikuyu",GARAMU TRAVEL SOLUTIONS LIMITED
NTSA/RSN-0146,Gatanga Shuttle,NTR-00414,,True,"Nairobi, Thika Nyokanyoka Rd Muranga Kangema Nyeri Nanyuki Nyahururu Nakuru Naivasha Njabini Olkalou Maumau Rd, Mugoiri",GATANGA SHUTTLE LIMITED
NTSA/RSN-0146,Gatanga Shuttle,NTR-00183,,True,"nairobi, thika nyeri nyahururu, nakuru",GATANGA SHUTTLE LIMITED
NTSA/RSN-0146,Gatanga Shuttle,NTR-00236,,True,"nairobi, thika,nyeri,nyahururu, nakuru",GATANGA SHUTTLE LIMITED
NTSA/RSN-0146,Gatanga Shuttle,NTR-00142,,True,"nairobi, thika road,thika, nyeri",GATANGA SHUTTLE LIMITED
NTSA/RSN-0146,Gatanga Shuttle,ADR-VYASAD8,,True,"nairobi, nakuru, thika nyeri nyahururu",GATANGA SHUTTLE LIMITED
NTSA/RSN-0146,Gatanga Shuttle,ADR-Q5LCLD9,,True,"nairobi, thika, nyeri, nyahururu, nakuru",GATANGA SHUTTLE LIMITED
NTSA/RSN-0147,Gatanga,NTR-00183,,True,"nairobi, thika nyeri nyahururu, nakuru",GATANGA TRAVELLERS SAVINGS AND CREDIT CO-OPERATIVE SOCIETY LTD
NTSA/RSN-0147,Gatanga,NTR-00236,,True,"nairobi, thika,nyeri,nyahururu, nakuru",GATANGA TRAVELLERS SAVINGS AND CREDIT CO-OPERATIVE SOCIETY LTD
NTSA/RSN-0147,Gatanga,NTR-00250,,True,"nairobi, nakuru, nyahururu",GATANGA TRAVELLERS SAVINGS AND CREDIT CO-OPERATIVE SOCIETY LTD
NTSA/RSN-0147,Gatanga,ADR-WZ9SWJP,,True,"nairobi, thika, nyeri, nyahururu, nakuru",GATANGA TRAVELLERS SAVINGS AND CREDIT CO-OPERATIVE SOCIETY LTD
NTSA/RSN-0147,Gatanga,ADR-537H6AJ,,True,"nairobi, nakuru, thika nyeri nyahururu",GATANGA TRAVELLERS SAVINGS AND CREDIT CO-OPERATIVE SOCIETY LTD
NTSA/RSN-0148,Gathima,NTR-00201911141534530,,False,"Thika, Thika rdJujaGatunduKangoo, Kamwangi",GATHIMA TRAVELLERS SAVINGS AND CREDIT CO-OPERATIVE SOCIETY.
NTSA/RSN-0148,Gathima,ADR-537HORO,,False,"thika, gatundu, kiambu",GATHIMA TRAVELLERS SAVINGS AND CREDIT CO-OPERATIVE SOCIETY.
NTSA/RSN-0148,Gathima,ADR-A5AC7R8,,False,"thika, kiambu, gatundu",GATHIMA TRAVELLERS SAVINGS AND CREDIT CO-OPERATIVE SOCIETY.
NTSA/RSN-7402,Geobeat Maoka,NTR-00202010291101240,,False,"Alsops, lLucky SummerBaba Dogo Outering rd via Rabai rd Makadara City Stadium Kangundo rd, Koma bus Park",GEOBEAT MAOKA TRAVELLERS LIMITED
NTSA/RSN-7402,Geobeat Maoka,ADR-EPJSRP5,,False,"Allsops, Outering road,Mumias rd,Makadara, City Stadium",GEOBEAT MAOKA TRAVELLERS LIMITED
NTSA/RSN-7402,Geobeat Maoka,ADR-2DVSDQ3,,True,"Ngara, Juja Rd Outering Rd Eastern Bypass Cabanas Mombasa Rd GM Lusaka Rd City Stadium Jogoo Rd Makadara via Rabai Rd Lucky Summer, Muthurwa",GEOBEAT MAOKA TRAVELLERS LIMITED
NTSA/RSN-7402,Geobeat Maoka,ADR-K9BFZAY,,True,"Ngara, Juja Rd Outering Rd Eastern Bypass Cabanas Mombasa Rd GM Lusaka Rd City Stadium Jogoo Rd Makadara via Rabai Rd Lucky Summer, Muthurwa",GEOBEAT MAOKA TRAVELLERS LIMITED
NTSA/RSN-7402,Geobeat Maoka,ADR-7WRSOQO,,True,"Ngara, Juja Rd Outering Rd Eastern Bypass Cabanas Mombasa Rd GM Lusaka Rd City Stadium Jogoo Rd Makadara via Rabai Rd Lucky Summer, Muthurwa",GEOBEAT MAOKA TRAVELLERS LIMITED
NTSA/RSN-7402,Geobeat Maoka,ADR-BQ9SMK7,,True,"Ngara, Juja Rd Outering Rd Eastern Bypass Cabanas Mombasa Rd GM Lusaka Rd City Stadium Jogoo Rd Makadara via Rabai Rd Lucky Summer, Muthurwa",GEOBEAT MAOKA TRAVELLERS LIMITED
NTSA/RSN-01728,Gikaki Society,NTR-00813,,False,"Githunguri, Kagwe Kimende Limuru uplands kwamaiko ruiru, nyanduma",GIKAKI SACCO SOCIETY LIMITED
NTSA/RSN-01728,Gikaki Society,NTR-00202211011816190,,True,"Githunguri, Kagwe Kimende Limuru Uplands Kwa Maiko Ruiru Nyanduma Kibichoi Gathugu Gachika Gatundu Thika Mai-Mahiu, Naivasha",GIKAKI SACCO SOCIETY LIMITED
NTSA/RSN-01728,Gikaki Society,ADR-O68I2YK,,False,"githunguri, kagwe, kimende, ruiru",GIKAKI SACCO SOCIETY LIMITED
NTSA/RSN-01728,Gikaki Society,ADR-6DBS8ER,,False,"githunguri, kagwe, kimende",GIKAKI SACCO SOCIETY LIMITED
NTSA/RSN-01728,Gikaki Society,ADR-WZ9SL7Y,,False,"githunguri, kagwe,kimende,nyanduma, ruiru",GIKAKI SACCO SOCIETY LIMITED
NTSA/RSN/8047,Gikakuru,NTR-00820,45,False,"githurai 45, mwihoko eastern bypass ruiru githunguri limuru kimende kijabe hospital wangige kiambu, kahawa west",GIKAKURU TRAVELLERS SACCO
NTSA/RSN/8047,Gikakuru,ADR-537HQP8,,False,"githurabypass, ku referral hospital,ruiru,thika, gatuanyanga",GIKAKURU TRAVELLERS SACCO
NTSA/RSN-1626,Gikimwi Bypass Transporters,NTR-001337,,False,"githurai, mumbi, mwihoko",GIKIMWI BYPASS TRANSPORTERS SACCO
NTSA/RSN-1626,Gikimwi Bypass Transporters,NTR-00201905161413340,,False,"githurai, mumbi,mwihoko,kahawa sukari,ruiru, makongenithika",GIKIMWI BYPASS TRANSPORTERS SACCO
NTSA/RSN-1626,Gikimwi Bypass Transporters,ADR-WZ9SVAQ,,False,"githurai, mwihoko, kahawa sukari, bypass, ruiru",GIKIMWI BYPASS TRANSPORTERS SACCO
NTSA/RSN-0152,Ginyali,NTR-00202101211540210,,True,"Thika(Makongeni), Ruiru Githunguri Githiga Limuru via Kabuku Ngecha Kikuyu via Kamandura Naivasha, Nakuru",GINYALI COOPERATIVE SAVINGS & CREDIT SOCIETY LTD
NTSA/RSN-0152,Ginyali,NTR-00828,,True,"Thika(makongeni), Ruiru kiambu githiga githunguri kagwe via gatundu mau mau rd matimbei kagaa mathanja gatina limuru kimende matathia kijabe maimahiu naivasha via njabini engineer nyahururu, nakuru",GINYALI COOPERATIVE SAVINGS & CREDIT SOCIETY LTD
NTSA/RSN-0152,Ginyali,NTR-0088,,True,"githunguri, kambaa,kagaa,kimende,limuru,naivasha, nakuru",GINYALI COOPERATIVE SAVINGS & CREDIT SOCIETY LTD
NTSA/RSN-0152,Ginyali,NTR-00201909161408460,,True,"thika(makongeni), ruiru,githunguri,kambaa,kagaa,kimende,limuru,naivasha, nakuru",GINYALI COOPERATIVE SAVINGS & CREDIT SOCIETY LTD
NTSA/RSN-0152,Ginyali,ADR-VYASAV2,,True,"Thika(Makongeni), Ruiru Githunguri Githiga Limuru via Kabuku Ngecha Kikiyu via Kamandura Naivasha, Nakuru",GINYALI COOPERATIVE SAVINGS & CREDIT SOCIETY LTD
NTSA/RSN-0152,Ginyali,ADR-Q5LCLYD,,True,"nairobi, githunguri,nyambari,limuru, naivasha",GINYALI COOPERATIVE SAVINGS & CREDIT SOCIETY LTD
NTSA/RSN-0152,Ginyali,ADR-EPJSJA5,,True,"nairobi, guthunguri, kambaa, kagaa, kimende, limuru, naivasha, nakuru",GINYALI COOPERATIVE SAVINGS & CREDIT SOCIETY LTD
NTSA/RSN-0152,Ginyali,ADR-2DVSBZ3,,True,"githunguri, nakuru,kambaa,kagaa,kimende,limuru, naivasha",GINYALI COOPERATIVE SAVINGS & CREDIT SOCIETY LTD
NTSA/RSN-0153,Githiga,NTR-00201902261346190,,True,"ngara, kiambu,githiga,githunguri,limuru, nakuru",GITHIGA TRAVELLERS SACCO
NTSA/RSN-0153,Githiga,ADR-A5ACLDJ,,True,"St peters, GithunguriLimuru, Nakuru",GITHIGA TRAVELLERS SACCO
NTSA/RSN-0153,Githiga,ADR-9AKFAEY,,True,"St peters, kiambugithiga Githunguri kambaa via uplands nyambari Limuru, Nakuru",GITHIGA TRAVELLERS SACCO
NTSA/RSN-0153,Githiga,ADR-DB3TB99,,False,"st.peters, kiambu, limuru, githuguri",GITHIGA TRAVELLERS SACCO
NTSA/RSN-0153,Githiga,ADR-3ZQSJDD,,False,"st.peters, githiga, githunguri, limuru",GITHIGA TRAVELLERS SACCO
NTSA/RSN-0153,Githiga,ADR-JY7SZYO,,False,"tommboya, githunguri,kiambu road, kiambu",GITHIGA TRAVELLERS SACCO
NTSA/RSN-0153,Githiga,ADR-POKSY2B,,False,"st.peters, githuguri,kiambu, limuru",GITHIGA TRAVELLERS SACCO
NTSA/RSN-0153,Githiga,ADR-VYASWYR,,False,"st peters, githunguri, kiambu",GITHIGA TRAVELLERS SACCO
NTSA/RSN-0153,Githiga,ADR-Q5LC827,,False,"st peters, kiambu, githunguri",GITHIGA TRAVELLERS SACCO
NTSA/RSN-0153,Githiga,ADR-EPJSEMV,,False,"ngara, kiambu,githiga,githunguri, limuru",GITHIGA TRAVELLERS SACCO
NTSA/RSN-0154,Githurai 45,NTR-00415,45,False,"ronald ngara, thika road, githurai",GITHURAI 45 SACCO
NTSA/RSN-0154,Githurai 45,NTR-00202102161130010,45,True,"Ronald Ngala, Thika rd Outering rd Juja rd Cabanas Eastern bypass Ruai Mwihoko Githurai Thika(Makongeni), Mwingi",GITHURAI 45 SACCO
NTSA/RSN-0154,Githurai 45,ADR-537HYWR,45,True,"nairobi, thika road, githurai, mwingi",GITHURAI 45 SACCO
NTSA/RSN-0154,Githurai 45,ADR-A5AC286,45,True,"ronald ngala, githurai, mwingi",GITHURAI 45 SACCO
NTSA/RSN-0154,Githurai 45,ADR-9AKFOR5,45,True,"ronald ngala, mwingi, githurai",GITHURAI 45 SACCO
NTSA/RSN-0154,Githurai 45,ADR-DB3TQOD,45,True,"nairobi, mwingi,thika road, githurai",GITHURAI 45 SACCO
NTSA/RSN-0154,Githurai 45,ADR-3ZQSO23,45,True,"railways, mwingi,thika road, githurai",GITHURAI 45 SACCO
NTSA/RSN-0154,Githurai 45,ADR-JY7SE7Q,45,False,"ronald ngara, githurai, thika road",GITHURAI 45 SACCO
NTSA/RSN-0154,Githurai 45,ADR-POKS7KY,45,False,"ronald ngala, thika road,githurai, thika (makongeni)",GITHURAI 45 SACCO
NTSA/RSN-1824,Giwa,ADR-7WRSOLM,,False,"Wangige, GikuniGathiga, St mathews",GIWA SAVINGS AND CREDIT COOPERATIVE SOCIETY LIMITED
NTSA/RSN-1824,Giwa,ADR-BQ9SM8B,,False,"Wangige, Gikuni Gathiga St mathews ngecha mwamto kikuyu dagoretti kamangu limurukahuho gachie, river lori",GIWA SAVINGS AND CREDIT COOPERATIVE SOCIETY LIMITED
NTSA/RSN-8143,GMK,NTR-00202009021508060,,True,"Nyeri, KaratinaEmbuMurangaKiriainiNgara(NRB), Voi",GMK SACCO LIMITED
NTSA/RSN-8143,GMK,NTR-00202202241345360,,True,"Ngara, Outering Rd Kayole Eastern Bypass Kangundo Rd Ruai Northern Bypass Mwihoko via Thika Muranga Karatina Kiriaini NyeriEmbu, Voi",GMK SACCO LIMITED
NTSA/RSN-8143,GMK,ADR-LZRSW7B,,True,"ngara, ruai outering rd northern bypass mwihoko via thika muranga karatina kiriaini nyeri embu, voi",GMK SACCO LIMITED
NTSA/RSN-8143,GMK,ADR-O68I2MZ,,False,"githurai, muranga, kiriaini",GMK SACCO LIMITED
NTSA/RSN-8143,GMK,ADR-6DBS896,,True,"ngara, muranga,kiriaini,nyeri, karatina",GMK SACCO LIMITED
NTSA/RSN-02023,Gucha Express,NTR-00202101261102060,,True,"Railways, Mlolongo Kitengela, Machakos",GUCHA EXPRESS LIMITED
NTSA/RSN-02023,Gucha Express,ADR-LZRS6J7,,False,"Railways, Jogoo Rd Outering Rd Kangundo Rd Ruai Katani Mlolongo Kitengela\tMachakos, Isinya",GUCHA EXPRESS LIMITED
NTSA/RSN-02052,Hannover Swift Trans,NTR-0025,,False,"Kikuyu, Waiyaki Way,Westlands,Tom Mboya,Thika road, Kasarani , Mwiki",HANNOVER SWIFT TRANS LIMITED
NTSA/RSN-02052,Hannover Swift Trans,NTR-00749,,False,"Kikuyu, Waiyaki Way Westlands Tom Mboya Thika Rd Kasarani Mwiki Komarock |Kangundo Rd Ruai Outering Rd Donholm Juja Rd GPO Kabiria Dagoreti Kamangu Limuru Kiambu Ruiru Thika, Makongeni",HANNOVER SWIFT TRANS LIMITED
NTSA/RSN-02052,Hannover Swift Trans,ADR-BQ9SMWB,,False,"Kikuyu, Waiyaki way Westlands Tom Mboya Thika rd Kasarani Mwiki Komarocks Kangundo rd Outering rd Juja rd, Tom mboya, Thika(Makongeni)",HANNOVER SWIFT TRANS LIMITED
NTSA/RSN-02052,Hannover Swift Trans,,,False,"Thika(Makongeni) - Ruiru,Mwiki,Ruai,Utawala,Donholm,Bus station,Gpo,Westlands,Dagoretti,Kabiria,Kikuyu,Kamangu,Limuru - Kiambu and back",HANNOVER SWIFT TRANS LIMITED
NTSA/RSN-0165,Highrise Kibera,NTR-00202110191626020,,False,"Bus Station, enterprise rd via lusaka langata rd highrise upperhill memorial link rd KNH community valley rd soweto sunday studio silanga, yaya centre via ngong rd",HIGHRISE KIBERA SACCO
NTSA/RSN-0165,Highrise Kibera,ADR-9AKFJ77,,False,"bus station, nyayo, highrise, knh, kibera",HIGHRISE KIBERA SACCO
NTSA/RSN-0165,Highrise Kibera,ADR-DB3TYAM,,False,"bus station, kibera,nyayo, highrise, knh",HIGHRISE KIBERA SACCO
NTSA/RSN-0166,Highway,NTR-00796,,True,"nakuru, gilgil, naivasha",HIGHWAY TRAVELLERS LIMITED
NTSA/RSN-0166,Highway,ADR-A5ACLLW,,True,"nakuru, naivasha, gilgil",HIGHWAY TRAVELLERS LIMITED
NTSA/RSN-0169,Home,NTR-00471,,False,"Limuru, Ngecha, Uplands",HOME SACCO LIMITED
NTSA/RSN-0169,Home,NTR-00201807271239220,,False,"Wangige, Kikuyu Gachie Gathiga Ruaka Kiambu Ruiru, Kenol",HOME SACCO LIMITED
NTSA/RSN-0169,Home,NTR-00202001071446410,,False,"Khoja, Westlands Wangige Peponi Rd Ngecha Limuru Uplands Kikuyu Gachie Gathiga Ruaka Kiambu Ruiru, Kenol",HOME SACCO LIMITED
NTSA/RSN-0169,Home,ADR-MDMSQ73,,False,"khoja, westlands,wangige,ngecha, peponi rd",HOME SACCO LIMITED
NTSA/RSN-0169,Home,ADR-YM3S6DR,,False,"khoja, westlands, wangige",HOME SACCO LIMITED
NTSA/RSN-0169,Home,ADR-8LMSEZM,,False,"odeon, thome, thika road",HOME SACCO LIMITED
NTSA/RSN-0169,Home,ADR-ZZJSQAV,,False,"khoja, wangige, westlands",HOME SACCO LIMITED
NTSA/RSN-0169,Home,ADR-LZRSWMO,,False,"khoja, peponi rd,westlands,wangige, ngecha",HOME SACCO LIMITED
NTSA/RSN-0172,Huruma Mini-bus,NTR-00202012151628260,,True,"City cabanas via outering rd, Kangundo rd Thika rd Mombasa rd, Eastleigh",HURUMA MINI-BUS SACCO LTD
NTSA/RSN-0172,Huruma Mini-bus,ADR-REOSZB2,,False,"huruma, pangani,kariokor, tusker",HURUMA MINI-BUS SACCO LTD
NTSA/RSN-0172,Huruma Mini-bus,ADR-MDMSJOW,,False,"huruma, tusker,pangani, kariokor",HURUMA MINI-BUS SACCO LTD
NTSA/RSN-0172,Huruma Mini-bus,,,True,"Huruma - Pangani,Muranga rd,Ngara,Thika rd,Kariokor,Gikomba,Jogoo rd,Likoni rd,Eastleigh,Outering rd,Kangundo rd,Mombasa rd - Tusker and back",HURUMA MINI-BUS SACCO LTD
NTSA/RSN-0174,Inagi,NTR-00202003111620510,,True,"Githunguri, NairobiMachakos via outering rd, Kitui",Inagi Travellers Sacco
NTSA/RSN-0174,Inagi,NTR-00385,,True,"githunguri, nairobi, nakuru",Inagi Travellers Sacco
NTSA/RSN-0174,Inagi,ADR-A5ACPED,,True,"Githunguri, NairobiMachakos, Kitui",Inagi Travellers Sacco
NTSA/RSN-0174,Inagi,ADR-9AKF2VP,,True,"githunguri, nakuru, nairobi",Inagi Travellers Sacco
NTSA/RSN-0176,Indima (nje),NTR-00487,,True,"Bus station, Mombasa roadLusaka road Industrial AreaKwa Njenga Outering rd Kangundo rd Ruai, Kamulu",INDIMA (NJE) SACCO
NTSA/RSN-0176,Indima (nje),NTR-00563,,False,"bus station, lusaka road,enterprise road,industrial area,general motors, mukuru kwa njenga",INDIMA (NJE) SACCO
NTSA/RSN-0176,Indima (nje),NTR-0017,,True,"Bus station, muthurwa mombasa rd lusaka rd industrial area enterprise rd likoni rd imara daima kwa njenga jogoo rd outering rd kangundo rd ruai kamulu eastern bypass, alsops",INDIMA (NJE) SACCO
NTSA/RSN-0176,Indima (nje),NTR-00202203171440590,,True,"Bus Station, Mombasa Rd Syokimau Athi River, Kitengela",INDIMA (NJE) SACCO
NTSA/RSN-0176,Indima (nje),NTR-00564,,True,"muthurwa, enterprise road,industrial area,general motors,mombasa road, mukuru kwa njenga",INDIMA (NJE) SACCO
NTSA/RSN-0176,Indima (nje),ADR-JY7SQRO,,True,"Bus station, muthurwa mombasa rd lusaka rd industrial area enterprise rd likoni rd imara daima kwa njenga jogoo rd outering rd kangundo rdruai eastern bypass, alsops",INDIMA (NJE) SACCO
NTSA/RSN-0176,Indima (nje),ADR-POKSMZB,,False,"bus station, mukuru kwa njenga, lusaka road,enterprise road,industrial area, general motors",INDIMA (NJE) SACCO
NTSA/RSN-0176,Indima (nje),ADR-VYASVJR,,True,"bus station, mombasa road, lusaka road, industrial area, kwa njenga",INDIMA (NJE) SACCO
NTSA/RSN-0176,Indima (nje),ADR-Q5LCYA7,,True,"muthurwa, lusaka road, industrial area, enterprise road, hillocks, mombasa road, kwa njenga",INDIMA (NJE) SACCO
NTSA/RSN-0176,Indima (nje),ADR-EPJSA6V,,False,"muthurwa, jogoo road,likoni road, industrial area",INDIMA (NJE) SACCO
NTSA/RSN-0176,Indima (nje),ADR-2DVSZ6L,,False,"muthurwa, kwa njenga,enterprise road, lusaka road",INDIMA (NJE) SACCO
NTSA/RSN-0176,Indima (nje),ADR-K9BFEO7,,False,"bus station, kwa njenga,lusaka road, industrial area, general motors",INDIMA (NJE) SACCO
NTSA/RSN-0176,Indima (nje),ADR-7WRS7WJ,,False,"bus station, mukuru kwa njenga,lusaka road,enterprise road,industrial area, general motors",INDIMA (NJE) SACCO
NTSA/RSN-0176,Indima (nje),ADR-BQ9S7E2,,True,"muthurwa, kwa njenga,lusaka road, industrial area, enterprise road, hillocks, mombasa road",INDIMA (NJE) SACCO
NTSA/RSN-0176,Indima (nje),ADR-REOS8MY,,True,"muthurwa, mukuru kwa njenga,enterprise road,industrial area,general motors, mombasa road",INDIMA (NJE) SACCO
NTSA/RSN-0176,Indima (nje),ADR-MDMSK8K,,True,"bus station, kwa njenga ,mombasa road, lusaka road, industrial area",INDIMA (NJE) SACCO
NTSA/RSN-0176,Indima (nje),,,True,"Bus station - Muthurwa,Mombasa rd,Lusaka rd,Industrial area,Entreprise rd,Likoni rd,Imara daima,Kwa njenga,Jogoo rd,Outering rd,Kangundo rd,Ruai,Kamulu,Eastern Bypass,Alsops,Syokimau,Athi river - Kitengela and back- Bus station - Muthurwa,Mombasa rd,Lusaka rd,Industrial area,Entreprise rd,Likoni rd,Imara daima,Kwa njenga,Jogoo rd,Outering rd,Kangundo rd,Ruai,Kamulu,Eastern Bypass,Alsops,Syokimau,Athi river - Kitengela and back - Bus station - Muthurwa,Mombasa rd,Lusaka rd,Industrial area,Entreprise rd,Likoni rd,Imara daima,Kwa njenga,Jogoo rd,Outering rd,Kangundo rd,Ruai,Kamulu,Eastern Bypass,Alsops,Syokimau,Athi river - Kitengela and back",INDIMA (NJE) SACCO
NTSA/RSN-01742,Indo Star,ADR-BQ9S58K,,True,"Muthurwa, Industrial AreaImara Njenga Likoni Road Lungalunga rdFirst Avenue Jogoo rd Outering rd Eastern bypass Mombasa rd, Mlolongo",INDO STAR SACCO
NTSA/RSN-01742,Indo Star,ADR-REOSR55,,True,"Muthurwa, Industrial Area Imara Njenga Likoni Road Lungalunga rd First Avenue Jogoo rd Outering rd Kangundo rdEastern bypass Mombasa rd, Mlolongo",INDO STAR SACCO
NTSA/RSN-01742,Indo Star,ADR-MDMSQ2P,,True,"Muthurwa, Industrial Area Imara Njenga Likoni Road Lungalunga rd First Avenue Jogoo rd Outering rd Kangundo rd kayole spine rd manyanja rd Eastern bypass langata rd bomas Mombasa rd, Mlolongo",INDO STAR SACCO
NTSA/RSN-01742,Indo Star,ADR-YM3S6Y3,,True,"muthurwa, industrial area, likoni road, mombasa raod, jogoo road, mlolongo",INDO STAR SACCO
NTSA/RSN-5041,Integrity Intercity,NTR-00201911081554190,,False,"Khoja, Thika rd outering rd Ngumba eastern bypass juja farm Forest roadMuseum roadWaiyaki wayKinoo kikuyu wangige ndenderu rironi, Limuru",INTEGRITY INTERCITY LIMITED
NTSA/RSN-5041,Integrity Intercity,NTR-00725,,False,"khoja, thika road, ngumba",INTEGRITY INTERCITY LIMITED
NTSA/RSN-5041,Integrity Intercity,ADR-MDMSZLA,,False,"Khoja, Thika rd,Ngumba,Forest road,Museum road,Waiyaki way,Kinoo, Rironi",INTEGRITY INTERCITY LIMITED
NTSA/RSN-0177,Inter Counties,NTR-00202104150815260,,True,"Muthurwa, jogoo rd likoni rd lungalunga donholm mombasa rd Cabanas Eastern bypass Ruai, Alsops",INTER COUNTIES TRAVELLERS SACCO
NTSA/RSN-0177,Inter Counties,ADR-K9BFYJY,,False,"muthurwa, jogoo road,likoni road,lungalunga, donholm",INTER COUNTIES TRAVELLERS SACCO
NTSA/RSN-0177,Inter Counties,ADR-7WRSRBO,,False,"muthurwa, donholm,jogoo road,likoni road, lungalunga",INTER COUNTIES TRAVELLERS SACCO
NTSA/RSN-0715,Inter-county,NTR-00231,,False,"nairobi, thika, kangari",INTER-COUNTY TRAVELLERS SACCO
NTSA/RSN-0715,Inter-county,ADR-VYASZ35,,False,"nairobi, kangari, thika",INTER-COUNTY TRAVELLERS SACCO
NTSA/RSN-0181,Iska Investments Company,NTR-00202107221159520,,False,"Commercial, Ronald ngala Zimmermankiambugithuraikahawa westoutering roadnorthern bypasseastern bypassruiruthika, Makongeni",ISKA INVESTMENTS COMPANY LTD.
NTSA/RSN-0181,Iska Investments Company,NTR-00579,,False,"nairobi, thika road, thika",ISKA INVESTMENTS COMPANY LTD.
NTSA/RSN-0181,Iska Investments Company,ADR-K9BFVB2,,False,"nairobi, thika, thika road",ISKA INVESTMENTS COMPANY LTD.
NTSA/RSN-0181,Iska Investments Company,ADR-7WRSZ23,,False,"nairobi, thika, ruiru",ISKA INVESTMENTS COMPANY LTD.
NTSA/RSN-0181,Iska Investments Company,,,False,"Nairobi - Mathare North,Thika rd - Thika and back- Nairobi - Mathare North,Thika rd - Thika and back - Nairobi - Mathare North,Thika rd - Thika and back",ISKA INVESTMENTS COMPANY LTD.
NTSA/RSN-0183,Ithanga,NTR-00565,,False,"ithanga, thika, nairobi",ITHANGA TRAVELLERS SACCO
NTSA/RSN-0183,Ithanga,ADR-LZRSYQL,,False,"ithanga, nairobi, thika",ITHANGA TRAVELLERS SACCO
NTSA/RSN-0184,Jesmat Co-oprative,NTR-00202102021255020,,False,"Mfangano street, Kariokor Gikomba Ngara fig Juja rd Eastleigh Kiambiu Thika rd Mathare North Outering rd Eastern bypass, Kangundo rd",JESMAT TRAVELLERS CO-OPRATIVE
NTSA/RSN-0184,Jesmat Co-oprative,ADR-EPJSE9J,,False,"mfangano street, gikomba, majengo",JESMAT TRAVELLERS CO-OPRATIVE
NTSA/RSN-0184,Jesmat Co-oprative,ADR-2DVSRY2,,False,"mfangano street, highrise,gikomba, majengo",JESMAT TRAVELLERS CO-OPRATIVE
NTSA/RSN-0184,Jesmat Co-oprative,ADR-K9BF6KW,,False,"mfangano street, gikomba,majengo, highrise",JESMAT TRAVELLERS CO-OPRATIVE
NTSA/RSN-0184,Jesmat Co-oprative,ADR-7WRS9L5,,False,"mfangano, eastleigh section 3, luthuli avenue",JESMAT TRAVELLERS CO-OPRATIVE
NTSA/RSN-0185,Jonsaga Flats,ADR-7WRS29M,,False,"Ronald Ngala, NgaraJujardHuruma Round aboutOutering rdKangundo rd, Ruai",JONSAGA FLATS SACCO
NTSA/RSN-0185,Jonsaga Flats,NTR-00202104161338180,,True,"Mowlem, Kariokor Gikomba cabanas Mombasa Rd athi River thika rd forest rd, Limuru rd",JONSAGA FLATS SACCO
NTSA/RSN-0185,Jonsaga Flats,NTR-00202002071549350,,True,"Ronald Ngala, Ngara Juja rd Huruma Round about Outering rd Kangundo rd Ruai Mowlem Kariokor Gikomba Cabanas Mombasa rd Athi river Forest rd Thika rd, Limuru",JONSAGA FLATS SACCO
NTSA/RSN-0185,Jonsaga Flats,ADR-BQ9SZQB,,True,"Ronald Ngala, Ngara Juja Rd Huruma Round About Outering Rd Kangundo Rd Ruai Utawala Cabanas Mombasa Rd, Athi River",JONSAGA FLATS SACCO
NTSA/RSN-0185,Jonsaga Flats,ADR-REOSOZM,,False,"Ronald Ngala, Race Course Rd Ngara Forest Rd Ojijo Rd Parklands via Westlands Limuru Rd Thika Rd Githurai, Juja Town",JONSAGA FLATS SACCO
NTSA/RSN-0185,Jonsaga Flats,ADR-MDMSMJL,,False,"huruma, juja road, ngara, ronald ngara",JONSAGA FLATS SACCO
NTSA/RSN-0185,Jonsaga Flats,ADR-YM3SLEW,,False,"huruma, juja,ngara, ronald ngala",JONSAGA FLATS SACCO
NTSA/RSN-0185,Jonsaga Flats,ADR-YM3SLVL,,False,"huruma, ronald ngala,juja, ngara",JONSAGA FLATS SACCO
NTSA/RSN-0185,Jonsaga Flats,ADR-ZZJSZ2O,,False,"huruma, ronald ngara,juja road, ngara",JONSAGA FLATS SACCO
NTSA/RSN-2074,Juja Athi,NTR-00201906201608210,,False,"juja, juja farm, athi",JUJA ATHI TRAVELLERS SACCO.
NTSA/RSN-2074,Juja Athi,ADR-DB3T5EP,,False,"athi, makongeni thika ruiru juja juja farm gatundu, muranga",JUJA ATHI TRAVELLERS SACCO.
NTSA/RSN-2074,Juja Athi,ADR-3ZQS3EE,,False,"athi, makongeni thika ruiru juja juja farm gatundu, muranga",JUJA ATHI TRAVELLERS SACCO.
NTSA/RSN/6973,Jupiterline Investments Capital,NTR-00477,,False,"nairobi, thika road, ruiru",JUPITERLINE INVESTMENTS CAPITAL LIMITED
NTSA/RSN/6973,Jupiterline Investments Capital,NTR-00201906141322300,,False,"ngara, thika road, nanyuki",JUPITERLINE INVESTMENTS CAPITAL LIMITED
NTSA/RSN/6973,Jupiterline Investments Capital,ADR-Q5LCBAQ,,False,"ngara, thika rd, ruiru",JUPITERLINE INVESTMENTS CAPITAL LIMITED
NTSA/RSN-01730,Kadana,NTR-00202012111036520,,False,"Railways, Ngong rd Kawangware Kabiria Waithaka Dagoretti market Karen Ngong Kikuyu Lusigetti, Kamangu",KADANA TRAVELLERS SAVINGS AND CREDIT CO-OPERATIVE SOCIETY LIMITED
NTSA/RSN-01730,Kadana,NTR-00202012111031250,,False,"Kamangu, Kikuyu Waithaka Kawangware Kabiria Dagoretti market Karen, Ngong",KADANA TRAVELLERS SAVINGS AND CREDIT CO-OPERATIVE SOCIETY LIMITED
NTSA/RSN-01730,Kadana,ADR-MDMSQK8,,False,"kikuyu, dagoreti, karen, ngong road, railways",KADANA TRAVELLERS SAVINGS AND CREDIT CO-OPERATIVE SOCIETY LIMITED
NTSA/RSN-01730,Kadana,ADR-YM3S6VM,,False,"kikuyu, dagoreti, karen, ngong road, railways",KADANA TRAVELLERS SAVINGS AND CREDIT CO-OPERATIVE SOCIETY LIMITED
NTSA/RSN-01730,Kadana,ADR-8LMSEYR,,False,"railways, ngong rd,kawangware,kabiria,waithaka,dagoretti,karen,kikuyu,lusingeti, kamangu",KADANA TRAVELLERS SAVINGS AND CREDIT CO-OPERATIVE SOCIETY LIMITED
NTSA/RSN-01730,Kadana,ADR-ZZJSQJP,,False,"knh, ngong road,karen,dagoretti, kikuyu",KADANA TRAVELLERS SAVINGS AND CREDIT CO-OPERATIVE SOCIETY LIMITED
NTSA/RSN-0193,Kaka,NTR-00201907241046260,,False,"KAGWE, NAIROBINAKURUNYAHURURUNANYUKI RUIRU, GITHUNGURI",KAKA TRAVELLERS SACCO LIMITED
NTSA/RSN-0193,Kaka,NTR-00498,,True,"Nairobi, Githunguri kagwe Ruiru maumau Rd Nakuru Nyahururu, Nanyuki",KAKA TRAVELLERS SACCO LIMITED
NTSA/RSN-0193,Kaka,NTR-00408,,True,"kagwe, nairobi, nakuru",KAKA TRAVELLERS SACCO LIMITED
NTSA/RSN-0193,Kaka,ADR-WZ9SEM3,,True,"kagwenairobinakuru ,, KAGWE - GITHUNGURI - NAIROBI,NAKURU,NYAHURURU,NANYUKI,MAKONGENI,RUIRU- KAGWE - GITHUNGURI - NAIROBI,NAKURU,NYAHURURU,NANYUKI,MAKONGENI,RUIRU - KAGWE - GITHUNGURI - NAIROBI,NAKURU,NYAHURURU,NANYUKI,MAKONGENI,RUIRU",KAKA TRAVELLERS SACCO LIMITED
NTSA/RSN-0197,KAM Transporters,NTR-00717,,True,"nairobi, kangundo, machakos",KAM TRANSPORTERS SACCO LTD
NTSA/RSN-0197,KAM Transporters,NTR-00202101251001560,,True,"Nairobi, Kithimani Matuu Kitui Mwingi Mutomo, Kangundo",KAM TRANSPORTERS SACCO LTD
NTSA/RSN-0197,KAM Transporters,NTR-00201903291451040,,True,"nairobi, kangundo,mwala,makutano, kitui",KAM TRANSPORTERS SACCO LTD
NTSA/RSN-0197,KAM Transporters,NTR-00201904081413120,,True,"nairobi, tala,kangundo,machakos, wote",KAM TRANSPORTERS SACCO LTD
NTSA/RSN-0197,KAM Transporters,ADR-7WRS79Z,,True,"Nairobi, Tala Donyo sabuk Matuu Mwala, Machakos",KAM TRANSPORTERS SACCO LTD
NTSA/RSN-0197,KAM Transporters,ADR-BQ9S7QZ,,True,"nairobi, tala,kangundo, machakos",KAM TRANSPORTERS SACCO LTD
NTSA/RSN-0197,KAM Transporters,ADR-REOS8ZR,,True,"nairobi, machakos, makueni, kitui, mutomo, kibwezi, ikutha, voi, mombasa",KAM TRANSPORTERS SACCO LTD
NTSA/RSN-0197,KAM Transporters,ADR-MDMSKJO,,True,"nairobi, machakos,makueni,kibwezi, mtitoandei",KAM TRANSPORTERS SACCO LTD
NTSA/RSN-0197,KAM Transporters,ADR-YM3SVB9,,True,"nairobi, machakos,tala, kangundo",KAM TRANSPORTERS SACCO LTD
NTSA/RSN-0197,KAM Transporters,ADR-8LMSJYZ,,True,"nairobi, mtitoandei,machakos,makueni, kibwezi",KAM TRANSPORTERS SACCO LTD
NTSA/RSN-0197,KAM Transporters,ADR-ZZJS9J5,,True,"nairobi, mombasa,machakos, makueni, kitui, mutomo, kibwezi, ikutha, voi",KAM TRANSPORTERS SACCO LTD
NTSA/RSN-0197,KAM Transporters,ADR-LZRSO7V,,True,"nairobi, machakos, kitui, mutomo, ikutha, kibwezi, mtito andei, mombasa",KAM TRANSPORTERS SACCO LTD
NTSA/RSN-0197,KAM Transporters,ADR-O68IVMW,,False,"nairobi, mtitoandei, wote",KAM TRANSPORTERS SACCO LTD
NTSA/RSN-0197,KAM Transporters,ADR-6DBSW9M,,True,"nairobi, mombasa, wote",KAM TRANSPORTERS SACCO LTD
NTSA/RSN-0197,KAM Transporters,ADR-WZ9SW3B,,True,"nairobi, machakos, wote, makindu, kitui, mutomo, kibwezi, mtito andei, ikutha, voi, mombasa",KAM TRANSPORTERS SACCO LTD
NTSA/RSN-0203,Kandara South (k.s.t),NTR-00231,,False,"nairobi, thika, kangari",KANDARA SOUTH TRAVELLERS SACCO (K.S.T)
NTSA/RSN-0203,Kandara South (k.s.t),NTR-00268,,False,"Nyahururu, Olkalou Engineer Njambini Maumau Rd Nyoka Rd, Muranga",KANDARA SOUTH TRAVELLERS SACCO (K.S.T)
NTSA/RSN-0203,Kandara South (k.s.t),NTR-00202202281223180,,False,"Nairobi, Thika KihumbuiniGitiri kangari Muranga Nyoka Rd Mau Mau Rd Njambini Engineer, Olkalou",KANDARA SOUTH TRAVELLERS SACCO (K.S.T)
NTSA/RSN-0203,Kandara South (k.s.t),ADR-6DBS8QA,,False,"thika, kiunyu, kihumbuini",KANDARA SOUTH TRAVELLERS SACCO (K.S.T)
NTSA/RSN-0203,Kandara South (k.s.t),ADR-WZ9SLAA,,False,"nairobi, kangari, thika",KANDARA SOUTH TRAVELLERS SACCO (K.S.T)
NTSA/RSN-0208,Kangemi,NTR-00201910041038480,87,False,"odeon, westlands,kangemi,stage 87,muhuri rd,dagoretti market junction,thogoto,kamangu,thigio,kmandura,rironi,kiambaa, kinoo 87",KANGEMI MATATU OWNERS SACCO
NTSA/RSN-0208,Kangemi,NTR-00202009041256260,87,False,"Odeon, WestlandsKangemiUthiruStage 87Muhuri RdDagoretti Market JunctionThogotoKamanguThigioKamanduraLimuruRironiKiambaa, Kinoo 87",KANGEMI MATATU OWNERS SACCO
NTSA/RSN-0208,Kangemi,NTR-0078,,False,"odeon, westlands, kangemi",KANGEMI MATATU OWNERS SACCO
NTSA/RSN-0208,Kangemi,ADR-K9BF6AW,,False,"odeon, westlands, kangemi",KANGEMI MATATU OWNERS SACCO
NTSA/RSN-0208,Kangemi,ADR-7WRS9Q5,,False,"odeon, kangemi, stage87, muhuri road, dagoretti market junction",KANGEMI MATATU OWNERS SACCO
NTSA/RSN-0208,Kangemi,ADR-BQ9SQK6,,False,"odeon, kangemi, westlands",KANGEMI MATATU OWNERS SACCO
NTSA/RSN-0208,Kangemi,ADR-REOSZDE,87,False,"busstation, Jogoo rd,kangundo rd, ruai, joska, malaa, tala, Thika, kiskioni, donyosabuku, kilimambogo, Makongeni,Thika Twn, Thika Rd, Odeon, Westland, Kangemi, Uthiru, Stage87, Muhurird, Dagoretti Market,Thogoto, Kamangu, Thigio, Kamandura, Limuru, Rironi, Kiambaa, Kikuyu, Kinoo 87",KANGEMI MATATU OWNERS SACCO
NTSA/RSN-0209,Kani Transport,NTR-0047,,False,"kayole, jogoo road,muthurwa, otc",KANI TRANSPORT SAVINGS AND CREDIT CO-OPERATIVE SOCIETY LIMITED
NTSA/RSN-0209,Kani Transport,NTR-00202211011230330,,False,"Bus Station, Muthurwa Jogoo Rd Kayole Eastern Bypass Kangundo Rd Donholm Utawala City Cabanas, Joska",KANI TRANSPORT SAVINGS AND CREDIT CO-OPERATIVE SOCIETY LIMITED
NTSA/RSN-0209,Kani Transport,ADR-K9BF6YK,,False,"Bus station, Muthurwa, Jogoo road, Kayole, Eastern bypass, Utawala, City cabanas",KANI TRANSPORT SAVINGS AND CREDIT CO-OPERATIVE SOCIETY LIMITED
NTSA/RSN-0209,Kani Transport,ADR-7WRS9RE,,False,"bus station, muthurwa, jogoo road, kayole, eastern bypass, utawala",KANI TRANSPORT SAVINGS AND CREDIT CO-OPERATIVE SOCIETY LIMITED
NTSA/RSN-0209,Kani Transport,ADR-BQ9SQ29,,False,"bus station, jogoo road, kayole, utawala",KANI TRANSPORT SAVINGS AND CREDIT CO-OPERATIVE SOCIETY LIMITED
NTSA/RSN-0209,Kani Transport,ADR-REOSZQW,,False,"muthurwa, utawala,jogoo road, kayole",KANI TRANSPORT SAVINGS AND CREDIT CO-OPERATIVE SOCIETY LIMITED
NTSA/RSN-0209,Kani Transport,ADR-MDMSJZD,,False,"bus station, utawala,jogoo road, kayole",KANI TRANSPORT SAVINGS AND CREDIT CO-OPERATIVE SOCIETY LIMITED
NTSA/RSN-0209,Kani Transport,ADR-YM3SB8O,,False,"kayole, jogoo road, otc",KANI TRANSPORT SAVINGS AND CREDIT CO-OPERATIVE SOCIETY LIMITED
NTSA/RSN-0209,Kani Transport,ADR-8LMSYMB,,False,"kayole, otc,jogoo road, muthurwa",KANI TRANSPORT SAVINGS AND CREDIT CO-OPERATIVE SOCIETY LIMITED
NTSA/RSN-0215,Kariobangi,NTR-00202101251614210,,False,"Kariobangi, Juja rd Gikomba Kariokor Ronald ngala Commercial Thika rd Alsops Outering rd, Kariobangi south",KARIOBANGI MATATU OWNERS SAVINGS AND CREDIT CO-OPERATIVE SOCIETY LIMITED
NTSA/RSN-0215,Kariobangi,NTR-00349,,False,"ronald ngara, thika road,alsolps, kariobangi",KARIOBANGI MATATU OWNERS SAVINGS AND CREDIT CO-OPERATIVE SOCIETY LIMITED
NTSA/RSN-0215,Kariobangi,NTR-00348,,False,"ronald ngara, juja road, kariobangi",KARIOBANGI MATATU OWNERS SAVINGS AND CREDIT CO-OPERATIVE SOCIETY LIMITED
NTSA/RSN-0215,Kariobangi,ADR-WZ9SWPQ,,True,"Kamulu, Kangundo rd Eastern bypass Mombasa rd Likoni rd Lungalunga rd Outering rd Kariobangi North Lucky Summer Baba dogo Kariobangi South Juja rd Easthleigh 1st avenueJogoo rd Gikomba Kariokor Ronald NgalaCommercial Globe round aboutWestlands Forest rd Thika rd Juja, Thika(Makongeni)",KARIOBANGI MATATU OWNERS SAVINGS AND CREDIT CO-OPERATIVE SOCIETY LIMITED
NTSA/RSN-0215,Kariobangi,ADR-537H69Q,,True,"Kamulu, Kangundo rd Eastern bypass Mombasa rd Enterprise rd Likoni rd Lungalunga rd Outering rd Kariobangi North Lucky Summer Baba dogo Kariobangi South Juja rd Easthleigh 1st avenueJogoo rd Gikomba Kariokor Ronald NgalaCommercial Globe round aboutWestlands Forest rd Thika rd Juja, Thika(Makongeni)",KARIOBANGI MATATU OWNERS SAVINGS AND CREDIT CO-OPERATIVE SOCIETY LIMITED
NTSA/RSN-0215,Kariobangi,ADR-A5ACLOL,,False,"gikomba, juja road, kariobangi",KARIOBANGI MATATU OWNERS SAVINGS AND CREDIT CO-OPERATIVE SOCIETY LIMITED
NTSA/RSN-0215,Kariobangi,ADR-9AKFA9J,,False,"kariobangi south, outering road, thika road, gikomba, commercial",KARIOBANGI MATATU OWNERS SAVINGS AND CREDIT CO-OPERATIVE SOCIETY LIMITED
NTSA/RSN-0215,Kariobangi,ADR-DB3TBZ3,,False,"ronald ngara, kariobangi, thika road",KARIOBANGI MATATU OWNERS SAVINGS AND CREDIT CO-OPERATIVE SOCIETY LIMITED
NTSA/RSN-0215,Kariobangi,ADR-3ZQSLM2,,False,"ronald ngara, kariobangi, juja road",KARIOBANGI MATATU OWNERS SAVINGS AND CREDIT CO-OPERATIVE SOCIETY LIMITED
NTSA/RSN-0215,Kariobangi,ADR-JY7SQ6E,,False,"kariobagi, juja road, eastleigh, gikomba",KARIOBANGI MATATU OWNERS SAVINGS AND CREDIT CO-OPERATIVE SOCIETY LIMITED
NTSA/RSN-0215,Kariobangi,ADR-POKSME5,,False,"gikomba, kariobangi, juja road",KARIOBANGI MATATU OWNERS SAVINGS AND CREDIT CO-OPERATIVE SOCIETY LIMITED
NTSA/RSN-0215,Kariobangi,ADR-VYASVEO,,False,"ronald ngara, kariobangi,thika road, alsolps",KARIOBANGI MATATU OWNERS SAVINGS AND CREDIT CO-OPERATIVE SOCIETY LIMITED
NTSA/RSN-0215,Kariobangi,ADR-Q5LCYZZ,,False,"kariobangi, thika road, commercial",KARIOBANGI MATATU OWNERS SAVINGS AND CREDIT CO-OPERATIVE SOCIETY LIMITED
NTSA/RSN-0215,Kariobangi,ADR-EPJSABK,,False,"kariobangi south, juja road, kariokor, ronald ngara",KARIOBANGI MATATU OWNERS SAVINGS AND CREDIT CO-OPERATIVE SOCIETY LIMITED
NTSA/RSN-0217,Karuri Commuters Services Savings AND Credit Co-opertaive Society,NTR-00202009081636350,,False,"Kiserian, Ngong Dagoretti Wangige Khoja Thika Gatuanyaga Ruiru Kiambu, Limuru",KARURI COMMUTERS SERVICES SAVINGS AND CREDIT CO-OPERTAIVE SOCIETY LIMITED
NTSA/RSN-0217,Karuri Commuters Services Savings AND Credit Co-opertaive Society,NTR-00201910041052400,,False,"Khoja, BananaLimuruKiambuTatucityNorthern bypassRuiruThika, Gatuanyaga",KARURI COMMUTERS SERVICES SAVINGS AND CREDIT CO-OPERTAIVE SOCIETY LIMITED
NTSA/RSN-0217,Karuri Commuters Services Savings AND Credit Co-opertaive Society,NTR-00202105031016150,,True,"Kiserian, Ngong Dagoretti Kikuyu Wangige ABC Drive Khoja Limuru Kijabe Naivasha Kiambu Ruiru Thika, Gatuanya",KARURI COMMUTERS SERVICES SAVINGS AND CREDIT CO-OPERTAIVE SOCIETY LIMITED
NTSA/RSN-0217,Karuri Commuters Services Savings AND Credit Co-opertaive Society,NTR-00340,,False,"khoja, banana, limuru",KARURI COMMUTERS SERVICES SAVINGS AND CREDIT CO-OPERTAIVE SOCIETY LIMITED
NTSA/RSN-0217,Karuri Commuters Services Savings AND Credit Co-opertaive Society,NTR-00201812181042570,,False,"khoja, limuru,banana,kiambu,tatu city, ruiru",KARURI COMMUTERS SERVICES SAVINGS AND CREDIT CO-OPERTAIVE SOCIETY LIMITED
NTSA/RSN-0217,Karuri Commuters Services Savings AND Credit Co-opertaive Society,ADR-7WRSZYL,,False,"Khoja, Thika, Gatuanyaga",KARURI COMMUTERS SERVICES SAVINGS AND CREDIT CO-OPERTAIVE SOCIETY LIMITED
NTSA/RSN-0217,Karuri Commuters Services Savings AND Credit Co-opertaive Society,ADR-BQ9S3WL,,True,"Kiserian, NgongkawangwareDagorettikikuyuwangigeABC drivewestlands Parklands Highridge Khojalimuru suswaKijabeNaivashaNorthern bypasseastern bypasskiambu roadkiamburuiruthikagatuanyagarailwaysathiriver, Machakos",KARURI COMMUTERS SERVICES SAVINGS AND CREDIT CO-OPERTAIVE SOCIETY LIMITED
NTSA/RSN-0217,Karuri Commuters Services Savings AND Credit Co-opertaive Society,ADR-REOSL7A,,True,"banana, railways,athi river, machakos",KARURI COMMUTERS SERVICES SAVINGS AND CREDIT CO-OPERTAIVE SOCIETY LIMITED
NTSA/RSN-0217,Karuri Commuters Services Savings AND Credit Co-opertaive Society,ADR-MDMSADY,,False,"khoja, limuru, banana",KARURI COMMUTERS SERVICES SAVINGS AND CREDIT CO-OPERTAIVE SOCIETY LIMITED
NTSA/RSN-0217,Karuri Commuters Services Savings AND Credit Co-opertaive Society,ADR-YM3SEKK,,True,"banana, machakos,railways, athi river",KARURI COMMUTERS SERVICES SAVINGS AND CREDIT CO-OPERTAIVE SOCIETY LIMITED
NTSA/RSN-0217,Karuri Commuters Services Savings AND Credit Co-opertaive Society,ADR-8LMSV8D,,False,"nairobi, limuru,kiambu, banana",KARURI COMMUTERS SERVICES SAVINGS AND CREDIT CO-OPERTAIVE SOCIETY LIMITED
NTSA/RSN-0217,Karuri Commuters Services Savings AND Credit Co-opertaive Society,ADR-ZZJS2MK,,False,"khoja, banana,limuru,kiambu,tatucity,ruiru,thika, gatuanyaga",KARURI COMMUTERS SERVICES SAVINGS AND CREDIT CO-OPERTAIVE SOCIETY LIMITED
NTSA/RSN-0217,Karuri Commuters Services Savings AND Credit Co-opertaive Society,,,True,"Kiserian - Ngong,Kawangware,Dagoretti,Ndeyia,Gachie,Kikuyu,Wangige,ABC drive,Red hill,Westlands,Parklands,Highridge,Khoja,Limuru,Suswa,Kijabe,Naivasha,Northern bypass,Eastern bypass,Kiambu road,Kiambu,Ruiru,Thika,Gatuanyaga,Railways,Athi river - Machakos and back- Kiserian - Ngong,Kawangware,Dagoretti,Ndeyia,Gachie,Kikuyu,Wangige,ABC drive,Red hill,Westlands,Parklands,Highridge,Khoja,Limuru,Suswa,Kijabe,Naivasha,Northern bypass,Eastern bypass,Kiambu road,Kiambu,Ruiru,Thika,Gatuanyaga,Railways,Athi river - Machakos and back - Kiserian - Ngong,Kawangware,Dagoretti,Ndeyia,Gachie,Kikuyu,Wangige,ABC drive,Red hill,Westlands,Parklands,Highridge,Khoja,Limuru,Suswa,Kijabe,Naivasha,Northern bypass,Eastern bypass,Kiambu road,Kiambu,Ruiru,Thika,Gatuanyaga,Railways,Athi river - Machakos and back",KARURI COMMUTERS SERVICES SAVINGS AND CREDIT CO-OPERTAIVE SOCIETY LIMITED
NTSA/RSN-0223,Kawangware Matatu,NTR-0042,,False,"railways, yaya, kawangware",KAWANGWARE MATATU SAVINGS AND CREDIT CO-OPERATIVE SOCIETY LIMITED
NTSA/RSN-0223,Kawangware Matatu,ADR-ZZJSJW2,,False,"railways, kawangware, yaya",KAWANGWARE MATATU SAVINGS AND CREDIT CO-OPERATIVE SOCIETY LIMITED
NTSA/RSN-0224,Kayo-line Group Company,NTR-00129,,False,"Mwiki, Kayole kangundo rd kamulu via ruai Utawala Mihango Cabanas Outering rd Kariobangi, Kasarani",kayo-line group company limited
NTSA/RSN-0224,Kayo-line Group Company,ADR-JY7SZKY,,False,"Mwiki, KayoleUtawala Mihango Cabanas Outering rd Kariobangi, Kasarani",kayo-line group company limited
NTSA/RSN-0224,Kayo-line Group Company,ADR-POKSY3L,,False,"mwiki, utawala, cabanas, outering road, kayole",kayo-line group company limited
NTSA/RSN-0224,Kayo-line Group Company,ADR-VYASWQB,,False,"mwiki, utawala, cabanas, kayole",kayo-line group company limited
NTSA/RSN-0224,Kayo-line Group Company,ADR-Q5LC893,,False,"mwiki, utawala, kayole",kayo-line group company limited
NTSA/RSN-0224,Kayo-line Group Company,ADR-EPJSEWO,,False,"kasarani, kayole, kariobangi",kayo-line group company limited
NTSA/RSN-0228,KBS,NTR-0020181211134410497,,False,"Bus station, Kencom,GPO,KNH,Adams arcade,Karen,Ngong,Matasia,Kiseriani,Rongai,Bomas,Langata road, Kiserian",KENYA BUS SERVICE MANAGEMENT LIMITED
NTSA/RSN-0228,KBS,NTR-001152,,False,"isinya, kitengela athi river syokimau jkia utawala ruai malaa kangundo rd kangundo umoja innercore outering rd dandora kariobangi huruma buruburu jogoo rdkencom rongai kiserian ngong hardy knh kibera kawangware kikuyu waiyaki way thika rd, thika",KENYA BUS SERVICE MANAGEMENT LIMITED
NTSA/RSN-0228,KBS,NTR-0020181211132633916,,False,"Karen, Dagoretti,Waithaka,Kawangware,Kibera,Knh,Bus Station,Njiru,Utawala,Ruai, Malaa",KENYA BUS SERVICE MANAGEMENT LIMITED
NTSA/RSN-0228,KBS,NTR-00487,,True,"Bus station, Mombasa roadLusaka road Industrial AreaKwa Njenga Outering rd Kangundo rd Ruai, Kamulu",KENYA BUS SERVICE MANAGEMENT LIMITED
NTSA/RSN-0228,KBS,NTR-0035,,True,"kikuyu, kawangware ngong rd yaya KNH ambassador langata rd lusaka rd jogoo rd JKIA utawala mombasa rd athi river kitengela, kajiado",KENYA BUS SERVICE MANAGEMENT LIMITED
NTSA/RSN-0228,KBS,NTR-00202108060801500,,True,"Bus Station, city stadium lusaka rd enterprise rd likoni rd jogoo rd kangundo rd via eastern bypass mombasa rd langata rd kungu karumba rd ngong rd karen dagoretti yaya centre limuru rd, Ruaka",KENYA BUS SERVICE MANAGEMENT LIMITED
NTSA/RSN-0228,KBS,NTR-006,,False,"JKIA, utawala, umoja, Umoja innercore, bururu, kencom, KNH, Ngumo, Kibera, Kawangware, satellite, Karen, Langata road, waiyaki way, Hardy",KENYA BUS SERVICE MANAGEMENT LIMITED
NTSA/RSN-0228,KBS,NTR-00201910231055390,,True,"kikuyu, kawangware ngong rd yaya knh ambasssador bus station lusaka rd outering rd jogoo rd jkia utawala mombasa rd athiriver kitengela, kajiado",KENYA BUS SERVICE MANAGEMENT LIMITED
NTSA/RSN-0228,KBS,NTR-001346,,False,"karen, kawangware,kibera,knh,utawala,ruai, malaa",KENYA BUS SERVICE MANAGEMENT LIMITED
NTSA/RSN-0228,KBS,NTR-0020181211134054530,,False,"kikuyu, kawangware,ngong road,yaya,icea,ambassadeur,bus station,jogoo road,kangundo road,utawala,ruai,joska, malaa",KENYA BUS SERVICE MANAGEMENT LIMITED
NTSA/RSN-0228,KBS,NTR-0013,,False,"karen, kawangware, kibera, knh, ngumo, bus station, buruburu, dandora",KENYA BUS SERVICE MANAGEMENT LIMITED
NTSA/RSN-0228,KBS,ADR-EPJSARP,,False,"JKIA, utawala, umoja, Umoja innercore, bururu, Lusaka road, Bunyala road, KNH, Ngumo, Kibera, Kawangware, satellite, Karen, Langata road, waiyaki way, Hardy",KENYA BUS SERVICE MANAGEMENT LIMITED
NTSA/RSN-0228,KBS,ADR-2DVSZDY,,False,"Bus station, Lusaka rd,Nyayo Stadium,Rongai,Kiserian,Ngong,Karen,Dagoretti Corner, Kenyatta Hospital",KENYA BUS SERVICE MANAGEMENT LIMITED
NTSA/RSN-0228,KBS,ADR-K9BFEZD,,False,"Bus station, Ngong road, kawagware, uthiruNgecha Nduma Kamangu Gikambura Muguga Zambezi, Kahuho",KENYA BUS SERVICE MANAGEMENT LIMITED
NTSA/RSN-0228,KBS,ADR-7WRS7O8,,True,"Isinya, Kitengela Athi river Syokimau SGR Mombasa rd JKIA Utawala Ruai Malaa Kantafu Kangundo rd Umoja Outering rd Juja rd Buruburu Jogoo rd South B Bus station Ambassador Kencom KNH Langata rd Ongata Rongai Kiserian Ngong Karen Hardy Kawangware Kikuyu Waiyaki way, Thika",KENYA BUS SERVICE MANAGEMENT LIMITED
NTSA/RSN-0228,KBS,ADR-BQ9S7MJ,,False,"jkia, hardy,utawala, umoja, bururu, kencom, knh, ngumo, kibera, kawangware, satellite, karen, langata road, waiyaki way",KENYA BUS SERVICE MANAGEMENT LIMITED
NTSA/RSN-0228,KBS,ADR-REOS8Y7,,True,"jkia, hardy,mombasa road, bus station, gpo, knh, ngumo, kibera, yaya, kawangware, satelite, jamuhuri, karen",KENYA BUS SERVICE MANAGEMENT LIMITED
NTSA/RSN-0228,KBS,ADR-MDMSKE3,,False,"karen, dandora,kawangware, kibera, knh, ngumo, bus station, buruburu",KENYA BUS SERVICE MANAGEMENT LIMITED
NTSA/RSN-0228,KBS,ADR-YM3SVJR,,False,"jkia, hardy, utawala, umoja, bururu, kencom, knh, ngumo, kibera, kawangware, satellite, karen, langata road, waiyaki way",KENYA BUS SERVICE MANAGEMENT LIMITED
NTSA/RSN-0228,KBS,ADR-8LMSJ5M,,False,"jkia, utawala, umoja, bururu, kencom, knh, ngumo, kibera, kawangware, satellite, karen, langata road, waiyaki way, hardy",KENYA BUS SERVICE MANAGEMENT LIMITED
NTSA/RSN-0228,KBS,ADR-ZZJS9VV,,False,"karen, kawangware, kibera, knh, ngumo, bus station, jkia, utawala",KENYA BUS SERVICE MANAGEMENT LIMITED
NTSA/RSN-0228,KBS,ADR-2DVSZDZ,,False,"karen, utawala,kawangware, kibera, knh, ngumo, bus station, jkia",KENYA BUS SERVICE MANAGEMENT LIMITED
NTSA/RSN-0228,KBS,ADR-K9BFEZ6,,False,"jkia, utawala, umoja, bururu, kencom, knh, ngumo, kibera, kawangware, satellite, karen, langata road, waiyaki way, hardy",KENYA BUS SERVICE MANAGEMENT LIMITED
NTSA/RSN-0231,Kiambu Marafiki,NTR-00202104150835020,,False,"Nairobi, Kiambu, Muranga",KIAMBU MARAFIKI SACCO LTD
NTSA/RSN-0231,Kiambu Marafiki,NTR-00202108021602280,,False,"githunguri, kiambu rwaka via westland nairobi, Muranga",KIAMBU MARAFIKI SACCO LTD
NTSA/RSN-0231,Kiambu Marafiki,NTR-00421,,False,"St Peters, Githunguri Kiambu. Ruaka via Westlands Ngara, Muranga",KIAMBU MARAFIKI SACCO LTD
NTSA/RSN-0231,Kiambu Marafiki,NTR-00201901180908040,,False,"ngara, kiambu, githunguri",KIAMBU MARAFIKI SACCO LTD
NTSA/RSN-0231,Kiambu Marafiki,ADR-REOSZZO,,False,"st peters, kiambu, githunguri",KIAMBU MARAFIKI SACCO LTD
NTSA/RSN-0231,Kiambu Marafiki,ADR-MDMSJJQ,,False,"st peters, githunguri, kiambu",KIAMBU MARAFIKI SACCO LTD
NTSA/RSN-2613,Kiambu United,ADR-VYASPAJ,,False,"riabai, kirigiti,kiambu, thindigua",KIAMBU UNITED TRAVELLERS SACCO LIMITED
NTSA/RSN-0233,Kibera Bureti,NTR-00260,,False,"Railways, KNH Yaya City stadium Ngara Muthurwa St Marys Kinoo Kikuyu Karen Lenana Racecourse Kawangware Westlands, Kibera",KIBERA BURETI SACCO
NTSA/RSN-0233,Kibera Bureti,NTR-00496,,False,"railways, knh,yaya, kibera",KIBERA BURETI SACCO
NTSA/RSN-0233,Kibera Bureti,NTR-00201901141201050,,False,"railways, knh,yaya,kibera,westlands, st marys",KIBERA BURETI SACCO
NTSA/RSN-0233,Kibera Bureti,NTR-00201901141202100,,False,"westlands, yaya,knh,kibera, st marys",KIBERA BURETI SACCO
NTSA/RSN-0233,Kibera Bureti,ADR-BQ9S7KD,,False,"railways, knh, kibera",KIBERA BURETI SACCO
NTSA/RSN-0233,Kibera Bureti,ADR-REOS8DV,,False,"railways, kibera,knh, yaya",KIBERA BURETI SACCO
NTSA/RSN-0233,Kibera Bureti,ADR-MDMSKW8,,False,"railways, kibera, ngong road",KIBERA BURETI SACCO
NTSA/RSN-0233,Kibera Bureti,ADR-YM3SVZM,,False,"railways, kibera, knh",KIBERA BURETI SACCO
NTSA/RSN-0233,Kibera Bureti,ADR-8LMSJQR,,False,"westlands, yaya,kibera, st marys",KIBERA BURETI SACCO
NTSA/RSN-0233,Kibera Bureti,ADR-ZZJS9OP,,False,"railways, ngong road, kibera",KIBERA BURETI SACCO
NTSA/RSN-0234,Kibera,NTR-00496,,False,"railways, knh,yaya, kibera",KIBERA MATATU OWNERS COOPERATIVE SAVINGS AND CREDIT SOCIETY LIMITED
NTSA/RSN-0234,Kibera,NTR-00699,,False,"Kibera, KNH Mbagathi Way Langata St Mary Kibera Ngong Rd Wanyee Rd, kabiria",KIBERA MATATU OWNERS COOPERATIVE SAVINGS AND CREDIT SOCIETY LIMITED
NTSA/RSN-0234,Kibera,NTR-00598,,False,"Kibera, Yaya Westlands St Marys, Langata",KIBERA MATATU OWNERS COOPERATIVE SAVINGS AND CREDIT SOCIETY LIMITED
NTSA/RSN-0234,Kibera,ADR-EPJSA7P,,False,"railways, ngong road, kibera",KIBERA MATATU OWNERS COOPERATIVE SAVINGS AND CREDIT SOCIETY LIMITED
NTSA/RSN-0234,Kibera,ADR-2DVSZPY,,False,"railways, kibera, knh",KIBERA MATATU OWNERS COOPERATIVE SAVINGS AND CREDIT SOCIETY LIMITED
NTSA/RSN-0234,Kibera,ADR-K9BFEYD,,False,"railways, knh, kibera",KIBERA MATATU OWNERS COOPERATIVE SAVINGS AND CREDIT SOCIETY LIMITED
NTSA/RSN-0234,Kibera,ADR-7WRS7R8,,False,"railways, kibera, ngong road",KIBERA MATATU OWNERS COOPERATIVE SAVINGS AND CREDIT SOCIETY LIMITED
NTSA/RSN-0234,Kibera,ADR-BQ9S72J,,False,"railways, kibera,knh, yaya",KIBERA MATATU OWNERS COOPERATIVE SAVINGS AND CREDIT SOCIETY LIMITED
NTSA/RSN-0236,Kidagi,NTR-00202009221217140,,False,"Kikuyu, Dagoretti Gikambura Ruthigiti Kamangu Limuru via, Muguga",KIDAGI SACCO
NTSA/RSN-0236,Kidagi,NTR-00202109171040330,,False,"Kikuyu, dagoretti gikamburaruthigiti kamangu limuru muguga karen dagoretti corner, Kawangware",KIDAGI SACCO
NTSA/RSN-0236,Kidagi,NTR-00539,,False,"kikuyu, dagoreti, gikambura",KIDAGI SACCO
NTSA/RSN-0236,Kidagi,ADR-7WRSZPL,,False,"kikuyu, gikambura, dagoreti",KIDAGI SACCO
NTSA/RSN-0244,Killeton Commuters Services Savings AND Credit Cooperative,NTR-00201910041157320,,False,"kibera(dc), via prestige,yaya,kileleshwa,lavington,westlands,kangemi,kikuyu,odeon,via limuru rd,ndenderu, karura",KILLETON COMMUTERS SERVICES SAVINGS AND CREDIT COOPERATIVE LTD
NTSA/RSN-0244,Killeton Commuters Services Savings AND Credit Cooperative,ADR-K9BF6QW,,False,"Ayany, olympic mashimoni kibera kabiria waithaka via ngong rd kawangware yaya kileleshwa lavington westlands kangemi kikuyu karura ndenderu odeon ngara thika rd kiambu rd ruiru via gitongoro limuru rd gacharage, gachie",KILLETON COMMUTERS SERVICES SAVINGS AND CREDIT COOPERATIVE LTD
NTSA/RSN-0244,Killeton Commuters Services Savings AND Credit Cooperative,ADR-7WRS9A5,,False,"odeon, yaya,westlands, lavington, kileleshwa",KILLETON COMMUTERS SERVICES SAVINGS AND CREDIT COOPERATIVE LTD
NTSA/RSN-0244,Killeton Commuters Services Savings AND Credit Cooperative,ADR-BQ9SQR6,,False,"odeon, highridge, pangani, ndenderu",KILLETON COMMUTERS SERVICES SAVINGS AND CREDIT COOPERATIVE LTD
NTSA/RSN-0244,Killeton Commuters Services Savings AND Credit Cooperative,ADR-REOSZ2E,,False,"odeon, westlands, lavington, kileleshwa, yaya",KILLETON COMMUTERS SERVICES SAVINGS AND CREDIT COOPERATIVE LTD
NTSA/RSN-0244,Killeton Commuters Services Savings AND Credit Cooperative,ADR-MDMSJ9R,,False,"odeon, westlands,lavington,kileleshwa,yaya,via prestige, kibera dc",KILLETON COMMUTERS SERVICES SAVINGS AND CREDIT COOPERATIVE LTD
NTSA/RSN-0244,Killeton Commuters Services Savings AND Credit Cooperative,ADR-YM3SBWQ,,False,"odeon, kileleshwa,kiberadclavington,westlands,kangemi, kikuyu",KILLETON COMMUTERS SERVICES SAVINGS AND CREDIT COOPERATIVE LTD
NTSA/RSN-0244,Killeton Commuters Services Savings AND Credit Cooperative,ADR-8LMSYRL,,False,"odeon, yaya,kileleshwa,kiberadc via prestigelavington,westlands,kangemi, kikuyu",KILLETON COMMUTERS SERVICES SAVINGS AND CREDIT COOPERATIVE LTD
NTSA/RSN-0247,Kimma,NTR-0056,,False,"Nairobi, Emali, Loitoktok",KIMMA SAVINGS AND CREDIT CO-OPERATIVE SOCIETY LIMITED
NTSA/RSN-0247,Kimma,NTR-00202012241413120,,True,"Nairobi, Kangundo rd kangundo athi river kitengela machakos masii tawa mbumbuni wote emali, Loitoktok",KIMMA SAVINGS AND CREDIT CO-OPERATIVE SOCIETY LIMITED
NTSA/RSN-0247,Kimma,NTR-001098,,True,"railways, athi river, kitengela, machakos",KIMMA SAVINGS AND CREDIT CO-OPERATIVE SOCIETY LIMITED
NTSA/RSN-0247,Kimma,NTR-001104,,True,"railways, kitengela, athi river, machakos",KIMMA SAVINGS AND CREDIT CO-OPERATIVE SOCIETY LIMITED
NTSA/RSN-0247,Kimma,ADR-9AKFAOJ,,True,"railways, athi river, kitengela, machakos",KIMMA SAVINGS AND CREDIT CO-OPERATIVE SOCIETY LIMITED
NTSA/RSN-0247,Kimma,ADR-DB3TBQ3,,True,"nairobi, athi river , kitengela, machakos",KIMMA SAVINGS AND CREDIT CO-OPERATIVE SOCIETY LIMITED
NTSA/RSN-0247,Kimma,ADR-3ZQSLO2,,True,"nairobi, kitengela, machakos, masii, tawa, mbumbuni",KIMMA SAVINGS AND CREDIT CO-OPERATIVE SOCIETY LIMITED
NTSA/RSN-0247,Kimma,ADR-JY7SQEE,,True,"railways, kitengela, athiriver, machakos",KIMMA SAVINGS AND CREDIT CO-OPERATIVE SOCIETY LIMITED
NTSA/RSN-0247,Kimma,ADR-POKSM75,,True,"railways, athiriver, kitengela, machakos",KIMMA SAVINGS AND CREDIT CO-OPERATIVE SOCIETY LIMITED
NTSA/RSN-0247,Kimma,ADR-VYASVZO,,True,"railways, machakos,athiriver, kitengela",KIMMA SAVINGS AND CREDIT CO-OPERATIVE SOCIETY LIMITED
NTSA/RSN-0247,Kimma,ADR-Q5LCYBZ,,False,"railways, kitengela, athi river",KIMMA SAVINGS AND CREDIT CO-OPERATIVE SOCIETY LIMITED
NTSA/RSN-0247,Kimma,ADR-EPJSAQK,,True,"railway, machakos, athi river",KIMMA SAVINGS AND CREDIT CO-OPERATIVE SOCIETY LIMITED
NTSA/RSN-0247,Kimma,ADR-2DVSZ2O,,True,"nairobi, machakos,athi river , kitengela",KIMMA SAVINGS AND CREDIT CO-OPERATIVE SOCIETY LIMITED
NTSA/RSN-0247,Kimma,ADR-K9BFELO,,True,"nairobi, kitengela, machakos",KIMMA SAVINGS AND CREDIT CO-OPERATIVE SOCIETY LIMITED
NTSA/RSN-0247,Kimma,ADR-7WRS7VB,,True,"nairobi, kitengela, machakos, Wote",KIMMA SAVINGS AND CREDIT CO-OPERATIVE SOCIETY LIMITED
NTSA/RSN-0247,Kimma,ADR-BQ9S7PR,,True,"railways, machakos, athiriverkitengela",KIMMA SAVINGS AND CREDIT CO-OPERATIVE SOCIETY LIMITED
NTSA/RSN-0247,Kimma,ADR-REOS8BD,,True,"railways, kitengela, athi/river, machakos",KIMMA SAVINGS AND CREDIT CO-OPERATIVE SOCIETY LIMITED
NTSA/RSN-0247,Kimma,ADR-MDMSKO2,,True,"nairobi, athi river, kitengela, machakos, masii, tawa, mbumbuni, wote",KIMMA SAVINGS AND CREDIT CO-OPERATIVE SOCIETY LIMITED
NTSA/RSN-0255,Kiragi,NTR-00496,,False,"railways, knh,yaya, kibera",KIRAGI TRAVELLERS SAVINGS AND CREDIT CO-OPERATIVE SOCIETY LIMITED
NTSA/RSN-0255,Kiragi,NTR-00201901141201050,,False,"railways, knh,yaya,kibera,westlands, st marys",KIRAGI TRAVELLERS SAVINGS AND CREDIT CO-OPERATIVE SOCIETY LIMITED
NTSA/RSN-0255,Kiragi,NTR-00202011171405560,,False,"Railways, KNH Yaya Ngong Karen Satelite Kibera westlands St Marys Gikomba Eastleigh Nyayo City Stadium, Mlolongo",KIRAGI TRAVELLERS SAVINGS AND CREDIT CO-OPERATIVE SOCIETY LIMITED
NTSA/RSN-0255,Kiragi,ADR-O68ILOR,,False,"railways, kibera, knh",KIRAGI TRAVELLERS SAVINGS AND CREDIT CO-OPERATIVE SOCIETY LIMITED
NTSA/RSN-0255,Kiragi,ADR-6DBSDBP,,False,"railways, kibera,knh, yaya",KIRAGI TRAVELLERS SAVINGS AND CREDIT CO-OPERATIVE SOCIETY LIMITED
NTSA/RSN-0255,Kiragi,ADR-WZ9S3Q6,,False,"railways, kibera, ngong road",KIRAGI TRAVELLERS SAVINGS AND CREDIT CO-OPERATIVE SOCIETY LIMITED
NTSA/RSN-0269,Kiwaliru,NTR-00202006121329170,,False,"Kikuyu, WangigeChuraKahuhoZambeziNderiNdumaLimuruKabukuNgecha, Ruku",KIWALIRU SAVINGS AND CREDIT CO-OPERATIVE SOCIETY LIMITED
NTSA/RSN-0269,Kiwaliru,NTR-00202102241508470,,False,"Kikuyu, wangige kanyariri ndumbuini kiambu, Limuru",KIWALIRU SAVINGS AND CREDIT CO-OPERATIVE SOCIETY LIMITED
NTSA/RSN-0269,Kiwaliru,NTR-00202102241508080,,False,"Kikuyu, wangige ruiru dagoretti market kamangu, Limuru",KIWALIRU SAVINGS AND CREDIT CO-OPERATIVE SOCIETY LIMITED
NTSA/RSN-0269,Kiwaliru,NTR-00202102241506170,,False,"Kikuyu, wangige gachie ruaka kiambu, Ruiru",KIWALIRU SAVINGS AND CREDIT CO-OPERATIVE SOCIETY LIMITED
NTSA/RSN-0269,Kiwaliru,NTR-00202111051635150,,False,"kiambu, wangige kikuyu, ngong via karen",KIWALIRU SAVINGS AND CREDIT CO-OPERATIVE SOCIETY LIMITED
NTSA/RSN-0269,Kiwaliru,NTR-00663,,False,"kikuyu, wangige, limuru, kiambu",KIWALIRU SAVINGS AND CREDIT CO-OPERATIVE SOCIETY LIMITED
NTSA/RSN-0269,Kiwaliru,NTR-00201909161225430,,False,"kikuyu, wangige,chura,kahuho,zambezi,nderi,nduma, limuru",KIWALIRU SAVINGS AND CREDIT CO-OPERATIVE SOCIETY LIMITED
NTSA/RSN-0269,Kiwaliru,ADR-7WRS9BP,,False,"kikuyu, wangige, limuru, ruiru",KIWALIRU SAVINGS AND CREDIT CO-OPERATIVE SOCIETY LIMITED
NTSA/RSN-0269,Kiwaliru,ADR-BQ9SQAV,,False,"kikuyu, ruiru,wangige, limuru",KIWALIRU SAVINGS AND CREDIT CO-OPERATIVE SOCIETY LIMITED
NTSA/RSN-0269,Kiwaliru,ADR-REOSZ9Q,,False,"kikuyu, kiambu,wangige, limuru",KIWALIRU SAVINGS AND CREDIT CO-OPERATIVE SOCIETY LIMITED
NTSA/RSN-0271,Kizali,NTR-00201903291409260,,True,"Kikuyu, Wangige Ngecha Kari Kerwa Thamanda kahuho Kiambu Ruiru Thika kanjeru Ndeiya Muhuri Rd Dagoretti market Karen Limuru Nachu Sgr Ngong Kiserian, Naivasha",KIZALI TRAVELLERS LIMITED
NTSA/RSN-0271,Kizali,NTR-001158,,True,"kikuyu, limuru, naivasha",KIZALI TRAVELLERS LIMITED
NTSA/RSN-0271,Kizali,NTR-00789,,False,"kikuyu, limuru, mai mahiu",KIZALI TRAVELLERS LIMITED
NTSA/RSN-0271,Kizali,NTR-00705,,False,"nairobi, limuru, maimahiu",KIZALI TRAVELLERS LIMITED
NTSA/RSN-0271,Kizali,NTR-00201805151612080,,True,"nairobi, limuru, naivasha",KIZALI TRAVELLERS LIMITED
NTSA/RSN-0271,Kizali,NTR-00201903291434030,,True,"nairobi, limuru,nachu,sgr, naivasha",KIZALI TRAVELLERS LIMITED
NTSA/RSN-0271,Kizali,ADR-REOS8KD,,True,"Kikuyu, WangigeNgechaKariKerwaThamandakahuhoKiambuRuiruThikakanjeruNdeiyaMuhuri RdLimuruNachuSgr, Naivasha",KIZALI TRAVELLERS LIMITED
NTSA/RSN-0271,Kizali,ADR-MDMSK72,,True,"Kikuyu, WangigeNgechaKariKerwaThamandakahuhoKiambuRuiruThikakanjeruNdeiyaMuhuri Rd Dagoretti marketKaren LimuruNachuSgr, Naivasha",KIZALI TRAVELLERS LIMITED
NTSA/RSN-0271,Kizali,ADR-YM3SVD2,,True,"kikuyu, limuru, maimahiu, naivasha",KIZALI TRAVELLERS LIMITED
NTSA/RSN-0271,Kizali,ADR-8LMSJZ3,,False,"kikuyu, mai mahiu, limuru",KIZALI TRAVELLERS LIMITED
NTSA/RSN-0271,Kizali,ADR-ZZJS9AE,,False,"nairobi, mai mahiu, limuru",KIZALI TRAVELLERS LIMITED
NTSA/RSN-0271,Kizali,ADR-LZRSOML,,True,"nairobi, kikuyu,ngecha,kari,kerwa,thamanda,kahuho,kanjeru,ndeiya,muhuri rd,limuru,nachu,sgr, naivasha",KIZALI TRAVELLERS LIMITED
NTSA/RSN-0277,Ksmt,NTR-00201810081022580,,True,"City Cabanas, RuiruVia Mwihoko thika(oil libya), Mwingi",KSMT SACCO LTD
NTSA/RSN-0277,Ksmt,NTR-00442,,True,"City Cabanas, Ruiru via Mwihoko Juja Farm Athi Thika, Mwingi",KSMT SACCO LTD
NTSA/RSN-0277,Ksmt,ADR-537HWW8,,True,"city cabanas, ruiru, mwingi",KSMT SACCO LTD
NTSA/RSN-0277,Ksmt,ADR-A5AC885,,True,"city cabanas, mwingi, ruiru",KSMT SACCO LTD
NTSA/RSN-0277,Ksmt,ADR-9AKFRRK,,True,"city cabanas, ruiru,via mwihoko, mwingi",KSMT SACCO LTD
NTSA/RSN-0285,Lankana Society,NTR-00202105240920410,,False,"karen, bomas gataka rd ongata rongai kiserian isinya ngong, Kawangware",LANKANA SACCO SOCIETY LIMITED
NTSA/RSN-0285,Lankana Society,NTR-00201910041613510,,False,"railways, langata rd,bomas,hardy,gataka rd,ongata rongai,kiserian,ngong, karen",LANKANA SACCO SOCIETY LIMITED
NTSA/RSN-0285,Lankana Society,ADR-2DVSRVL,,False,"karen, hardy, bomas, langata road, railways",LANKANA SACCO SOCIETY LIMITED
NTSA/RSN-0285,Lankana Society,ADR-K9BF6Q7,,False,"karen, railways,hardy, bomas, langata road",LANKANA SACCO SOCIETY LIMITED
NTSA/RSN-0286,Latema Sacco,NTR-00201901181136400,22,False,"Tom mboya, K.U,Thika rd,Warren,Kahawa sukari, Mwihoko",LATEMA 22 TRAVELLERS SACCO
NTSA/RSN-0286,Latema Sacco,NTR-0020160530150722,22,False,"Odeon, Westlands Kangemi Uthiru Kinoo Regen Railways Kitengela via Mlolongo, Isinya",LATEMA 22 TRAVELLERS SACCO
NTSA/RSN-0286,Latema Sacco,ADR-MDMSJLE,22,False,"Kitengela, Isinya, Kisaju",LATEMA 22 TRAVELLERS SACCO
NTSA/RSN-0286,Latema Sacco,ADR-REOSZVQ,22,False,"odeon, kinoo, westlandsuthiru",LATEMA 22 TRAVELLERS SACCO
NTSA/RSN-0286,Latema Sacco,NTR-001332,22,False,"odeon, westlands,kangemi,uthiru,kinoo, regen",LATEMA 22 TRAVELLERS SACCO
NTSA/RSN-0286,Latema Sacco,ADR-8LMSY6Y,22,True,"railways, ngong road, naivasha road, satellite , kabiria, uthiru",LATEMA 22 TRAVELLERS SACCO
NTSA/RSN-0286,Latema Sacco,ADR-K9BF68M,22,False,"railways, abambassador, kawangware, uthiru",LATEMA 22 TRAVELLERS SACCO
NTSA/RSN-0286,Latema Sacco,ADR-7WRS93P,22,False,"odeon, westlands, kangemi, uthiru, kinoo",LATEMA 22 TRAVELLERS SACCO
NTSA/RSN-0286,Latema Sacco,NTR-0015,22,False,"uthiru, kawangware, yaya,ambassador, railways",LATEMA 22 TRAVELLERS SACCO
NTSA/RSN-0286,Latema Sacco,ADR-K9BF6JL,22,False,"odeon, kinoo,westlands, kangemi, uthiru",LATEMA 22 TRAVELLERS SACCO
NTSA/RSN-0286,Latema Sacco,ADR-BQ9SQBV,22,False,"railways, uthiru,abambassador, kawangware",LATEMA 22 TRAVELLERS SACCO
NTSA/RSN-01898,Libera Impex,NTR-00202008111606330,,True,"Nyeri, Kangema Muranga Kenol Thika Ruiru Eastern Bypass Mwihoko, Ngara",LIBERA IMPEX LIMITED
NTSA/RSN-01898,Libera Impex,NTR-00202010261636060,,False,"Ngara, Kikuyu Wangige Limuru Mai mahiu Ngecha NdumaKarli Kahuho Thigio Kiroe, Kamangu",LIBERA IMPEX LIMITED
NTSA/RSN-01898,Libera Impex,NTR-00202010261652440,,True,"Ngara, Jogoo rd Kayole Outering rd Tassia link rd Pipeline Mombasa rd, Machakos via Mlolongo",LIBERA IMPEX LIMITED
NTSA/RSN-01898,Libera Impex,ADR-3ZQS3ZL,,True,"Cabanas, Outering rd Kayole Jogoo rd Ngara Thika rd Mwihoko Eastern bypass Ruiru Kenyatta rd Gatundu Mukinyi Juja Thika Muranga Kangema Nyeri, Nyahururu",LIBERA IMPEX LIMITED
NTSA/RSN-01898,Libera Impex,ADR-JY7SLWZ,,True,"Ngara, Thika Rd Ruiru juja juja farm Kenyatta Rd gatundu mukinyi kamwangi gakoe ndakaini Gatura mau mau Rd thika kenol muranga kangema nyeri nyahururu olkalou njambini engineer naivasha, Mai mahiu",LIBERA IMPEX LIMITED
NTSA/RSN-01898,Libera Impex,NTR-00202111081143080,,True,"cabanas, mombasa rd pipeline outering rd eastern bypass mwihoko tassia link rd kayole juja rd ngara, jogoo rd",LIBERA IMPEX LIMITED
NTSA/RSN-01898,Libera Impex,NTR-00202111081146060,,False,"thika, northern bypass kamangu kiroe thigio nduma ngecha kahuho kari limuru kikuyu wangige waiyaki way, ngara",LIBERA IMPEX LIMITED
NTSA/RSN-01898,Libera Impex,NTR-00202111081144060,,True,"thika, ngara machakos voi, mombasa",LIBERA IMPEX LIMITED
NTSA/RSN-01898,Libera Impex,ADR-POKSRVO,,True,"cabanas, mombasa rd pipeline outering rd eastern bypass jogoo rd kayole ngara thika rd mwihoko tassia link rd gatundu juja farm thika, kenol",LIBERA IMPEX LIMITED
NTSA/RSN-01898,Libera Impex,NTR-001427,,True,"cabanas, mombasa rd pipeline outering rd eastern bypass jogoo rd savannah manyanja rd soweto spine rd kayole kangundo rd forest rd ngara thika rd mwihoko tassia link rd gatundu juja farm thika makongeni kamwangi, kenol",LIBERA IMPEX LIMITED
NTSA/RSN-01898,Libera Impex,NTR-00809,,True,"Malindi, Mombasa Voi Machakos Nairobi Bomet kericho Kisii Kisumu Kakamega Busia Eldoret, Kitale",LIBERA IMPEX LIMITED
NTSA/RSN-01898,Libera Impex,ADR-VYAS95A,,True,"Nairobi, Mombasa Rd Machakos Malaa Cabanas Pipeline Outering Rd Eastern Bypass Jogoo Rd Savanna Manyanja Rd Soweto Spine Rd Kayole Kangundo Rd Forest Rd Ngara Thika Rd Mwihoko Tasis Link Rd Gatundu Juja Farm Thika Makongeni, Kamwangi",LIBERA IMPEX LIMITED
NTSA/RSN-01898,Libera Impex,ADR-Q5LCM7B,,True,"Kakamega, Kisumu Kisii Kericho Bomet Nairobi Eastleigh Matuu Kitui, Garissa",LIBERA IMPEX LIMITED
NTSA/RSN-01898,Libera Impex,ADR-EPJSROL,,True,"Nairobi, Ngara Thika Rd Ruiru Juja Juja Farm Kenyatta Rd Gatundu Mukinyi Kamwangi Gakoe Ndakaini Gatura Mau Mau Rd Thika Machakos Malaa Kenol Muranga Kangema Nyeri Nyahururu Ol Kalou Njambini Engineer Naivasha, Maai Mahiu",LIBERA IMPEX LIMITED
NTSA/RSN-01898,Libera Impex,,,True,"Malindi - Mombasa,Voi,Nairobi,Ngara,Thika rd,Ruiru,Juja,Juja farm,Kenyatta Rd,Gatundu,Mukinyi,Kamwangi,Mangu,Gatukuyu,Gakoe,Ndakaini,Gatura,Mau mau Rd,Thika,Machakos,Malaa,Kenol,Muranga,Kangema,Nyeri,Nyahururu,Ol Kalau,Njambini,Engineer,Naivasha,Maai mahiu,Limuru,Kikuyu,Bomet,Kericho,Kisii,Kisumu,Kakamega,Busia,Eldoret,Kitale. - Kitale- Malindi - Mombasa,Voi,Nairobi,Ngara,Thika rd,Ruiru,Juja,Juja farm,Kenyatta Rd,Gatundu,Mukinyi,Kamwangi,Mangu,Gatukuyu,Gakoe,Ndakaini,Gatura,Mau mau Rd,Thika,Machakos,Malaa,Kenol,Muranga,Kangema,Nyeri,Nyahururu,Ol Kalau,Njambini,Engineer,Naivasha,Maai mahiu,Limuru,Kikuyu,Bomet,Kericho,Kisii,Kisumu,Kakamega,Busia,Eldoret,Kitale. - Kitale - Malindi - Mombasa,Voi,Nairobi,Ngara,Thika rd,Ruiru,Juja,Juja farm,Kenyatta Rd,Gatundu,Mukinyi,Kamwangi,Mangu,Gatukuyu,Gakoe,Ndakaini,Gatura,Mau mau Rd,Thika,Machakos,Malaa,Kenol,Muranga,Kangema,Nyeri,Nyahururu,Ol Kalau,Njambini,Engineer,Naivasha,Maai mahiu,Limuru,Kikuyu,Bomet,Kericho,Kisii,Kisumu,Kakamega,Busia,Eldoret,Kitale. - Kitale",LIBERA IMPEX LIMITED
NTSA/RSN-01898,Libera Impex,,,True,Nairobi - Mombasa Rd-Machakos-Malaa-Cabanas-Pipeline-Outering Rd-Eastern Bypass-Jogoo Rd-Savanna-Manyanja Rd-Soweto-Spine Rd-Kayole-Kangundo Rd-Forest Rd-Ngara-Thika Rd-Mwihoko-Tasis-Link Rd-Gatundu-Gatukuyu-Mangu-Juja Farm-Thika-Makongeni - Kamwangi and Back- Nairobi - Mombasa Rd-Machakos-Malaa-Cabanas-Pipeline-Outering Rd-Eastern Bypass-Jogoo Rd-Savanna-Manyanja Rd-Soweto-Spine Rd-Kayole-Kangundo Rd-Forest Rd-Ngara-Thika Rd-Mwihoko-Tasis-Link Rd-Gatundu-Gatukuyu-Mangu-Juja Farm-Thika-Makongeni - Kamwangi and Back - Nairobi - Mombasa Rd-Machakos-Malaa-Cabanas-Pipeline-Outering Rd-Eastern Bypass-Jogoo Rd-Savanna-Manyanja Rd-Soweto-Spine Rd-Kayole-Kangundo Rd-Forest Rd-Ngara-Thika Rd-Mwihoko-Tasis-Link Rd-Gatundu-Gatukuyu-Mangu-Juja Farm-Thika-Makongeni - Kamwangi and Back,LIBERA IMPEX LIMITED
NTSA/RSN-01898,Libera Impex,,,True,"Nairobi - Jogoo rd,Entreprise rd,Likoni rd,Lunga Lunga rd,Mombasa rd,Eastern Bypass,Pipeline,Outering rd,Savannah,Manyaja rd,Soweto,Spine rd,Kayole,Kangundo rd,Forest rd,Ngara,Thika rd,Mwihoko,Tasia link rd,Gatundu,Gatukuyu,Mangu,Juja farm,Thika,Makongeni - Kamwangi and back- Nairobi - Jogoo rd,Entreprise rd,Likoni rd,Lunga Lunga rd,Mombasa rd,Eastern Bypass,Pipeline,Outering rd,Savannah,Manyaja rd,Soweto,Spine rd,Kayole,Kangundo rd,Forest rd,Ngara,Thika rd,Mwihoko,Tasia link rd,Gatundu,Gatukuyu,Mangu,Juja farm,Thika,Makongeni - Kamwangi and back - Nairobi - Jogoo rd,Entreprise rd,Likoni rd,Lunga Lunga rd,Mombasa rd,Eastern Bypass,Pipeline,Outering rd,Savannah,Manyaja rd,Soweto,Spine rd,Kayole,Kangundo rd,Forest rd,Ngara,Thika rd,Mwihoko,Tasia link rd,Gatundu,Gatukuyu,Mangu,Juja farm,Thika,Makongeni - Kamwangi and back",LIBERA IMPEX LIMITED
NTSA/RSN-0288,Likambu Matatu,NTR-00201905151247360,,False,"Kikuyu, Limurutigoni NgorongokanungaNdumberiruakaredhill KiambuRuiruVia Tatu city githiga githunguri, MakongeniThika",LIKAMBU MATATU SAVINGS AND CREDIT CO-OPERATIVE SOCIETY LIMITED
NTSA/RSN-0288,Likambu Matatu,NTR-001334,,False,"limuru, tigoni,kanunga, kiambu",LIKAMBU MATATU SAVINGS AND CREDIT CO-OPERATIVE SOCIETY LIMITED
NTSA/RSN-0288,Likambu Matatu,NTR-001333,,False,"limuru, ngorongo,ndumberi, kiambu",LIKAMBU MATATU SAVINGS AND CREDIT CO-OPERATIVE SOCIETY LIMITED
NTSA/RSN-0288,Likambu Matatu,NTR-00201905151245410,,False,"kikuyu, limuru,tigoni,kanunga,kiambu,ruiru,via tatu city, makongenithika",LIKAMBU MATATU SAVINGS AND CREDIT CO-OPERATIVE SOCIETY LIMITED
NTSA/RSN-0288,Likambu Matatu,ADR-MDMSKRK,,False,"kikuyu, limuru,ngorongo,ndumberi,kiambu,ruiru,via tatu city, makongenithika",LIKAMBU MATATU SAVINGS AND CREDIT CO-OPERATIVE SOCIETY LIMITED
NTSA/RSN-0293,Lira Line Society,NTR-001017,,True,"Railways, KawangwareLimuru Nakuru, Kisii",LIRA LINE SACCO SOCIETY LTD
NTSA/RSN-0293,Lira Line Society,ADR-REOSZ7W,,True,"Railways, KawangwareUthiru Limuru Nakuru Eldoret Kitale, Bungoma",LIRA LINE SACCO SOCIETY LTD
NTSA/RSN-0293,Lira Line Society,NTR-001016,,True,"Railways, Kawangware ngong via Karen Kikuyu Uthiru Limuru Nakuru Eldoret Kitale, Bungoma",LIRA LINE SACCO SOCIETY LTD
NTSA/RSN-0293,Lira Line Society,NTR-00494,,True,"nairobi, limuru, nakuru",LIRA LINE SACCO SOCIETY LTD
NTSA/RSN-0293,Lira Line Society,ADR-LZRSRVZ,,False,"railways, kawangware, limuru",LIRA LINE SACCO SOCIETY LTD
NTSA/RSN-0293,Lira Line Society,ADR-YM3SBKO,,True,"railways, kawangware , limuru, nakuru",LIRA LINE SACCO SOCIETY LTD
NTSA/RSN-0293,Lira Line Society,ADR-8LMSY8B,,False,"railways, kawangware, uthiru, limuru",LIRA LINE SACCO SOCIETY LTD
NTSA/RSN-0294,Lopha,NTR-00139,,False,"odeon, thika road,kasarani, thika",LOPHA MULTIPURPOSE CO-OPERATIVE SOCIETY
NTSA/RSN-0294,Lopha,NTR-00101,,False,"odeon, ngara,pangani,unep, wangige",LOPHA MULTIPURPOSE CO-OPERATIVE SOCIETY
NTSA/RSN-0294,Lopha,NTR-00201908021449470,,False,"odeon, pangani,parklands,highridge,abc drive,ndenderu,gacharage,ruaka,kiambu,ruiru, thika (makongeni)",LOPHA MULTIPURPOSE CO-OPERATIVE SOCIETY
NTSA/RSN-0294,Lopha,ADR-O68IM8Y,,False,"Odeon, parklands highridgeg.mathenge ring rd waiyakiwayw.maathai pangani juja rd huruma roundabout outering rd alsops thika rd redhill ndenderu gacharage ruaka kiambu ruiru juja makongeni odeon ngara kangemi uthiru kikuyu wangige, Limuru",LOPHA MULTIPURPOSE CO-OPERATIVE SOCIETY
NTSA/RSN-0294,Lopha,ADR-6DBS9LJ,,False,"pangani, wangari maathai parklands highridge gen. mathenge ring rd redhill ruaka gacharage ndenderu wangige kikuyu limuru flyover kamwangi gakoe gatukuyu thika, Muranga via thika rd juja ruiru kiambu",LOPHA MULTIPURPOSE CO-OPERATIVE SOCIETY
NTSA/RSN-0294,Lopha,ADR-WZ9SE9M,,False,"Odeon, parklands highridge g.mathenge ring rd waiyakiwayw.maathai pangani juja rd huruma roundabout outering rd alsops thika rd redhill ndenderu gacharage ruaka kiambu ruiru juja mugutha kimbo matangi canaan judah darasha juja farmmakongeni odeon ngara kangemi uthiru kikuyu wangige, Limuru",LOPHA MULTIPURPOSE CO-OPERATIVE SOCIETY
NTSA/RSN-0294,Lopha,ADR-537HBW7,,False,"Odeon, Bus stationNgaraWangare maathai rdPanganiJuja rdHuruma roundaOutering rdthika rdthika rdparklandshighridgegeneral mathengering rdLimuru rdred hillGachiekiharaGikuniNgechaKabukuTigoniRainiLimuruWaiyaki wayKikuyuUthiruKangemiWangigeNdenderuGachageRuakaBananaKiambuRuiruThik rdKimboMuguthacanaanMatangiDarajJudahJujajuja farm via thika, Makongeni",LOPHA MULTIPURPOSE CO-OPERATIVE SOCIETY
NTSA/RSN-0294,Lopha,ADR-A5ACK8P,,False,"odeon, thika road, juja",LOPHA MULTIPURPOSE CO-OPERATIVE SOCIETY
NTSA/RSN-0294,Lopha,ADR-9AKFJRA,,False,"odeon, aga khan, pangani, ndenderu, wangige",LOPHA MULTIPURPOSE CO-OPERATIVE SOCIETY
NTSA/RSN-0294,Lopha,ADR-DB3TYOY,,False,"odeon, wangige,aga khan, pangani, ndenderu",LOPHA MULTIPURPOSE CO-OPERATIVE SOCIETY
NTSA/RSN-0294,Lopha,ADR-3ZQSJ2A,,False,"odeon, pangani, highridge, karura, rwaka, ndenderu",LOPHA MULTIPURPOSE CO-OPERATIVE SOCIETY
NTSA/RSN-0294,Lopha,ADR-JY7SZ77,,False,"odeon, highridge, pangani, ruaka, ndenderu",LOPHA MULTIPURPOSE CO-OPERATIVE SOCIETY
NTSA/RSN-0294,Lopha,ADR-POKSYK7,,False,"odeon, juja, thika road",LOPHA MULTIPURPOSE CO-OPERATIVE SOCIETY
NTSA/RSN-0294,Lopha,ADR-VYASWAP,,False,"odeon, waiyaki way,Redhill,westlands, kangemi, uthiru, kinoo",LOPHA MULTIPURPOSE CO-OPERATIVE SOCIETY
NTSA/RSN-0294,Lopha,ADR-Q5LC8LO,,False,"odeon, thika road,ruiru,juja, thika(makongeni)",LOPHA MULTIPURPOSE CO-OPERATIVE SOCIETY
NTSA/RSN-0294,Lopha,ADR-EPJSEJB,,False,"odeon, thika road,ruiru,kiambu ruaka,gacharage, abc drive",LOPHA MULTIPURPOSE CO-OPERATIVE SOCIETY
NTSA/RSN-01900,Lothian Transporters,NTR-00922,,True,"Mombasa Rd(cabanas), Airport North Rd Outering Rd Eastern Bypass Utawala Ruai Thika Rd Pangani Parklands, Nairobi",LOTHIAN TRANSPORTERS
NTSA/RSN-01900,Lothian Transporters,NTR-001391,,False,"Thika, Pangani Kariokor Community, Nairobi",LOTHIAN TRANSPORTERS
NTSA/RSN-01900,Lothian Transporters,NTR-00159,,False,"Bus station, KNH, Mbagathi way, Langata, Otiende",LOTHIAN TRANSPORTERS
NTSA/RSN-01900,Lothian Transporters,NTR-0020181211134410497,,False,"Bus station, Kencom,GPO,KNH,Adams arcade,Karen,Ngong,Matasia,Kiseriani,Rongai,Bomas,Langata road, Kiserian",LOTHIAN TRANSPORTERS
NTSA/RSN-01900,Lothian Transporters,ADR-DB3T575,,False,"Thika, Outering road Kangundo road, Tala",LOTHIAN TRANSPORTERS
NTSA/RSN-01900,Lothian Transporters,ADR-3ZQS3QL,,True,"Mombasa rd, Outering rd Juja rd Eastleigh Tom mboya Kenyatta av GPO Community Knh Ngong rd Kawangware Kikuyu waiyaki way forest rd Kiambu rd bypass thika rd Githurai mwiki Ruiru Thika, kenol",LOTHIAN TRANSPORTERS
NTSA/RSN-0296,Lucky Baba Dogo,NTR-00569,,False,"Timboroa lane, Thika road Baba Dogo Lucky Summer Outering rd Donholm Tajmall ruai, Kangundo rd",LUCKY BABA DOGO TRAVELLERS LIMITED
NTSA/RSN-0296,Lucky Baba Dogo,ADR-MDMSKMO,,False,"Timboroa lane, Thika road Baba Dogo Lucky Summer Outering rd Donholm Tajmall, Ruai",LUCKY BABA DOGO TRAVELLERS LIMITED
NTSA/RSN-0296,Lucky Baba Dogo,ADR-YM3SVL9,,False,"babadogo, thika road, timboroa lane",LUCKY BABA DOGO TRAVELLERS LIMITED
NTSA/RSN-0296,Lucky Baba Dogo,ADR-8LMSJOZ,,False,"timboroa lane, thika road, baba dogo",LUCKY BABA DOGO TRAVELLERS LIMITED
NTSA/RSN-0296,Lucky Baba Dogo,ADR-ZZJS9Z5,,False,"timboroa drive, thika road, baba dogo",LUCKY BABA DOGO TRAVELLERS LIMITED
NTSA/RSN-0296,Lucky Baba Dogo,ADR-2DVSZBO,,False,"babadogo, timboroa lane, thika road",LUCKY BABA DOGO TRAVELLERS LIMITED
NTSA/RSN-0296,Lucky Baba Dogo,ADR-K9BFEBO,,False,"timboroa drive, thika rd, baba dogo",LUCKY BABA DOGO TRAVELLERS LIMITED
NTSA/RSN-0297,Lucky Transporters Company,NTR-00159,,False,"bus station, knh, mbagathi way, langata, otiende",LUCKY TRANSPORTERS COMPANY
NTSA/RSN-0297,Lucky Transporters Company,NTR-00271,,False,"Banana, Bus stationrailwaysKNHmbagathi Roadlangata rd otiende athi river kitengela, Machakos",LUCKY TRANSPORTERS COMPANY
NTSA/RSN-0297,Lucky Transporters Company,ADR-VYASV6R,,False,"Banana, KiambuKhojaBus stationRailwaysAthi riverKitengela, Machakos",LUCKY TRANSPORTERS COMPANY
NTSA/RSN-0297,Lucky Transporters Company,ADR-Q5LCYR7,,False,"Banana, KiambuKhojaBus station RailwaysKNHMbagathiLangata rd, Otiende",LUCKY TRANSPORTERS COMPANY
NTSA/RSN-0297,Lucky Transporters Company,ADR-EPJSADV,,False,"banana, bus station,knh,bagathi road, langata",LUCKY TRANSPORTERS COMPANY
NTSA/RSN-0297,Lucky Transporters Company,ADR-2DVSZWL,,False,"banana, langata,bus station,knh, bagathi road",LUCKY TRANSPORTERS COMPANY
NTSA/RSN-0297,Lucky Transporters Company,ADR-K9BFEJ7,,False,"banana, bus station,knh,bagathi road, langata",LUCKY TRANSPORTERS COMPANY
NTSA/RSN-0297,Lucky Transporters Company,ADR-7WRS7BJ,,True,"banana, railways,athi river, machakos",LUCKY TRANSPORTERS COMPANY
NTSA/RSN-0297,Lucky Transporters Company,ADR-BQ9S7A2,,True,"banana, machakos,railways, athi river",LUCKY TRANSPORTERS COMPANY
NTSA/RSN-0297,Lucky Transporters Company,ADR-REOS89Y,,False,"banana, kitengela,bus station, railways, athi river",LUCKY TRANSPORTERS COMPANY
NTSA/RSN-0297,Lucky Transporters Company,ADR-MDMSKLK,,False,"bus station, otiende,knh, mbagathi way, langata",LUCKY TRANSPORTERS COMPANY
NTSA/RSN-0297,Lucky Transporters Company,ADR-YM3SVMB,,False,"banana, bus station, railways, athi river, kitengela",LUCKY TRANSPORTERS COMPANY
NTSA/RSN-0297,Lucky Transporters Company,,,False,"Khoja - Kiambu rd,Northern Bypass,Ruaka,Banana - Kiambu and back- Khoja - Kiambu rd,Northern Bypass,Ruaka,Banana - Kiambu and back - Khoja - Kiambu rd,Northern Bypass,Ruaka,Banana - Kiambu and back",LUCKY TRANSPORTERS COMPANY
NTSA/RSN-0298,Luminous Shuttles,NTR-00202105241007320,,False,"Ngong, kimuka gataka rongai kiserian, Isinya",LUMINOUS SHUTTLES LIMITED
NTSA/RSN-0298,Luminous Shuttles,NTR-00202105251535490,,False,"Isinya, kiserian ngong kimuka karen hardy gataka ongata rongai bomas, langata rd",LUMINOUS SHUTTLES LIMITED
NTSA/RSN-0298,Luminous Shuttles,NTR-0096,,False,"kiserian, ngong,karen,nduyu,yaya,gpo,ambassador, railways",LUMINOUS SHUTTLES LIMITED
NTSA/RSN-0298,Luminous Shuttles,ADR-ZZJS9V5,,False,"railways, olesereni, southern bypass,karen,ngong,kiserian,yaya, ambassadeur",LUMINOUS SHUTTLES LIMITED
NTSA/RSN-0298,Luminous Shuttles,ADR-VYAS98E,,False,"kiserian, ngong, ndunyu, yaya, gpo, ambassadour, railways",LUMINOUS SHUTTLES LIMITED
NTSA/RSN-0298,Luminous Shuttles,ADR-O68IVBW,,False,"karen, hardy, bomas, langata road, railways",LUMINOUS SHUTTLES LIMITED
NTSA/RSN-0298,Luminous Shuttles,ADR-6DBSWKM,,False,"kiserian, railways,ngong, ndunyu, yaya, gpo, ambassadour",LUMINOUS SHUTTLES LIMITED
NTSA/RSN-0298,Luminous Shuttles,ADR-WZ9SWWB,,False,"kiserian, railways,ngong, karen , dunyu, yaya, ambassador",LUMINOUS SHUTTLES LIMITED
NTSA/RSN-0298,Luminous Shuttles,ADR-2DVSDM6,,False,"kiserian, ngong, karen , dunyu, yaya, ambassador, railways",LUMINOUS SHUTTLES LIMITED
NTSA/RSN-0298,Luminous Shuttles,NTR-00166,,False,"kiserian, ngong,karen,yaya,ambassador, railways",LUMINOUS SHUTTLES LIMITED
NTSA/RSN-0302,Madiwa,NTR-00446,,False,"Mfangano, Kariokor,General Waruinge,Garage,1st Avenue, Eastleigh Section3",MADIWA MATATU OWNERS SACCO
NTSA/RSN-0302,Madiwa,ADR-2DVS5KV,,False,"Mfangano,, Luthuli Avenue,, Eastleigh Section 3",MADIWA MATATU OWNERS SACCO
NTSA/RSN-0302,Madiwa,ADR-K9BFVRA,,False,"Mfangano street, Kariokor Fig tree Lumbwa rd Ambira rd Jogoo rdCommercial Eastleigh section III Kiambiu St Teresa Juja rd Mathare North Outering rd Thika rd Mwihoko Kangundo rd, By pass",MADIWA MATATU OWNERS SACCO
NTSA/RSN-0302,Madiwa,ADR-7WRSZDL,,False,"mfangano, luthuli avenue, eastleigh section 3",MADIWA MATATU OWNERS SACCO
NTSA/RSN-0302,Madiwa,ADR-BQ9S3JL,,False,"mfangano, eastleigh section3,kariokor,general waruinge,garage, 1st avenue",MADIWA MATATU OWNERS SACCO
NTSA/RSN-0302,Madiwa,ADR-REOSLWA,,False,"mfangano, eastleigh section 3, luthuli avenue",MADIWA MATATU OWNERS SACCO
NTSA/RSN-0302,Madiwa,ADR-MDMSAYY,,False,"eastleigh, commercial,juja road, luthuli",MADIWA MATATU OWNERS SACCO
NTSA/RSN-02001,Mambigi,NTR-00202009231508310,,False,"Commercial, Mwiki Njiru, Utawala",MAMBIGI SERVICES LIMITED
NTSA/RSN-02001,Mambigi,NTR-00202104150825200,,False,"Commercial, Thika Rd Juja Thika Town Eastern Bypass Outering Rd Kangundo Rd, Utawala",MAMBIGI SERVICES LIMITED
NTSA/RSN-02001,Mambigi,NTR-0020181205091222755,,False,"Commercial, Thika Rd Juja Thika Town Mwiki Outering Rd Njiru Eastern Bypass Kangundo Rd, Utawala",MAMBIGI SERVICES LIMITED
NTSA/RSN-02005,Manama,ADR-9AKF8R8,,True,"Mlolongo, Athi River Mitaboni Kangundo Tala Joska Kamulu Machakos Kitui, Mutomo",MANAMA TRAVELLERS LIMITED
NTSA/RSN-02005,Manama,ADR-A5ACV82,,False,"Gikomba, Jogoo Rd Kangundo Rd Outering Rd Imara daima Chai Rd Juja Rd Mathare, Bus Station",MANAMA TRAVELLERS LIMITED
NTSA/RSN-0319,Manchester Coach,NTR-0053,,True,"nairobi, thika,matuu,kitui, mwingi",MANCHESTER TRAVELLERS COACH LIMITED
NTSA/RSN-0319,Manchester Coach,NTR-00519,,True,"nairobi, thika,matuu, mwingi",MANCHESTER TRAVELLERS COACH LIMITED
NTSA/RSN-0319,Manchester Coach,NTR-00202007170920010,,True,"Nairobi, Outering rd via Mombasa rd Kibwezi, Mombasa",MANCHESTER TRAVELLERS COACH LIMITED
NTSA/RSN-0319,Manchester Coach,NTR-00202009281552290,,True,"Nairobi, Thika Matuu Mwingi GarissaModagashe, Mpeketoni",MANCHESTER TRAVELLERS COACH LIMITED
NTSA/RSN-0319,Manchester Coach,NTR-00202105211012490,,True,"Mombasa, nairobi narok bomet kisii migori homabay kisumu busia kericho, Nakuru",MANCHESTER TRAVELLERS COACH LIMITED
NTSA/RSN-0319,Manchester Coach,NTR-00581,,False,"Nairobi, Bypass Juja Eastleigh Ruiru Thika Isiolo Marsabit, Moyale",MANCHESTER TRAVELLERS COACH LIMITED
NTSA/RSN-0319,Manchester Coach,NTR-0020181207160047502,,True,"nairobi, thika,matuu,mwingi,kitui,via machakos,wote,kibwezi, mombasa",MANCHESTER TRAVELLERS COACH LIMITED
NTSA/RSN-0319,Manchester Coach,ADR-EPJSYEZ,,False,"Nairobi, ThikaMatuuMwingiGarissa, Modagashe",MANCHESTER TRAVELLERS COACH LIMITED
NTSA/RSN-0319,Manchester Coach,ADR-2DVS5RP,,False,"Nairobi, RuiruEastern bypass Juja Thika Isiolo Marsabit, Moyale",MANCHESTER TRAVELLERS COACH LIMITED
NTSA/RSN-0319,Manchester Coach,ADR-K9BFV6Z,,False,"Nairobi, Ruiru bypass Juja Thika Isiolo Marsabit, Moyale",MANCHESTER TRAVELLERS COACH LIMITED
NTSA/RSN-0319,Manchester Coach,ADR-7WRSZ97,,True,"nairobi, mwingi,thika,matuu, kitui",MANCHESTER TRAVELLERS COACH LIMITED
NTSA/RSN-0319,Manchester Coach,ADR-BQ9S3QQ,,True,"nairobi, thika,matuu,mwingi,kitui,via machakos, wote",MANCHESTER TRAVELLERS COACH LIMITED
NTSA/RSN-0321,Manmo,NTR-00407,,False,"commercial, thika road, mathare north",MANMO SACCO
NTSA/RSN-0321,Manmo,NTR-00202003241330260,,False,"Abc place, WaiyakiwayForest rdParklandsMuranga rd TerminusCommercialBustationMombasa rdCitycabanasEastern bypassUtawalaRuaiKangundo rdOutering rdJUJA RDMathare northThika rdPark rd, Ngara rd",MANMO SACCO
NTSA/RSN-0321,Manmo,NTR-00201909191433510,,False,"abc place, waiyaki way,forest rd,parklands,muranga rd terminus,commercial,juja rd,ngara rd,park rd,thika rd,mathare north,outering rd, city cabanas",MANMO SACCO
NTSA/RSN-0321,Manmo,ADR-537HW22,,False,"commercial, muranga rd terminus,thika rd,mathare north,outering rd, city cabanas",MANMO SACCO
NTSA/RSN-0321,Manmo,ADR-A5AC8VM,,False,"commercial, mathare north, thika road",MANMO SACCO
NTSA/RSN-01743,Maruti T.r.r,NTR-00201908231143000,,False,"Kenol, thika town makongeni Ruirukiambu limuru, Ruaka",MARUTI T.R.R SACCO
NTSA/RSN-01743,Maruti T.r.r,NTR-00561,,False,"Kenol, Thika Makongeni Ruiru Kiambu Raini Tigoni Limuru, Ruaka",MARUTI T.R.R SACCO
NTSA/RSN-01743,Maruti T.r.r,ADR-LZRSRZZ,,False,"ruiru prison, ruiru town, kenol",MARUTI T.R.R SACCO
NTSA/RSN-01743,Maruti T.r.r,ADR-O68I8W5,,False,"kenol, ruiru town,ruru prison,ruaka, limuru",MARUTI T.R.R SACCO
NTSA/RSN-0327,MAT TWO Friends,ADR-8LMSVDD,,False,"railways, kawangware,dagorretti,kikuyu, gikambura",mat two friends limited
NTSA/RSN-0327,MAT TWO Friends,ADR-8LMSO6W,,False,"railways, kikuyu, dagoreti",mat two friends limited
NTSA/RSN-0327,MAT TWO Friends,NTR-00104,,False,"railways, kikuyu, dagoretti",mat two friends limited
NTSA/RSN-0327,MAT TWO Friends,NTR-00539,,False,"kikuyu, dagoreti, gikambura",mat two friends limited
NTSA/RSN-0327,MAT TWO Friends,ADR-MDMSA9B,,False,"railways, dagoreti, kikuyu",mat two friends limited
NTSA/RSN-0327,MAT TWO Friends,ADR-A5ACV22,,False,"knh, kawangware,riruta satelite, dagoretti market",mat two friends limited
NTSA/RSN-0327,MAT TWO Friends,ADR-537H2YW,,False,"railways, dagoretti corner, riruta satellite",mat two friends limited
NTSA/RSN-0327,MAT TWO Friends,ADR-WZ9SVL3,,False,"railways, kawangware, riruta satellite, dagoretti market",mat two friends limited
NTSA/RSN-02009,Matatu Crew Association,NTR-00202011131535140,,False,"Railways, Knh Karen Ngong via Ngong rd Kiserian, Ongata Rongai",MATATU CREW ASSOCIATION SACCO
NTSA/RSN-02009,Matatu Crew Association,NTR-00201901071527150,,False,"Knh, ngong rd karen ngongkiserian ongata rongai, bomas",MATATU CREW ASSOCIATION SACCO
NTSA/RSN-02009,Matatu Crew Association,ADR-8LMS5M5,,False,"kabiria, ngong rd karen ngong kiserian rongai gataka bomas langata rd KNH railways jogoo rd eastern bypass utawala ruai kamulu, Kangundo",MATATU CREW ASSOCIATION SACCO
NTSA/RSN-02009,Matatu Crew Association,ADR-ZZJSVL9,,True,"limuru, kikuyu kabiria dagoretti mkt kawangare kiambu alsops mwiki mwihoko railways ngong rd karen ngong kiserian rongai gataka bomas langata rd KNH jogoo rd juja rd eastern bypass utawala githunguri ruai kangundo kamulu outering rd cabanas mombasa rd kitengela, isinya",MATATU CREW ASSOCIATION SACCO
NTSA/RSN-0705,Maverous Shuttle,NTR-00202009231121260,,False,"Mfangano, Eastleigh Jogoo road Savannah Komarock Kangundo road Ruai, Kamulu",MAVEROUS SHUTTLE LIMITED
NTSA/RSN-0705,Maverous Shuttle,NTR-00202110191117150,,True,"donholm, outering rd eastern bypass syokimau mlolongo via mombasa rd athi river, Machakos",MAVEROUS SHUTTLE LIMITED
NTSA/RSN-0705,Maverous Shuttle,NTR-00175,,True,"Mfangano, eastleigh jogoo rd donholm savannah komarock kangundo rd ruai kamulu outering rd eastern bypass syokimau mlolongo via mombasa rdathi river, machakos",MAVEROUS SHUTTLE LIMITED
NTSA/RSN-0705,Maverous Shuttle,NTR-00763,,False,"komarock, savanna, jogoo road, eastleigh, mfangano street",MAVEROUS SHUTTLE LIMITED
NTSA/RSN-0705,Maverous Shuttle,ADR-9AKFOJ5,,False,"komarock, eastleigh,savannah, embakasi, commerial",MAVEROUS SHUTTLE LIMITED
NTSA/RSN-0705,Maverous Shuttle,ADR-DB3TQYD,,False,"komarock, mfangano street,savanna, jogoo road, eastleigh",MAVEROUS SHUTTLE LIMITED
NTSA/RSN-02000,Meruit Logistics,NTR-00202009231509490,,False,"Marurui, Northern Bypass, Ruiru",MERUIT LOGISTICS LIMITED
NTSA/RSN-02000,Meruit Logistics,NTR-00202010211717240,,False,"Odeon, Thika road marurui Ruiruruaka kiambu thika, Makongeni",MERUIT LOGISTICS LIMITED
NTSA/RSN-02000,Meruit Logistics,ADR-9AKF2D9,,False,"Odeon, Thika road marurui, Ruiru",MERUIT LOGISTICS LIMITED
NTSA/RSN-02000,Meruit Logistics,ADR-DB3T56V,,False,"Moi Lane, Odeon Thika Rd Marurui Ruiru Ruaka Kiambu Thika, Makongeni",MERUIT LOGISTICS LIMITED
NTSA/RSN-02000,Meruit Logistics,ADR-3ZQS3WK,,False,"Moi Lane, Wangare Maathai Rd Outering Rd Kahawa West Eastern Bypass Kangundo Rd Nderi Kikuyu, Ndenderu",MERUIT LOGISTICS LIMITED
NTSA/RSN-02000,Meruit Logistics,ADR-JY7SLPR,,False,"Moi Lane, Odeon Thika Rd Wangare Maathai Rd Outering Rd Marurui Ruiru Ruaka Kahawa West Eastern Bypass Kangundo Rd Kiambu Thika Makongeni Nderi Kikuyu, Ndenderu",MERUIT LOGISTICS LIMITED
NTSA/RSN-0345,Metrotrans East Africa,NTR-00947,,True,"nairobi, narok, bomet",METROTRANS EAST AFRICA LIMITED
NTSA/RSN-0345,Metrotrans East Africa,NTR-00191,,False,"kikuyu, kawangware kenyatta ambasdour tom mboya thika road kasarani, juja",METROTRANS EAST AFRICA LIMITED
NTSA/RSN-0345,Metrotrans East Africa,NTR-00130,,False,"kikuyu, waiyaki way,westlands,moi avenue,tom mboya,thika road,kasarani, juja",METROTRANS EAST AFRICA LIMITED
NTSA/RSN-0345,Metrotrans East Africa,NTR-00202011161517360,,False,"Zambezi, Kikuyu Ngong Langata Kabiria Kawangware KNH Ambassador Bus station Utawala Mwiki, Thika",METROTRANS EAST AFRICA LIMITED
NTSA/RSN-0345,Metrotrans East Africa,NTR-00202012241143330,,True,"Thika, NairobiKawangwareKikuyu Narok Bomet Kisii Homabay, Migori",METROTRANS EAST AFRICA LIMITED
NTSA/RSN-0345,Metrotrans East Africa,NTR-00202203221637030,,True,"Thika, Loitoktok Kitengela Nairobi Kawangware Kikuyu Limuru Narok Bomet Kisii Homabay, Migori",METROTRANS EAST AFRICA LIMITED
NTSA/RSN-0345,Metrotrans East Africa,NTR-00188,,False,"kikuyu, kawangware kenyatta ambasdour thika road kasarani, juja",METROTRANS EAST AFRICA LIMITED
NTSA/RSN-0345,Metrotrans East Africa,NTR-00190,,False,"kikuyu, thogoto kawangware kenyatta ambasdour tom mboya thika road kasarani, utawala",METROTRANS EAST AFRICA LIMITED
NTSA/RSN-0345,Metrotrans East Africa,NTR-00363,,True,"nairobi, kikuyu, narok, bomet",METROTRANS EAST AFRICA LIMITED
NTSA/RSN-0345,Metrotrans East Africa,NTR-00192,,False,"kikuyu, waiyaki way westlands ambasdour tom mboya thika road kasarani, utawala",METROTRANS EAST AFRICA LIMITED
NTSA/RSN-0345,Metrotrans East Africa,ADR-Q5LC8A3,,True,"Thika, NairobiKikuyu Narok Bomet Kisii Homabay, Migori",METROTRANS EAST AFRICA LIMITED
NTSA/RSN-0345,Metrotrans East Africa,ADR-EPJSE6O,,False,"Limuru, Zambezi Kikuyu ngonglangata kabiria kawangware knh ambassador bus stationutawalakoma mwiki, Thika",METROTRANS EAST AFRICA LIMITED
NTSA/RSN-0345,Metrotrans East Africa,ADR-2DVSR6K,,False,"Limuru, Zambezi Kikuyu ngonglangata kabiria kawangware knh ambassador bus stationutawalakoma mwiki, Thika",METROTRANS EAST AFRICA LIMITED
NTSA/RSN-0345,Metrotrans East Africa,ADR-K9BF6OM,,False,"Limuru, Zambezi Kikuyu ngonglangata kabiria kawangware knh ambassador bus stationumoja(mama lucy)utawalakitengelakoma mwiki, Thika",METROTRANS EAST AFRICA LIMITED
NTSA/RSN-0345,Metrotrans East Africa,ADR-7WRS9WP,,False,"Limuru, Zambezi Kikuyu ndenderu ngong kiserian langata kabiria kawangware knh ambassador bus station umoja iinnercore utawala kitengela koma mwiki, Thika",METROTRANS EAST AFRICA LIMITED
NTSA/RSN-0345,Metrotrans East Africa,ADR-BQ9SQEV,,False,"Limuru, Zambezi Kikuyu ndenderu ngong kiserian langata kabiria kawangware knh ambassador kencom GPObus station civil servant k. south umoja innercoreutawala kitengela koma mwiki, Thika",METROTRANS EAST AFRICA LIMITED
NTSA/RSN-0345,Metrotrans East Africa,ADR-REOSZMQ,,False,"Limuru, Zambezi Kikuyu ndenderu ngong kiserian langata kabiria kawangware community knh ngumo kibera kirigiti ambassador kencom GPObus station civil servant k. south umoja innercoreutawala kitengela koma mwiki, Thika",METROTRANS EAST AFRICA LIMITED
NTSA/RSN-0345,Metrotrans East Africa,ADR-MDMSJ8E,,False,"kikuyu, thogoto kawangware kenyatta ambasdour tom mboya thika road kasarani, utawala",METROTRANS EAST AFRICA LIMITED
NTSA/RSN-0345,Metrotrans East Africa,ADR-YM3SBQV,,True,"nairobi, bomet,kikuyu, narok",METROTRANS EAST AFRICA LIMITED
NTSA/RSN-0345,Metrotrans East Africa,ADR-8LMSYPY,,False,"kikuyu, waiyaki way, westlands, ambassador, tom mboya, jogoo road, donholm, umoja",METROTRANS EAST AFRICA LIMITED
NTSA/RSN-0345,Metrotrans East Africa,ADR-ZZJSJD2,,False,"kikuyu, thogoto,kawangware,kenyatta.ambassadeur,tommboya,otc,jogoo rd, umoja",METROTRANS EAST AFRICA LIMITED
NTSA/RSN-0345,Metrotrans East Africa,ADR-LZRS7ZR,,False,"kikuyu, kawangware,kenyatta,ambassadaor,tom mboya,thika rd,kasarani,juja,thika, delmonte",METROTRANS EAST AFRICA LIMITED
NTSA/RSN-0345,Metrotrans East Africa,,,False,"Limuru - Zambezi,Kikuyu,Ndenderu,Ngong,Ongata Rongai,Kiserian,Langata,Kabiria,Kawangware,Community,KNH,Ngumo,Kibera,Kiambu,Kiringiti,Ambassador,Kencom,GPO,Bus station,Umoja,Kario bangi south,JKIA,Utawala,Kitengela,Koma,Mwiki - Thika and back- Limuru - Zambezi,Kikuyu,Ndenderu,Ngong,Ongata Rongai,Kiserian,Langata,Kabiria,Kawangware,Community,KNH,Ngumo,Kibera,Kiambu,Kiringiti,Ambassador,Kencom,GPO,Bus station,Umoja,Kario bangi south,JKIA,Utawala,Kitengela,Koma,Mwiki - Thika and back - Limuru - Zambezi,Kikuyu,Ndenderu,Ngong,Ongata Rongai,Kiserian,Langata,Kabiria,Kawangware,Community,KNH,Ngumo,Kibera,Kiambu,Kiringiti,Ambassador,Kencom,GPO,Bus station,Umoja,Kario bangi south,JKIA,Utawala,Kitengela,Koma,Mwiki - Thika and back",METROTRANS EAST AFRICA LIMITED
NTSA/RSN-0353,MNK Society,NTR-00201911011235560,,False,"Ruiru, Thika rd,Kasarani,Mwiki,Utawala,Cabanas,Outering rd,Kayole, Kariobangi",MNK SACCO SOCIETY LTD
NTSA/RSN-0353,MNK Society,NTR-00746,,True,"Flyover, Limuru Northern Bypass Thika Rd Ruiru Makongeni Ngara kasarani Mwiki Kangundo Rd Kamulu Eastern Bypass Utawala Cabanas Mombasa Rd Syokimau City Stadium via Nyayo Stadium Jogoo Rd Manyanja Rd Kayole Mihango Shooters Kariobangi, Outering Rd",MNK SACCO SOCIETY LTD
NTSA/RSN-0353,MNK Society,NTR-001393,,False,"kasarani, kariobangi, kayole",MNK SACCO SOCIETY LTD
NTSA/RSN-0353,MNK Society,ADR-O68IBL5,,False,"kasarani, kayole, kariobangi",MNK SACCO SOCIETY LTD
NTSA/RSN-0353,MNK Society,ADR-6DBSKLA,,False,"mwiki, utawala, kayole",MNK SACCO SOCIETY LTD
NTSA/RSN-0353,MNK Society,ADR-WZ9SD9A,,False,"mwiki, kayole, utawala",MNK SACCO SOCIETY LTD
NTSA/RSN-0353,MNK Society,ADR-537HQWM,,False,"mwiki, utawala, cabanas, kayole",MNK SACCO SOCIETY LTD
NTSA/RSN-0353,MNK Society,ADR-A5ACP8Y,,False,"mwiki, utawala, cabanas, outering road, kayole",MNK SACCO SOCIETY LTD
NTSA/RSN-0353,MNK Society,,,True,"Fly over - Limuru,Northern Bypass,Thika Rd,Ruiru,Makongeni,Ngara,Kasarani,Mwiki,Kangundo Rd,Kamulu,Eastern Bypass,Utawala,Cabanas,Mombasa Rd,Syokimau,City Stadium via Nyayo Stadium,Jogoo Rd,Savannah rd,Manyanja Rd,Kayole,Mihango,Shooters,Kariobangi,Outering rd - Alsops and back- Fly over - Limuru,Northern Bypass,Thika Rd,Ruiru,Makongeni,Ngara,Kasarani,Mwiki,Kangundo Rd,Kamulu,Eastern Bypass,Utawala,Cabanas,Mombasa Rd,Syokimau,City Stadium via Nyayo Stadium,Jogoo Rd,Savannah rd,Manyanja Rd,Kayole,Mihango,Shooters,Kariobangi,Outering rd - Alsops and back - Fly over - Limuru,Northern Bypass,Thika Rd,Ruiru,Makongeni,Ngara,Kasarani,Mwiki,Kangundo Rd,Kamulu,Eastern Bypass,Utawala,Cabanas,Mombasa Rd,Syokimau,City Stadium via Nyayo Stadium,Jogoo Rd,Savannah rd,Manyanja Rd,Kayole,Mihango,Shooters,Kariobangi,Outering rd - Alsops and back",MNK SACCO SOCIETY LTD
NTSA/RSN-0372,Moonlight Coach CO,NTR-00407,,False,"commercial, thika road, mathare north",moonlight coach co. limited
NTSA/RSN-02026,Msafi,NTR-00202101191052510,,True,"Nairobi, Gateway mall Mlolongo Kangundo rd Komarock bus park, Machakos",MSAFI TRAVELLERS LIMITED
NTSA/RSN-02026,Msafi,NTR-00202009021055530,,True,"Nairobi, Jogoo Rd Outering Rd Greatwall via Umoja Kitengela via Katani Machakos Konza Mbumbuni Wote Kibwezi, Mtito Andei",MSAFI TRAVELLERS LIMITED
NTSA/RSN-0393,Mwamba,NTR-00202002211411300,,False,"Mfangano, EastleighGarageJogoo rdBuruburuCivil servant, Komarock",MWAMBA TRAVELLERS SACCO
NTSA/RSN-0393,Mwamba,NTR-00202006121308400,,False,"Mfangano, Juja rdEastleigh.GarageJogoo rdBuruburuCivil servantKomarock rd, Komarock",MWAMBA TRAVELLERS SACCO
NTSA/RSN-0393,Mwamba,NTR-00441,,False,"komarock, jogoo road, mfangano",MWAMBA TRAVELLERS SACCO
NTSA/RSN-0393,Mwamba,ADR-Q5LC8BO,,False,"mfangano, eastleigh,jogoo road,buruburu,civil servant, garage",MWAMBA TRAVELLERS SACCO
NTSA/RSN-0393,Mwamba,ADR-EPJSEQB,,False,"komarock, mfangano, jogoo road",MWAMBA TRAVELLERS SACCO
NTSA/RSN-4282,Mwanzo Mpya Shuttles,NTR-00201911071624580,,True,"Kangundo, Mitamboni,Machakos,Kitui, Mwingi",MWANZO MPYA SHUTTLES LIMITED
NTSA/RSN-0394,Mwiki PSV Society,NTR-00202012241623260,,True,"Commercial, odeon Slip Rd Moi Avenue River Rd Munyu Rd Latema Rd via Westands juja Rd Outering Rd Eatleigh Wangari maathai Rd Kipande Rd Bus Station Thika Rd Kasarani Mwiki Njiru Utawala kangundo Rd eastern Bypass Juja RuiruThika Kangundo Jogoo Rd, Garissa Rd",MWIKI PSV SACCO SOCIETY LIMITED
NTSA/RSN-0394,Mwiki PSV Society,ADR-O68IPQJ,,False,"Commercial, Bus station Thika rd Thika Juja Kasarani Mwiki Njiru Utawala Eastern bypass Kangundo rd Kangundo Juja rd Outering rd Eastleigh Wangari Mathai rd, Kipande rd",MWIKI PSV SACCO SOCIETY LIMITED
NTSA/RSN-0394,Mwiki PSV Society,ADR-6DBSZ65,,True,"Commercial, Bus Station T Moi Avenue Odeon River Rd Munyu RdKipande Rd Latema Rd Slip Rd Waiyaki Way Juja Rd via Westands Wangari Maathai Rd Eatleigh Jogoo Rd Outering Rd Thika Rd Kasarani Mwiki Njiru Utawala Kangundo Rd Eastern Bypass Juja Ruiru Thika Kangundo, Garissa Rd",MWIKI PSV SACCO SOCIETY LIMITED
NTSA/RSN-0394,Mwiki PSV Society,ADR-WZ9SVZQ,,False,"bus station, thika road, kasarani, mwiki, njiru, utawala",MWIKI PSV SACCO SOCIETY LIMITED
NTSA/RSN-0394,Mwiki PSV Society,ADR-537H2DQ,,False,"commercial, thika road, kasarani, mwiki, njiru, utawala",MWIKI PSV SACCO SOCIETY LIMITED
NTSA/RSN-0394,Mwiki PSV Society,ADR-A5ACV3L,,False,"tommboya, njiru,thika road,kasarani, mwiki",MWIKI PSV SACCO SOCIETY LIMITED
NTSA/RSN-0394,Mwiki PSV Society,ADR-9AKF8ZJ,,False,"bus station, thika road,kasarani,mwiki, njiru",MWIKI PSV SACCO SOCIETY LIMITED
NTSA/RSN-0394,Mwiki PSV Society,ADR-DB3T823,,False,"bus station, mwiki, kasarani",MWIKI PSV SACCO SOCIETY LIMITED
NTSA/RSN-0394,Mwiki PSV Society,ADR-3ZQSVZ2,,False,"tommboya, thika road,kasarani,mwiki, njiru",MWIKI PSV SACCO SOCIETY LIMITED
NTSA/RSN-0394,Mwiki PSV Society,ADR-JY7S2WE,,False,"bus station, thika road, kasarani, mwiki",MWIKI PSV SACCO SOCIETY LIMITED
NTSA/RSN-0394,Mwiki PSV Society,ADR-POKS5V5,,False,"bus station, njiru,thika road,kasarani, mwiki",MWIKI PSV SACCO SOCIETY LIMITED
NTSA/RSN-0394,Mwiki PSV Society,ADR-VYASP5O,,False,"bus station, mwiki,thika road, kasarani",MWIKI PSV SACCO SOCIETY LIMITED
NTSA/RSN-0394,Mwiki PSV Society,ADR-Q5LCE7Z,,False,"odeon, thika,thika road, kasarani",MWIKI PSV SACCO SOCIETY LIMITED
NTSA/RSN-0397,Mwirona,ADR-EPJSYVD,,False,"bus station, thika road, kasarani, mwiki",MWIRONA SACCO LTD
NTSA/RSN-0397,Mwirona,ADR-2DVS5LV,,False,"bus station, mwiki,thika road, kasarani",MWIRONA SACCO LTD
NTSA/RSN-0397,Mwirona,ADR-K9BFVMA,,False,"bus station, mwiki, kasarani",MWIRONA SACCO LTD
NTSA/RSN-0399,Naboka,NTR-00201912031523330,,False,"Bus station, BomasKarenGataka, Ongata Rongai",NABOKA TRAVELLERS SACCO
NTSA/RSN-0399,Naboka,NTR-00202107221616530,,False,"Bus station, bomas ongata rongai gataka karen, ngong rd",NABOKA TRAVELLERS SACCO
NTSA/RSN-0399,Naboka,NTR-001389,,False,"bus station, bomas,karen, gataka",NABOKA TRAVELLERS SACCO
NTSA/RSN-0399,Naboka,ADR-537HBY7,,False,"bus station, bomas, karen",NABOKA TRAVELLERS SACCO
NTSA/RSN-0399,Naboka,ADR-A5ACK2P,,False,"bus station, karen, bomas",NABOKA TRAVELLERS SACCO
NTSA/RSN-0401,Nagiru 145,NTR-00202104150811240,145,False,"Ruiru, Alsops Outering rd Kariobangi, Kangundo rd junction",NAGIRU 145 SACCO
NTSA/RSN-0401,Nagiru 145,NTR-00477,145,False,"nairobi, thika road, ruiru",NAGIRU 145 SACCO
NTSA/RSN-0401,Nagiru 145,ADR-YM3SE9J,145,False,"Nairobi, Muranga, Kiriaini",NAGIRU 145 SACCO
NTSA/RSN-0401,Nagiru 145,ADR-8LMSVKJ,145,False,"nairobi, ruiru, thika road",NAGIRU 145 SACCO
NTSA/RSN-0401,Nagiru 145,,145,True,"Nairobi - Ruiru,Thika rd,Githunguri - Naivasha and back- Nairobi - Ruiru,Thika rd,Githunguri - Naivasha and back - Nairobi - Ruiru,Thika rd,Githunguri - Naivasha and back",NAGIRU 145 SACCO
NTSA/RSN-01798,Nailepu,NTR-00202007021212060,,True,"Kitengela, IsinyaKajiadoBissil, Namanga",Nailepu Travellers Sacco
NTSA/RSN-01798,Nailepu,NTR-00202012311440310,,False,"Kitengela, Isinya Kiserian, Ngong",Nailepu Travellers Sacco
NTSA/RSN-01798,Nailepu,NTR-00202012311439540,,False,"Kitengela, Emali, Loitoktok",Nailepu Travellers Sacco
NTSA/RSN-01798,Nailepu,NTR-00202105101216560,,True,"Kitengela, Emali Loitoktok Namanga Bissil KajiadoIsinya Kiserian, Ngong",Nailepu Travellers Sacco
NTSA/RSN-01798,Nailepu,ADR-JY7SLBZ,,True,"Nairobi, Kitengela Sultan Hamud Emali Kimana Loitoktok Namanga Bissil Kajiado Isinya Kiserian Ngong, Rongai",Nailepu Travellers Sacco
NTSA/RSN-0409,Nakam Society,NTR-00434,,True,"nairobi, machakos, kitui",NAKAM SACCO SOCIETY LIMITED
NTSA/RSN-0409,Nakam Society,NTR-00202111171240380,,True,"voi, kitui makueni machakos kitengela nairobi naivasha narok bomet nyamira kisii migori, sirare",NAKAM SACCO SOCIETY LIMITED
NTSA/RSN-0409,Nakam Society,NTR-00202111171242020,,True,"thika, nairobi kitengela machakos kitui wote mtito andei, voi",NAKAM SACCO SOCIETY LIMITED
NTSA/RSN-0409,Nakam Society,ADR-537HOPD,,True,"kitengela, easternbypass, thika, kitui, nairobi",NAKAM SACCO SOCIETY LIMITED
NTSA/RSN-0409,Nakam Society,ADR-A5AC7YZ,,True,"nairobi, kitengela, machakos, kitui",NAKAM SACCO SOCIETY LIMITED
NTSA/RSN-0409,Nakam Society,ADR-9AKFWBM,,True,"nairobi, athi river , kitengela, machakos",NAKAM SACCO SOCIETY LIMITED
NTSA/RSN-0409,Nakam Society,ADR-DB3T3L6,,True,"nairobi, machakos,athi river , kitengela",NAKAM SACCO SOCIETY LIMITED
NTSA/RSN-0410,Nakamata,NTR-00381,,True,"nairobi, machakos, Wote",NAKAMATA SAVINGS AND CREDIT COOPERATIVE SOCIETY LTD
NTSA/RSN-0410,Nakamata,ADR-8LMS5W2,,True,"nairobi, machakos, makueni, kitui, mutomo, kibwezi, ikutha, voi, mombasa",NAKAMATA SAVINGS AND CREDIT COOPERATIVE SOCIETY LTD
NTSA/RSN-0410,Nakamata,ADR-ZZJSV5M,,True,"nairobi, machakos, kitui, mutomo, ikutha, kibwezi, mtito andei, mombasa",NAKAMATA SAVINGS AND CREDIT COOPERATIVE SOCIETY LTD
NTSA/RSN-0410,Nakamata,ADR-LZRS65J,,True,"nairobi, athi river , kitengela, machakos",NAKAMATA SAVINGS AND CREDIT COOPERATIVE SOCIETY LTD
NTSA/RSN-0410,Nakamata,ADR-O68IBR3,,True,"nairobi, machakos, nunguni, makueni, kibwezi, mtiti andei, voi, mombasa",NAKAMATA SAVINGS AND CREDIT COOPERATIVE SOCIETY LTD
NTSA/RSN-0410,Nakamata,ADR-6DBSKVB,,True,"nairobi, machakos,makueni,kibwezi, mtitoandei",NAKAMATA SAVINGS AND CREDIT COOPERATIVE SOCIETY LTD
NTSA/RSN-0410,Nakamata,ADR-WZ9SDYD,,True,"nairobi, machakos,athi river , kitengela",NAKAMATA SAVINGS AND CREDIT COOPERATIVE SOCIETY LTD
NTSA/RSN-0410,Nakamata,ADR-537HQJ6,,True,"nairobi, machakos, nunguni, wote, kibwezi, mtitoandei",NAKAMATA SAVINGS AND CREDIT COOPERATIVE SOCIETY LTD
NTSA/RSN-0410,Nakamata,ADR-A5ACP9K,,True,"nairobi, mombasa,machakos, makueni, kitui, mutomo, kibwezi, ikutha, voi",NAKAMATA SAVINGS AND CREDIT COOPERATIVE SOCIETY LTD
NTSA/RSN-0410,Nakamata,ADR-9AKF2LW,,True,"nairobi, mtitoandei,machakos,makueni, kibwezi",NAKAMATA SAVINGS AND CREDIT COOPERATIVE SOCIETY LTD
NTSA/RSN-0410,Nakamata,ADR-DB3T5VO,,True,"nairobi, kitengela, machakos",NAKAMATA SAVINGS AND CREDIT COOPERATIVE SOCIETY LTD
NTSA/RSN-0410,Nakamata,ADR-3ZQS39O,,True,"nairobi, machakos, kitui, mutomo, ikutha, kibwezi, mtito andei, voi, mombasa",NAKAMATA SAVINGS AND CREDIT COOPERATIVE SOCIETY LTD
NTSA/RSN-0410,Nakamata,ADR-JY7SLV2,,True,"nairobi, mombasa, wote",NAKAMATA SAVINGS AND CREDIT COOPERATIVE SOCIETY LTD
NTSA/RSN-0410,Nakamata,ADR-POKSRDA,,False,"nairobi, mtitoandei, wote",NAKAMATA SAVINGS AND CREDIT COOPERATIVE SOCIETY LTD
NTSA/RSN-0412,Nakaski Transort Savings Credit,NTR-00202012111600420,,False,"Mwiki, Kasarani Ruiru Githurai Thika rd Outering rdKangundo rdJuja rd, Bus station",NAKASKI TRANSORT SAVINGS CREDIT SACCO LTD
NTSA/RSN-0412,Nakaski Transort Savings Credit,NTR-00202012111616200,,False,"Ruiru, Githurai Thika rd Outering rd Juja rd Kangundo rd Eastern Bypass Alsops, Mwiki",NAKASKI TRANSORT SAVINGS CREDIT SACCO LTD
NTSA/RSN-0412,Nakaski Transort Savings Credit,NTR-00201901291438350,,False,"Muranga, RuiruGithurai Thika rd Outering rd Juja rd Kangundo rdEastern bypass AlsopsMwiki, Kasarani",NAKASKI TRANSORT SAVINGS CREDIT SACCO LTD
NTSA/RSN-0412,Nakaski Transort Savings Credit,ADR-BQ9S3VL,,False,"Muranga, Thika rd GithuraiKasarani Mwiki Kangundo rd Outering rd Juja rd Commercial, Bus station",NAKASKI TRANSORT SAVINGS CREDIT SACCO LTD
NTSA/RSN-0412,Nakaski Transort Savings Credit,ADR-REOSLPA,,False,"Muranga, Thika Rd Ruiru Githurai Kasarani Mwiki Kangundo Rd Outering Rd Alsops Juja Rd Muranga Rd Wangari Maathai Rd Kipande Rd Commercial, Bus Station",NAKASKI TRANSORT SAVINGS CREDIT SACCO LTD
NTSA/RSN-0412,Nakaski Transort Savings Credit,ADR-MDMSA6Y,,False,"bus station, thika road, kasarani, mwiki",NAKASKI TRANSORT SAVINGS CREDIT SACCO LTD
NTSA/RSN-0412,Nakaski Transort Savings Credit,ADR-YM3SERK,,False,"bus station, mwiki,thika road, kasarani",NAKASKI TRANSORT SAVINGS CREDIT SACCO LTD
NTSA/RSN-0412,Nakaski Transort Savings Credit,ADR-8LMSVBD,,False,"alsops, kasarani,mwiki,eastern bypass, ruiru",NAKASKI TRANSORT SAVINGS CREDIT SACCO LTD
NTSA/RSN-0413,Nakathi,NTR-00209,,False,"odeon, githurai, kahawa west",NAKATHI TRAVELLERS SACCO LIMITED
NTSA/RSN-0413,Nakathi,NTR-00490,,False,"odeon, thika road, kahawa west",NAKATHI TRAVELLERS SACCO LIMITED
NTSA/RSN-0413,Nakathi,NTR-0066,,False,"commercial, zimmerman,kahawa west, githurai",NAKATHI TRAVELLERS SACCO LIMITED
NTSA/RSN-0413,Nakathi,NTR-00202105131504310,,False,"Kahawa West, Northern bypass Ruaka, Limuru town",NAKATHI TRAVELLERS SACCO LIMITED
NTSA/RSN-0413,Nakathi,NTR-00202105131503440,,False,"Kahawa West, Northern bypass Ruiru, Makongeni",NAKATHI TRAVELLERS SACCO LIMITED
NTSA/RSN-0413,Nakathi,NTR-00202105250744300,,False,"Odeon, limuru northern bypass ruaka thika rd outering rd kangundo rd eastern bypass githurai kahawa west ruiru, Makongeni",NAKATHI TRAVELLERS SACCO LIMITED
NTSA/RSN-0413,Nakathi,ADR-MDMSA59,,False,"Odeon, limuru northern bypass ruaka thika rd githurai kahawa west ruiru, Makongeni",NAKATHI TRAVELLERS SACCO LIMITED
NTSA/RSN-0413,Nakathi,ADR-YM3SE9Z,,False,"odeon, kahawa west,thika road, zimmerman",NAKATHI TRAVELLERS SACCO LIMITED
NTSA/RSN-0413,Nakathi,ADR-8LMSVKQ,,False,"odeon, kahawa west, thika road",NAKATHI TRAVELLERS SACCO LIMITED
NTSA/RSN-0413,Nakathi,ADR-ZZJS28Y,,False,"odeon, kahawa west, githurai",NAKATHI TRAVELLERS SACCO LIMITED
NTSA/RSN-0413,Nakathi,ADR-2DVS5JE,,False,"odeon, thika road, zimmerman, kahawa west",NAKATHI TRAVELLERS SACCO LIMITED
NTSA/RSN-0413,Nakathi,ADR-K9BFV9R,,False,"odeon, githurai,kahawa west,bypass, ruiru",NAKATHI TRAVELLERS SACCO LIMITED
NTSA/RSN-0414,Nakili,NTR-00202012031635220,,False,"Ndumberi, TurituKanunga Koinange Tigoni Limuru Rironi Nduma Zambezi Kikuyu Ndeiya Nachu Sgr, Ewaso Kidwang",NAKILI SAVINGS AND CREDIT CO-OPERATIVE SOCIETY LTD
NTSA/RSN-0414,Nakili,NTR-00202011231641170,,False,"Kikuyu, Muslim Dagoretti Karen Kawangware, Ndeiya",NAKILI SAVINGS AND CREDIT CO-OPERATIVE SOCIETY LTD
NTSA/RSN-0414,Nakili,NTR-001103,,False,"kikuyu, dagoreti, kamangu",NAKILI SAVINGS AND CREDIT CO-OPERATIVE SOCIETY LTD
NTSA/RSN-0414,Nakili,NTR-0086,,False,"tommboya, westlands,kinoo,kikuyu,thogoto,kamangu, limuru",NAKILI SAVINGS AND CREDIT CO-OPERATIVE SOCIETY LTD
NTSA/RSN-0414,Nakili,ADR-9AKFO5E,,False,"Kikuyu, Muslim Dagoretti Karen, Kawangware",NAKILI SAVINGS AND CREDIT CO-OPERATIVE SOCIETY LTD
NTSA/RSN-0414,Nakili,ADR-DB3TQDR,,False,"Kikuyu, NderiNdumaRironiLimuruKiambuNdeyia(muslim)DagoretikawangwareNgong rdBomas via kiberaKarenNgong, Ewaso kedong",NAKILI SAVINGS AND CREDIT CO-OPERATIVE SOCIETY LTD
NTSA/RSN-0414,Nakili,ADR-3ZQSOPY,,False,"kikuyu, dagoretti, kamangu and bank",NAKILI SAVINGS AND CREDIT CO-OPERATIVE SOCIETY LTD
NTSA/RSN-0414,Nakili,ADR-JY7SEMA,,False,"tommboya, limuru,westlands,kinoo,kikuyu,thogoto, kamangu",NAKILI SAVINGS AND CREDIT CO-OPERATIVE SOCIETY LTD
NTSA/RSN-0414,Nakili,ADR-POKS7Q6,,False,"westlands, kinoo,kikuyu,thogoto,kamangu, limuru",NAKILI SAVINGS AND CREDIT CO-OPERATIVE SOCIETY LTD
NTSA/RSN-0782,Nakinduka Matatu,NTR-00938,,False,"Kimende, Limuru Kiambu via Ruaka Ndumberi Githunguri, Kawaida",NAKINDUKA MATATU SAVINGS AND CREDIT COOPERATIVE SOCIETY LIMITED
NTSA/RSN-0782,Nakinduka Matatu,ADR-7WRSVYA,,False,"kiambu, ndumberi, kawaida, githunguri",NAKINDUKA MATATU SAVINGS AND CREDIT COOPERATIVE SOCIETY LIMITED
NTSA/RSN-0423,Nakwe Society,NTR-00440,,False,"Nairobi, Kiambu, githunguri kagwe kimende, uplands",NAKWE TRAVELLERS SACCO SOCIETY LTD
NTSA/RSN-0423,Nakwe Society,NTR-00201901180907220,,False,"ngara, kiambu,githuguri, kagwe",NAKWE TRAVELLERS SACCO SOCIETY LTD
NTSA/RSN-0423,Nakwe Society,ADR-REOSZJW,,False,"st peters, kiambu road,kiambu,githunguri, kagwe",NAKWE TRAVELLERS SACCO SOCIETY LTD
NTSA/RSN-0423,Nakwe Society,ADR-MDMSJ3D,,False,"st peters, kagwe,kiambu road,kiambu, githunguri",NAKWE TRAVELLERS SACCO SOCIETY LTD
NTSA/RSN-0435,Nangkis Matatu,NTR-0096,,False,"kiserian, ngong,karen,nduyu,yaya,gpo,ambassador, railways",NANGKIS MATATU SACCO
NTSA/RSN-0435,Nangkis Matatu,NTR-00166,,False,"kiserian, ngong,karen,yaya,ambassador, railways",NANGKIS MATATU SACCO
NTSA/RSN-0435,Nangkis Matatu,NTR-00201901141019580,,False,"kiserian, ngong,karen,dagoreti corner,prestige, kenyatta",NANGKIS MATATU SACCO
NTSA/RSN-0435,Nangkis Matatu,NTR-0095,,False,"railways, rongai,kiserian, ngong",NANGKIS MATATU SACCO
NTSA/RSN-0435,Nangkis Matatu,NTR-00202010221528160,,True,"Kitengela, Mombasa rd G.P.O Ambassador Railways KNH Yaya jamhuri naivasha rd Kawangware Ndunyu Kikuyu Limuru Karen Ngong Kiserian ongata rongai bomas hardylangata rd, nyayo",NANGKIS MATATU SACCO
NTSA/RSN-0435,Nangkis Matatu,NTR-0020160607100512,,True,"Kitengela, Isinya Mombasa Rd GPO Ambassador Railways KNH Yaya Kawangware Ndunyu Kikuyu Limuru Karen Rongai Magadi Kiserian Ngong, Suswa",NANGKIS MATATU SACCO
NTSA/RSN-0435,Nangkis Matatu,NTR-00155,,False,"kiserian, ngong,yaya,gpo, railways",NANGKIS MATATU SACCO
NTSA/RSN-0435,Nangkis Matatu,NTR-00201901151527460,,False,"kiserian, ngong,karen,ndunyu,dagoreti corner,prestige, yaya",NANGKIS MATATU SACCO
NTSA/RSN-0435,Nangkis Matatu,ADR-WZ9S98W,,True,"Kitengela, Mombasa rd G.P.O Ambassador Railways KNH YayaKawangwareNdunyuKikuyuLimuruKaren Ngong Kiserian, Rongai",NANGKIS MATATU SACCO
NTSA/RSN-0435,Nangkis Matatu,ADR-537HWPB,,False,"railways, ngong, kiserian",NANGKIS MATATU SACCO
NTSA/RSN-0435,Nangkis Matatu,ADR-A5AC8Y7,,False,"kiserian, railways,ngong,karen,yaya, ambassador",NANGKIS MATATU SACCO
NTSA/RSN-0435,Nangkis Matatu,ADR-9AKFRBR,,False,"railways, ngong,rongai, kiserian",NANGKIS MATATU SACCO
NTSA/RSN-0435,Nangkis Matatu,ADR-DB3TOLQ,,False,"kiserian, ngong, ndunyu, yaya, gpo, ambassadour, railways",NANGKIS MATATU SACCO
NTSA/RSN-0435,Nangkis Matatu,ADR-3ZQS2BV,,False,"kiserian, ngong, karen , dunyu, yaya, ambassador, railways15",NANGKIS MATATU SACCO
NTSA/RSN-0435,Nangkis Matatu,ADR-JY7S7J5,,False,"ngong, railways,karen,yaya, ambasdours",NANGKIS MATATU SACCO
NTSA/RSN-0442,Nawaku,NTR-00202109211036110,,False,"mwiki, kasarani thika rd, ABC",NAWAKU SACCO
NTSA/RSN-0442,Nawaku,NTR-00139,,False,"odeon, thika road,kasarani, thika",NAWAKU SACCO
NTSA/RSN-0442,Nawaku,NTR-00512,,False,"Odeon, Thika RoadKasaraniThika, Mwihoko",NAWAKU SACCO
NTSA/RSN-0442,Nawaku,NTR-001025,,False,"Mwiki, Kasarani thika Rd odeon, ABC",NAWAKU SACCO
NTSA/RSN-0442,Nawaku,NTR-00168,,False,"Odeon, ABC thika rd kasarani mwiki mwihoko eastern bypass kimbo, thika",NAWAKU SACCO
NTSA/RSN-0442,Nawaku,NTR-00513,,False,"odeon, kasarani, thika",NAWAKU SACCO
NTSA/RSN-0442,Nawaku,ADR-2DVSBRJ,,False,"odeon, thika,thika road, kasarani",NAWAKU SACCO
NTSA/RSN-0442,Nawaku,ADR-K9BFB63,,False,"odeon, thika, kasarani",NAWAKU SACCO
NTSA/RSN-01896,Nawaku,NTR-00139,,False,"Odeon, Thika Road,Kasarani, Thika",NAWAKU TRAVELLERS LIMITED
NTSA/RSN-01896,Nawaku,NTR-00202109211036110,,False,"mwiki, kasarani thika rd, ABC",NAWAKU TRAVELLERS LIMITED
NTSA/RSN-01896,Nawaku,ADR-LZRS622,,False,"Odeon, Thika road Kasarani thika, Muranga",NAWAKU TRAVELLERS LIMITED
NTSA/RSN-0443,Nawasuku,NTR-00202211011628520,,False,"Timboroa Lane, Kahawa Sukari Warren Uthiru KU Ruiru Kenol Eastern Bypass Outering Road Gatuanyaga Junction, Cabanas",NAWASUKU SACCO
NTSA/RSN-0443,Nawasuku,ADR-LZRS3JE,,False,"timboroa lane, kahawa sukari, warren, ku, ruiru",NAWASUKU SACCO
NTSA/RSN-0443,Nawasuku,ADR-O68ILJB,,False,"tom mboya, ku,thika road, warren, kahawa sukari",NAWASUKU SACCO
NTSA/RSN-0443,Nawasuku,ADR-6DBSDJW,,False,"bus station, ruiru,ku,kahawa sukari, warren",NAWASUKU SACCO
NTSA/RSN-0443,Nawasuku,ADR-WZ9S3RE,,False,"ruiru, ku, kahawa sukari, warren, timboroa lane",NAWASUKU SACCO
NTSA/RSN-0443,Nawasuku,ADR-537HO8O,,False,"timboroa lane, kahawa sukari, mwihoko, warren, ku, ruiru",NAWASUKU SACCO
NTSA/RSN-0444,Nazigi,NTR-00209,,False,"odeon, githurai, kahawa west",NAZIGI SACCO LIMITED
NTSA/RSN-0444,Nazigi,NTR-00415,,False,"ronald ngara, thika road, githurai",NAZIGI SACCO LIMITED
NTSA/RSN-0444,Nazigi,NTR-00202012242047420,,False,"Ronald ngara, Wangari maathaiKiambu GithuraiKahawa west bypassruiru, Thika(makongeni)",NAZIGI SACCO LIMITED
NTSA/RSN-0444,Nazigi,NTR-00202012291237110,,False,"KNH, nairobi westlands Wangari Maathai rd Kiambu rd bypass Githurai Kahawa West ruiru Thika(makongeni) eastern bypass ruai kangundo rd utawala Outering rd Juja Rd via Eastleigh cabanas, alsops",NAZIGI SACCO LIMITED
NTSA/RSN-0444,Nazigi,NTR-00490,,False,"odeon, thika road, kahawa west",NAZIGI SACCO LIMITED
NTSA/RSN-0444,Nazigi,NTR-00201812211550040,,False,"ronald ngala, githurai,kahawa west,bypass, ruiru",NAZIGI SACCO LIMITED
NTSA/RSN-0444,Nazigi,NTR-00201812211551470,,False,"ronald ngala, githurai,kahawa west,bypass,ruiru, thika (makongeni)",NAZIGI SACCO LIMITED
NTSA/RSN-0444,Nazigi,ADR-2DVSR3Q,,False,"Odeon, Ngara Wangari Maathai rd Kiambu rd Githurai Kahawa West Bypass Ruiru, Thika (Makongeni)",NAZIGI SACCO LIMITED
NTSA/RSN-0444,Nazigi,ADR-K9BF65K,,False,"Odeon, Ngara Wangari Maathai rd Kiambu rd Githurai Kahawa West Bypass Ruiru Thika Alsops Outering rd, Cabanas",NAZIGI SACCO LIMITED
NTSA/RSN-0444,Nazigi,ADR-7WRS9JE,,False,"Ronald ngara, Wangari maathai Kiambu rd Githurai Kahawa west bypass ruiruthika alsops outering, Cabanas",NAZIGI SACCO LIMITED
NTSA/RSN-0444,Nazigi,ADR-BQ9SQV9,,False,"KNH, nairobiTom mboya westlandsWangari Maathai rd Kiambu rd bypass Githurai Kahawa West ruiru Thika(makongeni) eastern bypass ruai kangundo rd utawala Outering rd cabanas, alsops",NAZIGI SACCO LIMITED
NTSA/RSN-0444,Nazigi,ADR-REOSZPW,,False,"ronald ngala, githurai , kahawa west",NAZIGI SACCO LIMITED
NTSA/RSN-0444,Nazigi,ADR-MDMSJ6D,,False,"odeon, kahawa west, githurai",NAZIGI SACCO LIMITED
NTSA/RSN-0444,Nazigi,ADR-YM3SBRO,,False,"ronald ngala, kahawa west, githurai",NAZIGI SACCO LIMITED
NTSA/RSN-0444,Nazigi,ADR-8LMSYBB,,False,"odeon, kahawa west,thika road, zimmerman",NAZIGI SACCO LIMITED
NTSA/RSN-0444,Nazigi,ADR-ZZJSJKL,,False,"odeon, thika road, zimmerman, kahawa west",NAZIGI SACCO LIMITED
NTSA/RSN-0444,Nazigi,ADR-LZRS7K6,,False,"odeon, githurai,kahawa west,bypass, ruiru",NAZIGI SACCO LIMITED
NTSA/RSN-0444,Nazigi,ADR-O68IM3V,,False,"odeon, githurai,kahawa west,bypass,ruiru,thika(makongeni), matuu",NAZIGI SACCO LIMITED
NTSA/RSN-0444,Nazigi,ADR-6DBS959,,False,"odeon, westlands,lavington,kileleshwa,yaya,via prestige, kibera dc",NAZIGI SACCO LIMITED
NTSA/RSN-0445,Neema Agency,NTR-00201911121120050,,False,"Gikomba, Eastleigh,juja rd,Outering rd,Kariobangi,Baba dogo, , Lucky summer",NEEMA TRAVELLERS AGENCY LIMITED
NTSA/RSN-0445,Neema Agency,NTR-00202010261059350,,False,"Kangundo rd, Ruai Greater Eastern Link rd Mwalimu fgarm Malaa, Koma Hill",NEEMA TRAVELLERS AGENCY LIMITED
NTSA/RSN-0445,Neema Agency,ADR-2DVSRBM,,False,"Eastleigh, gikomba commercial ronald ngala forest rdkariokor thika rd juja rd outering rd baba dogo kariobangi south kariobangi lucky summer gituamba githurai eastern bypass kangundo rd ruai kamulu joska malaa greater eastern link rd mwalimu farm, Koma Hill",NEEMA TRAVELLERS AGENCY LIMITED
NTSA/RSN-0445,Neema Agency,ADR-K9BF6B8,,False,"Eastleigh, gikomba commercial ronald ngala forest rd ojijo rd parklands rhapta rd kariokor thika rd juja rd outering rd baba dogo kariobangi south kariobangi lucky summer gituamba githurai eastern bypass kangundo rd ruai kamulu joska malaa greater eastern link rd mwalimu farm, Koma Hill",NEEMA TRAVELLERS AGENCY LIMITED
NTSA/RSN-0445,Neema Agency,ADR-7WRS92W,,False,"Kariobangi, Eastleigh gikomba commercial ronald ngala forest rd Kangemi ojijo rd parklands rhapta rd kariokor thika rd Gatundu Thika Kilimambogo Oldonyo Sabuk Juja Rd outering rd baba dogo kariobangi south lucky summer gituamba githurai eastern bypass kangundo rd ruai kamulu joska malaa greater eastern link rd mwalimu farm Koma Hill, Matuu",NEEMA TRAVELLERS AGENCY LIMITED
NTSA/RSN-0445,Neema Agency,ADR-EPJSABK,,False,"kariobangi south, juja road, kariokor, ronald ngara",NEEMA TRAVELLERS AGENCY LIMITED
NTSA/RSN-0445,Neema Agency,ADR-Q5LCYZZ,,False,"kariobangi, thika road, commercial",NEEMA TRAVELLERS AGENCY LIMITED
NTSA/RSN-0445,Neema Agency,ADR-A5ACLOL,,False,"gikomba, juja road, kariobangi",NEEMA TRAVELLERS AGENCY LIMITED
NTSA/RSN-0445,Neema Agency,NTR-00348,,False,"ronald ngara, juja road, kariobangi",NEEMA TRAVELLERS AGENCY LIMITED
NTSA/RSN-0445,Neema Agency,NTR-00349,,False,"ronald ngara, thika road,alsolps, kariobangi",NEEMA TRAVELLERS AGENCY LIMITED
NTSA/RSN-0445,Neema Agency,ADR-K9BF6V8,,False,"kariobangi south, outering road, thika road, gikomba, commercial",NEEMA TRAVELLERS AGENCY LIMITED
NTSA/RSN-0445,Neema Agency,ADR-POKSME5,,False,"gikomba, kariobangi, juja road",NEEMA TRAVELLERS AGENCY LIMITED
NTSA/RSN-0445,Neema Agency,ADR-DB3TBZ3,,False,"ronald ngara, kariobangi, thika road",NEEMA TRAVELLERS AGENCY LIMITED
NTSA/RSN-0445,Neema Agency,ADR-3ZQSLM2,,False,"ronald ngara, kariobangi, juja road",NEEMA TRAVELLERS AGENCY LIMITED
NTSA/RSN-0445,Neema Agency,NTR-00372,,False,"ronald ngara, thika road, kariobangi",NEEMA TRAVELLERS AGENCY LIMITED
NTSA/RSN-0445,Neema Agency,NTR-00357,,False,"dandora, kariobangi round about,alsolps,thika road, ronald ngara",NEEMA TRAVELLERS AGENCY LIMITED
NTSA/RSN-0445,Neema Agency,ADR-JY7SQ6E,,False,"kariobagi, juja road, eastleigh, gikomba",NEEMA TRAVELLERS AGENCY LIMITED
NTSA/RSN-0448,NEO Kenya Mpya Commuters,NTR-00922,,True,"Mombasa Rd(cabanas), Airport North Rd Outering Rd Eastern Bypass Utawala Ruai Thika Rd Pangani Parklands, Nairobi",NEO KENYA MPYA COMMUTERS LIMITED
NTSA/RSN-0448,NEO Kenya Mpya Commuters,NTR-001391,,False,"Thika, Pangani Kariokor Community, Nairobi",NEO KENYA MPYA COMMUTERS LIMITED
NTSA/RSN-0448,NEO Kenya Mpya Commuters,NTR-00211,,True,"nairobi, embu, meru",NEO KENYA MPYA COMMUTERS LIMITED
NTSA/RSN-0448,NEO Kenya Mpya Commuters,NTR-00615,,True,"nairobi, nanyuki,meru, isiolo",NEO KENYA MPYA COMMUTERS LIMITED
NTSA/RSN-0448,NEO Kenya Mpya Commuters,NTR-00202008171329140,,False,"Thika, Outering road Kangundo road Airport North Road Taj Mall Eastern Bypass, Tala",NEO KENYA MPYA COMMUTERS LIMITED
NTSA/RSN-0448,NEO Kenya Mpya Commuters,NTR-00149,,False,"nairobi, thika,kerugoya, kirinyaga",NEO KENYA MPYA COMMUTERS LIMITED
NTSA/RSN-0448,NEO Kenya Mpya Commuters,ADR-A5AC768,,False,"nairobi, kirinyaga,thika, kerugoya",NEO KENYA MPYA COMMUTERS LIMITED
NTSA/RSN-0448,NEO Kenya Mpya Commuters,ADR-9AKFWDO,,True,"nairobi, thika, embu, meru",NEO KENYA MPYA COMMUTERS LIMITED
NTSA/RSN-0448,NEO Kenya Mpya Commuters,ADR-DB3T368,,True,"nairobi, meru, embu",NEO KENYA MPYA COMMUTERS LIMITED
NTSA/RSN-0455,Ngokana,NTR-00166,,False,"kiserian, ngong,karen,yaya,ambassador, railways",NGOKANA SAVINGS AND CREDIT COOPERATIVE SOCIETY
NTSA/RSN-0455,Ngokana,NTR-00201901141019580,,False,"kiserian, ngong,karen,dagoreti corner,prestige, kenyatta",NGOKANA SAVINGS AND CREDIT COOPERATIVE SOCIETY
NTSA/RSN-0455,Ngokana,ADR-BQ9SQAO,,False,"kiserian, railways,ngong,yaya, gpo",NGOKANA SAVINGS AND CREDIT COOPERATIVE SOCIETY
NTSA/RSN-0455,Ngokana,ADR-REOSZ9K,,False,"kiserian, railways,ngong,karen,yaya, ambassador",NGOKANA SAVINGS AND CREDIT COOPERATIVE SOCIETY
NTSA/RSN-0456,Ngong,NTR-00202003161526160,,False,"Kiserian, NgongKarenNduyuYayaGpoAmbassadorRailwaysHaile sellasieMbagathi rd, Langata",NGONG TRAVELLERS SACCO
NTSA/RSN-0456,Ngong,NTR-0092,,False,"Railways, KNH,Mbagathi Way,Rongai, Magadi",NGONG TRAVELLERS SACCO
NTSA/RSN-0456,Ngong,NTR-00202012151526570,,True,"Kiserian, Ngong Karen Langata Mbagathi GPO Ambassador Haile selassie Nyayo Stadium Mombasa rd, Utawala",NGONG TRAVELLERS SACCO
NTSA/RSN-0456,Ngong,NTR-00202109161630370,,True,"magadi, kiserian ongataRongai ngong Karen ndunyu knh Yaya langata nyayo stadium mbagathi GPO ambassador railways Mombasa Rd outering rd jogoo Rd. Kangundo Rd njiru, Utawala",NGONG TRAVELLERS SACCO
NTSA/RSN-0456,Ngong,NTR-0096,,False,"kiserian, ngong,karen,nduyu,yaya,gpo,ambassador, railways",NGONG TRAVELLERS SACCO
NTSA/RSN-0456,Ngong,NTR-00166,,False,"kiserian, ngong,karen,yaya,ambassador, railways",NGONG TRAVELLERS SACCO
NTSA/RSN-0456,Ngong,ADR-VYAS98E,,False,"kiserian, ngong, ndunyu, yaya, gpo, ambassadour, railways",NGONG TRAVELLERS SACCO
NTSA/RSN-0456,Ngong,ADR-Q5LCMPP,,False,"railways, ngong, kiserian",NGONG TRAVELLERS SACCO
NTSA/RSN-0456,Ngong,ADR-EPJSRKW,,False,"railways, kiserian, ngong",NGONG TRAVELLERS SACCO
NTSA/RSN-0456,Ngong,ADR-2DVSDM6,,False,"kiserian, ngong, karen , dunyu, yaya, ambassador, railways",NGONG TRAVELLERS SACCO
NTSA/RSN-0457,Ngumo-line,NTR-00201911111218030,,False,"St peters, Serena,Valley rd,Knh,Ngumo,Soweto,Kibera,Mbagathi rd,Tmall,Nyayo stadium,Lusaka rd,Enterprise rd, General Motors",NGUMO-LINE SAVINGS AND CREDIT CO-OPERATIVE SOCIETY LIMITED
NTSA/RSN-0457,Ngumo-line,NTR-00202110191107070,,False,"ngumo, mbagathi rd KNH tmall nyayo stadium lusaka rd muthurwa jogoo rd outering rd, Kangundo rd",NGUMO-LINE SAVINGS AND CREDIT CO-OPERATIVE SOCIETY LIMITED
NTSA/RSN-0457,Ngumo-line,NTR-00157,,False,"st.peters, valley road,serena,knh,mbagathi, ngumo",NGUMO-LINE SAVINGS AND CREDIT CO-OPERATIVE SOCIETY LIMITED
NTSA/RSN-0457,Ngumo-line,ADR-537H63J,,False,"st.peters, serana, valley road, knh, ngumo, soweto, kibera",NGUMO-LINE SAVINGS AND CREDIT CO-OPERATIVE SOCIETY LIMITED
NTSA/RSN-0457,Ngumo-line,ADR-A5ACLJJ,,False,"st.peters, ngumo,valley road,serena, mbagathi",NGUMO-LINE SAVINGS AND CREDIT CO-OPERATIVE SOCIETY LIMITED
NTSA/RSN-0457,Ngumo-line,ADR-9AKFA7Y,,False,"st.peters, ngumo,valley road,serena,knh, mbagathi",NGUMO-LINE SAVINGS AND CREDIT CO-OPERATIVE SOCIETY LIMITED
NTSA/RSN-1112,Nicco Movers,NTR-00201910041103390,,False,"Luthuli Avenue, Thika rd,Juja,Makongeni,, Gatundu",NICCO MOVERS LIMITED
NTSA/RSN-1112,Nicco Movers,NTR-00912,,True,"NAIROBI, MURANGA, KERUGOYA, EMBU, KARATINA, NYERI, NYAHURURU",NICCO MOVERS LIMITED
NTSA/RSN-1112,Nicco Movers,,,True,NAKURU,NICCO MOVERS LIMITED
NTSA/RSN-1112,Nicco Movers,NTR-00415,,False,"ronald ngara, thika road, githurai",NICCO MOVERS LIMITED
NTSA/RSN-1112,Nicco Movers,NTR-00201911061447250,,False,"Ronald Ngala, Thika rd,Githurai,Juja, Thika (MAKONGENI)",NICCO MOVERS LIMITED
NTSA/RSN-1112,Nicco Movers,NTR-00202002041115240,,False,"Ronald Ngala, GithuraiJujaThika, Makongeni",NICCO MOVERS LIMITED
NTSA/RSN-1112,Nicco Movers,ADR-A5AC8E3,,False,"nairobi, thika road, githurai",NICCO MOVERS LIMITED
NTSA/RSN-0464,Nkikan Society,NTR-00202108060738470,,False,"Kitengela, isinya ngong karen kikuyu wangige northern bypass KU ruiru thika, Makongeni",NKIKAN SACCO SOCIETY LIMITED
NTSA/RSN-0464,Nkikan Society,NTR-00840,,True,"Nairobi, kitengela namanga kiserian rongai gataka rd langata rdmbagathi rd ngong rd suswa kikuyu wangige nothern bypass kiambu ruiru thika, makongeni",NKIKAN SACCO SOCIETY LIMITED
NTSA/RSN-0464,Nkikan Society,NTR-001424,,True,"nairobi, ngong rd,kiserian,isinya, namanga anad back",NKIKAN SACCO SOCIETY LIMITED
NTSA/RSN-0464,Nkikan Society,NTR-00716,,True,"nairobi, kiserian,isinya, namanga",NKIKAN SACCO SOCIETY LIMITED
NTSA/RSN-0464,Nkikan Society,NTR-0095,,False,"railways, rongai,kiserian, ngong",NKIKAN SACCO SOCIETY LIMITED
NTSA/RSN-0464,Nkikan Society,ADR-ZZJSJLL,,True,"railways, knh, mbagathi, langata road, rongai, kiserian, namanga",NKIKAN SACCO SOCIETY LIMITED
NTSA/RSN-0464,Nkikan Society,ADR-2DVSRPD,,True,"nairobi, rongai, kiserian, isinya, kajiado, namanga",NKIKAN SACCO SOCIETY LIMITED
NTSA/RSN-0464,Nkikan Society,ADR-K9BF6YE,,True,"nairobi, namanga,kiserian, isinya",NKIKAN SACCO SOCIETY LIMITED
NTSA/RSN-0495,Obamana,NTR-00202011161232480,,False,"Kangundo rd, Outering rd Juja rd Eatsleigh Gikomba Jogoo rd Enterprise rd Eatern Bypass, Alsops",OBAMANA TRAVELLERS SACCO
NTSA/RSN-0495,Obamana,NTR-00202211141656550,,True,"Bus Station, Westlands via Waiyaki Way Ruiru via Thika Rd Alsops Outering Rd Juja Rd Eastleigh Gikomba Jogoo Rd Enterprise Rd Mombasa Rd Eastern Bypass, Kangundo Rd",OBAMANA TRAVELLERS SACCO
NTSA/RSN-0495,Obamana,ADR-7WRSZQK,,False,"temple lane, jogoo road, outer ring road, kangundo road, kantafu market",OBAMANA TRAVELLERS SACCO
NTSA/RSN-0495,Obamana,ADR-BQ9S3KO,,False,"temple lane, kantafu market,jogoo road, outer ring road, kangundo road",OBAMANA TRAVELLERS SACCO
NTSA/RSN-0495,Obamana,ADR-REOSLDK,,False,"bus station, malaa,jogoo road,kangundo road,ruai, joska",OBAMANA TRAVELLERS SACCO
NTSA/RSN-0495,Obamana,ADR-MDMSAWB,,False,"bus station, jogoo road, buruburu, outering road, kangundo road, kantafu market",OBAMANA TRAVELLERS SACCO
NTSA/RSN-0499,Ongata Line,ADR-WZ9SWOK,,False,"railways, mbagathi way,ongata rongai, kiserian",ONGATA LINE TRANSPORTERS LIMITED
NTSA/RSN-0499,Ongata Line,ADR-537H6MR,,False,"railways, kiserian, ongata rongai",ONGATA LINE TRANSPORTERS LIMITED
NTSA/RSN-0499,Ongata Line,ADR-A5ACLW6,,False,"railways, kiserian,mbagathi way, ongata rongai",ONGATA LINE TRANSPORTERS LIMITED
NTSA/RSN-0500,Ongata Rongai BUS Services,NTR-00202106141134550,,False,"ongata rongai, bomas railways, Kitengela",ongata rongai bus services
NTSA/RSN-0500,Ongata Rongai BUS Services,NTR-00138,,False,"kiserian, magadi road,langata road,mbagathi road,knh, railways",ongata rongai bus services
NTSA/RSN-0500,Ongata Rongai BUS Services,NTR-00201909271127470,,False,"KITENGELA, MLOLONGOEMBAKASIJOGOO RDMOMBASA ROADOUTERING ROADSAVANNAH ROUTEALSOPS, ACCRA RD",ongata rongai bus services
NTSA/RSN-0500,Ongata Rongai BUS Services,NTR-00202007031207480,,True,"Railways, Kitengela via, Mombasa Rd",ongata rongai bus services
NTSA/RSN-0500,Ongata Rongai BUS Services,ADR-POKSK2Q,,False,"railways, ongata rongai, kiserian",ongata rongai bus services
NTSA/RSN-0500,Ongata Rongai BUS Services,ADR-VYASAY9,,False,"railways, kiserian, ongata rongai",ongata rongai bus services
NTSA/RSN-0501,Orokise,NTR-00138,,False,"kiserian, magadi road,langata road,mbagathi road,knh, railways",OROKISE SACCO LTD
NTSA/RSN-0501,Orokise,ADR-3ZQSL52,,False,"railways, knh,mbagathi way,rongai, kiserian",OROKISE SACCO LTD
NTSA/RSN-0501,Orokise,ADR-JY7SQ5E,,False,"railways, ongata rongai, kiserian",OROKISE SACCO LTD
NTSA/RSN-0501,Orokise,ADR-POKSMA5,,False,"railways, kiserian, ongata rongai",OROKISE SACCO LTD
NTSA/RSN-0501,Orokise,ADR-VYASVOO,,False,"kiserian, railways,magadi road,langata road,mbagathi road, knh",OROKISE SACCO LTD
NTSA/RSN-0501,Orokise,ADR-Q5LCYOZ,,True,"nairobi, rongai, kiserian, isinya, kajiado, namanga",OROKISE SACCO LTD
NTSA/RSN-0501,Orokise,ADR-EPJSA3K,,True,"railways, knh, mbagathi, langata road, rongai, kiserian, namanga",OROKISE SACCO LTD
NTSA/RSN-0501,Orokise,ADR-2DVSZJO,,False,"railways, mbagathi way,ongata rongai, kiserian",OROKISE SACCO LTD
NTSA/RSN-0501,Orokise,ADR-K9BFE9O,,False,"railways, kiserian,mbagathi way, ongata rongai",OROKISE SACCO LTD
NTSA/RSN-0501,Orokise,ADR-7WRS75B,,False,"railways, kiserian,knh,mbagathi way, rongai",OROKISE SACCO LTD
NTSA/RSN-0501,Orokise,ADR-BQ9S76R,,False,"railways, ngong,rongai, kiserian",OROKISE SACCO LTD
NTSA/RSN-0502,Oromats Society,ADR-A5AC875,,False,"kiserian, railways,magadi road,langata road,mbagathi road, knh",OROMATS SACCO SOCIETY LTD
NTSA/RSN-0502,Oromats Society,ADR-K9BF6YE,,True,"nairobi, namanga,kiserian, isinya",OROMATS SACCO SOCIETY LTD
NTSA/RSN-0502,Oromats Society,ADR-DB3TO35,,False,"railways, ongata rongai, kiserian",OROMATS SACCO SOCIETY LTD
NTSA/RSN-0502,Oromats Society,ADR-POKSK8P,,False,"railways, knh,mbagathi way,rongai, kiserian",OROMATS SACCO SOCIETY LTD
NTSA/RSN-0502,Oromats Society,NTR-00716,,True,"nairobi, kiserian,isinya, namanga",OROMATS SACCO SOCIETY LTD
NTSA/RSN-0502,Oromats Society,ADR-LZRSR32,,False,"railways, mbagathi way,ongata rongai, kiserian",OROMATS SACCO SOCIETY LTD
NTSA/RSN-0502,Oromats Society,ADR-7WRS9VW,,True,"nairobi, rongai, kiserian, isinya, kajiado, namanga",OROMATS SACCO SOCIETY LTD
NTSA/RSN-0502,Oromats Society,ADR-WZ9S937,,False,"nairobi, kiserian, magadi",OROMATS SACCO SOCIETY LTD
NTSA/RSN-0502,Oromats Society,ADR-ZZJSJLL,,True,"railways, knh, mbagathi, langata road, rongai, kiserian, namanga",OROMATS SACCO SOCIETY LTD
NTSA/RSN-0502,Oromats Society,NTR-00138,,False,"kiserian, magadi road,langata road,mbagathi road,knh, railways",OROMATS SACCO SOCIETY LTD
NTSA/RSN-0502,Oromats Society,ADR-ZZJSRQL,,False,"ngong, kjiado,kiserian, isinya",OROMATS SACCO SOCIETY LTD
NTSA/RSN-0502,Oromats Society,ADR-8LMS9EB,,False,"railways, magadi,knh,mbagathi way, rongai",OROMATS SACCO SOCIETY LTD
NTSA/RSN-0502,Oromats Society,ADR-YM3S56O,,False,"railways, knh,mbagathi way,rongai, magadi",OROMATS SACCO SOCIETY LTD
NTSA/RSN-0503,Outer Circle,ADR-JY7SE2K,,False,"gillhouse, muthurwa,jogoo road,buruburu, civilservant",OUTER CIRCLE SACCO
NTSA/RSN-0503,Outer Circle,ADR-POKS75Z,,False,"jericho, maringo,jogoo road, temple road",OUTER CIRCLE SACCO
NTSA/RSN-0503,Outer Circle,ADR-VYASZP6,,False,"jericho, temple road,maringo, jogoo road",OUTER CIRCLE SACCO
NTSA/RSN-0503,Outer Circle,ADR-Q5LCBO2,,False,"gill house, outering,jogoo road, buruburu",OUTER CIRCLE SACCO
NTSA/RSN-0503,Outer Circle,ADR-EPJSQ3P,,False,"muthurwa, jogoo road,maringo,jericho,bururburu, dandora",OUTER CIRCLE SACCO
NTSA/RSN-0503,Outer Circle,ADR-2DVS2JY,,False,"gill house, jogoo road,buruburu, outering",OUTER CIRCLE SACCO
NTSA/RSN-0504,Outreach Travel,NTR-00202011131701470,,True,"Muthurwa, Jogoo rd Likoni rd Lungalunga Mombasa rd Taj Mall Outering rd, Alsops",OUTREACH TRAVEL
NTSA/RSN-0504,Outreach Travel,NTR-00202107081403490,,True,"temple rd, muthurwa gikomba juja rd jogoo rd likoni rd lenterprise rd lusaka rd kwa njenga lunga lunga mombasa rd kitengela cabanaseastern by pass outering rd kangundo rd malaa, Thika rd",OUTREACH TRAVEL
NTSA/RSN-0504,Outreach Travel,NTR-00601,,False,"temple rd, muthurwa,jogoo rd,likoni rd,lungalunga rd, donholm route",OUTREACH TRAVEL
NTSA/RSN-0504,Outreach Travel,ADR-3ZQSVY2,,True,"Muthurwa, Jogoo rd Likoni rd Mombasa rd Taj Mall Outering rd, Alsops",OUTREACH TRAVEL
NTSA/RSN-0504,Outreach Travel,ADR-JY7S2OE,,False,"muthurwa, jogoo road,likoni road,lungalunga, donholm",OUTREACH TRAVEL
NTSA/RSN-0504,Outreach Travel,ADR-POKS5L5,,False,"muthurwa, donholm,jogoo road,likoni road, lungalunga",OUTREACH TRAVEL
NTSA/RSN-0504,Outreach Travel,ADR-VYASPKO,,False,"temple rd, donholm route,muthurwa,jogoo rd,likoni rd, lungalunga rd",OUTREACH TRAVEL
NTSA/RSN-0504,Outreach Travel,ADR-Q5LCEKZ,,False,"muthurwa, kwa njenga,enterprise road, lusaka road",OUTREACH TRAVEL
NTSA/RSN-0506,Pakin Alicia Society,NTR-00126,,False,"railways, dagoreti, kikuyu",PAKIN ALICIA SACCO SOCIETY LTD
NTSA/RSN-0506,Pakin Alicia Society,NTR-00104,,False,"railways, kikuyu, dagoretti",PAKIN ALICIA SACCO SOCIETY LTD
NTSA/RSN-0506,Pakin Alicia Society,NTR-00667,,False,"railways, kawangware,dagorretti,kikuyu, gikambura",PAKIN ALICIA SACCO SOCIETY LTD
NTSA/RSN-0506,Pakin Alicia Society,NTR-00201901141021120,,False,"knh, dagoreti,kikuyu, limuru",PAKIN ALICIA SACCO SOCIETY LTD
NTSA/RSN-0506,Pakin Alicia Society,NTR-00202105240911050,,False,"Railways, ngong rd karen dagoretti kawangware kikuyu, Limuru",PAKIN ALICIA SACCO SOCIETY LTD
NTSA/RSN-0506,Pakin Alicia Society,NTR-00201901070914160,,False,"kenyatta, dagoretti,kikuyu, limuru",PAKIN ALICIA SACCO SOCIETY LTD
NTSA/RSN-0506,Pakin Alicia Society,ADR-MDMSMR5,,False,"railways, dagoreti, kikuyu, limuru",PAKIN ALICIA SACCO SOCIETY LTD
NTSA/RSN-0506,Pakin Alicia Society,ADR-YM3SLAD,,False,"railways, kawangware,kikuyu, dagoretti",PAKIN ALICIA SACCO SOCIETY LTD
NTSA/RSN-0506,Pakin Alicia Society,ADR-8LMSO6W,,False,"railways, kikuyu, dagoreti",PAKIN ALICIA SACCO SOCIETY LTD
NTSA/RSN-0506,Pakin Alicia Society,ADR-ZZJSZWW,,False,"railways, dagoretti,kawangware, kikuyu",PAKIN ALICIA SACCO SOCIETY LTD
NTSA/RSN-0506,Pakin Alicia Society,ADR-LZRSRVZ,,False,"railways, kawangware, limuru",PAKIN ALICIA SACCO SOCIETY LTD
NTSA/RSN-0506,Pakin Alicia Society,ADR-O68I875,,False,"railways, kikuyu,ngong road, dagoretti",PAKIN ALICIA SACCO SOCIETY LTD
NTSA/RSN-0506,Pakin Alicia Society,ADR-6DBSL7A,,False,"kikuyu, gikambura, dagoreti",PAKIN ALICIA SACCO SOCIETY LTD
NTSA/RSN-0506,Pakin Alicia Society,ADR-WZ9S96A,,False,"railways, dagoretti, kikuyu",PAKIN ALICIA SACCO SOCIETY LTD
NTSA/RSN-01749,Pals Matatu,NTR-0042,,False,"railways, yaya, kawangware",PALS MATATU SAVINGS AND CREDIT CO-OPERATIVE SOCIETY LIMITED
NTSA/RSN-01749,Pals Matatu,NTR-00201907151554060,,False,"railways, yaya,kawangware,riruta satelite, dagoretti market",PALS MATATU SAVINGS AND CREDIT CO-OPERATIVE SOCIETY LIMITED
NTSA/RSN-3487,Peja,NTR-00202002270910280,,False,"Saika, Kangundo rdDandoraOuteringBuruburuJerichoMaringoJogoo rdOtc, Temple rd",peja travellers limited
NTSA/RSN-3487,Peja,ADR-EPJS7D5,,False,"ALSOLPS,, OUTERING ROAD,, CITY CABANAS AND BACK",peja travellers limited
NTSA/RSN-3487,Peja,ADR-POKS75Z,,False,"jericho, maringo,jogoo road, temple road",peja travellers limited
NTSA/RSN-3487,Peja,NTR-00202002270910280,,False,"Saika, Kangundo rdDandoraOuteringBuruburuJerichoMaringoJogoo rdOtc, Temple rd",peja travellers limited
NTSA/RSN-3487,Peja,ADR-EPJS7D5,,False,"ALSOLPS,, OUTERING ROAD,, CITY CABANAS AND BACK",peja travellers limited
NTSA/RSN-3487,Peja,ADR-POKS75Z,,False,"jericho, maringo,jogoo road, temple road",peja travellers limited
NTSA/RSN-0508,Pejo Tech Company,NTR-00741,,True,"Bus Station, Jogoo rd Muthurwa Gikomba Kariokor Juja Rd OuteringRd Allsops Kariobangi dandora Moslem machakos mlolongo mombasa rd Cabanas EasternBypass Utawala Ruiru Roundabout kangundo rd ruai joska malaa tala Thika Makongeni kiskioni donyosabuk kilimambogo, Nyeri",PEJO TECH COMPANY LTD
NTSA/RSN-0508,Pejo Tech Company,NTR-00114,,False,"ronald ngala, kariobangi, dandora",PEJO TECH COMPANY LTD
NTSA/RSN-0508,Pejo Tech Company,NTR-00357,,False,"dandora, kariobangi round about,alsolps,thika road, ronald ngara",PEJO TECH COMPANY LTD
NTSA/RSN-0508,Pejo Tech Company,ADR-9AKFR89,,False,"dandora, juja road, ronald ngala",PEJO TECH COMPANY LTD
NTSA/RSN-0510,Pinpoint Solution (k),NTR-00202109291448350,,True,"thika rd, bypass kangundo rd jogoo rd eastleigh juja rd gikomba alsops maringo jericho outering rd kamuluruiru OTC mombasa rd komarock muthurwa bus station kayole, Utawala",PINPOINT SOLUTION (K) LTD
NTSA/RSN-0510,Pinpoint Solution (k),NTR-0047,,False,"kayole, jogoo road,muthurwa, otc",PINPOINT SOLUTION (K) LTD
NTSA/RSN-0510,Pinpoint Solution (k),NTR-00117,,False,"kayole, juja road, gikomba",PINPOINT SOLUTION (K) LTD
NTSA/RSN-0510,Pinpoint Solution (k),NTR-00439,,False,"bus station, jogoo road,kayole, muthurwa",PINPOINT SOLUTION (K) LTD
NTSA/RSN-0510,Pinpoint Solution (k),ADR-EPJSEOJ,,False,"kayole, jogoo road, otc",PINPOINT SOLUTION (K) LTD
NTSA/RSN-0510,Pinpoint Solution (k),ADR-2DVSRE2,,False,"kayole, otc, jogoo road",PINPOINT SOLUTION (K) LTD
NTSA/RSN-0510,Pinpoint Solution (k),ADR-K9BF6PW,,False,"kayole, jogoo road, muthurwa, otc, mfangano",PINPOINT SOLUTION (K) LTD
NTSA/RSN-0510,Pinpoint Solution (k),ADR-7WRS985,,False,"kayole, gikomba, juja road",PINPOINT SOLUTION (K) LTD
NTSA/RSN-0510,Pinpoint Solution (k),ADR-BQ9SQ96,,False,"bus station, muthurwa, jogoo road, kayole, eastern bypass, utawala",PINPOINT SOLUTION (K) LTD
NTSA/RSN-0510,Pinpoint Solution (k),ADR-REOSZAE,,False,"kayole, komarocksmolemjuja road, eastleigh",PINPOINT SOLUTION (K) LTD
NTSA/RSN-0510,Pinpoint Solution (k),ADR-MDMSJVR,,False,"muthurwa, jogoo road, kayole",PINPOINT SOLUTION (K) LTD
NTSA/RSN-0513,Prime Transcity,NTR-0048,,False,"kayole, juja road,eastleigh, gikomba",prime  transcity limited
NTSA/RSN-0513,Prime Transcity,NTR-00117,,False,"kayole, juja road, gikomba",prime  transcity limited
NTSA/RSN-0513,Prime Transcity,NTR-0047,,False,"kayole, jogoo road,muthurwa, otc",prime  transcity limited
NTSA/RSN-0513,Prime Transcity,NTR-00206,,False,"kayole, umoja, outering, juja road, gikomba",prime  transcity limited
NTSA/RSN-0513,Prime Transcity,NTR-0052,,False,"kayole, umoja,outering,juja road, gikomba",prime  transcity limited
NTSA/RSN-0513,Prime Transcity,NTR-00201907151558480,,False,"kayole, komarock rd,juja rd, gikomba",prime  transcity limited
NTSA/RSN-0513,Prime Transcity,ADR-MDMSMO6,,False,"Kangundo rd, Kamulu Eastern bypass Cabanas Outering rd Tassia link Savannah Komarock Umoja komarock rd Heshima rd Jogoo rd Muthurwa Gikomba Eastleigh juja rd Mihango, Ruiru underpass",prime  transcity limited
NTSA/RSN-0513,Prime Transcity,ADR-YM3SL58,,False,"Kangundo rd, Kamulu Eastern bypass Cabanas Outering rd alsops Tassia link Savannah Komarock Umoja kayole komarock rd Heshima rd Jogoo rd otc Muthurwa Gikomba Eastleigh juja rd Mihango, Ruiru underpass",prime  transcity limited
NTSA/RSN-0513,Prime Transcity,ADR-8LMSO95,,False,"kayole, jogoo road, otc",prime  transcity limited
NTSA/RSN-0513,Prime Transcity,ADR-ZZJSZR9,,False,"kayole, komarocksmolemjuja road, eastleigh",prime  transcity limited
NTSA/RSN-0513,Prime Transcity,ADR-LZRSRY7,,False,"kayole, otc, jogoo road",prime  transcity limited
NTSA/RSN-0513,Prime Transcity,ADR-O68I8PL,,False,"kayole, gikomba,juja road, eastleigh",prime  transcity limited
NTSA/RSN-0513,Prime Transcity,ADR-6DBSLZL,,False,"kayole, otc,jogoo road, muthurwa",prime  transcity limited
NTSA/RSN-0513,Prime Transcity,ADR-WZ9S9VL,,False,"kayole, gikomba, juja road",prime  transcity limited
NTSA/RSN-0516,QUE Services,NTR-00731,,False,"huruma, eeastleigh, lunga lunga",QUE SERVICES SAVINGS AND CREDIT CO-OPERATIVE SOCIETY LTD
NTSA/RSN-0516,QUE Services,ADR-K9BFBEY,,True,"Huruma, Eastleigh, Jogoo road, Likoni road, Lunga lunga, Outering road, Green span, Cabanas Terminus, Mombasa rd",QUE SERVICES SAVINGS AND CREDIT CO-OPERATIVE SOCIETY LTD
NTSA/RSN-0516,QUE Services,ADR-7WRS27O,,True,"Huruma, Eastleigh, Jogoo roadlusaka rd enterprise rd, Likoni road, Lunga lunga, Outering road kangundo rd kamulu, Green span, Cabanas Terminus, Mombasa rd",QUE SERVICES SAVINGS AND CREDIT CO-OPERATIVE SOCIETY LTD
NTSA/RSN-0516,QUE Services,ADR-BQ9SZ77,,False,"huruma, eastleigh, jogoo road, likoni road, lunga lunga",QUE SERVICES SAVINGS AND CREDIT CO-OPERATIVE SOCIETY LTD
NTSA/RSN-0516,QUE Services,ADR-REOSO8Z,,False,"huruma, lunga lunga,eastleigh, jogoo road, likoni road",QUE SERVICES SAVINGS AND CREDIT CO-OPERATIVE SOCIETY LTD
NTSA/RSN-0516,QUE Services,ADR-MDMSMKA,,False,"huruma, lunga lunga, eeastleigh",QUE SERVICES SAVINGS AND CREDIT CO-OPERATIVE SOCIETY LTD
NTSA/RSN-0516,QUE Services,ADR-YM3SLVL,,False,"huruma, ronald ngala,juja, ngara",QUE SERVICES SAVINGS AND CREDIT CO-OPERATIVE SOCIETY LTD
NTSA/RSN-0516,QUE Services,ADR-8LMSOJE,,False,"huruma, ronald ngala,joskasaga, kariokor",QUE SERVICES SAVINGS AND CREDIT CO-OPERATIVE SOCIETY LTD
NTSA/RSN-02043,RAJ Safaris,NTR-00202106161128210,,False,"Railways, ngong rd kibera yaya kawangware dagoretti, kabiria",RAJ SAFARIS LIMITED
NTSA/RSN-02043,RAJ Safaris,NTR-00202107081548470,,True,"tom mboya, mombasa rd utawala eastern bypass kamakis railways via thika rdngong rd kibera yaya kawangware dagoretti, kabiria",RAJ SAFARIS LIMITED
NTSA/RSN-02043,RAJ Safaris,NTR-0077,,True,"Tom Mboya, Mombasa RdUtawala Eastern Bypass Kamakis Railways via Thika Rd Kibera Yaya Kawangware Dagoretti Kabiria Rongai Ngong Kiserian Isinya, Kitengela",RAJ SAFARIS LIMITED
NTSA/RSN-4328,Rasasi,NTR-00201911081222270,,False,"Bus station, Nyayo stadium,Langata,St marys,Rongai,Kiserian,Ngong,Karen,Dagoretti corner,Knh,Kileleshwa,Westlands,Museum road,Limuru rd, Ruaka",rasasi travellers limited
NTSA/RSN-4328,Rasasi,NTR-00370,,False,"bus station, kenyatta,mbagathi road,langata,otiende, st marys",rasasi travellers limited
NTSA/RSN-4328,Rasasi,NTR-00201903041604540,,False,"bus station, nyayo stadium,rongai,kiserian,ngong,karen,dagoretti corner, kenyatta hospital",rasasi travellers limited
NTSA/RSN-4328,Rasasi,NTR-00201901141206210,,False,"nyayo stadium, rongai,kiserian,ngong,karen,dagoreti corner, kenyatta hospital",rasasi travellers limited
NTSA/RSN-4328,Rasasi,ADR-POKSO32,,False,"bus station, knh,mbagathi way, langata,otiende, st.marys hospital",rasasi travellers limited
NTSA/RSN-0523,Rembo Shuttle Savings AND Credit,NTR-00202008111552550,,False,"Athi River, KitengelaKataniJoskaKangundo road, Koma Bus Park",REMBO SHUTTLE SAVINGS AND CREDIT SACCO LTD
NTSA/RSN-0523,Rembo Shuttle Savings AND Credit,NTR-001098,,True,"railways, athi river, kitengela, machakos",REMBO SHUTTLE SAVINGS AND CREDIT SACCO LTD
NTSA/RSN-0523,Rembo Shuttle Savings AND Credit,NTR-001104,,True,"railways, kitengela, athi river, machakos",REMBO SHUTTLE SAVINGS AND CREDIT SACCO LTD
NTSA/RSN-0523,Rembo Shuttle Savings AND Credit,NTR-00202008171333500,,False,"Cabanas, Kangundo road Ruai, Komarock stage",REMBO SHUTTLE SAVINGS AND CREDIT SACCO LTD
NTSA/RSN-0523,Rembo Shuttle Savings AND Credit,NTR-00202008210840050,,False,"Railways, Athi River Kitengela, Kajiado",REMBO SHUTTLE SAVINGS AND CREDIT SACCO LTD
NTSA/RSN-0523,Rembo Shuttle Savings AND Credit,NTR-0020160526151433,,True,"Railways, Jogoo rd Cabanas Kitengela Kajiado Athi River Machakos Katani Kangundo road Ruai Joska, Koma bus",REMBO SHUTTLE SAVINGS AND CREDIT SACCO LTD
NTSA/RSN-0523,Rembo Shuttle Savings AND Credit,ADR-8LMSEKM,,True,"Railways, Kitengela Kajiado Athi River Machakos Katani Cabanas Kangundo road Ruai Joska, Koma bus",REMBO SHUTTLE SAVINGS AND CREDIT SACCO LTD
NTSA/RSN-0523,Rembo Shuttle Savings AND Credit,ADR-ZZJSQ8V,,False,"railways, athi river, kitengela",REMBO SHUTTLE SAVINGS AND CREDIT SACCO LTD
NTSA/RSN-0523,Rembo Shuttle Savings AND Credit,ADR-LZRSWDO,,True,"railways, athiriver,kitengela, machakos",REMBO SHUTTLE SAVINGS AND CREDIT SACCO LTD
NTSA/RSN-0523,Rembo Shuttle Savings AND Credit,ADR-O68I2KM,,True,"railways, athiriver, kitengela, machakos",REMBO SHUTTLE SAVINGS AND CREDIT SACCO LTD
NTSA/RSN-0523,Rembo Shuttle Savings AND Credit,ADR-6DBS8YD,,False,"railways, kitengela, athi river",REMBO SHUTTLE SAVINGS AND CREDIT SACCO LTD
NTSA/RSN-0523,Rembo Shuttle Savings AND Credit,ADR-WZ9SL29,,True,"railways, machakos,athiriver, kitengela",REMBO SHUTTLE SAVINGS AND CREDIT SACCO LTD
NTSA/RSN-0523,Rembo Shuttle Savings AND Credit,ADR-537HYLY,,True,"railways, machakos,athiriver, kitengela",REMBO SHUTTLE SAVINGS AND CREDIT SACCO LTD
NTSA/RSN-0523,Rembo Shuttle Savings AND Credit,ADR-A5AC2MV,,True,"railways, kitengela, athiriver, machakos",REMBO SHUTTLE SAVINGS AND CREDIT SACCO LTD
NTSA/RSN-1912,Risen Company,NTR-00202009101618560,,False,"Umoja innercore, KomarockSavannahOutering rdEmbakasiCabanasMombasa rdIndustrial areaEastern bypassUtawalaKangundo rdRuaiKomarock rdJuja rdEastleighJogoo rdMumias rdThika rdKahawa westCommercialRailwaysLangata rdOngata RongaiKiserianNgongKaren, Ngong rd",RISEN COMPANY LIMITED
NTSA/RSN-1912,Risen Company,NTR-00417,,True,"Subukia, Njoro Molo Mau Narok Kitale Eldoret Muhoroni Kericho Kakamega Kapsabet Malaba Bungoma Webuye Kisumu Kisii Narok Nakuru Nairobi Kangundo, Machakos",RISEN COMPANY LIMITED
NTSA/RSN-1912,Risen Company,NTR-00202211071526240,,True,"Kitui, KibweziMachakosKajiadoKangundoKangundo Rd NairobiKiambuThikaMurangaEmbuNyeriMeruNyahururuSubukiaNyandaruaNakuruNjoroMau -NarokKisiiMuhoroniKerichoKisumuBusiaMalabaKakamegaBungomaWebuyeEldoret, kitale",RISEN COMPANY LIMITED
NTSA/RSN-1912,Risen Company,ADR-BQ9SPKR,44,True,"Shauri moyo, Jogoo rd Buruburu outering civil servant Umoja Kangundo rd kayole Soweto Komarock Savannah Embakasi Industrial area Eastern Bypass Mombasa rd Ktani Syokimau Mlolongo Kajiado Athi river Machakos Kangundo Outering rd Juja rd Eastleigh Kabirea SatelliteNrb Upperhill Moi Avenue Community Westlands Parklands Forest rd Thika rd Zimmerman 44 Kahawa West Ruiru, Thika(Makongeni)",RISEN COMPANY LIMITED
NTSA/RSN-1912,Risen Company,ADR-REOSBDD,,True,"Shauri moyo, Jogoo rd Buruburu Outering rdKangundo rd Umoja Innercore KomarockSavannah Embakasi Industrial Area Mombasa rd Katani Athi river Kitengela Eastern BypassUtawala KangundoKomarockrd Juja rd Eastleigh Thika rd ZimmermanKahawa WestJuja Commercial Langatard Mbagathi rd Ongata Rongai Karen Yaya Ngong rdKenyatta Community.GPO Moi Avenue, Railway",RISEN COMPANY LIMITED
NTSA/RSN-1912,Risen Company,ADR-MDMSOW2,,True,"Shauri moyo, Jogoo rd Buruburu Outering rdKangundo rd Umoja Innercore KomarockSavannah Embakasi Industrial Area Mombasa rd Katani Athi river Kitengela Eastern BypassUtawala KangundoKomarockrd Juja rd Eastleigh Thika rd ZimmermanKahawa WestJuja Commercial Langatard Mbagathi rd Ongata Rongai Kiserian Ngong Karen Yaya Ngong rdKenyatta Community.GPO Moi Avenue, Railway",RISEN COMPANY LIMITED
NTSA/RSN-1912,Risen Company,ADR-YM3S5Z2,44,True,"Ronald Ngala, Jogoo rd Shauri Moyo Buruburu outering civil servant Umoja Kangundo rd kayole Soweto Komarock Savannah Embakasi Industrial area Eastern Bypass Mombasa rd Katani Syokimau Mlolongo Kajiado Athi river Machakos Kangundo Outering rd Juja rd Eastleigh Kabirea Satellite Nrb Upperhill Moi Avenue Community Westlands Parklands Forest rd Thika rd Zimmerman 44 Kahawa West Ruiru, Thika (Makongeni)",RISEN COMPANY LIMITED
NTSA/RSN-1912,Risen Company,ADR-8LMS9A3,44,True,"Ronald Ngala, Tom Mboya Jogoo rd Shauri Moyo Buruburu outering civil servant Umoja Kangundo rd kayole Soweto Komarock Savannah Embakasi Industrial area Eastern Bypass Mombasa rd Katani Syokimau Mlolongo Kajiado Athi river Machakos Kangundo Outering rd Juja rd Eastleigh Kabiria Satellite Nrb Upperhill Moi Avenue Community Westlands Parklands Forest rd Thika rd Zimmerman 44 Kahawa West Ruiru, Thika (Makongeni)",RISEN COMPANY LIMITED
NTSA/RSN-1912,Risen Company,ADR-ZZJSRPE,44,True,"Ronald Ngala, Jogoo rd Shauri Moyo Buruburu outering civil servant Umoja Kangundo rd kayole Soweto Komarock Savannah Embakasi Industrial area Eastern Bypass Mombasa rd Katani Syokimau Mlolongo Kajiado Athi river Machakos Kangundo Outering rd Juja rd Eastleigh Kabirea Satellite Nrb Upperhill Moi Avenue Community Kikuyu Westlands Parklands Forest rd Thika rd Kasarani Mwiki Zimmerman 44 Kahawa West Ruiru, Thika (Makongeni)",RISEN COMPANY LIMITED
NTSA/RSN-1912,Risen Company,,44,True,"Ronald ngala - Komarock, Embakasi,Kayole, Soweto ,Umoja, Buru buru,imara daima, outering, civil servant , juja rd, eastleigh, bus station, tom mboya ,Mfangano street/Lane, Industrial area,Mombasa rd, Utawala, Eastern by pass,Kangundo, Machakos, Kitengela, Athiriver,Katani, Syokimau,Ngong rd, Karen, Ngong, Ongata Rongai, Kabiria, Yaya, Kawangware, Ngumo, Mbagathi way, Langata, satellite,GPO,upper hill, KNH, Moi avenue, Ambassadeur, Community, Commercial,Accra rd, Temple road, Westlands, Kikuyu,parklands,forest rd,thika rd, Kasarani,Mwiki, Zimmerman,44 kahawa west,Ruiru,Juja,Thika - makongeni and back- Ronald ngala - Komarock, Embakasi,Kayole, Soweto ,Umoja, Buru buru,imara daima, outering, civil servant , juja rd, eastleigh, bus station, tom mboya ,Mfangano street/Lane, Industrial area,Mombasa rd, Utawala, Eastern by pass,Kangundo, Machakos, Kitengela, Athiriver,Katani, Syokimau,Ngong rd, Karen, Ngong, Ongata Rongai, Kabiria, Yaya, Kawangware, Ngumo, Mbagathi way, Langata, satellite,GPO,upper hill, KNH, Moi avenue, Ambassadeur, Community, Commercial,Accra rd, Temple road, Westlands, Kikuyu,parklands,forest rd,thika rd, Kasarani,Mwiki, Zimmerman,44 kahawa west,Ruiru,Juja,Thika - makongeni and back - Ronald ngala - Komarock, Embakasi,Kayole, Soweto ,Umoja, Buru buru,imara daima, outering, civil servant , juja rd, eastleigh, bus station, tom mboya ,Mfangano street/Lane, Industrial area,Mombasa rd, Utawala, Eastern by pass,Kangundo, Machakos, Kitengela, Athiriver,Katani, Syokimau,Ngong rd, Karen, Ngong, Ongata Rongai, Kabiria, Yaya, Kawangware, Ngumo, Mbagathi way, Langata, satellite,GPO,upper hill, KNH, Moi avenue, Ambassadeur, Community, Commercial,Accra rd, Temple road, Westlands, Kikuyu,parklands,forest rd,thika rd, Kasarani,Mwiki, Zimmerman,44 kahawa west,Ruiru,Juja,Thika - makongeni and back",RISEN COMPANY LIMITED
NTSA/RSN-0527,ROG,NTR-00201911291552040,,False,"Nairobi Cbd, Bus stationLangata shopping centreVia Langata rd, Otiende",ROG TRAVELLERS SAVINGS AND CREDIT COOPERATIVE SOCIETY LTD
NTSA/RSN-0527,ROG,NTR-00202107071442490,,False,"Gikomba, eastleigh umoja buruburu jerusalem, kimathi estate",ROG TRAVELLERS SAVINGS AND CREDIT COOPERATIVE SOCIETY LTD
NTSA/RSN-0527,ROG,NTR-00776,,True,"Gill House, Jogoo Rd Buruburu Umoja Outering Rd Juja Rd Ojijo Rd via Westlands Mombasa Rd City Cabanas, Pipeline",ROG TRAVELLERS SAVINGS AND CREDIT COOPERATIVE SOCIETY LTD
NTSA/RSN-0527,ROG,NTR-00202203011351100,,True,"Gill House, Jogoo Rd Donholm Savanna Greenspan Buruburu Umoja Kangundo Rd Outering Rd Juja Rd Ojijo Rd via Westlands Mombasa Rd City Cabanas, Pipeline",ROG TRAVELLERS SAVINGS AND CREDIT COOPERATIVE SOCIETY LTD
NTSA/RSN-0527,ROG,ADR-DB3TOO5,,True,"Gill House, Jogoo Rd DonholmSavanna GreenspanBuruburuUmojaOutering Rd Juja Rd Ojijo Rd via Westlands Mombasa Rd City Cabanas, Pipeline",ROG TRAVELLERS SAVINGS AND CREDIT COOPERATIVE SOCIETY LTD
NTSA/RSN-0527,ROG,ADR-3ZQS22L,,False,"gill house, jogoo road,buruburu, outering",ROG TRAVELLERS SAVINGS AND CREDIT COOPERATIVE SOCIETY LTD
NTSA/RSN-0527,ROG,ADR-JY7S77Z,,False,"luthuli avenue, kariokor, eastleigh",ROG TRAVELLERS SAVINGS AND CREDIT COOPERATIVE SOCIETY LTD
NTSA/RSN-0527,ROG,ADR-POKSKKO,,False,"gillhouse, muthurwa,jogoo road,buruburu, civilservant",ROG TRAVELLERS SAVINGS AND CREDIT COOPERATIVE SOCIETY LTD
NTSA/RSN-0527,ROG,ADR-VYASAAA,,False,"gill house, outering,jogoo road, buruburu",ROG TRAVELLERS SAVINGS AND CREDIT COOPERATIVE SOCIETY LTD
NTSA/RSN-0527,ROG,ADR-Q5LCLLB,,False,"gillhouse, civilservant,muthurwa,jogoo road, buruburu",ROG TRAVELLERS SAVINGS AND CREDIT COOPERATIVE SOCIETY LTD
NTSA/RSN-0527,ROG,ADR-EPJSJJL,,False,"luthuli avenue, eastleigh, kariokor",ROG TRAVELLERS SAVINGS AND CREDIT COOPERATIVE SOCIETY LTD
NTSA/RSN-0529,Rongao Saving AND Credit,NTR-0095,,False,"railways, rongai,kiserian, ngong",RONGAO SAVING AND CREDIT COOPERATIVE SOCIETY LIMITED
NTSA/RSN-0529,Rongao Saving AND Credit,NTR-00138,,False,"kiserian, magadi road,langata road,mbagathi road,knh, railways",RONGAO SAVING AND CREDIT COOPERATIVE SOCIETY LIMITED
NTSA/RSN-0529,Rongao Saving AND Credit,ADR-LZRSR32,,False,"railways, mbagathi way,ongata rongai, kiserian",RONGAO SAVING AND CREDIT COOPERATIVE SOCIETY LIMITED
NTSA/RSN-0529,Rongao Saving AND Credit,ADR-O68I8LQ,,False,"ngong, kiserian, magandi",RONGAO SAVING AND CREDIT COOPERATIVE SOCIETY LIMITED
NTSA/RSN-0529,Rongao Saving AND Credit,ADR-6DBSLD2,,False,"railways, ngong,rongai, kiserian",RONGAO SAVING AND CREDIT COOPERATIVE SOCIETY LIMITED
NTSA/RSN-0529,Rongao Saving AND Credit,ADR-WZ9S937,,False,"nairobi, kiserian, magadi",RONGAO SAVING AND CREDIT COOPERATIVE SOCIETY LIMITED
NTSA/RSN-0529,Rongao Saving AND Credit,ADR-537HWO8,,False,"railways, kiserian,mbagathi way, ongata rongai",RONGAO SAVING AND CREDIT COOPERATIVE SOCIETY LIMITED
NTSA/RSN-0529,Rongao Saving AND Credit,ADR-A5AC875,,False,"kiserian, railways,magadi road,langata road,mbagathi road, knh",RONGAO SAVING AND CREDIT COOPERATIVE SOCIETY LIMITED
NTSA/RSN-0529,Rongao Saving AND Credit,ADR-9AKFRWK,,False,"railways, knh,mbagathi way,rongai, kiserian",RONGAO SAVING AND CREDIT COOPERATIVE SOCIETY LIMITED
NTSA/RSN-0529,Rongao Saving AND Credit,ADR-DB3TO35,,False,"railways, ongata rongai, kiserian",RONGAO SAVING AND CREDIT COOPERATIVE SOCIETY LIMITED
NTSA/RSN-0532,Royal Swift Express,NTR-00202002051608010,,False,"Embakasi, Jogoo rdMombasa rdCabanasOutering rdAlsops, Accra rd",ROYAL SWIFT EXPRESS LIMITED
NTSA/RSN-0532,Royal Swift Express,ADR-6DBSW36,,True,"accra rd, mombasa rd cabanas outering rdembakasi likoni rdenterprise rd jogoo rd juja rdthika rd mathare north, Alsops",ROYAL SWIFT EXPRESS LIMITED
NTSA/RSN-0532,Royal Swift Express,ADR-WZ9SW8K,,True,"accra rd, mombasa rd cabanas Kitengela outering rd embakasi Kangundo Rd Utawala Eastern Bypass likoni rd enterprise rd jogoo rd Muranga Rd juja rd thika rd mathare north, Alsops",ROYAL SWIFT EXPRESS LIMITED
NTSA/RSN-0532,Royal Swift Express,ADR-537H6PR,,False,"accra rd, jogoo rd, embakasi",ROYAL SWIFT EXPRESS LIMITED
NTSA/RSN-0532,Royal Swift Express,ADR-A5ACLY6,,False,"emabakasi, jogoo road, accra road",ROYAL SWIFT EXPRESS LIMITED
NTSA/RSN-0532,Royal Swift Express,ADR-9AKFAB5,,True,"accra road, mombasa road, embakasi",ROYAL SWIFT EXPRESS LIMITED
NTSA/RSN-0532,Royal Swift Express,ADR-DB3TBLD,,False,"emabakasi, accra road, jogoo road",ROYAL SWIFT EXPRESS LIMITED
NTSA/RSN-0533,Rukagina 44,NTR-00202107221159520,44,False,"Commercial, Ronald ngala Zimmermankiambugithuraikahawa westoutering roadnorthern bypasseastern bypassruiruthika, Makongeni",RUKAGINA 44 SACCO
NTSA/RSN-0533,Rukagina 44,NTR-00201901151134190,44,False,"ronald ngala, zimmerman,githurai,kahawawest,northern bypass,ruiru, thika",RUKAGINA 44 SACCO
NTSA/RSN-0533,Rukagina 44,NTR-00201908081513360,44,False,"ronald ngala, kiambu rd,nothern bypass,ruiru, thika",RUKAGINA 44 SACCO
NTSA/RSN-0533,Rukagina 44,ADR-O68IMW2,44,False,"ronald ngala, githurai , kahawa west",RUKAGINA 44 SACCO
NTSA/RSN-0533,Rukagina 44,ADR-6DBS97Z,44,False,"commercial, zimmerman, kahawawest, ruiru",RUKAGINA 44 SACCO
NTSA/RSN-0533,Rukagina 44,ADR-WZ9SE62,44,False,"ronald ngala, zimmerman, kahawa west",RUKAGINA 44 SACCO
NTSA/RSN-0533,Rukagina 44,ADR-537HBK9,44,False,"ronald ngala, kahawa west, githurai",RUKAGINA 44 SACCO
NTSA/RSN-0533,Rukagina 44,ADR-A5ACKB9,44,False,"ronald ngala, kahawa west, zimmerman",RUKAGINA 44 SACCO
NTSA/RSN-0534,Rukine Savings AND Credit Co-operatve Society,NTR-00229,,False,"nairobi, ruiru, thika",RUKINE TRAVELLERS SAVINGS AND CREDIT CO-OPERATVE SOCIETY LIMITED
NTSA/RSN-0534,Rukine Savings AND Credit Co-operatve Society,NTR-00202102171148440,,False,"Ruiru, Nembu Kigongo Gitwe Gachika, Mundoro",RUKINE TRAVELLERS SAVINGS AND CREDIT CO-OPERATVE SOCIETY LIMITED
NTSA/RSN-0534,Rukine Savings AND Credit Co-operatve Society,NTR-00202107070954180,,False,"Nairobi, thika ruiru nembu kigumo gitare gachika mundoro nyanduma gatamaiyu, kimende",RUKINE TRAVELLERS SAVINGS AND CREDIT CO-OPERATVE SOCIETY LIMITED
NTSA/RSN-0534,Rukine Savings AND Credit Co-operatve Society,NTR-00964,,False,"nairobi, thika, ruiru, kigumo",RUKINE TRAVELLERS SAVINGS AND CREDIT CO-OPERATVE SOCIETY LIMITED
NTSA/RSN-0534,Rukine Savings AND Credit Co-operatve Society,ADR-EPJSJEL,,False,"nairobi, thika , ruiru, gachika",RUKINE TRAVELLERS SAVINGS AND CREDIT CO-OPERATVE SOCIETY LIMITED
NTSA/RSN-0534,Rukine Savings AND Credit Co-operatve Society,,,False,"Nairobi - Ruiru,Thika,Gatundu,Kiganjo,Mundoro,Githunguri,Kagwe,Nembu,Kigumo,Gitare,Gachika,Gatamaiyu,Nyanduma - kimende and back- Nairobi - Ruiru,Thika,Gatundu,Kiganjo,Mundoro,Githunguri,Kagwe,Nembu,Kigumo,Gitare,Gachika,Gatamaiyu,Nyanduma - kimende and back - Nairobi - Ruiru,Thika,Gatundu,Kiganjo,Mundoro,Githunguri,Kagwe,Nembu,Kigumo,Gitare,Gachika,Gatamaiyu,Nyanduma - kimende and back",RUKINE TRAVELLERS SAVINGS AND CREDIT CO-OPERATVE SOCIETY LIMITED
NTSA/RSN-0536,Runka Services,NTR-00202006091055510,,False,"Odeon, HighridgePanganiBypassGithogoroRuakaLimururdNdenderuKaruraWangigeKikuyuKiambuRuiruJujaJuja farm, Thika",RUNKA SERVICES COOPERATIVE SAVINGS AND CREDIT SOCIETY LTD
NTSA/RSN-0536,Runka Services,NTR-001288,,False,"Odeon, BypassGithogoroRuakaKarura gachie via waiyaki way kikuyu peponi rd banana kabuku limuru tigoni kimende kijabe ikinu githunguri kwa maiko rioki thome ngumba alsops kariobangi, thika",RUNKA SERVICES COOPERATIVE SAVINGS AND CREDIT SOCIETY LTD
NTSA/RSN-0536,Runka Services,NTR-00201912270805250,,False,"Odeon, HighridgePanganiBypassGithogoroRuakaLimuru rdNdenderuKaruraWanginge, Kikuyu",RUNKA SERVICES COOPERATIVE SAVINGS AND CREDIT SOCIETY LTD
NTSA/RSN-0536,Runka Services,ADR-REOSLL9,,False,"odeon, highridge, pangani, ruaka, ndenderu",RUNKA SERVICES COOPERATIVE SAVINGS AND CREDIT SOCIETY LTD
NTSA/RSN-0536,Runka Services,ADR-MDMSAM9,,False,"odeon, pangani, highridge, karura, rwaka, ndenderu",RUNKA SERVICES COOPERATIVE SAVINGS AND CREDIT SOCIETY LTD
NTSA/RSN-0536,Runka Services,ADR-YM3SELZ,,False,"odeon, bypass,githogoro,ruaka,karura, kikuyu",RUNKA SERVICES COOPERATIVE SAVINGS AND CREDIT SOCIETY LTD
NTSA/RSN-0536,Runka Services,ADR-8LMSVOQ,,False,"odeon, highridge, pangani, ndenderu",RUNKA SERVICES COOPERATIVE SAVINGS AND CREDIT SOCIETY LTD
NTSA/RSN-0536,Runka Services,ADR-ZZJS2ZY,,False,"odeon, ndenderu,highridge, pangani, ruaka",RUNKA SERVICES COOPERATIVE SAVINGS AND CREDIT SOCIETY LTD
NTSA/RSN-0537,Rwaken Investments,NTR-001253,,False,"within kenya, within kenya, within kenya",RWAKEN INVESTMENTS LIMITED
NTSA/RSN-0537,Rwaken Investments,NTR-00948,,False,"nairobi, within, nairobi",RWAKEN INVESTMENTS LIMITED
NTSA/RSN-0537,Rwaken Investments,ADR-WZ9SW79,,False,"within, , kenya",RWAKEN INVESTMENTS LIMITED
NTSA/RSN-0537,Rwaken Investments,ADR-537H6RY,,False,railwaysmsardathiriverkitengela,RWAKEN INVESTMENTS LIMITED
NTSA/RSN-0537,Rwaken Investments,ADR-A5ACLRV,,True,"accra road, mombasa road, embakasi",RWAKEN INVESTMENTS LIMITED
NTSA/RSN-0537,Rwaken Investments,ADR-9AKFAMQ,,False,"nairobi, within, within",RWAKEN INVESTMENTS LIMITED
NTSA/RSN-02025,Rware,NTR-00202101181115420,,True,"Kangemi, Nyeri town, Ruringu",RWARE TRAVELLERS SACCO
NTSA/RSN-02025,Rware,NTR-00202101181117300,,True,"Kangemi, Nyeri town, Kamakwa",RWARE TRAVELLERS SACCO
NTSA/RSN-4063,Safeline Matatu Socco Society,NTR-00201901070914160,,False,"kenyatta, dagoretti,kikuyu, limuru",SAFELINE MATATU SOCCO SOCIETY LIMITED
NTSA/RSN-4063,Safeline Matatu Socco Society,ADR-MDMSMR5,,False,"railways, dagoreti, kikuyu, limuru",SAFELINE MATATU SOCCO SOCIETY LIMITED
NTSA/RSN-4063,Safeline Matatu Socco Society,ADR-JY7S2EV,,False,"nairobi, ndeiya, limuru",SAFELINE MATATU SOCCO SOCIETY LIMITED
NTSA/RSN-02033,Salty Bizada Investment,ADR-WZ9SDQL,,True,"Ronald Ngala, tom mboya moi avenue mombasa rd cabanas utawala ruai njiru umoja innercore jogoo rd lunga lunga bahati juja rd kariobangi eastleigh kariokor fig tree thika rd, Alsops",SALTY BIZADA INVESTMENT LIMITED
NTSA/RSN-02033,Salty Bizada Investment,ADR-537HQ72,,True,"Ronald Ngala, tom mboya moi avenue mombasa rd cabanas utawala ruai njiru umoja innercore jogoo rd lunga lunga industrial area likoni bahati juja rd kariobangi eastleigh kariokor fig tree thika rd, Alsops",SALTY BIZADA INVESTMENT LIMITED
NTSA/RSN-02033,Salty Bizada Investment,ADR-A5ACPQM,,True,"Umoja innecore, jogoo rd savannah Enterprise rd Imara Daima mombasa rd bunyala road upperhill Ngong rd Dagoretti corner Naivasha rd uthiru kangemi Waiyaki way Westlands Moi Avenue Ronald Ngala parklandsThika rd Eastern bypass RuiruThika, makongeni",SALTY BIZADA INVESTMENT LIMITED
NTSA/RSN-02042,Salty Investments,NTR-00202106141134550,,False,"ongata rongai, bomas railways, Kitengela",SALTY INVESTMENTS LIMITED
NTSA/RSN-02042,Salty Investments,NTR-00202105240924590,,False,"Railways, langata rdbomas ongata rongai, kitengela",SALTY INVESTMENTS LIMITED
NTSA/RSN-02042,Salty Investments,NTR-00202211071511110,,False,"Ngong, Kiserian Rongai Gataka Rd Bomas Langata Railways Jogoo Rd Kangundo Rd Komarock via Umoja, Kitengela",SALTY INVESTMENTS LIMITED
NTSA/RSN-6455,Salty Supporters Investment,NTR-00202101191051190,,False,"Ronald Ngala, Fig tree Thika rd Alsops Outering rd Cabanas Utawala Ruai, Kangundo rd",SALTY SUPPORTERS INVESTMENT LIMITED
NTSA/RSN-6455,Salty Supporters Investment,NTR-00201812211111140,,False,"ronald ngara, jogoo rd,umoja innercore,saika, mowlem",SALTY SUPPORTERS INVESTMENT LIMITED
NTSA/RSN-6455,Salty Supporters Investment,ADR-EPJS7D5,,False,"ALSOLPS,, OUTERING ROAD,, CITY CABANAS AND BACK",SALTY SUPPORTERS INVESTMENT LIMITED
NTSA/RSN-6455,Salty Supporters Investment,ADR-2DVSPW3,,False,"ALSOLPS,, DANDORA,, RUAI,, MALAA AND BACK",SALTY SUPPORTERS INVESTMENT LIMITED
NTSA/RSN-0547,Serian,NTR-00138,,False,"kiserian, magadi road,langata road,mbagathi road,knh, railways",SERIAN SAVINGS AND CREDIT CO-OPERATIVE SOCIETY LTD
NTSA/RSN-0547,Serian,ADR-MDMSM3A,,False,"Railways, kiserian, Isinya",SERIAN SAVINGS AND CREDIT CO-OPERATIVE SOCIETY LTD
NTSA/RSN-0547,Serian,ADR-YM3SLOL,,False,"railways, mbagathi way,ongata rongai, kiserian",SERIAN SAVINGS AND CREDIT CO-OPERATIVE SOCIETY LTD
NTSA/RSN-0547,Serian,ADR-8LMSODE,,False,"railways, ongata rongai, kiserian",SERIAN SAVINGS AND CREDIT CO-OPERATIVE SOCIETY LTD
NTSA/RSN-0547,Serian,ADR-ZZJSZ7R,,False,"railways, kiserian, ongata rongai",SERIAN SAVINGS AND CREDIT CO-OPERATIVE SOCIETY LTD
NTSA/RSN-0547,Serian,ADR-LZRSRJD,,False,"nairobi, kiserian, magadi",SERIAN SAVINGS AND CREDIT CO-OPERATIVE SOCIETY LTD
NTSA/RSN-0547,Serian,ADR-O68I8J6,,False,"railways, kiserian,mbagathi way, ongata rongai",SERIAN SAVINGS AND CREDIT CO-OPERATIVE SOCIETY LTD
NTSA/RSN-0547,Serian,ADR-6DBSLJV,,False,"railways, kiserian,knh,mbagathi way, rongai",SERIAN SAVINGS AND CREDIT CO-OPERATIVE SOCIETY LTD
NTSA/RSN-0547,Serian,ADR-WZ9S9R5,,False,"railways, knh,mbagathi way,rongai, kiserian",SERIAN SAVINGS AND CREDIT CO-OPERATIVE SOCIETY LTD
NTSA/RSN-0547,Serian,ADR-537HW8K,,False,"railways, kiserian, ngong, Nairobi - Ngong via Karen - Kiserian and back",SERIAN SAVINGS AND CREDIT CO-OPERATIVE SOCIETY LTD
NTSA/RSN-0547,Serian,,,False,Nairobi - Ngong via Karen - Kiserian and back - Nairobi - Ngong via Karen - Kiserian and back,SERIAN SAVINGS AND CREDIT CO-OPERATIVE SOCIETY LTD
NTSA/RSN-0548,Seven City Shuttle,ADR-JY7SL62,,True,"nairobi, athi river , kitengela, machakos",seven city shuttle limited
NTSA/RSN-0548,Seven City Shuttle,ADR-POKSREA,,True,"railways, machakos,athiriver, kitengela",seven city shuttle limited
NTSA/RSN-01767,Single Line,NTR-00202109201132040,,True,"katani, mlolongo mombasa rd hazina enterprise rd GPO ambassador, hakati",SINGLE LINE SERVICES LIMITED
NTSA/RSN-01767,Single Line,ADR-JY7S2Y8,,False,"south b, gpo, ambassador, hazina estate",SINGLE LINE SERVICES LIMITED
NTSA/RSN-01767,Single Line,ADR-POKS52J,,False,"south b, gpo, ambassador, hazina estate",SINGLE LINE SERVICES LIMITED
NTSA/RSN-01767,Single Line,ADR-VYASPYM,,False,"bus station, south b, hazina",SINGLE LINE SERVICES LIMITED
NTSA/RSN-1900,Smoke City,NTR-001102,,True,"Nairobi, Kitengela, Machakos, Makueni",SMOKE CITY SACCO LIMITED
NTSA/RSN-1900,Smoke City,NTR-00381,,True,"nairobi, machakos, Wote",SMOKE CITY SACCO LIMITED
NTSA/RSN-1900,Smoke City,NTR-00202009301656280,,True,"Nairobi, KitengelaKajiado, Namanga",SMOKE CITY SACCO LIMITED
NTSA/RSN-1900,Smoke City,ADR-8LMS9RZ,,True,"city cabanas, machakos, Wote",SMOKE CITY SACCO LIMITED
NTSA/RSN-0563,Snowball Society,NTR-00138,,False,"kiserian, magadi road,langata road,mbagathi road,knh, railways",SNOWBALL SACCO SOCIETY LTD
NTSA/RSN-0563,Snowball Society,NTR-00724,,True,"Railways, KNH,, Mbagathi,, Langata road,, Rongai,, Kiserian,, Namanga and back",SNOWBALL SACCO SOCIETY LTD
NTSA/RSN-0563,Snowball Society,ADR-O68IMV7,,True,"Railways, KNH ngong rd kawangware ndonyo karen kibera langata rd hardy gataka rd ongata rongai kiserian isinya namanga kitengela, Mombasa rd",SNOWBALL SACCO SOCIETY LTD
NTSA/RSN-0563,Snowball Society,ADR-6DBS9W7,,False,"Railways, Athi River, Kitengela",SNOWBALL SACCO SOCIETY LTD
NTSA/RSN-0563,Snowball Society,ADR-WZ9SEWJ,,False,"railways, knh,mbagathi way,rongai, kiserian",SNOWBALL SACCO SOCIETY LTD
NTSA/RSN-0563,Snowball Society,ADR-537HBBV,,False,"railways, mbagathi way,ongata rongai, kiserian",SNOWBALL SACCO SOCIETY LTD
NTSA/RSN-0563,Snowball Society,ADR-A5ACKKE,,False,"railways, ongata rongai, kiserian",SNOWBALL SACCO SOCIETY LTD
NTSA/RSN-0563,Snowball Society,ADR-9AKFJJV,,False,"railways, kiserian, ongata rongai",SNOWBALL SACCO SOCIETY LTD
NTSA/RSN-019122,Sony Classic Shuttle East Africa,NTR-00202104201026350,,False,"Juja, Ruiru Eastern bypass Commercial Kikuyu Mutarakwa Thigio Limuru Githunguri Kiambu Wangige, Ruaka",SONY CLASSIC SHUTTLE EAST AFRICA LIMITED
NTSA/RSN-019122,Sony Classic Shuttle East Africa,NTR-00202104290903280,,False,"Eastern by pass, Ruiru JujaRuaka Kiambu Githunguri Thigio Wangige Mutarakwa Limuru, kikuyu",SONY CLASSIC SHUTTLE EAST AFRICA LIMITED
NTSA/RSN-019122,Sony Classic Shuttle East Africa,ADR-9AKFOOQ,,False,"commercial, kiambu, githunguri",SONY CLASSIC SHUTTLE EAST AFRICA LIMITED
NTSA/RSN-019122,Sony Classic Shuttle East Africa,NTR-00202104201026350,,False,"Juja, Ruiru Eastern bypass Commercial Kikuyu Mutarakwa Thigio Limuru Githunguri Kiambu Wangige, Ruaka",SONY CLASSIC SHUTTLE EAST AFRICA LIMITED
NTSA/RSN-019122,Sony Classic Shuttle East Africa,NTR-00202104290903280,,False,"Eastern by pass, Ruiru JujaRuaka Kiambu Githunguri Thigio Wangige Mutarakwa Limuru, kikuyu",SONY CLASSIC SHUTTLE EAST AFRICA LIMITED
NTSA/RSN-019122,Sony Classic Shuttle East Africa,ADR-9AKFOOQ,,False,"commercial, kiambu, githunguri",SONY CLASSIC SHUTTLE EAST AFRICA LIMITED
NTSA/RSN-0566,South B Society,NTR-00201910291437530,,True,"Bus station, South b,Hazina,Mombasa rd, Machakos",SOUTH B MATATU OWNERS SACCO SOCIETY LTD
NTSA/RSN-0566,South B Society,NTR-00202105241245440,,True,"Bus Station, mombasa rd south b south c jogoo rd eastleigh juja rd thika rd outering rd embakasi utawala kangundo rd ruai, Machakos",SOUTH B MATATU OWNERS SACCO SOCIETY LTD
NTSA/RSN-0566,South B Society,ADR-EPJSY5D,,False,"bus station, hazina, south b",SOUTH B MATATU OWNERS SACCO SOCIETY LTD
NTSA/RSN-0566,South B Society,ADR-2DVS53V,,False,"bus station, south b, hazina",SOUTH B MATATU OWNERS SACCO SOCIETY LTD
NTSA/RSN-0566,South B Society,ADR-K9BFV5A,,False,"bus station, south b, hazina",SOUTH B MATATU OWNERS SACCO SOCIETY LTD
NTSA/RSN-0566,South B Society,ADR-7WRSZJL,,False,"bus station, hazina, south b",SOUTH B MATATU OWNERS SACCO SOCIETY LTD
NTSA/RSN-02030,Southleigh S,ADR-537HQE2,,True,"Ngara fig tree, Kariokor Juja rd GikombaEastleigh Kiambiu Jericho Buruburu Alsops Outering rd Cabanas Mombasa rd Nyayo round about Lusaka rd Likoni rd Muthurwa Jogoo rd Savannah Umoja Saika Mowlem Civil servants eastern bypass utawala, Kangundo rd",SOUTHLEIGH S LIMITED
NTSA/RSN-02030,Southleigh S,ADR-A5ACP5M,,True,"Commercial, OTC south c south b enterprise rd ngara fig tree juja rd eastleigh alsops outering rd mombasa rd cabanas jogoo rd muthurwa lusaka rd likoni rd lungalunga rd umoja saika mowlem civil servant utawala eastern bypass kangundo rd jericho maringo greenspan kiambio gikomba buruburu mlolongo katani koma hills, Machakos",SOUTHLEIGH S LIMITED
NTSA/RSN-02030,Southleigh S,,75,True,"Commercial - Eastleigh,Jogoo rd,Buruburu,Jericho,Komarock,Spine rd,Saika,Umoja,Outering rd,Kangundo rd,Utawala,75 rd,Mombasa rd,South c,Mai Mahiu - Deep west and back- Commercial - Eastleigh,Jogoo rd,Buruburu,Jericho,Komarock,Spine rd,Saika,Umoja,Outering rd,Kangundo rd,Utawala,75 rd,Mombasa rd,South c,Mai Mahiu - Deep west and back - Commercial - Eastleigh,Jogoo rd,Buruburu,Jericho,Komarock,Spine rd,Saika,Umoja,Outering rd,Kangundo rd,Utawala,75 rd,Mombasa rd,South c,Mai Mahiu - Deep west and back",SOUTHLEIGH S LIMITED
NTSA/RSN-8117,Southleigh,NTR-00202003161550390,,False,"Kariokor, GikombaEastleighJerichoBuruburuOutering rdCabanasMombasa rdNyayo roundaboutLusaka rdMuthurwaJogoordSavannahUmoja, Saika",SOUTHLEIGH SAVINGS AND CREDIT COOPERATIVE SOCIETY LIMITED
NTSA/RSN-8117,Southleigh,ADR-2DVSDV3,,True,"Ngara fig tree, Kariokor Juja rd GikombaEastleigh Kiambiu Jericho Buruburu Alsops Outering rd Cabanas Mombasa rd Nyayo round about Lusaka rd Likoni rd Muthurwa Jogoo rd Savannah Umoja Saika Mowlem Civil servants eastern bypass utawala, Kangundo rd",SOUTHLEIGH SAVINGS AND CREDIT COOPERATIVE SOCIETY LIMITED
NTSA/RSN-8117,Southleigh,ADR-K9BFZQY,,False,"kariokor, gikomba,eastleigh,jericho,buruburu,outeringroad, cabanas",SOUTHLEIGH SAVINGS AND CREDIT COOPERATIVE SOCIETY LIMITED
NTSA/RSN-5361,Sowetamu,NTR-00201911080923280,,True,"Thika, Ruiru,Eastern Bypass,Mihango,Kayole junction,soweto,Tajmall,Cabanas,Machakos, Wote",SOWETAMU TRAVELLERS SACCO
NTSA/RSN-5361,Sowetamu,NTR-00133,,True,"Kenol, Thika Ruiru Eastern Bypass Jogoo Rd Mihango Kayole Junction Soweto Taj mall Mombasa Rd Machakos Wote Kibwezi, Kitui",SOWETAMU TRAVELLERS SACCO
NTSA/RSN-5361,Sowetamu,NTR-001152,,False,"isinya, kitengela athi river syokimau jkia utawala ruai malaa kangundo rd kangundo umoja innercore outering rd dandora kariobangi huruma buruburu jogoo rdkencom rongai kiserian ngong hardy knh kibera kawangware kikuyu waiyaki way thika rd, thika",SOWETAMU TRAVELLERS SACCO
NTSA/RSN-5361,Sowetamu,NTR-00201812271114480,,True,"kayole junction, soweto,taj mall,cabanas,machakos, wote",SOWETAMU TRAVELLERS SACCO
NTSA/RSN-5361,Sowetamu,ADR-3ZQS3YE,,True,"Thika, Ruiru Gatanga Njambini, Naivasha",SOWETAMU TRAVELLERS SACCO
NTSA/RSN-0572,St. Marys Transport Society,NTR-00857,,False,"NAIROBI, KISERIAN, MAGADI AND BACK",ST. MARYS TRANSPORT SACCO SOCIETY
NTSA/RSN-0572,St. Marys Transport Society,NTR-00202108060801500,,True,"Bus Station, city stadium lusaka rd enterprise rd likoni rd jogoo rd kangundo rd via eastern bypass mombasa rd langata rd kungu karumba rd ngong rd karen dagoretti yaya centre limuru rd, Ruaka",ST. MARYS TRANSPORT SACCO SOCIETY
NTSA/RSN-0572,St. Marys Transport Society,NTR-0020181211134410497,,False,"Bus station, Kencom,GPO,KNH,Adams arcade,Karen,Ngong,Matasia,Kiseriani,Rongai,Bomas,Langata road, Kiserian",ST. MARYS TRANSPORT SACCO SOCIETY
NTSA/RSN-0572,St. Marys Transport Society,NTR-00370,,False,"bus station, kenyatta,mbagathi road,langata,otiende, st marys",ST. MARYS TRANSPORT SACCO SOCIETY
NTSA/RSN-0572,St. Marys Transport Society,NTR-00202007021132300,,False,"Bus Station, KNHMbagathi WayLangataRongai, Kiserian",ST. MARYS TRANSPORT SACCO SOCIETY
NTSA/RSN-0572,St. Marys Transport Society,ADR-3ZQS2AL,,False,"bus station, knh,mbagathi way, langata,otiende, st.marys hospital",ST. MARYS TRANSPORT SACCO SOCIETY
NTSA/RSN-0572,St. Marys Transport Society,ADR-JY7S73Z,,False,"bus station, st marys,kenyatta,mbagathi road,langata, otiende",ST. MARYS TRANSPORT SACCO SOCIETY
NTSA/RSN-0572,St. Marys Transport Society,ADR-POKSKOO,,False,"bus station, otiende,knh, mbagathi way, langata",ST. MARYS TRANSPORT SACCO SOCIETY
NTSA/RSN-0572,St. Marys Transport Society,ADR-VYASALA,,False,"bus station, st.marys hospital,knh,mbagathi way, langata, otiende",ST. MARYS TRANSPORT SACCO SOCIETY
NTSA/RSN-0573,Stahito Commuter Services CO,NTR-00202105241240410,,True,"Kitengela, mombasa rd cabanas eastern bypass kangundo rd ruai kamulu outering rd kwa njenga lungalunga rd likoni industrial area lusaka rd bus station/muthurwa railways mbagathi rd langata rd bomas jogoo rd eastleigh(biafra)alsops wangige ruaka ruiru via thika, Muranga",STAHITO  COMMUTER  SERVICES CO. LIMITED
NTSA/RSN-0573,Stahito Commuter Services CO,NTR-001405,,True,"otc, industrial area,jogoo rd,likoni rd,mombasa rd, kitengela",STAHITO  COMMUTER  SERVICES CO. LIMITED
NTSA/RSN-0573,Stahito Commuter Services CO,NTR-00563,,False,"bus station, lusaka road,enterprise road,industrial area,general motors, mukuru kwa njenga",STAHITO  COMMUTER  SERVICES CO. LIMITED
NTSA/RSN-0573,Stahito Commuter Services CO,ADR-YM3S8ML,,True,"Muthurwa, Jogoo road Likoni road Industrial AreaLusaka rd mombasa roadKwa Njenga Kitengela City cabanas Eastern Bypass Kangundo rd Ruai Kamulu Outering rd Alsops Eastleigh(Biafra) Lungalunga, Bus station",STAHITO  COMMUTER  SERVICES CO. LIMITED
NTSA/RSN-0573,Stahito Commuter Services CO,ADR-8LMSMLE,,True,"Kitengela, mombasa rd cabanas eastern bypass kangundo rd ruai kamulu outering rd kwa njenga lungalunga rd likoni industrial area lusaka rd bus station/muthurwa jogoo rd eastleigh(biafra)alsops wangige ruaka ruiru via thika, Muranga",STAHITO  COMMUTER  SERVICES CO. LIMITED
NTSA/RSN-0573,Stahito Commuter Services CO,ADR-ZZJSL6R,,True,"muthurwa, jogoo road , likoni road, industrial area, mombasa road, kitengela",STAHITO  COMMUTER  SERVICES CO. LIMITED
NTSA/RSN-0573,Stahito Commuter Services CO,ADR-LZRSE8D,,False,"railways, athi river, kitengela",STAHITO  COMMUTER  SERVICES CO. LIMITED
NTSA/RSN-0574,Starbus Company (k),NTR-0078,,False,"odeon, westlands, kangemi",STARBUS COMPANY (K) LTD
NTSA/RSN-0574,Starbus Company (k),NTR-00202001071426110,,False,"Odeon/Lagos rd, WestlandsWestlandsRedhill rdLink rdGigiriGachieKaruraGitaru rdWangigeKikuyu, Kangemi",STARBUS COMPANY (K) LTD
NTSA/RSN-0574,Starbus Company (k),NTR-0015,,False,"uthiru, kawangware, yaya,ambassador, railways",STARBUS COMPANY (K) LTD
NTSA/RSN-0574,Starbus Company (k),ADR-2DVSROK,,False,"odeon, westlandsuthiru, kinoo",STARBUS COMPANY (K) LTD
NTSA/RSN-0574,Starbus Company (k),ADR-K9BF68M,,False,"railways, abambassador, kawangware, uthiru",STARBUS COMPANY (K) LTD
NTSA/RSN-0574,Starbus Company (k),ADR-7WRS93P,,False,"odeon, westlands, kangemi, uthiru, kinoo",STARBUS COMPANY (K) LTD
NTSA/RSN-0574,Starbus Company (k),ADR-BQ9SQBV,,False,"railways, uthiru,abambassador, kawangware",STARBUS COMPANY (K) LTD
NTSA/RSN-0574,Starbus Company (k),ADR-REOSZVQ,,False,"odeon, kinoo, westlandsuthiru",STARBUS COMPANY (K) LTD
NTSA/RSN-0574,Starbus Company (k),ADR-MDMSJRE,,False,"odeon, kangemi, westlands",STARBUS COMPANY (K) LTD
NTSA/RSN-0574,Starbus Company (k),ADR-YM3SBAV,,False,"odeon, kangemi, stage87, muhuri road, dagoretti market junction",STARBUS COMPANY (K) LTD
NTSA/RSN-0574,Starbus Company (k),ADR-8LMSY6Y,,True,"railways, ngong road, naivasha road, satellite , kabiria, uthiru",STARBUS COMPANY (K) LTD
NTSA/RSN-01754,Summa Transporters,ADR-A5AC276,,False,"Ring road, NgaraGithuraiRuiruMwihokoThikaMakongeni, Kenol",SUMMA TRANSPORTERS SACCO LIMITED
NTSA/RSN-01754,Summa Transporters,ADR-9AKFOW5,,False,"githurai, mwihoko, ruiru, kenol",SUMMA TRANSPORTERS SACCO LIMITED
NTSA/RSN-0579,Sunbird Services,NTR-00123,,False,"Ronald Ngala, Zimmerman githurai kahawa west northern bypass outering rd eastern bypass ruiru, Thika",SUNBIRD SERVICES LTD
NTSA/RSN-0579,Sunbird Services,NTR-00209,,False,"odeon, githurai, kahawa west",SUNBIRD SERVICES LTD
NTSA/RSN-0579,Sunbird Services,ADR-K9BFZ2J,,True,"Mombasa, NairobiEmbuMaua via MeruNanyukiNyeriNyahururuNaivashaNakuruKisumu, Kakamega back",SUNBIRD SERVICES LTD
NTSA/RSN-0579,Sunbird Services,ADR-7WRSO3A,,False,"ronald ngala, zimmerman, kahawa west",SUNBIRD SERVICES LTD
NTSA/RSN-0579,Sunbird Services,ADR-BQ9SMBK,,False,"ronald ngala, githurai , kahawa west",SUNBIRD SERVICES LTD
NTSA/RSN-0579,Sunbird Services,ADR-REOSYV5,,False,"ronald ngala, kahawa west, githurai",SUNBIRD SERVICES LTD
NTSA/RSN-0579,Sunbird Services,ADR-MDMSERP,,False,"ronald ngala, kahawa west, zimmerman",SUNBIRD SERVICES LTD
NTSA/RSN-0580,Super Highway 45 Society,NTR-00202103101509460,45,True,"Cabanas, Eastern bypass Outerng rd Juja rd Nairobi Thika rd Mwhihoko Githurai Thika, Mwingi",SUPER HIGHWAY 45 SACCO SOCIETY LTD
NTSA/RSN-0580,Super Highway 45 Society,NTR-00415,45,False,"ronald ngara, thika road, githurai",SUPER HIGHWAY 45 SACCO SOCIETY LTD
NTSA/RSN-0580,Super Highway 45 Society,ADR-YM3SVQB,45,False,"nairobi, thika road, githurai",SUPER HIGHWAY 45 SACCO SOCIETY LTD
NTSA/RSN-0580,Super Highway 45 Society,ADR-8LMSJPV,45,False,"nairobi, thika road, githurai",SUPER HIGHWAY 45 SACCO SOCIETY LTD
NTSA/RSN-0580,Super Highway 45 Society,ADR-ZZJS9DZ,45,True,"nairobi, thika road, githurai, mwingi",SUPER HIGHWAY 45 SACCO SOCIETY LTD
NTSA/RSN-0580,Super Highway 45 Society,ADR-LZRSOZW,45,True,"ronald ngala, mwingi, githurai",SUPER HIGHWAY 45 SACCO SOCIETY LTD
NTSA/RSN-0580,Super Highway 45 Society,ADR-O68IVWP,45,True,"nairobi, mwingi,thika road, githurai",SUPER HIGHWAY 45 SACCO SOCIETY LTD
NTSA/RSN-0580,Super Highway 45 Society,ADR-6DBSW7Y,45,True,"railways, mwingi,thika road, githurai",SUPER HIGHWAY 45 SACCO SOCIETY LTD
NTSA/RSN-0580,Super Highway 45 Society,ADR-WZ9SW6P,45,True,"ronald ngala, githurai, thika, mwingi",SUPER HIGHWAY 45 SACCO SOCIETY LTD
NTSA/RSN-0581,Super Metro,NTR-00202006121135460,,False,"Ruiru, RuakaWangigeKikuyuWaiyakiwayWestlandsMoi avenueTomboyaThika rdKasaraniJujaThika, Thika-Makongeni",SUPER METRO LIMITED
NTSA/RSN-0581,Super Metro,NTR-00202108091506440,,False,"TALA, KOMAROCK- MALAA- KAMULU- RUAI-UTAWALA-PIPELINE- JOGOO RD- YAYA- KAWANGWARE-KABIRIA- KiKUYU, Limuru",SUPER METRO LIMITED
NTSA/RSN-0581,Super Metro,NTR-00130,,False,"kikuyu, waiyaki way,westlands,moi avenue,tom mboya,thika road,kasarani, juja",SUPER METRO LIMITED
NTSA/RSN-0581,Super Metro,NTR-00191,,False,"kikuyu, kawangware kenyatta ambasdour tom mboya thika road kasarani, juja",SUPER METRO LIMITED
NTSA/RSN-0581,Super Metro,ADR-A5ACQDD,,True,"Ruiru, Ruaka Wangige Kikuyu Waiyaki way Westlands Moi Avenue Tom Mboya Thika rd Kasarani Juja Thika (Thika makongeni) Oldonyo Sabuk Kilimambogo Tala Machakos Mombasa rd, Mlolongo",SUPER METRO LIMITED
NTSA/RSN-0581,Super Metro,ADR-9AKF2PP,,True,"Ruiru, Ruaka Wangige Kikuyu Waiyaki way Westlands Moi Avenue Tom Mboya Thika rd Kasarani Juja Thika (Thika makongeni) Oldonyo Sabuk Kilimambogo Tala Machakos Mombasa rd, Mlolongo",SUPER METRO LIMITED
NTSA/RSN-0581,Super Metro,ADR-DB3T5RP,,True,"Ruiru, Ruaka Wangige Kikuyu Waiyaki way Westlands Moi Avenue Tom Mboya Thika rd Kasarani Juja Thika Thika makongeni Oldonyo Sabuk Kilimambogo Tala Machakos Mlolongo Mombasa rd Bomas Hardy Gataka Ongata Rongai Kiserian Ngong Karen Dagoretti corner, KNH",SUPER METRO LIMITED
NTSA/RSN-0581,Super Metro,ADR-3ZQS3DE,,True,"ruaka, Wangige kikuyu waiyaki way westlands moi avenueTomboya Thika rd kasarani zimmerman kahawa west bypass Juja Thika Thika makongeni oldonyo sabuk Kilimambogo TalaMachakos Mlolongo mombasa rd Bomas hardy gataka ongata Rongai Kiserian Ngong Karen Dagoreti coner, KNH",SUPER METRO LIMITED
NTSA/RSN-0581,Super Metro,ADR-JY7SLYJ,,True,"ruaka, Wangige limuru kikuyu waiyaki way westlands moi avenueTom boya Thika rd alsops juja rd outering rd kasarani zimmerman kahawa west bypass Juja Thika Thika makongeni oldonyo sabuk Kilimambogo Tala Machakos kitengela Mlolongo mombasa rd jogoo rd upperhill Bomas hardy gataka ongata Rongai Kiserian Ngong Karen Dagoreti coner kawangare kabiria lavington kileleshwa yaya, KNH",SUPER METRO LIMITED
NTSA/RSN-0581,Super Metro,ADR-POKSR2V,,False,"Ruiru, ruakawangigeLimuruKikuyuWiayaki wayWestlandsMoi avenueTom mboyaGPOAmbassadorsKencomThika rdAlsopsJuja rdOutering rdAirport rdEmbakasi via Taj mallCity cabanasUtawalaPipelineKomarockUmojaSavanahJacarandaFedhaTenaMombasa rdKitengelaMachakosTalaKilimbambogoOldonyo sabukMakongeniThika JujaYayakileleshwaLavingtonKabiria KawangwareDagoreticornerKarenNgongKiserianOngata rongaiGatakaHardyBomas, KNH back",SUPER METRO LIMITED
NTSA/RSN-0581,Super Metro,ADR-VYAS9Y2,,False,"kikuyu, juja,waiyaki way,westlands,moi avenue,tom mboya,thika road, kasarani",SUPER METRO LIMITED
NTSA/RSN-0581,Super Metro,ADR-Q5LCM2D,,False,"kikuyu, waiyakiway,westlands,moi avenue,tom mboya,thika road,kasarani,juja, makongenithika",SUPER METRO LIMITED
NTSA/RSN-0322,Super Tram,NTR-00202109131306060,,False,"Tom mboya, limuru ndenderu ruakamwihoko zimmermangithuraikahawa westruirujujathika road, makongenithika",SUPER TRAM LIMITED
NTSA/RSN-0322,Super Tram,NTR-00124,,False,"tommboya, zimmerma,githurai, kahawa west",SUPER TRAM LIMITED
NTSA/RSN-0322,Super Tram,NTR-00201901151029270,,False,"tom mboya, zimmerman,githurai,kahawa west,ruiru,juja,thika road, makongenithika",SUPER TRAM LIMITED
NTSA/RSN-0322,Super Tram,ADR-ZZJS9PQ,,False,"commercial, githurai,zimmerman, kahawa west",SUPER TRAM LIMITED
NTSA/RSN-0322,Super Tram,ADR-2DVSZQ8,,False,"tommboya, kahawa west,zimmerma, githurai",SUPER TRAM LIMITED
NTSA/RSN-0322,Super Tram,ADR-K9BFEA9,,False,"ronald ngala, githurai , kahawa west",SUPER TRAM LIMITED
NTSA/RSN-0322,Super Tram,ADR-7WRS7Q6,,False,"odeon, githurai,kahawa west,bypass, ruiru",SUPER TRAM LIMITED
NTSA/RSN-01355,Surmount Shuttle,NTR-00201910041103390,,False,"Luthuli Avenue, Thika rd,Juja,Makongeni, Gatundu, Luthuli Avenue",SURMOUNT SHUTTLE LIMITED
NTSA/RSN-01355,Surmount Shuttle,,,False,"Ngara,Juja rd,Outering rd ,Jogoo rd,Kangundo rd,Eastern Bypass,Savannah - Komarock and back- Luthuli Avenue",SURMOUNT SHUTTLE LIMITED
NTSA/RSN-0592,Tawala Shuttle,NTR-0016,,True,"Bus station, NRB West Madaraka Mombasa RD, Langata RD, Lusaka RDCity Standium, Jogoo RD Donholm, OuterRing Rd AllsopsThika RD, UtawalaEastern BypassRuiru, RuakaWangige Kawangware, Ngong rd",tawala shuttle limited
NTSA/RSN-0592,Tawala Shuttle,NTR-001183,,True,"Kangundo Rd, Outering Rd Githunguri Utawala Jogoo Rd Mombasa Rd Mbagathi Rd GPO via Ngong Rd, Ambassador",tawala shuttle limited
NTSA/RSN-0592,Tawala Shuttle,NTR-00134,,True,"joska, githunguri,utawala,mombasa road,gpo,ambassadeur, commercial",tawala shuttle limited
NTSA/RSN-0592,Tawala Shuttle,ADR-2DVS23A,,True,"joska, commercial,githunguri,utawala,mombasa road,gpo, ambassadeur",tawala shuttle limited
NTSA/RSN-01725,Telaviv,NTR-00201901041436380,,False,"south c, south b,likoni, eastleigh",TELAVIV TRAVELLERS LIMITED
NTSA/RSN-01725,Telaviv,ADR-REOSRMR,,True,"bus station, mombasa road, south c, south b, hazina",TELAVIV TRAVELLERS LIMITED
NTSA/RSN-01725,Telaviv,ADR-MDMSQ8O,,False,"ngumo, south c, south b, industrial area",TELAVIV TRAVELLERS LIMITED
NTSA/RSN-01725,Telaviv,ADR-YM3S6Q9,,False,"bus station, south c,southb, industrial area",TELAVIV TRAVELLERS LIMITED
NTSA/RSN-01725,Telaviv,ADR-8LMSEPZ,,True,"bus station, hazina,mombasa road, south c, south b",TELAVIV TRAVELLERS LIMITED
NTSA/RSN-01725,Telaviv,ADR-ZZJSQD5,,True,"south c, south b,mombasa rd,likoni,eastleigh,gikomba,jogoo rd,outering rd,donholm, fedha",TELAVIV TRAVELLERS LIMITED
NTSA/RSN-01725,Telaviv,ADR-LZRSWZV,,False,"south c, south b,likoni,eastleigh,gikomba,jogoo rd,outering rd, fedha",TELAVIV TRAVELLERS LIMITED
NTSA/RSN-01725,Telaviv,ADR-O68I2WW,,True,"machakos, syokimau,imara daima,south b,south c,ngumo,likoni rd,industrial area,eastleigh,gikomba,busstation,jogoo rd,donholm, fedha",TELAVIV TRAVELLERS LIMITED
NTSA/RSN-01725,Telaviv,ADR-6DBS87M,,True,"machakos, syokimau,imara daima,south b,south c,ngumo,likoni rd,industrial area,eastleigh,gikomba,busstation,jogoo rd,outering rd,donholm, fedha",TELAVIV TRAVELLERS LIMITED
NTSA/RSN-0605,Thomat Savings AND Credit Copperative Society,NTR-00201912041616440,,False,"Odeon, Thika rdThomeRuakakiambuRuiru, Thika (MAKONGENI)",THOMAT SAVINGS AND CREDIT COPPERATIVE SOCIETY LIMITED
NTSA/RSN-0605,Thomat Savings AND Credit Copperative Society,NTR-00202008061555520,,False,"Odeon, Thika road Thome Kiambu Barabara Tano Nderi Kikuyu Ruaka Ruiru Thika, Makongeni",THOMAT SAVINGS AND CREDIT COPPERATIVE SOCIETY LIMITED
NTSA/RSN-0605,Thomat Savings AND Credit Copperative Society,NTR-00247,,False,"odeon, thika road, thome",THOMAT SAVINGS AND CREDIT COPPERATIVE SOCIETY LIMITED
NTSA/RSN-0605,Thomat Savings AND Credit Copperative Society,ADR-EPJSALK,,False,"Ngara, ThikaMokengeni, Kenol",THOMAT SAVINGS AND CREDIT COPPERATIVE SOCIETY LIMITED
NTSA/RSN-0605,Thomat Savings AND Credit Copperative Society,ADR-2DVSZ8O,,False,"odeon, thome, kiambu",THOMAT SAVINGS AND CREDIT COPPERATIVE SOCIETY LIMITED
NTSA/RSN-0605,Thomat Savings AND Credit Copperative Society,ADR-K9BFEWO,,False,"odeon, thika rd, thome, bypass, ruiru",THOMAT SAVINGS AND CREDIT COPPERATIVE SOCIETY LIMITED
NTSA/RSN-0605,Thomat Savings AND Credit Copperative Society,ADR-7WRS7KB,,False,"odeon, thika road, thome, bypass, ruiru",THOMAT SAVINGS AND CREDIT COPPERATIVE SOCIETY LIMITED
NTSA/RSN-0605,Thomat Savings AND Credit Copperative Society,ADR-BQ9S7OR,,False,"odeon, thika road, thome, ruaka",THOMAT SAVINGS AND CREDIT COPPERATIVE SOCIETY LIMITED
NTSA/RSN-0605,Thomat Savings AND Credit Copperative Society,ADR-REOS83D,,False,"odeon, thome, thika road",THOMAT SAVINGS AND CREDIT COPPERATIVE SOCIETY LIMITED
NTSA/RSN-01757,Tikagi,NTR-00202108091426140,44;45,False,"kiambu, tatu city ruiru tinganga roysambu ruaka githurai 44 kahawa westgithurai 45 mwiki gatundu thika ikinu, githunguri",TIKAGI SAVINGS AND CREDIT COOPERATIVE SOCIETY LIMITED
NTSA/RSN-01757,Tikagi,NTR-00201909131535550,,False,"Tinganga, KiambuRuakaTatu cityRoysambu RuiruGatunduThikaGithurai45Githurai44, Mwiki",TIKAGI SAVINGS AND CREDIT COOPERATIVE SOCIETY LIMITED
NTSA/RSN-01757,Tikagi,ADR-7WRSVDA,,False,"kiambu, ikunu, GITHUNGURI",TIKAGI SAVINGS AND CREDIT COOPERATIVE SOCIETY LIMITED
NTSA/RSN-01757,Tikagi,ADR-BQ9S5JK,44;45,False,"kiambu, tatu city ruiru tinganga roysambu ruaka githurai 44 githurai 45 mwiki gatundu thika ikinu, githunguri",TIKAGI SAVINGS AND CREDIT COOPERATIVE SOCIETY LIMITED
NTSA/RSN-01757,Tikagi,ADR-REOSRW5,,False,"tinganga, kiambu,tatu city,ruiru,gatundu,thika,githurai45,githurai44, mwiki",TIKAGI SAVINGS AND CREDIT COOPERATIVE SOCIETY LIMITED
NTSA/RSN-01757,Tikagi,ADR-MDMSQYP,,False,"tinganga, thika, githurai45, githurai44, mwiki",TIKAGI SAVINGS AND CREDIT COOPERATIVE SOCIETY LIMITED
NTSA/RSN-0610,Transnomics Company,NTR-00202002271055550,,False,"Limuru, kikuyuWangigebananaRwakaWestlandsRedhill link rdPeponi rdNorthern bypassKiambuRuiru, Thika",TRANSNOMICS COMPANY LIMITED
NTSA/RSN-0610,Transnomics Company,NTR-00201909251519230,,False,"limuru, banana,rwaka,westlands,redhill link road,peponi rd,northen bypass,ruiru, thika",TRANSNOMICS COMPANY LIMITED
NTSA/RSN-0610,Transnomics Company,ADR-YM3SV52,,False,"nairobi, limuru bypass, ruiru, thika",TRANSNOMICS COMPANY LIMITED
NTSA/RSN-0610,Transnomics Company,ADR-8LMSJ93,,False,"nairobi, thika,limuru bypass, ruiru",TRANSNOMICS COMPANY LIMITED
NTSA/RSN-0610,Transnomics Company,ADR-ZZJS9RE,,False,"limuru bypass, ruiru, thika",TRANSNOMICS COMPANY LIMITED
NTSA/RSN-01718,Transworld Transport,NTR-00201910291107300,,False,"Khoja, Westlands,Wangige,Kikuyu,Southern by pass,Karen,Ngong, Kiserian",TRANSWORLD TRANSPORT SAVINGS AND CREDIT CO-OPERATIVE SOCIETY LTD
NTSA/RSN-01718,Transworld Transport,NTR-00202012151514130,,False,"Khoja, Thika Westlands Wangige GachieKiambu Limuru KikuyuKaren Ngong, Kiserian",TRANSWORLD TRANSPORT SAVINGS AND CREDIT CO-OPERATIVE SOCIETY LTD
NTSA/RSN-01718,Transworld Transport,NTR-00612,,False,"Khoja, WestlandsWangigeBypassThika Makongeni, Kerugoya",TRANSWORLD TRANSPORT SAVINGS AND CREDIT CO-OPERATIVE SOCIETY LTD
NTSA/RSN-01718,Transworld Transport,ADR-537H2ZQ,,False,"Khoja, Westlands,Wangige,Bypass, Thika",TRANSWORLD TRANSPORT SAVINGS AND CREDIT CO-OPERATIVE SOCIETY LTD
NTSA/RSN-01718,Transworld Transport,ADR-A5ACVEL,,False,"Kiserian, Ngong Karen Khoja WestlandsKikuyu Wangige Gachie Kiambu Limuru Thika Makongeni, Kerugoya",TRANSWORLD TRANSPORT SAVINGS AND CREDIT CO-OPERATIVE SOCIETY LTD
NTSA/RSN-01718,Transworld Transport,ADR-9AKF83J,,False,"khoja, westlands,wangige,bypass, thika",TRANSWORLD TRANSPORT SAVINGS AND CREDIT CO-OPERATIVE SOCIETY LTD
NTSA/RSN-01718,Transworld Transport,ADR-DB3T8P3,,False,"khoja, thika,westlands,wangige, bypass",TRANSWORLD TRANSPORT SAVINGS AND CREDIT CO-OPERATIVE SOCIETY LTD
NTSA/RSN-0613,Travel Mart,NTR-00202006052036480,,False,"Luthuli, KariakorGikombaNgaraJuja rdEastleighThika rdMathare northOuteringFedhaEastern bypass, Kangundo rd underpass",TRAVEL MART LIMITED
NTSA/RSN-0613,Travel Mart,ADR-2DVS57B,,False,"luthuli avenue, kariokor, eastleigh",TRAVEL MART LIMITED
NTSA/RSN-0613,Travel Mart,ADR-K9BFVDL,,False,"luthuli avenue, eastleigh, kariokor",TRAVEL MART LIMITED
NTSA/RSN-01750,Ukakina Society,ADR-7WRSV8A,,False,"kenyatta hospital, kawangware, uthiru, kinoo",UKAKINA MATATU OWNERS SACCO SOCIETY LTD
NTSA/RSN-5948,Ummoinner Class,NTR-00202007021338420,,True,"Ronald Ngala, Juja rd Thika rdOutering rd jogoo rd Umoja InnercoreKomarockKangundo rd Mombasa rd Ruai, Kamulu",UMMOINNER CLASS LIMITED
NTSA/RSN-5948,Ummoinner Class,NTR-00876,,True,"Ronald Ngala, Tom Mboya Juja Rd Thika Rd Outering Rd Jogoo Rd Umoja Innercore Komarock Kangundo Rd Ruai Kamulu Mombasa Rd, Greatwall",UMMOINNER CLASS LIMITED
NTSA/RSN-5948,Ummoinner Class,ADR-7WRSOLO,,False,"Ronald Ngala, Jogoo rdOutering rdUmoja innercoreKomarockKangundo rdRuai, Kamulu",UMMOINNER CLASS LIMITED
NTSA/RSN-0620,Umoinner,NTR-00201909161142390,,False,"Ronald Ngala, Jogoo road Shauri Moyo Outering road Kangundo road Saika, Ruia",UMOINNER SACCO LTD
NTSA/RSN-0620,Umoinner,NTR-00202007021301330,,False,"Ronald Ngala, Shauri Moyo Jogoo road Donholm Tajmall Utawala Kangundo road Komarock Umoja-Innercore Outering road, Allsops",UMOINNER SACCO LTD
NTSA/RSN-0620,Umoinner,NTR-00397,,False,"ronald ngala, jogoo road,umoja, innercore",UMOINNER SACCO LTD
NTSA/RSN-0620,Umoinner,NTR-00125,,False,"ronald ngala, jogoo road,buru buru,kangundo road, moulem",UMOINNER SACCO LTD
NTSA/RSN-0620,Umoinner,ADR-8LMSV59,,False,"Ronald Ngala, Jogoo rdDonholmTajmallUtawalaKangundo rdKomarockUmoja-InnercoreOutering rd, Allsops",UMOINNER SACCO LTD
NTSA/RSN-0620,Umoinner,ADR-ZZJS2V8,,False,"ronald ngala, jogoo road, buruburu, kagundo road, moulem",UMOINNER SACCO LTD
NTSA/RSN-0620,Umoinner,ADR-LZRS36M,,False,"ronald ngala, jogoo road, umoja innercore",UMOINNER SACCO LTD
NTSA/RSN-0620,Umoinner,ADR-O68ILBR,,False,"ronald ngala, moulem,jogoo road,buru buru, kangundo road",UMOINNER SACCO LTD
NTSA/RSN-0620,Umoinner,ADR-6DBSDKP,,False,"ronald ngala, innercore,jogoo road, umoja",UMOINNER SACCO LTD
NTSA/RSN-0620,Umoinner,ADR-WZ9S3D6,,False,"ronald ngala, umoja innercore, jogoo road",UMOINNER SACCO LTD
NTSA/RSN-0620,Umoinner,ADR-537HOQA,,False,"ronald ngala, jogoo rd,outering rd,kangundo rd,saika, ruia",UMOINNER SACCO LTD
NTSA/RSN-0620,Umoinner,ADR-A5AC7LA,,False,"ronald ngala, moulem,jogoo road, buruburu, kagundo road",UMOINNER SACCO LTD
NTSA/RSN-0621,Umoja Innercore Tena,NTR-00502,,False,"mfangano, jogoo road, umoja",UMOJA INNERCORE TENA MATATU OWNERS SAVINGS AND CREDIT CO-OPERATIVE SOCIETY LTD
NTSA/RSN-0621,Umoja Innercore Tena,NTR-00201910041031520,,False,"mfangano, jogoo rd,umoja,outering rd,kangundo rd, malaa",UMOJA INNERCORE TENA MATATU OWNERS SAVINGS AND CREDIT CO-OPERATIVE SOCIETY LTD
NTSA/RSN-0621,Umoja Innercore Tena,ADR-BQ9S5WK,,False,"Mfangano, Bus Station Muthurwa Jogoo Rd Shauri Moyo Umoja Innercore Outering Rd Eastleigh Section 3 Utawala Malaa Eastern Bypass Katani Syokimau Mlolongo Kitengela Kangundo Rd Ruai Juja Rd Eastleigh Forest Rd Thika Rd Alsops Donholm Savanna Komarock Industrial area Manyanja Rd, Enterprise Rd",UMOJA INNERCORE TENA MATATU OWNERS SAVINGS AND CREDIT CO-OPERATIVE SOCIETY LTD
NTSA/RSN-0621,Umoja Innercore Tena,ADR-REOSR75,,False,"ronald ngala, umoja innercore, jogoo road",UMOJA INNERCORE TENA MATATU OWNERS SAVINGS AND CREDIT CO-OPERATIVE SOCIETY LTD
NTSA/RSN-0621,Umoja Innercore Tena,ADR-MDMSQDP,,False,"mfangano, umoja, jogoo road",UMOJA INNERCORE TENA MATATU OWNERS SAVINGS AND CREDIT CO-OPERATIVE SOCIETY LTD
NTSA/RSN-0621,Umoja Innercore Tena,ADR-YM3S6K3,,False,"mfangano, luthuli avenue, eastleigh section 3",UMOJA INNERCORE TENA MATATU OWNERS SAVINGS AND CREDIT CO-OPERATIVE SOCIETY LTD
NTSA/RSN-0623,Unified International,NTR-00202009281541460,,False,"Tom mboya, Thika roadOuteringEastern BypassRuiru Thika, Kenol",UNIFIED INTERNATIONAL LIMITED
NTSA/RSN-0623,Unified International,NTR-00201903261429260,,False,"githurai, mwihoko, ruiru",UNIFIED INTERNATIONAL LIMITED
NTSA/RSN-0623,Unified International,NTR-00201901041326070,,False,"githurai, githurai, mwihoko",UNIFIED INTERNATIONAL LIMITED
NTSA/RSN-0623,Unified International,ADR-537HYVM,,True,"Mombasa rd, Outering rd Juja rd Eastleigh Tom mboya Kenyatta av GPO Community Knh Ngong rd Kawangware Kikuyu Kiambu rd bypass thika rd Githurai Ruiru Thika, kenol",UNIFIED INTERNATIONAL LIMITED
NTSA/RSN-0623,Unified International,ADR-A5AC2AY,,True,"Mombasa rd, Outering rd Juja rd Eastleigh Tom mboya Kenyatta av GPO Community Knh Ngong rd Kawangware Kikuyu waiyaki way forest rd Kiambu rd bypass thika rd Githurai mwiki Ruiru Thika, kenol",UNIFIED INTERNATIONAL LIMITED
NTSA/RSN-0623,Unified International,ADR-9AKFOPZ,,True,"Mombasa rd, Outering rd Juja rd Eastleigh Tom mboya Kenyatta av GPO Community Knh Ngong rd Kawangware Kikuyu waiyaki way Westlands Limuru Rd forest rd Kiambu rd bypass thika rd Githurai mwiki Ruiru Thika, kenol",UNIFIED INTERNATIONAL LIMITED
NTSA/RSN-0623,Unified International,ADR-DB3TQR7,,True,"Mombasa rd, Outering rd Juja rd Eastleigh Tom mboya Kenyatta av GPO Community Knh Ngong rd Kawangware Kikuyu waiyaki way Westlands Limuru Rd forest rd Kiambu rd bypass thika rd Githurai mwiki Ruiru Thika, kenol",UNIFIED INTERNATIONAL LIMITED
NTSA/RSN-0623,Unified International,ADR-3ZQSOD7,,False,"commercial, tom mboya,thika road, githurai",UNIFIED INTERNATIONAL LIMITED
NTSA/RSN-0623,Unified International,ADR-JY7SEYP,,False,"tom mboya, thika road, githurai, ruiru",UNIFIED INTERNATIONAL LIMITED
NTSA/RSN-1901,Unimax Classic,NTR-00340,,False,"khoja, banana, limuru",UNIMAX CLASSIC TRAVELLERS SACCO
NTSA/RSN-1901,Unimax Classic,NTR-00202107121421300,,True,"limuru, banana ndenderu northern bypass eastern bypass cabanas athi river, Machakos",UNIMAX CLASSIC TRAVELLERS SACCO
NTSA/RSN-1901,Unimax Classic,ADR-K9BFLY5,,True,"Banana, kiambu wangari maathai rd westlands ndenderu via waiyaki way limuru njabini wanjohi northern bypass eastern bypass cabanas athi river, machakos",UNIMAX CLASSIC TRAVELLERS SACCO
NTSA/RSN-1901,Unimax Classic,ADR-7WRSVRR,,True,"banana, railways,athi river, machakos",UNIMAX CLASSIC TRAVELLERS SACCO
NTSA/RSN-0625,Utawala By-pass,NTR-0024,,True,"Muthurwa, likoni rd jogoo rd outering rd alsops ruiru eastern bypass kangundo rd joska malaa koma machakos mombasa rd cabanas utawala githunguri airwayskatani, mlolongo",UTAWALA BY-PASS TRAVELLERS SACCO
NTSA/RSN-0625,Utawala By-pass,NTR-0019,,False,"muthurwa, jogoo road,kangundo road,ruai, joska",UTAWALA BY-PASS TRAVELLERS SACCO
NTSA/RSN-0625,Utawala By-pass,NTR-00510,,True,"muthurwa, likoni road,mombasa road,city cabanas,eastern bypass,utawala,githunguri, kangundo road",UTAWALA BY-PASS TRAVELLERS SACCO
NTSA/RSN-0625,Utawala By-pass,NTR-00201901181546510,,True,"ruiru, eastern bypass,utawala,cabanas,mombasa rd,mlolongo,makutano, machakos",UTAWALA BY-PASS TRAVELLERS SACCO
NTSA/RSN-0625,Utawala By-pass,ADR-JY7SEB2,,True,"Muthurwa, likoni rd jogoo rd outering rd alsops thika rd ruiru eastern bypass kangundo rd joska malaa koma machakos mombasa rd utawala githunguri airwayskatani, mlolongo",UTAWALA BY-PASS TRAVELLERS SACCO
NTSA/RSN-0625,Utawala By-pass,ADR-POKS79A,,True,"muthurwa, likoni road, mombasa road, cabanas, eastern bypass, utawala, ruiru",UTAWALA BY-PASS TRAVELLERS SACCO
NTSA/RSN-0625,Utawala By-pass,ADR-VYASZ2E,,False,"city cabanas, ruiru, eastern bypass",UTAWALA BY-PASS TRAVELLERS SACCO
NTSA/RSN-0625,Utawala By-pass,ADR-Q5LCBWP,,False,"city cabanas, eastern bypass, ruiru",UTAWALA BY-PASS TRAVELLERS SACCO
NTSA/RSN-01745,Virginia Coach Enterprise,NTR-00415,,False,"ronald ngara, thika road, githurai",VIRGINIA COACH ENTERPRISE LIMITED
NTSA/RSN-01745,Virginia Coach Enterprise,NTR-00202107071449000,,False,"Nairobi, joska malaa koma athi river, Mlolongo",VIRGINIA COACH ENTERPRISE LIMITED
NTSA/RSN-01745,Virginia Coach Enterprise,ADR-7WRSVPR,,True,"ronald ngala, githurai, thika, mwingi",VIRGINIA COACH ENTERPRISE LIMITED
NTSA/RSN-0632,Wakimali CO,NTR-00201910041505590,,False,"Ngong, KarenDagoretti cornerUthiruKikuyuNdeiya(kamangu)KahuhoNduma, Limuru",WAKIMALI TRAVELLERS CO. LIMITED
NTSA/RSN-0632,Wakimali CO,NTR-00616,,False,"Kikuyu, Ndumbuini, Ndeiya(kamangu), Muguga, Limuru",WAKIMALI TRAVELLERS CO. LIMITED
NTSA/RSN-0632,Wakimali CO,NTR-00673,,False,"kikuyu, karen, ngong",WAKIMALI TRAVELLERS CO. LIMITED
NTSA/RSN-0632,Wakimali CO,ADR-WZ9S9PL,,False,"kiserian, ngong karen dagoretti corner waithaka uthiru kikuyu nduma kahuho ngecha ndeiya (kamangu) limuru tigoni wangige ndenderu, kiambu",WAKIMALI TRAVELLERS CO. LIMITED
NTSA/RSN-0632,Wakimali CO,ADR-537HW92,,False,"kiserian, ngong Bomas karen dagoretti corner waithaka uthiru kikuyu nduma kahuho ngecha ndeiya (kamangu) limuru tigoni wangige ndenderu Ruiru, kiambu",WAKIMALI TRAVELLERS CO. LIMITED
NTSA/RSN-0632,Wakimali CO,ADR-A5AC8OM,,False,"kikuyu, ndumbuini, ndeiya, muguga, limuru",WAKIMALI TRAVELLERS CO. LIMITED
NTSA/RSN-0632,Wakimali CO,ADR-9AKFR99,,False,"kikuyu, ndumboini,ndaiya, limuru",WAKIMALI TRAVELLERS CO. LIMITED
NTSA/RSN-0632,Wakimali CO,ADR-DB3TOZV,,False,"kikuyu, limuru,ndumboini, ndaiya",WAKIMALI TRAVELLERS CO. LIMITED
NTSA/RSN-0632,Wakimali CO,ADR-3ZQS2MK,,False,"kikuyu, ngong, karen",WAKIMALI TRAVELLERS CO. LIMITED
NTSA/RSN-0632,Wakimali CO,ADR-JY7S76R,,False,"ngong, karen,dagoretti corner,uthiru,kikuyu,kahuho,nduma, limuru",WAKIMALI TRAVELLERS CO. LIMITED
NTSA/RSN-0633,Walokana,ADR-7WRS9R9,,True,"Khoja, WestlandsPeponi rdWangigeNgechaKikuyuWestern bypassNorthern bypass Thika, Naivasha, Nakuru",WALOKANA MULTIPURPOSE CO-OPERATIVE SOCIETY LTD
NTSA/RSN-0633,Walokana,ADR-BQ9SQ23,,False,"khoja, westlands,wangige,ngecha, peponi rd",WALOKANA MULTIPURPOSE CO-OPERATIVE SOCIETY LTD
NTSA/RSN-0633,Walokana,ADR-REOSZQO,,False,"khoja, wangige, westlands",WALOKANA MULTIPURPOSE CO-OPERATIVE SOCIETY LTD
NTSA/RSN-0633,Walokana,ADR-MDMSJZQ,,False,"khoja, peponi rd,westlands,wangige, ngecha, khoja",WALOKANA MULTIPURPOSE CO-OPERATIVE SOCIETY LTD
NTSA/RSN-0633,Walokana,,,True,"Westlands,Peponi rd,Wangige via limuru rd,Ngecha,Kikuyu,Western bypass,Northern bypass,Thika rd,Thika,Limuru,Naivasha - Nakuru and back- khoja - Westlands,Peponi rd,Wangige via limuru rd,Ngecha,Kikuyu,Western bypass,Northern bypass,Thika rd,Thika,Limuru,Naivasha - Nakuru and back - khoja - Westlands,Peponi rd,Wangige via limuru rd,Ngecha,Kikuyu,Western bypass,Northern bypass,Thika rd,Thika,Limuru,Naivasha - Nakuru and back",WALOKANA MULTIPURPOSE CO-OPERATIVE SOCIETY LTD
NTSA/RSN-02044,Wanjo Patrames Travel Company,NTR-00202106181630480,,False,"Nairobi, Eastleigh thika road ruiru nyanduma, Juja",WANJO PATRAMES TRAVEL COMPANY LIMITED
NTSA/RSN-02044,Wanjo Patrames Travel Company,ADR-POKSRJ8,,False,"Thika rd, juja Ruiru nyanduma eastleigh Nairobi ladhies rd lusaka rd langata rd mbagathi rd bomas magadi rd ngong rd karen gataka rd ongata rongai ngong town kiserian, kajiado",WANJO PATRAMES TRAVEL COMPANY LIMITED
NTSA/RSN-02044,Wanjo Patrames Travel Company,ADR-VYAS9MY,,True,"Nairobi, Lusaka Rd Via Mombasa Rd Langata Rd Mbagathi Rd Langata Link Rd Bomas Magadi Rd Ngong Rd Kabiria Karen Gataka Rd Ongata Rongai Ngong Town Kiserian Kitengela, Kajiado",WANJO PATRAMES TRAVEL COMPANY LIMITED
NTSA/RSN-0716,Welkan 48 Society,NTR-00201910041453230,48,False,"westlands, lavington,kawangware,riruta,naivas,gatina,redhill rd,nyari estate, kangemi",WELKAN 48 TRAVELLERS SACCO SOCIETY LTD
NTSA/RSN-0716,Welkan 48 Society,ADR-ZZJSZA9,48,False,"westlands, lavington, kawangware",WELKAN 48 TRAVELLERS SACCO SOCIETY LTD
NTSA/RSN-0716,Welkan 48 Society,ADR-LZRSRM7,48,False,"westlands, kawangware, lavington",WELKAN 48 TRAVELLERS SACCO SOCIETY LTD
NTSA/RSN-02057,Welkan,NTR-00201910041453230,,False,"Westlands, Lavington,Kawangware,Riruta,Naivas,Gatina,Redhill rd,Nyari estate, Kangemi",WELKAN TRAVELLERS SERVICES LIMITED
NTSA/RSN-02057,Welkan,ADR-VYAS92A,,False,"Kawangware, GatinaLavingtonYayaFig TreeWestlandsWaiyaki WayLimuru RdPeponi RdRed Hill RdRed Hill Link RdGachieGitaruGathigaKaruraWangige Kinoo RegenUthiruRiruta, Kangemi",WELKAN TRAVELLERS SERVICES LIMITED
NTSA/RSN-0641,West Madaraka Route 14 Cooperative,NTR-0016,14,True,"Bus station, NRB West Madaraka Mombasa RD, Langata RD, Lusaka RDCity Standium, Jogoo RD Donholm, OuterRing Rd AllsopsThika RD, UtawalaEastern BypassRuiru, RuakaWangige Kawangware, Ngong rd",WEST MADARAKA ROUTE 14 COOPERATIVE SACCO.
NTSA/RSN-0641,West Madaraka Route 14 Cooperative,ADR-BQ9SQ86,14,False,"bus station, west madaraka, langata rd, strathmore",WEST MADARAKA ROUTE 14 COOPERATIVE SACCO.
NTSA/RSN-0641,West Madaraka Route 14 Cooperative,ADR-REOSZ5E,14,False,"bus station, madaraka estate,west madaraka, langata rd",WEST MADARAKA ROUTE 14 COOPERATIVE SACCO.
NTSA/RSN-0641,West Madaraka Route 14 Cooperative,ADR-MDMSJ2R,14,False,"bus station, strathmore,west madaraka, langata rd",WEST MADARAKA ROUTE 14 COOPERATIVE SACCO.
NTSA/RSN-2704,ZAM ZAM Fourty Five,NTR-00202107221159520,,False,"Commercial, Ronald ngala Zimmermankiambugithuraikahawa westoutering roadnorthern bypasseastern bypassruiruthika, Makongeni",zam zam fourty five limited
NTSA/RSN-2704,ZAM ZAM Fourty Five,NTR-00202007081106410,,False,"Nairobi, Thika rdGithurairuiru, Thika(Makongeni)",zam zam fourty five limited
NTSA/RSN-2704,ZAM ZAM Fourty Five,NTR-00202012111556180,,False,"Nairobi, Thika rd Outering rd Kangundo rd Eastern Bypass Ruiru Thika(Makongeni), Githurai",zam zam fourty five limited
NTSA/RSN-2704,ZAM ZAM Fourty Five,NTR-00201905271349100,,False,"Nairobi, Thika Rd Githurai Thika Isiolo Marsabit, Moyale",zam zam fourty five limited
NTSA/RSN-2704,ZAM ZAM Fourty Five,NTR-00202211011812570,44,False,"Nairobi, Zimmerman Kahwa West, Githurai 44",zam zam fourty five limited
NTSA/RSN-2704,ZAM ZAM Fourty Five,NTR-00201909131137050,,False,"ronald ngala, thika rd,githurai,ruiru, thika (makongeni)",zam zam fourty five limited
NTSA/RSN-2704,ZAM ZAM Fourty Five,ADR-VYASZQM,,False,"nairobi, thika road, githurai",zam zam fourty five limited
NTSA/RSN-2704,ZAM ZAM Fourty Five,ADR-Q5LCB9Q,,False,"ronald ngala, thika road,githurai, thika (makongeni)",zam zam fourty five limited
NTSA/RSN-0655,Zuri Genesis,NTR-00202202211203420,,False,"Bus Station, Tom Mboya Thika Rd Kahawa West Kenyatta University Hospital Northern Bypass Ruiru Mwihoko Kahawa Sukari Alsops Outering Rd Eastern Bypass Kangund rd Jogoo Rd Juja Rd Wangari Maathai Rd Kiambu Rd Kikuyu Wangige Gachie, Thika",ZURI GENESIS CO. LIMITED
NTSA/RSN-0655,Zuri Genesis,NTR-00704,,False,"kahawa west, thika road, tommboya, bus station",ZURI GENESIS CO. LIMITED
NTSA/RSN-0655,Zuri Genesis,NTR-00201909131145270,,False,"bus station, tom mboya,thika rd,kahawa west,kenyatta university hospital,bypass,ruiru, thika",ZURI GENESIS CO. LIMITED
NTSA/RSN-0655,Zuri Genesis,ADR-6DBSKDA,,False,"tommboya, kahawa west,zimmerma, githurai",ZURI GENESIS CO. LIMITED
NTSA/RSN-0655,Zuri Genesis,ADR-WZ9SD3A,,False,"tommboya, kahawa west, thika road",ZURI GENESIS CO. LIMITED
NTSA/RSN-0655,Zuri Genesis,ADR-537HQOM,,False,"kahawa west, bus station,thika road, tommboya",ZURI GENESIS CO. LIMITED
NTSA/RSN-0655,Zuri Genesis,ADR-A5ACP7Y,,False,"odeon, thika road, zimmerman, kahawa west",ZURI GENESIS CO. LIMITED
