pto_no,sacco,permit_id,primary_route,all_matches,confidence,score,reasons,route_text
NTSA/RSN-0004,2B,NTR-00539,,,UNMATCHED,0,Insufficient keyword overlap,"kikuyu, dagoreti, gikambura"
NTSA/RSN-0004,2B,NTR-00201912130944110,,,UNMATCHED,0,Insufficient keyword overlap,"Kikuyu, GikamburaKamanguMutarakwaLimuruNorthern bypassRuiruThika rd, Thika (MAKONGENI)"
NTSA/RSN-0004,2B,NTR-001144,2,2 (HIGH:74); 102 (MEDIUM:51),HIGH,74,"Base number '2'; 2 waypoints (kawangware, railways); Terminal 'railways'","Railways, Waiyaki way Uthiru kawangware Kikuyu gikambura kamangu mutarakwa limuru northern bypass thika Rd thika, Thika(makongeni)"
NTSA/RSN-0004,2B,NTR-00667,2,2 (HIGH:74); 102 (MEDIUM:51),HIGH,74,"Base number '2'; 2 waypoints (kawangware, railways); Terminal 'railways'","railways, kawangware,dagorretti,kikuyu, gikambura"
NTSA/RSN-0004,2B,NTR-00201901141024040,2,2 (MEDIUM:47),MEDIUM,47,Base number '2'; 1 waypoints (kawangware),"knh, kawangware,dagoreti,kikuyu, gikambura"
NTSA/RSN-0004,2B,NTR-00201901141021120,,,UNMATCHED,0,Insufficient keyword overlap,"knh, dagoreti,kikuyu, limuru"
NTSA/RSN-0004,2B,ADR-YM3SEOK,2,2 (HIGH:74); 102 (MEDIUM:51); 103 (MEDIUM:48),HIGH,74,"Base number '2'; 2 waypoints (railways, dagoretti); Terminal 'railways'","Railways, Karen via bomas kawangwarekabiria dagoretti Kikuyu Muslim gikambura waiyaki way, Uthiru"
NTSA/RSN-0004,2B,ADR-8LMSVDD,2,2 (HIGH:74); 102 (MEDIUM:51),HIGH,74,"Base number '2'; 2 waypoints (kawangware, railways); Terminal 'railways'","railways, kawangware,dagorretti,kikuyu, gikambura"
NTSA/RSN-0004,2B,ADR-ZZJS27K,2,2 (HIGH:86); 102 (MEDIUM:63); 4W (LOW:39),HIGH,86,"Base number '2'; 3 waypoints (kawangware, railways, dagoretti); Terminal 'railways'","railways, dagoretti,kawangware, kikuyu"
NTSA/RSN-0007,2KR,NTR-00202008120851300,105,105 (HIGH:62); 237 (LOW:36),HIGH,62,Exact number '105'; 1 waypoints (kikuyu),"Kikuyu, Wangige Kiambu Ruiru Thika road Juja, Makongeni"
NTSA/RSN-0007,2KR,NTR-00346,,,UNMATCHED,0,Insufficient keyword overlap,"Tommboya, KawangwarekikuyuwestlandsThika RdMakongeniruirukiambuwangige, Limuru"
NTSA/RSN-0007,2KR,NTR-00341,105,105 (HIGH:113); 30 (LOW:39); 23KG (LOW:39),HIGH,113,"Exact number '105'; 4 waypoints (westlands, kikuyu, kinoo); Terminal 'odeon'","odeon, westlands,kinoo, kikuyu"
NTSA/RSN-0007,2KR,ADR-O68ILQB,105,105 (HIGH:113); 30 (LOW:39); 23KG (LOW:39),HIGH,113,"Exact number '105'; 4 waypoints (westlands, kikuyu, kinoo); Terminal 'odeon'","odeon, westlands,kinoo, kikuyu"
NTSA/RSN-0007,2KR,ADR-6DBSD6W,105,105 (HIGH:113); 30 (LOW:39); 106 (LOW:39),HIGH,113,"Exact number '105'; 4 waypoints (westlands, odeon, kinoo); Terminal 'odeon'","odeon, westlands, kinoo, kikuyu, thogoto, kanyariri, mutarakwa, city cabanas"
NTSA/RSN-0007,2KR,ADR-WZ9S3ZE,105,105 (HIGH:101); 115 (LOW:36); 135 (LOW:36),HIGH,101,"Exact number '105'; 3 waypoints (westlands, kinoo, kikuyu); Terminal 'odeon'","tommboya, westlands,kinoo,kikuyu,kamangu, limuru"
NTSA/RSN-0007,2KR,ADR-537HODO,105,105 (HIGH:113); 30 (LOW:39); 23KG (LOW:39),HIGH,113,"Exact number '105'; 4 waypoints (westlands, kikuyu, kinoo); Terminal 'odeon'","odeon, kikuyu,westlands, kinoo"
NTSA/RSN-0008,2KW,NTR-00494,,,UNMATCHED,0,Insufficient keyword overlap,"nairobi, limuru, nakuru"
NTSA/RSN-0008,2KW,NTR-00202009011729160,,,UNMATCHED,0,Insufficient keyword overlap,"Wangige Market, Ngecha Nduma Kamangu Gikambura Muguga Zambezi, Kahuho"
NTSA/RSN-0008,2KW,NTR-00201901101111320,,,UNMATCHED,0,Insufficient keyword overlap,"Dagoretti Corner, UthiruWangigeKahawa west KU Hospital Ruiru Limuru, Nakuru"
NTSA/RSN-0008,2KW,NTR-00202107221145140,2,2 (MEDIUM:48); 102 (MEDIUM:48); 103 (MEDIUM:48),MEDIUM,48,"4 waypoints (kawangware, corner, ngong)","suswa, kimuka ngong dagoretti corner kawangware uthiru Kikuyu kamangu thigio ngecha wangige kahawa west via Kiambu KU hospital ruiru limuru, nakuru"
NTSA/RSN-0008,2KW,ADR-9AKFJOA,,,UNMATCHED,0,Insufficient keyword overlap,"wangige, kahawa west KU Hospital, Ruiru"
NTSA/RSN-0008,2KW,ADR-DB3TYQY,,,UNMATCHED,0,Insufficient keyword overlap,"suswa, kimuka ngong dagoretti centre kamangu thigio ngecha wangige kahawa west KU hospital ruiru limuru, nakuru"
NTSA/RSN-0008,2KW,ADR-3ZQSJOA,2,2 (MEDIUM:48); 102 (MEDIUM:48); 103 (MEDIUM:48),MEDIUM,48,"4 waypoints (kawangware, corner, ngong)","suswa, kimuka ngong dagoretti corner kawangware uthiru Kikuyu kamangu thigio ngecha wangige kahawa west KU hospital ruiru limuru, nakuru"
NTSA/RSN-0008,2KW,ADR-JY7SZE7,,,UNMATCHED,0,Insufficient keyword overlap,"bus station, ngong road, kawagware, uthiru, wangige"
NTSA/RSN-0008,2KW,ADR-POKSY77,,,UNMATCHED,0,Insufficient keyword overlap,"bus station, wangige,ngong road, kawagware, uthiru"
NTSA/RSN-0008,2KW,ADR-VYASWZP,103,103 (MEDIUM:48); 3U (LOW:36),MEDIUM,48,"4 waypoints (corner, uthiru, wangige)","dagoretti corner, uthiru,wangige,limuru, nakuru"
NTSA/RSN-01907,61 BUS,NTR-001280,38/39,38/39 (MEDIUM:63); 10 (MEDIUM:51); 33DP (MEDIUM:51),MEDIUM,63,"7 waypoints (ruai, jogoo, kamulu); Terminal 'bus station'","Bus station, Muthurwa gikomba , Jogoo road juja rd outering rd , Kayole kangundo rd , Eastern bypass, Utawala City cabanas ruai, Kamulu"
NTSA/RSN-01907,61 BUS,ADR-K9BFZR3,38/39,38/39 (MEDIUM:63); 10 (MEDIUM:51); 33DP (MEDIUM:51),MEDIUM,63,"4 waypoints (kayole, muthurwa, city); Terminal 'bus station'","Bus station, Muthurwa, Jogoo road, Kayole, Eastern bypass, Utawala, City cabanas"
NTSA/RSN-01907,61 BUS,ADR-7WRSODM,38/39,38/39 (MEDIUM:63); 10 (MEDIUM:51); 33DP (MEDIUM:51),MEDIUM,63,"4 waypoints (kayole, muthurwa, city); Terminal 'bus station'","Bus station, Muthurwa, Jogoo road, Kayole, Eastern bypass, Utawala, City cabanas"
NTSA/RSN-0657,8B,NTR-00202101181143450,28,28 (MEDIUM:51); 14 (MEDIUM:48); 36 (MEDIUM:48),MEDIUM,51,"3 waypoints (gikomba, eastleigh, kariobangi); Terminal 'gikomba'","Fig tree, Thika rd Kariokor Gikomba Juja rd Eastleigh KiambiuJericho Jogoo rd Buruburu Outering rd Donholm(caltex) Cabanas Likoni rd Lungalunga rd Kariobangi south, Kangundo rd"
NTSA/RSN-0657,8B,NTR-00201909131211180,7,7 (LOW:39); 28 (LOW:39); 3N (LOW:39),LOW,39,"2 waypoints (gikomba, kariokor); Terminal 'gikomba'","kariokor, gikomba,eastleigh,jericho,buruburu,outering rd,donholm(caltex), cabanas"
NTSA/RSN-0657,8B,ADR-POKSKYO,7,7 (LOW:39); 28 (LOW:39); 3N (LOW:39),LOW,39,"2 waypoints (gikomba, kariokor); Terminal 'gikomba'","jericho, eastleigh, kariokor, gikomba"
NTSA/RSN-0657,8B,ADR-VYASAWA,7,7 (LOW:39); 28 (LOW:39); 3N (LOW:39),LOW,39,"2 waypoints (gikomba, kariokor); Terminal 'gikomba'","jericho, gikomba,eastleigh section3, kariokor"
NTSA/RSN-0657,8B,ADR-Q5LCL8B,7,7 (LOW:39); 28 (LOW:39); 3N (LOW:39),LOW,39,"2 waypoints (gikomba, kariokor); Terminal 'gikomba'","jericho, gikomba,eastleigh, kariokor"
NTSA/RSN/8384,Akilla,ADR-ZZJSJEL,11,11 (LOW:39); 12C (LOW:39); 12D (LOW:39),LOW,39,"2 waypoints (mombasa, south); Terminal 'bus station'","bus station, mombasa road,south b, south c"
NTSA/RSN-01901,Aldana Supreme,NTR-00202008111559300,,,UNMATCHED,0,Insufficient keyword overlap,"Saika, Dandora Outering road Thika road, Thika"
NTSA/RSN-01901,Aldana Supreme,NTR-00202108060811330,237,237 (MEDIUM:48); 3N (LOW:39); 145 (LOW:36),MEDIUM,48,"4 waypoints (juja, thika, ruiru)","Malaa, ruai dandora outering rd cabanas juja rd kariokor ngara thika rd mwihoko eastern bypass ruiru gatundu juja thika, Muranga"
NTSA/RSN-01901,Aldana Supreme,ADR-A5ACPY5,14,14 (MEDIUM:63); 46B (MEDIUM:63); 46H (MEDIUM:63),MEDIUM,63,"4 waypoints (ronald, juja, ngala); Terminal 'otc'","Ruai, Dandora, Outering rd, Cabanas, Juja rd, Kariokor Ngara, Ronald Ngala, Thika rd, Thika"
NTSA/RSN-01901,Aldana Supreme,,,,UNMATCHED,0,Insufficient keyword overlap,"Nairobi - Thika,Muranga,Sagana,Nyeri - Naivasha via Nyahururu and back"
NTSA/RSN-0023,Aldana,NTR-00202003241145200,14,14 (MEDIUM:51); 46B (MEDIUM:51); 46H (MEDIUM:51),MEDIUM,51,"3 waypoints (ronald, juja, ngala); Terminal 'otc'","Ronald ngala, Juja rdDandoraKariobangiAlsops Thika rd, Thika"
NTSA/RSN-0023,Aldana,NTR-00418,14,14 (MEDIUM:63); 46B (MEDIUM:63); 04SK (MEDIUM:51),MEDIUM,63,"4 waypoints (ronald, kariobangi, ngala); Terminal 'otc'","Ronald Ngala, Ngara Juja Rd Outering Rd Kangundo Rd Dandora Kariobangi Asops Thika Rd Thika, Nyeri"
NTSA/RSN-0023,Aldana,NTR-00337,46B,46B (MEDIUM:51); 14 (LOW:39); 46H (LOW:39),MEDIUM,51,"3 waypoints (ronald, ngara, juja); Terminal 'otc'","ronald ngara, juja road, dandora"
NTSA/RSN-0023,Aldana,NTR-00360,,,UNMATCHED,0,Insufficient keyword overlap,"dandora, kariobangi, alsolps"
NTSA/RSN-0023,Aldana,NTR-00201909131231540,,,UNMATCHED,0,Insufficient keyword overlap,"dandora, kariobangi,alsops,thika rd, thika"
NTSA/RSN-0023,Aldana,ADR-2DVSRKQ,14,14 (MEDIUM:51); 46B (MEDIUM:51); 46H (MEDIUM:51),MEDIUM,51,"3 waypoints (ronald, juja, ngala); Terminal 'otc'","dandora, juja road, ronald ngala"
NTSA/RSN-0023,Aldana,ADR-K9BF6RK,46B,46B (MEDIUM:51); 14 (LOW:39); 46H (LOW:39),MEDIUM,51,"3 waypoints (ronald, ngara, juja); Terminal 'otc'","ronald ngara, dandora, juja road"
NTSA/RSN-0023,Aldana,ADR-7WRS9DE,,,UNMATCHED,0,Insufficient keyword overlap,"dandora, alsolps, kariobangi"
NTSA/RSN-0023,Aldana,ADR-BQ9SQJ9,7,7 (LOW:39); 41 (LOW:39); 3N (LOW:39),LOW,39,"2 waypoints (gikomba, kariokor); Terminal 'gikomba'","dandora, juja road,kariokor, gikomba"
NTSA/RSN-7779,Arbab Ventures,NTR-00201905131607200,11,11 (LOW:36); 11_2 (LOW:36),LOW,36,"3 waypoints (mombasa, machakos, south)","South c, iindustrial arealikoni rdjogoo rdeastleighoutering rd mombasa rd, machakos"
NTSA/RSN-7779,Arbab Ventures,ADR-JY7SLOJ,,,UNMATCHED,0,Insufficient keyword overlap,"South c, South bLikoni rdindustrial areaeastleighjogoo rdoutering rddonholmfedha, machakos"
NTSA/RSN-7779,Arbab Ventures,ADR-POKSRLV,34L,34L (LOW:39); 15 (LOW:36); 118 (LOW:36),LOW,39,"2 waypoints (nairobi, langata); Terminal 'knh'","Machakos, SyokimauImara daimaSouth bSouth cNgumoLikoni rdIndustrial areaEastleighGikombaBusstationJogoo rdOutering rdDonholm Fedha juja rd thika rd kangundo rdutawala westlands parklands KNH nairobi west, langata"
NTSA/RSN-7779,Arbab Ventures,ADR-VYAS9K2,11,11 (MEDIUM:63); 11_2 (MEDIUM:48); 33FED (MEDIUM:48),MEDIUM,63,"4 waypoints (machakos, area, industrial); Terminal 'bus station'","machakos, syokimau,imara daima,south b,south c,ngumo,likoni rd,industrial area,eastleigh,gikomba,busstation,jogoo rd,outering rd,donholm, fedha"
NTSA/RSN-7779,Arbab Ventures,ADR-Q5LCMKD,11,11 (MEDIUM:63); 11_2 (MEDIUM:48); 33FED (MEDIUM:48),MEDIUM,63,"4 waypoints (machakos, area, industrial); Terminal 'bus station'","machakos, syokimau,imara daima,south b,south c,ngumo,likoni rd,industrial area,eastleigh,gikomba,busstation,jogoo rd,donholm, fedha"
NTSA/RSN-0030,Baba Dogo 25,NTR-00201910081316170,25,25 (HIGH:101); 25A (HIGH:98),HIGH,101,"Exact number '25'; 3 waypoints (dogo, baba, odeon); Terminal 'odeon'","odeon, muranga rd terminus,thika rd,alsops,baba dogo,outering rd,caltex, donholm"
NTSA/RSN-0030,Baba Dogo 25,ADR-BQ9S3MQ,25,25 (HIGH:89); 25A (HIGH:74),HIGH,89,"Exact number '25'; 2 waypoints (dogo, odeon); Terminal 'odeon'","Odeon, Muranga rd terminus(via forest rd)thika rdalsopsbaba dogo outering rd caltex juja rd kariokor, donholm"
NTSA/RSN-0030,Baba Dogo 25,ADR-REOSLYL,25,25 (HIGH:101); 25A (HIGH:98); 04SK (MEDIUM:48),HIGH,101,"Exact number '25'; 3 waypoints (dogo, baba, odeon); Terminal 'odeon'","Odeon, Muranga rd terminus(via forest rd) thika rdalsops roysambu lucky summer baba dogo outering rd caltex kangundo rd ruai junction utawala city cabanas donholm juja rd, kariokor"
NTSA/RSN-0030,Baba Dogo 25,ADR-MDMSAEM,25,25 (HIGH:77); 25A (MEDIUM:62),HIGH,77,Exact number '25'; 1 waypoints (odeon); Terminal 'odeon',"odeon, thika road, babadogo"
NTSA/RSN-0030,Baba Dogo 25,ADR-YM3SEJ6,25,25 (HIGH:77); 25A (MEDIUM:62),HIGH,77,Exact number '25'; 1 waypoints (odeon); Terminal 'odeon',"odeon, babadogo, thika road"
NTSA/RSN-0032,Bakaki 101,NTR-00201911291135300,116,116 (MEDIUM:48); 114R (MEDIUM:48); 107 (LOW:36),MEDIUM,48,"4 waypoints (tigoni, limuru, banana)","Kiambu, Bypass Ruaka Banana Ndenderu Wangige Kikuyu Rusingiti Kamangu Thigio Mutarakwa Limuru, Tigoni"
NTSA/RSN-0032,Bakaki 101,ADR-2DVSRWK,,,UNMATCHED,0,Insufficient keyword overlap,"Kiambu, BananaRuakaNdenderuWangigeKikuyuRusingitiKamanguThigioMutarakwaLimuru, Tigoni"
NTSA/RSN-0032,Bakaki 101,ADR-K9BF6JM,,,UNMATCHED,0,Insufficient keyword overlap,"kiambu, banana, limuru"
NTSA/RSN-0037,Banana Hill Matatu,NTR-00202107191137140,,,UNMATCHED,0,Insufficient keyword overlap,"Banana, Kiambu Nairobi thika rd ruiru thika, Soko mjinga via limuru"
NTSA/RSN-0037,Banana Hill Matatu,NTR-00202211011757100,,,UNMATCHED,0,Insufficient keyword overlap,"Thika, Ruiru Kiambu, Olkalou via Banana"
NTSA/RSN-0037,Banana Hill Matatu,ADR-7WRS96P,,,UNMATCHED,0,Insufficient keyword overlap,"banana, kiambu, nairobi, thika road, ruiru, thika"
NTSA/RSN-0037,Banana Hill Matatu,ADR-BQ9SQ6V,,,UNMATCHED,0,Insufficient keyword overlap,"banana, thika,commercial, kiambu"
NTSA/RSN-0037,Banana Hill Matatu,ADR-REOSZKQ,,,UNMATCHED,0,Insufficient keyword overlap,"banana, commercial, kiambu, thika"
NTSA/RSN-0039,Benjo( K),NTR-00833,,,UNMATCHED,0,Insufficient keyword overlap,"Embu, Kitui, Mwingi and Back"
NTSA/RSN-0039,Benjo( K),NTR-001425,38/39,38/39 (MEDIUM:63); 7 (LOW:39); 10 (LOW:39),MEDIUM,63,"5 waypoints (ruai, jogoo, muthurwa); Terminal 'bus station'","Busstation, jogoo rd,Muthurwa,Gikomba,Kariokor,Juja Rd,Outering Rd,Allsops,Kariobangi Roundabout,kangundo rd,ruai,joska,malaa,tala,Thika,kiskioni,donyosabuku,kilimambogo, Nyeri and Back"
NTSA/RSN-0039,Benjo( K),NTR-00741,38/39,38/39 (MEDIUM:63); 10 (MEDIUM:51); 16/62 (MEDIUM:51),MEDIUM,63,"6 waypoints (ruai, jogoo, makongeni); Terminal 'bus station'","Bus Station, Jogoo rd Muthurwa Gikomba Kariokor Juja Rd OuteringRd Allsops Kariobangi dandora Moslem machakos mlolongo mombasa rd Cabanas EasternBypass Utawala Ruiru Roundabout kangundo rd ruai joska malaa tala Thika Makongeni kiskioni donyosabuk kilimambogo, Nyeri"
NTSA/RSN-0039,Benjo( K),ADR-537HOWE,,,UNMATCHED,0,Insufficient keyword overlap,"nairobi, matuu, kitui, mwingi"
NTSA/RSN-0039,Benjo( K),ADR-A5AC78Q,,,UNMATCHED,0,Insufficient keyword overlap,"nairobi, mwingi,thika,matuu, kitui"
NTSA/RSN-0050,Buruburu 58,ADR-K9BFLV9,48B,48B (LOW:36); 48C (LOW:36),LOW,36,"3 waypoints (kangundo, bypass, likoni)","Commercial, muthurwaJogoo road Lusaka Likoni rd JerichoBuruburu Rabai rd Outering rdAlsops Kangundo rd Eastern bypass, Malaa"
NTSA/RSN-0050,Buruburu 58,ADR-7WRSVZ6,58,58 (HIGH:62); 48B (LOW:36); 48C (LOW:36),HIGH,62,Exact number '58'; 1 waypoints (buruburu),"Commercial, muthurwaJogoo road Lusaka Enterprise rd Likoni rd Jericho Buruburu Rabai rd Outering rd Alsops Kangundo rd Eastern bypass, Malaa"
NTSA/RSN-0050,Buruburu 58,ADR-BQ9S53D,58,58 (HIGH:74); 33C (LOW:39); 33FED (LOW:39),HIGH,74,"Exact number '58'; 2 waypoints (buruburu, jogoo)","buruburu, jogoo rd accra, commercial"
NTSA/RSN-0050,Buruburu 58,ADR-REOSRLV,58,58 (HIGH:74); 33C (LOW:39); 33FED (LOW:39),HIGH,74,"Exact number '58'; 2 waypoints (buruburu, jogoo)","buruburu, jogoo road, commercial"
NTSA/RSN-0050,Buruburu 58,ADR-MDMSQA8,58,58 (HIGH:74); 10 (LOW:39); 69 (LOW:39),HIGH,74,"Exact number '58'; 2 waypoints (buruburu, jogoo)","commercial, buruburu,muthurwa, jogoo road"
NTSA/RSN-0050,Buruburu 58,ADR-YM3S6EM,58,58 (HIGH:74); 33C (LOW:39); 33FED (LOW:39),HIGH,74,"Exact number '58'; 2 waypoints (buruburu, jogoo)","buruburu, commercial, jogoo road"
NTSA/RSN-9870,Bybuss Trans,NTR-00202007061248330,118,118 (MEDIUM:51); 119 (MEDIUM:51); 100A (LOW:39),MEDIUM,51,"3 waypoints (kabete, ngara, lower); Terminal 'koja'","Khoja via Ngara Rd, WestlandsWangige via Lower Kabete RdNyathunaNgechaKabukuLimuru Kikuyu Kiambu Ruiru, Thika(Makongeni)"
NTSA/RSN-9870,Bybuss Trans,NTR-00202009081636350,119,119 (LOW:39),LOW,39,"2 waypoints (kiambu, wangige); Terminal 'koja'","Kiserian, Ngong Dagoretti Wangige Khoja Thika Gatuanyaga Ruiru Kiambu, Limuru"
NTSA/RSN-9870,Bybuss Trans,NTR-00202102051433520,119,119 (MEDIUM:63); 114R (MEDIUM:63); 114W (MEDIUM:63),MEDIUM,63,"4 waypoints (westlands, kiambu, ngara); Terminal 'koja'","Khoja, Ngara Westlands kangemi wangige nyathuna gachie ngecha kabuku ruaka Kikuyu limuru kiambu ruiru Thika(makongeni), muranga"
NTSA/RSN-9870,Bybuss Trans,NTR-00202102051436280,102,102 (MEDIUM:48); 2 (LOW:36); 24 (LOW:36),MEDIUM,48,"4 waypoints (kawangware, ngong, dagoretti)","Thika (makongeni), Kiambu ruaka gachie wangige nyathuna ngecha kabuku limuru kikuyu kangemi kawangware dagoretti corner& market karen bomas ngong, Kiserian"
NTSA/RSN-9870,Bybuss Trans,ADR-BQ9SMJB,118,118 (MEDIUM:51); 114W (MEDIUM:51); 115 (LOW:39),MEDIUM,51,"3 waypoints (lower, ngara, kabete); Terminal 'koja'","Khoja via Ngara Rd, WestlandsWangige via Lower Kabete RdNyathunaNgechaKabuku, Limuru"
NTSA/RSN-9870,Bybuss Trans,ADR-REOSYWM,119,119 (MEDIUM:63); 114R (MEDIUM:63); 114W (MEDIUM:63),MEDIUM,63,"4 waypoints (westlands, kiambu, ngara); Terminal 'koja'","Khoja, Ngara Westlands kangemi wangige nyathuna gachie ngecha kabuku ruaka Kikuyu limuru kiambu ruiru, Thika(makongeni)"
NTSA/RSN-9870,Bybuss Trans,ADR-MDMSEYL,114R,114R (MEDIUM:48); 102 (LOW:36); 105 (LOW:36),MEDIUM,48,"4 waypoints (limuru, banana, ruaka)","Thika (makongeni), Kiambu ruakagachie wangige nyathuna ngecha kabuku limuru kangemi Dagoretti ngong, Kiserian, 8Ngara;Westlands,Ruaka,Gachie,Ngecha,Banana,Kiambu,Limuru,Kikuyu,Kangemi,Dagoret,Karen,Boma,Ngong - Kiserian and back"
NTSA/RSN-0053,Cbet,NTR-00202012111552070,04SK,04SK (LOW:36); 38/39 (LOW:36),LOW,36,"3 waypoints (kangundo, koma, jogoo)","Gillhouse, Jogoo rd Buruburu Outering rd Kangundo rd, Koma bus park"
NTSA/RSN-0053,Cbet,NTR-00202012111553240,,,UNMATCHED,0,Insufficient keyword overlap,"Gillhouse, Mombasa rd Athi river, Machakos"
NTSA/RSN-0053,Cbet,NTR-00202104141523000,,,UNMATCHED,0,Insufficient keyword overlap,"kyumbi, malili, konza city"
NTSA/RSN-0053,Cbet,NTR-00202104141524480,,,UNMATCHED,0,Insufficient keyword overlap,"kenol, njumbi murarandaia githiga, kiria-ini"
NTSA/RSN-0053,Cbet,NTR-0063,106,106 (LOW:36); 110 (LOW:36); 116 (LOW:36),LOW,36,"3 waypoints (mombasa, park, city)","Gillhouse, MuthurwaJogoo roadBuruburu civil servant outering rd komarock bus park mombasa rd athi river machakos kyumbi malili murarandia githiga njumbi konza city kenol kangundo rd, kiria-ini"
NTSA/RSN-0053,Cbet,ADR-A5AC86D,33DP,33DP (MEDIUM:51); 10 (LOW:39); 11_2 (LOW:36),MEDIUM,51,"3 waypoints (park, muthurwa, jogoo); Terminal 'muthurwa'","gillhouse, muthurwa,jogoo road,buruburu,civil servant,Outering rd,Komarock Bus Park,Mombasa rd,Athiriver,Machakos,Kyumbi,Malili,Murarandi,Githiga, Kiria-ini"
NTSA/RSN-0053,Cbet,ADR-9AKFR5P,10,10 (LOW:39); 33DP (LOW:39),LOW,39,"2 waypoints (muthurwa, jogoo); Terminal 'muthurwa'","gillhouse, civilservant,muthurwa,jogoo road, buruburu"
NTSA/RSN-0053,Cbet,ADR-DB3TOWP,10,10 (LOW:39); 33DP (LOW:39),LOW,39,"2 waypoints (muthurwa, jogoo); Terminal 'muthurwa'","gillhouse, muthurwa,jogoo road,buruburu, civilservant"
NTSA/RSN-0064,Chania,NTR-0053,,,UNMATCHED,0,Insufficient keyword overlap,"nairobi, thika,matuu,kitui, mwingi"
NTSA/RSN-0064,Chania,NTR-00182,,,UNMATCHED,0,Insufficient keyword overlap,"nairobi, thika, nyeri"
NTSA/RSN-0064,Chania,NTR-00183,,,UNMATCHED,0,Insufficient keyword overlap,"nairobi, thika nyeri nyahururu, nakuru"
NTSA/RSN-0064,Chania,NTR-00236,,,UNMATCHED,0,Insufficient keyword overlap,"nairobi, thika,nyeri,nyahururu, nakuru"
NTSA/RSN-0064,Chania,NTR-00142,,,UNMATCHED,0,Insufficient keyword overlap,"nairobi, thika road,thika, nyeri"
NTSA/RSN-0064,Chania,NTR-00519,,,UNMATCHED,0,Insufficient keyword overlap,"nairobi, thika,matuu, mwingi"
NTSA/RSN-0064,Chania,NTR-00567,,,UNMATCHED,0,Insufficient keyword overlap,"Nairobi, Thika Gatura Olkalou Nyahururu Nakuru, Eldoret"
NTSA/RSN-0064,Chania,NTR-00917,,,UNMATCHED,0,Insufficient keyword overlap,"Nairobi, Thika Nyeri Nyahururu Nakuru, Eldoret"
NTSA/RSN-0064,Chania,NTR-001007,,,UNMATCHED,0,Insufficient keyword overlap,"Nairobi, Ruiru Thika Odonyo Sabuk Matuu Kitui Mwingi Igikiro gatura Flyover Olkalou Nyahururu Nyeri Embu Meru Nakuru, Eldoret"
NTSA/RSN-0064,Chania,NTR-001285,118,118 (LOW:36); 107D (LOW:36),LOW,36,"3 waypoints (flyover, nairobi, bypass)","Nairobi, Eastleigh Outering Rd Eastern Bypass Mombasa Rd Matuu Kitui Mwigi Oldonyo sabuk Thika Ruiru Igikiro Gatura Flyover Olkalou Nyahururu Nyeri Meru Nakuru, Eldoret"
NTSA/RSN-0064,Chania,NTR-001145,,,UNMATCHED,0,Insufficient keyword overlap,"nairobi, thika, nyeri, meru"
NTSA/RSN-0064,Chania,ADR-Q5LCLAM,,,UNMATCHED,0,Insufficient keyword overlap,"nairobi, thika, flyover, nakuru"
NTSA/RSN-0064,Chania,ADR-EPJSJ6A,,,UNMATCHED,0,Insufficient keyword overlap,"thika, flyover, nakuru"
NTSA/RSN-0064,Chania,ADR-2DVSB6R,,,UNMATCHED,0,Insufficient keyword overlap,"nairobi, mwingi,thika,matuu, kitui"
NTSA/RSN-0064,Chania,ADR-K9BFBOV,,,UNMATCHED,0,Insufficient keyword overlap,"nairobi, nyeri, thika"
NTSA/RSN-0064,Chania,ADR-7WRS2W2,,,UNMATCHED,0,Insufficient keyword overlap,"nairobi, thika,nyeri, embu"
NTSA/RSN-0064,Chania,ADR-BQ9SZE5,,,UNMATCHED,0,Insufficient keyword overlap,"nairobi, nyeri,thika road, thika"
NTSA/RSN-0064,Chania,ADR-REOSOMB,,,UNMATCHED,0,Insufficient keyword overlap,"nairobi, mwingi,thika, matuu"
NTSA/RSN-0064,Chania,ADR-MDMSM85,,,UNMATCHED,0,Insufficient keyword overlap,"thika, nakuru, flyover"
NTSA/RSN-0064,Chania,ADR-YM3SLQD,,,UNMATCHED,0,Insufficient keyword overlap,"nairobi, meru, embu"
NTSA/RSN-0064,Chania,ADR-8LMSOPW,,,UNMATCHED,0,Insufficient keyword overlap,"nairobi, thika, nyeri, nyahururu, nakuru"
NTSA/RSN-0064,Chania,ADR-ZZJSZDW,,,UNMATCHED,0,Insufficient keyword overlap,"nairobi, nakuru, nyeri"
NTSA/RSN-041811,Chelsea,NTR-00202211011801400,44G,44G (MEDIUM:59); 44K (MEDIUM:59); 237 (MEDIUM:48),MEDIUM,59,"Base number '44'; 2 waypoints (githurai, west)","Commercial, Bus Station Thika Rd Zimmerman Githurai 44 Kahawa West Ruiru Ruaka Limuru Juja, Juja Farm"
NTSA/RSN-041811,Chelsea,NTR-00202211071700350,237,237 (MEDIUM:48); 44G (MEDIUM:47); 44K (MEDIUM:47),MEDIUM,48,"4 waypoints (githurai, juja, thika)","Commercial, Bus Station Thika Rd Zimmerman Githurai 44 Northern Bypass Ruiru Ruaka Kikuyu via Waiyaki Way Limuru Juja, Juja Farm"
NTSA/RSN-041811,Chelsea,ADR-8LMS57A,,,UNMATCHED,0,Insufficient keyword overlap,"ngara(figtree), githurai44, kahawa west, Commercial"
NTSA/RSN-041811,Chelsea,,44G,44G (MEDIUM:59); 44K (MEDIUM:59); 237 (MEDIUM:48),MEDIUM,59,"Base number '44'; 2 waypoints (githurai, west)","Bus station,Thika rd,Zimmerman,Githurai 44,Kahawa west,Northen Bypass,Ruiru,Ruaka,Kikuyu via Waiyaki way,Forest rd,Limuru,Juja - Juja farm and back"
NTSA/RSN-5013,Circular Classic Company,NTR-00202009101604470,,,UNMATCHED,0,Insufficient keyword overlap,"Nairobi, Kangundo road Tala Kangundo, Machakos"
NTSA/RSN-5013,Circular Classic Company,NTR-00202009101603390,,,UNMATCHED,0,Insufficient keyword overlap,"Nairobi, Machakos Masii Mwala Kithimani Garissa road, Ol donyo Sabuk"
NTSA/RSN-5013,Circular Classic Company,NTR-00201910290905210,,,UNMATCHED,0,Insufficient keyword overlap,"Nairobi, EastleighPangani TerminusJuja Thika Garissa rd Mwala Kithiani Masii Machakos Tala, Kangundo rd"
NTSA/RSN-5013,Circular Classic Company,NTR-00202111051642530,,,UNMATCHED,0,Insufficient keyword overlap,"eastleigh, northern bypass eastern bypass jogoo rd mombasa rd utawala, ruai"
NTSA/RSN-5013,Circular Classic Company,NTR-00706,,,UNMATCHED,0,Insufficient keyword overlap,"Nairobi, eastleigh kahawa west muranga othaya nyeri mwea, embu"
NTSA/RSN-5013,Circular Classic Company,NTR-00202111051643520,,,UNMATCHED,0,Insufficient keyword overlap,"kiambu via westlands, kikuyu ruiru limuru, naivasha"
NTSA/RSN-5013,Circular Classic Company,NTR-00202111121600130,107D,107D (LOW:36),LOW,36,"3 waypoints (bypass, eastern, ruiru)","eastleigh, jogoo rd mombasa rd utawala eastern bypass mwihoko kawaha west via mwiki northern bypass, ruiru"
NTSA/RSN-5013,Circular Classic Company,NTR-00202009231508300,33TP,33TP (MEDIUM:51); 107D (MEDIUM:48); 33C (LOW:39),MEDIUM,51,"3 waypoints (mombasa, commercial, jogoo); Terminal 'commercial'","Commercial, eastleigh jogoo rd manyanja rd umoja innercore komarock eastern bypass utawala mombasa rd westlands kikuyu kiambu northern bypass kahawa west ruiru mwihoko kasarani, mwiki"
NTSA/RSN-5013,Circular Classic Company,ADR-WZ9SDA5,237,237 (MEDIUM:48); 14 (LOW:36); 46B (LOW:36),MEDIUM,48,"4 waypoints (pangani, thika, town)","Nairobi, Eastleigh,Pangani Terminus,Juja town, Thika"
NTSA/RSN-0069,City Star Shuttle,NTR-0020181211134410497,5,5 (MEDIUM:63); 24 (MEDIUM:63); 24C (MEDIUM:63),MEDIUM,63,"4 waypoints (arcade, ngong, kencom); Terminal 'kencom'","bus station, kencom,gpo,knh,adams arcade,karen,ngong,matasia,kiseriani,rongai,bomas,langata road, kiserian"
NTSA/RSN-0069,City Star Shuttle,NTR-0020181211134054530,38/39,38/39 (MEDIUM:63); 5 (MEDIUM:51); 46K (MEDIUM:51),MEDIUM,63,"4 waypoints (kangundo, joska, ruai); Terminal 'bus station'","kikuyu, kawangware,ngong road,yaya,icea,ambassadeur,bus station,jogoo road,kangundo road,utawala,ruai,joska, malaa"
NTSA/RSN-0069,City Star Shuttle,NTR-00202101251020460,24C,24C (MEDIUM:63); 38/39 (MEDIUM:63); 5 (MEDIUM:51),MEDIUM,63,"4 waypoints (langata, ngong, kencom); Terminal 'kencom'","South B, Langata Ongata Rongai Kiserian Ngong Karen Kawangware Yaya KNH Ambassador Kencom Bus station Jogoo rd Buruburu Umoja Kangundo rd Ruai Malaa Kantafu Utawala Jkia Mombasa rd SGR Syokimau Athi river Kitengela, Isinya"
NTSA/RSN-0069,City Star Shuttle,NTR-00202101251031330,38/39,38/39 (MEDIUM:63); 24 (MEDIUM:51); 19C (MEDIUM:51),MEDIUM,63,"5 waypoints (ruai, jogoo, umoja); Terminal 'bus station'","Kangundo, Malaa Ruai Juja Ruiru Thika Kenyatta university Juja rdTom mboya Kencom Ambassador Bus station Gikomba Jogoo rd Buruburu Outering rd Umoja Kangundo rdUtawala JKIA Mombasa SGR Syokimau Athi river Kitengela, Isinya"
NTSA/RSN-0069,City Star Shuttle,NTR-00592,,,UNMATCHED,0,Insufficient keyword overlap,"kikuyu, kawangware,yaya,arkwings kodhek,yaya,ambassadour,jkia,utawala, joska"
NTSA/RSN-0069,City Star Shuttle,NTR-00591,38/39,38/39 (MEDIUM:63); 237 (LOW:36),MEDIUM,63,"4 waypoints (kangundo, joska, mboya); Terminal 'bus station'","juja, ruiru,thika rd,tom mboya,bus station,buruburu,ruai,kangundo rd,joska, malaa"
NTSA/RSN-0069,City Star Shuttle,NTR-00596,38/39,38/39 (LOW:39); 102 (LOW:36),LOW,39,"2 waypoints (umoja, joska); Terminal 'bus station'","kikuyu, kawangware,ngong rd,yaya,icea,ambassadour,bus station,umoja,jkia, joska"
NTSA/RSN-0069,City Star Shuttle,ADR-DB3TQ92,24,24 (MEDIUM:63); 24C (MEDIUM:63); 38/39 (MEDIUM:63),MEDIUM,63,"4 waypoints (hardy, ngong, kencom); Terminal 'kencom'","Isinya, Kitengela Athi river Syokimau SGR Mombasa rd JKIA Utawala Ruai Malaa Kantafu Kangundo rd Umoja Outering rd Juja rd Buruburu Jogoo rd South B Bus station Ambassador Kencom KNH Langata rd Ongata Rongai Kiserian Ngong Karen Hardy Kawangware Kikuyu, Waiyaki way"
NTSA/RSN-0069,City Star Shuttle,ADR-3ZQSO8Q,38/39,38/39 (MEDIUM:63); 24 (MEDIUM:51); 19C (MEDIUM:51),MEDIUM,63,"5 waypoints (ruai, jogoo, umoja); Terminal 'bus station'","Kantafu, Malaa Ruai Juja Ruiru Thika rd Kenyatta university Juja rdTom mboya Kencom Ambassador Bus station Jogoo rd Buruburu Outering rd Umoja Kangundo rdUtawala JKIA Mombasa SGR Syokimau Athi river Kitengela, Isinya"
NTSA/RSN-0069,City Star Shuttle,ADR-JY7SED8,24,24 (MEDIUM:63); 24C (MEDIUM:63); 38/39 (MEDIUM:63),MEDIUM,63,"4 waypoints (hardy, ngong, kencom); Terminal 'kencom'","Isinya, Kitengela Athi river Syokimau SGR Mombasa rd JKIA Utawala Ruai Malaa Kantafu Kangundo rd Umoja Outering rd Juja rd Buruburu Jogoo rd South B Bus station Ambassador Kencom KNH Langata rd Ongata Rongai Kiserian Ngong Karen Hardy Kawangware Kikuyu Waiyaki way, Thika"
NTSA/RSN-0069,City Star Shuttle,ADR-POKS78J,,,UNMATCHED,0,Insufficient keyword overlap,"kikuyu, kawangware,yaya,arkwings kodhek,yaya,ambassadour,jkia,utawala , joska"
NTSA/RSN-0069,City Star Shuttle,ADR-VYASZ6M,19C,19C (MEDIUM:63); 38/39 (MEDIUM:63); 19C (MEDIUM:51),MEDIUM,63,"4 waypoints (ambassadeur, umoja, mboya); Terminal 'kencom'","kikuyu, waiyaki way, ambassadeur, tom mboya, bus station, jogoo road, umoja, jkia, utawala, kangundo road, joska"
NTSA/RSN-0069,City Star Shuttle,ADR-Q5LCBRQ,12D,12D (LOW:39); 102 (LOW:36),LOW,39,"2 waypoints (mombasa, athi); Terminal 'bus station'","kikuyu, kawangware, ngong road, yaya, knh , ambassadour, bus station, jogoo road, jkia, utawala, mombasa road, athi river, kitengela, kajiado"
NTSA/RSN-0069,City Star Shuttle,ADR-EPJSQDR,19C,19C (MEDIUM:63); 38/39 (MEDIUM:63); 19C (MEDIUM:51),MEDIUM,63,"4 waypoints (ambassadeur, umoja, mboya); Terminal 'kencom'","kikuyu, waiyaki way, ambassadeur, tom mboya, bus station, jogoo road, umoja, jkia, utawala, kangundo road, joska"
NTSA/RSN-0069,City Star Shuttle,ADR-2DVS2WZ,,,UNMATCHED,0,Insufficient keyword overlap,"kitengela, athi river,jkia,mombasa road, ambassador, kencom,juja,outering road, jkia, kitengela"
NTSA/RSN-0069,City Star Shuttle,ADR-K9BFLJ6,5,5 (LOW:39); 24 (LOW:39); 24C (LOW:39),LOW,39,"2 waypoints (nairobi, kencom); Terminal 'kencom'","umoja, jkia,sgr terminus nairobi, kencom, knh, kawangware, kikuyu, ambassadour, bus station"
NTSA/RSN-0069,City Star Shuttle,ADR-7WRSVBZ,2,2 (LOW:39); 8 (LOW:39); 56 (LOW:39),LOW,39,"2 waypoints (ngong, railways); Terminal 'railways'","kiserian, ngong, yaya, icea, ambassadour, railways, bus station, south b, jkia"
NTSA/RSN-0069,City Star Shuttle,ADR-BQ9S5AZ,2,2 (LOW:39); 8 (LOW:39); 56 (LOW:39),LOW,39,"2 waypoints (ngong, railways); Terminal 'railways'","kiserian, jkia,ngong, yaya, icea, ambassadour, railways, bus station, south b"
NTSA/RSN-0069,City Star Shuttle,ADR-REOSR9R,,,UNMATCHED,0,Insufficient keyword overlap,"kikuyu, kawangware, yaya, argwings kodhek, yaya, ambassadour, jkia, utawala"
NTSA/RSN-0069,City Star Shuttle,ADR-MDMSQLO,38/39,38/39 (MEDIUM:51); 102 (LOW:36),MEDIUM,51,"3 waypoints (joska, ruai, jogoo); Terminal 'bus station'","kikuyu, kawangware, ngong road, yaya, icea, ambassadour, bus station, jogoo road, kangudo road, ruai, joska, malaa"
NTSA/RSN-0069,City Star Shuttle,ADR-YM3S6M9,38/39,38/39 (MEDIUM:63); 04SK (MEDIUM:48); 1960 (LOW:36),MEDIUM,63,"4 waypoints (kangundo, umoja, mboya); Terminal 'bus station'","bus station, tom mboya, juja road, jogoo road, buruburu, outering road, umoja, kangundo road, kantafu market"
NTSA/RSN-0069,City Star Shuttle,ADR-8LMSELZ,19C,19C (MEDIUM:63); 38/39 (MEDIUM:63); 19C (MEDIUM:51),MEDIUM,63,"4 waypoints (ambassadeur, umoja, mboya); Terminal 'kencom'","kikuyu, joska,waiyaki way, ambassadeur, tom mboya, bus station, jogoo road, umoja, jkia, utawala, kangundo road"
NTSA/RSN-0069,City Star Shuttle,ADR-ZZJSQ65,38/39,38/39 (MEDIUM:51); 102 (LOW:36),MEDIUM,51,"3 waypoints (joska, ruai, jogoo); Terminal 'bus station'","kikuyu, kawangware, ngong road, yaya, icea, ambassadour, bus station, jogoo road, kangudo road, ruai, joska, maraa"
NTSA/RSN-0069,City Star Shuttle,ADR-LZRSW8V,12D,12D (LOW:39); 102 (LOW:36),LOW,39,"2 waypoints (mombasa, athi); Terminal 'bus station'","kikuyu, kajiado,kawangware, ngong road, yaya, knh , ambassadour, bus station, jogoo road, jkia, utawala, mombasa road, athi river, kitengela"
NTSA/RSN-0069,City Star Shuttle,ADR-O68I25W,38/39,38/39 (MEDIUM:63); 237 (LOW:36),MEDIUM,63,"4 waypoints (kangundo, joska, mboya); Terminal 'bus station'","juja, malaa,ruiru,thika rd,tom mboya,bus station,buruburu,ruai,kangundo rd, joska"
NTSA/RSN-0069,City Star Shuttle,ADR-6DBS8MM,,,UNMATCHED,0,Insufficient keyword overlap,"kikuyu, waiyaki way, ambassadour, jkia, utawala"
NTSA/RSN-0069,City Star Shuttle,ADR-WZ9SVBB,,,UNMATCHED,0,Insufficient keyword overlap,"south b, uhuru,ambassadour,bus station,thika rd, kenyatta university"
NTSA/RSN-0069,City Star Shuttle,ADR-537H2VZ,,,UNMATCHED,0,Insufficient keyword overlap,"kikuyu, utawala,kawangware, yaya, argwings kodhek, yaya, ambassadour, jkia"
NTSA/RSN-0070,City Tram Shuttle,ADR-2DVS5R9,38/39,38/39 (MEDIUM:63); 04SK (MEDIUM:48); 1960 (LOW:36),MEDIUM,63,"4 waypoints (kangundo, umoja, mboya); Terminal 'bus station'","bus station, tom mboya, juja road, jogoo road, buruburu, outering road, umoja, kangundo road, kantafu market"
NTSA/RSN-0070,City Tram Shuttle,ADR-K9BFV62,38/39,38/39 (MEDIUM:63); 04SK (MEDIUM:48); 35/60 (MEDIUM:48),MEDIUM,63,"4 waypoints (kangundo, umoja, mboya); Terminal 'bus station'","bus station, tala market,tom mboya, jogoo road, buruburu, outering road, umoja, innercore, kangundo road"
NTSA/RSN-0070,City Tram Shuttle,ADR-7WRSZ93,38/39,38/39 (LOW:39),LOW,39,"2 waypoints (kangundo, jogoo); Terminal 'bus station'","bus station, jogoo road, buruburu, outering road, kangundo road, kantafu market"
NTSA/RSN-0070,City Tram Shuttle,ADR-BQ9S3QE,38/39,38/39 (MEDIUM:63); 04SK (MEDIUM:48); 35/60 (MEDIUM:48),MEDIUM,63,"4 waypoints (kangundo, umoja, mboya); Terminal 'bus station'","bus station, kantafu market,tom mboya, jogoo road, buruburu, outering road, umoja, innercore, kangundo road"
NTSA/RSN-0070,City Tram Shuttle,ADR-REOSLZ9,38/39,38/39 (MEDIUM:51); 04SK (LOW:36),MEDIUM,51,"3 waypoints (kangundo, umoja, jogoo); Terminal 'bus station'","bus station, kantafu market,jogoo road, buruburu, outering road, umoja, kangundo road"
NTSA/RSN-0070,City Tram Shuttle,ADR-MDMSAA9,38/39,38/39 (MEDIUM:63); 04SK (MEDIUM:48); 1960 (LOW:36),MEDIUM,63,"4 waypoints (kangundo, umoja, mboya); Terminal 'bus station'","bus station, tom mboya, jogoo road, buruburu, umoja, outering road, kangundo road, tala market"
NTSA/RSN-0070,City Tram Shuttle,ADR-YM3SEEZ,38/39,38/39 (MEDIUM:63); 04SK (MEDIUM:48); 1960 (LOW:36),MEDIUM,63,"4 waypoints (kangundo, umoja, mboya); Terminal 'bus station'","bus station, tom mboya, jogoo road, buruburu, outering road, umoja, kangundo road, tala"
NTSA/RSN-0070,City Tram Shuttle,ADR-8LMSVVQ,38/39,38/39 (MEDIUM:63); 04SK (MEDIUM:48); 1960 (LOW:36),MEDIUM,63,"4 waypoints (kangundo, umoja, mboya); Terminal 'bus station'","bus station, tom mboya, jogoo road, buruburu, outering road, umoja, kangundo road, kantafu market"
NTSA/RSN-0079,Compliant,NTR-00495,111,111 (LOW:36),LOW,36,"3 waypoints (karen, ngong, jogoo)","kiserian, ngong,karen,yaya,ambassdour,jogoo road, civil servant"
NTSA/RSN-0079,Compliant,NTR-00354,23KS,23KS (LOW:36),LOW,36,"3 waypoints (civil, buruburu, jogoo)","mfangano, jogoo road,buruburu,civil servant,garage, eastleigh"
NTSA/RSN-0079,Compliant,NTR-00355,,,UNMATCHED,0,Insufficient keyword overlap,"luthuli, general waruinge,garage,eastleigh, kimathi"
NTSA/RSN-0079,Compliant,ADR-Q5LCMYK,23KS,23KS (LOW:36),LOW,36,"3 waypoints (civil, buruburu, jogoo)","mfangano, jogoo road,buruburu,civil servant,garage, eastleigh"
NTSA/RSN-0079,Compliant,ADR-EPJSRA9,23KS,23KS (LOW:36),LOW,36,"3 waypoints (civil, buruburu, jogoo)","ngong, yaya, kawangware, ambasdours, jogoo road, buruburu, civil servant"
NTSA/RSN-0079,Compliant,ADR-2DVSDZ7,,,UNMATCHED,0,Insufficient keyword overlap,"luthuli, kimathi,general waruinge,garage, eastleigh"
NTSA/RSN-0079,Compliant,ADR-K9BFZEP,111,111 (LOW:36); 23KS (LOW:36),LOW,36,"3 waypoints (karen, ngong, jogoo)","ngong, karen, yaya, ambassadours, jogoo road, buruburu, civil servant"
NTSA/RSN-0079,Compliant,ADR-7WRSO7D,111,111 (LOW:36); 23KS (LOW:36),LOW,36,"3 waypoints (ngong, jogoo, karen)","ngong, civil servant,karen, yaya, ambassadours, jogoo road, buruburu"
NTSA/RSN-0079,Compliant,ADR-BQ9SM7W,23KS,23KS (LOW:36),LOW,36,"3 waypoints (civil, buruburu, jogoo)","mfangano, eastleigh,jogoo road,buruburu,civil servant, garage"
NTSA/RSN-0079,Compliant,ADR-REOSY8J,,,UNMATCHED,0,Insufficient keyword overlap,"ngong, karen, yaya, kileleshwa, westlands, ambassador"
NTSA/RSN-0079,Compliant,ADR-MDMSEK6,111,111 (LOW:36),LOW,36,"3 waypoints (ngong, jogoo, karen)","kiserian, civil servant,ngong,karen,yaya,ambassdour, jogoo road"
NTSA/RSN-0079,Compliant,ADR-YM3SJV8,23KS,23KS (LOW:36),LOW,36,"3 waypoints (civil, buruburu, jogoo)","mfangano, civil servant,jogoo road, buruburu"
NTSA/RSN-0081,Cosy Travel,NTR-0078,30,30 (MEDIUM:51); 105 (MEDIUM:51); 23KG (MEDIUM:51),MEDIUM,51,"3 waypoints (westlands, kangemi, odeon); Terminal 'odeon'","odeon, westlands, kangemi"
NTSA/RSN-0081,Cosy Travel,ADR-3ZQSAW5,105,105 (LOW:39),LOW,39,"2 waypoints (kinoo, odeon); Terminal 'odeon'","odeon, westlandsuthiru, kinoo"
NTSA/RSN-0081,Cosy Travel,ADR-JY7S3P6,30,30 (MEDIUM:63); 105 (MEDIUM:63); 23KG (MEDIUM:51),MEDIUM,63,"4 waypoints (westlands, kangemi, uthiru); Terminal 'odeon'","odeon, westlands, kangemi, uthiru, kinoo"
NTSA/RSN-0081,Cosy Travel,ADR-POKSOJD,105,105 (LOW:39),LOW,39,"2 waypoints (kinoo, odeon); Terminal 'odeon'","odeon, westlandsuthiru, kinoo"
NTSA/RSN-0081,Cosy Travel,ADR-VYASL7Q,105,105 (LOW:39),LOW,39,"2 waypoints (kinoo, odeon); Terminal 'odeon'","odeon, kinoo, westlandsuthiru"
NTSA/RSN-0081,Cosy Travel,ADR-Q5LC6JA,30,30 (MEDIUM:51); 105 (MEDIUM:51); 23KG (MEDIUM:51),MEDIUM,51,"3 waypoints (westlands, kangemi, odeon); Terminal 'odeon'","odeon, kangemi, westlands"
NTSA/RSN-0082,County Link,NTR-00202011241151430,38/39,38/39 (MEDIUM:51); 11 (LOW:39),MEDIUM,51,"3 waypoints (kamulu, kangundo, ruai); Terminal 'bus station'","Bus Station, Hazina Kangundo rd Ruai Kamulu Utawala Mombasa rd Mlolongo, Katani"
NTSA/RSN-0082,County Link,NTR-00202211011653270,11,11 (MEDIUM:63); 38/39 (MEDIUM:63); 11_2 (MEDIUM:48),MEDIUM,63,"4 waypoints (mombasa, area, industrial); Terminal 'bus station'","Bus Station, Jogoo Rd Industrial Area Buruburu Hazina Donholm Manyanja Rd Outering Rd Kangundo Rd Eastern Bypass Ruai Kamulu Utawala Mombasa Rd Mlolongo via Syokimau, Katani"
NTSA/RSN-0082,County Link,ADR-JY7S3W6,38/39,38/39 (MEDIUM:51),MEDIUM,51,"3 waypoints (kangundo, kamulu, ruai); Terminal 'bus station'","Bus Station, Kangundo rd Ruai Kamulu Utawala, Katani"
NTSA/RSN-0082,County Link,ADR-POKSOVD,38/39,38/39 (MEDIUM:51),MEDIUM,51,"3 waypoints (kangundo, kamulu, ruai); Terminal 'bus station'","Bus Station, Kangundo rd Ruai Kamulu Utawala, Katani"
NTSA/RSN-0082,County Link,ADR-VYASL5Q,11,11 (LOW:39); 110 (LOW:36); 110ATH (LOW:36),LOW,39,"2 waypoints (mombasa, hazina); Terminal 'bus station'","bus station, mombasa road, hazina, citycabanas, syokimau, katani, mlolongo"
NTSA/RSN-0082,County Link,ADR-Q5LC67A,11_2,11_2 (MEDIUM:48); 11 (LOW:39); 33MKR (LOW:39),MEDIUM,48,"4 waypoints (mombasa, diamond, park)","bus station, mombasa road, bunyala road, likoni road, balozi, diamond park"
NTSA/RSN-0082,County Link,ADR-EPJSYOD,11_2,11_2 (MEDIUM:48); 11 (LOW:39); 33MKR (LOW:39),MEDIUM,48,"4 waypoints (mombasa, diamond, park)","bus station, diamond park,mombasa road, bunyala road, likoni road, balozi"
NTSA/RSN-0085,Dabumato,NTR-0040,36,36 (MEDIUM:48),MEDIUM,48,"4 waypoints (city, buru, dandora)","dandora, buru buru, city stadium"
NTSA/RSN-0085,Dabumato,ADR-MDMSJLB,36,36 (MEDIUM:48); 10 (LOW:36); 58 (LOW:36),MEDIUM,48,"5 waypoints (buru, jogoo, dandora)","city stadium, jogoo road,buru buru, dandora"
NTSA/RSN-0085,Dabumato,ADR-YM3SBMA,36,36 (MEDIUM:48); 10 (LOW:36); 58 (LOW:36),MEDIUM,48,"5 waypoints (buru, jogoo, dandora)","city stadium, dandora,jogoo road, buru buru"
NTSA/RSN-0085,Dabumato,ADR-8LMSYLP,36,36 (MEDIUM:48); 58 (LOW:36); 23KS (LOW:36),MEDIUM,48,"4 waypoints (dandora, city, stadium)","dandora, city stadium, buruburu"
NTSA/RSN-01723,Dakabo,ADR-2DVS88Q,,,UNMATCHED,0,Insufficient keyword overlap,"dagoretti market, karen, bomas"
NTSA/RSN-01723,Dakabo,ADR-EPJSLLM,,,UNMATCHED,0,Insufficient keyword overlap,"bomas, karen, kabiria, dagoretti market"
NTSA/RSN-0087,Dakika,NTR-00126,102,102 (LOW:39),LOW,39,"2 waypoints (railways, kikuyu); Terminal 'railways'","railways, dagoreti, kikuyu"
NTSA/RSN-0087,Dakika,NTR-00104,102,102 (MEDIUM:51); 2 (LOW:39); 4W (LOW:39),MEDIUM,51,"3 waypoints (railways, dagoretti, kikuyu); Terminal 'railways'","railways, kikuyu, dagoretti"
NTSA/RSN-0087,Dakika,ADR-MDMSA9B,102,102 (LOW:39),LOW,39,"2 waypoints (railways, kikuyu); Terminal 'railways'","railways, dagoreti, kikuyu"
NTSA/RSN-0087,Dakika,ADR-YM3SEWA,102,102 (LOW:39),LOW,39,"2 waypoints (railways, kikuyu); Terminal 'railways'","railways, kikuyu, dagoreti"
NTSA/RSN-0087,Dakika,ADR-8LMSVRP,102,102 (MEDIUM:63); 2 (MEDIUM:51); 4W (MEDIUM:51),MEDIUM,63,"4 waypoints (ngong, railways, dagoretti); Terminal 'railways'","railways, ngong road, dagoretti, kikuyu"
NTSA/RSN-0087,Dakika,ADR-ZZJS236,105,105 (MEDIUM:48); 102 (LOW:39); 115 (LOW:36),MEDIUM,48,"4 waypoints (westlands, uthiru, kinoo)","kikuyu, railways,kinoo, uthiru, westlands, ambassadours"
NTSA/RSN-0087,Dakika,ADR-LZRS3A9,102,102 (MEDIUM:63); 2 (MEDIUM:51); 4W (LOW:39),MEDIUM,63,"4 waypoints (kawangware, railways, dagoretti); Terminal 'railways'","railways, kawangware,kikuyu, dagoretti"
NTSA/RSN-0087,Dakika,ADR-O68ILAA,,,UNMATCHED,0,Insufficient keyword overlap,"railways, uthiru,kamangu, limuru"
NTSA/RSN-0088,Dandora Usafiri,NTR-00357,14,14 (LOW:39); 1960 (LOW:39); 46B (LOW:39),LOW,39,"2 waypoints (ronald, kariobangi); Terminal 'otc'","dandora, kariobangi round about,alsolps,thika road, ronald ngara"
NTSA/RSN-0088,Dandora Usafiri,NTR-0040,36,36 (MEDIUM:48),MEDIUM,48,"4 waypoints (city, buru, dandora)","dandora, buru buru, city stadium"
NTSA/RSN-0088,Dandora Usafiri,NTR-00337,46B,46B (MEDIUM:51); 14 (LOW:39); 46H (LOW:39),MEDIUM,51,"3 waypoints (ronald, ngara, juja); Terminal 'otc'","ronald ngara, juja road, dandora"
NTSA/RSN-0088,Dandora Usafiri,NTR-00360,,,UNMATCHED,0,Insufficient keyword overlap,"dandora, kariobangi, alsolps"
NTSA/RSN-0088,Dandora Usafiri,NTR-00356,04SK,04SK (MEDIUM:63); 14 (MEDIUM:51); 35/60 (MEDIUM:51),MEDIUM,63,"4 waypoints (ronald, ngala, kangundo); Terminal 'otc'","Dandora, juja rd thika rdring rd komarock rd baraka slip rd kangundo rd outering rd jogoo rd heshima rd ambira gikomba, ronald ngala"
NTSA/RSN-0088,Dandora Usafiri,NTR-00201901101405390,41,41 (LOW:39),LOW,39,"2 waypoints (gikomba, dandora); Terminal 'gikomba'","gikomba, dandora baraka slip rd kangundo rd outering rd heshima rd ambira rd likoni rd enterprise rd lusaka, enterprise via mombasa rd"
NTSA/RSN-0088,Dandora Usafiri,ADR-A5AC77Q,41,41 (LOW:39),LOW,39,"2 waypoints (gikomba, dandora); Terminal 'gikomba'","dandora, juja road, gikomba"
NTSA/RSN-0088,Dandora Usafiri,ADR-9AKFWW2,46B,46B (LOW:39); 237 (LOW:36),LOW,39,"2 waypoints (ronald, ngara); Terminal 'otc'","dandora, thika road, ngara, ronald ngara"
NTSA/RSN-0088,Dandora Usafiri,ADR-DB3T33B,41,41 (LOW:39),LOW,39,"2 waypoints (gikomba, dandora); Terminal 'gikomba'","dandora, gikomba, juja road"
NTSA/RSN-0088,Dandora Usafiri,ADR-3ZQSAAJ,46B,46B (MEDIUM:51); 14 (LOW:39); 46H (LOW:39),MEDIUM,51,"3 waypoints (ronald, ngara, juja); Terminal 'otc'","ronald ngara, dandora, juja road"
NTSA/RSN-0088,Dandora Usafiri,ADR-JY7S333,36,36 (MEDIUM:48),MEDIUM,48,"4 waypoints (city, buru, dandora)","dandora, city stadium, buru buru"
NTSA/RSN-0088,Dandora Usafiri,ADR-POKSOOK,14,14 (MEDIUM:51); 46B (MEDIUM:51); 46H (MEDIUM:51),MEDIUM,51,"3 waypoints (ronald, juja, ngala); Terminal 'otc'","dandora, juja road, ronald ngala"
NTSA/RSN-0088,Dandora Usafiri,ADR-VYASLLZ,36,36 (MEDIUM:48); 58 (LOW:36); 23KS (LOW:36),MEDIUM,48,"4 waypoints (buruburu, dandora, stadium)","dandora, buruburu, city stadium"
NTSA/RSN-0088,Dandora Usafiri,ADR-Q5LC66E,36,36 (MEDIUM:48); 10 (LOW:36); 58 (LOW:36),MEDIUM,48,"5 waypoints (buru, jogoo, dandora)","city stadium, jogoo road,buru buru, dandora"
NTSA/RSN-0088,Dandora Usafiri,ADR-EPJSYY3,36,36 (MEDIUM:48); 58 (LOW:36); 23KS (LOW:36),MEDIUM,48,"4 waypoints (dandora, city, stadium)","dandora, city stadium, buruburu"
NTSA/RSN-0088,Dandora Usafiri,ADR-2DVS559,14,14 (LOW:39); 1960 (LOW:39); 46B (LOW:39),LOW,39,"2 waypoints (ronald, kariobangi); Terminal 'otc'","dandora, ronald ngara,kariobangi round about,alsolps, thika road"
NTSA/RSN-0088,Dandora Usafiri,ADR-K9BFVV2,10,10 (MEDIUM:51); 33DP (LOW:39),MEDIUM,51,"3 waypoints (maringo, muthurwa, jogoo); Terminal 'muthurwa'","muthurwa, jogoo road,maringo,jericho,bururburu, dandora"
NTSA/RSN-6534,Digital Luxury,NTR-00201810020854450,,,UNMATCHED,0,Insufficient keyword overlap,"Odeon, NgaraMuseum HillKangemiUthiruKawangware, Knh via kenyatta avenue"
NTSA/RSN-6534,Digital Luxury,NTR-00202104141031560,115,115 (MEDIUM:48); 135 (MEDIUM:48); 114W (MEDIUM:48),MEDIUM,48,"6 waypoints (limuru, kinoo, rironi)","Uthiru, muhuri rd dagoretti market kikuyu zambezi nduma buroti mutarakwa kwambira limuru rironi muguga, kinoo"
NTSA/RSN-6534,Digital Luxury,NTR-00202104161732330,105,105 (MEDIUM:51); 115 (MEDIUM:48); 135 (MEDIUM:48),MEDIUM,51,"3 waypoints (odeon, kinoo, kikuyu); Terminal 'odeon'","Odeon, NgaraMuseum HillKangemiUthiruKawangwareKNH back to odeon via kenyatta AvenueUthirumuhuri rd dagoretti market kikuyu zambezi nduma buroti mutarakwa kwambira limuru rironi muguga, Kinoo"
NTSA/RSN-6534,Digital Luxury,ADR-6DBSZO5,114W,114W (MEDIUM:63); 114R (LOW:39); 30 (LOW:36),MEDIUM,63,"4 waypoints (museum, kangemi, ngara); Terminal 'fig tree'","ngara, museum hill,kangemi,uthiru,kawangware, knh"
NTSA/RSN-6534,Digital Luxury,ADR-WZ9SVOQ,30,30 (MEDIUM:63); 105 (MEDIUM:63); 114W (MEDIUM:63),MEDIUM,63,"4 waypoints (museum, kangemi, uthiru); Terminal 'odeon'","odeon, ngara,museum hill,kangemi,uthiru,kawangware, knh"
NTSA/RSN-0092,Dix-hult,ADR-A5AC8Z7,,,UNMATCHED,0,Insufficient keyword overlap,"kayole, komarocksmolemjuja road, eastleigh"
NTSA/RSN-0092,Dix-hult,ADR-9AKFR6R,,,UNMATCHED,0,Insufficient keyword overlap,"kayole, eastleigh, komarocksmolemjuja road"
NTSA/RSN-0092,Dix-hult,,04SK,04SK (MEDIUM:48); 33H (MEDIUM:48); 38/39 (MEDIUM:48),MEDIUM,48,"4 waypoints (umoja, kayole, kangundo)","Eastliegh - Jogoo rd,Lunga Lunga rd,Buru buru,Umoja,Kayole Junction,Bee centre,Savannah,Cabanas,Taj Mall,Ruai,Utawala,Kangundo rd,Eastern Bypass,Alsops - Githurai and back"
NTSA/RSN-0092,Dix-hult,,04SK,04SK (MEDIUM:48); 18C (MEDIUM:48); 38/39 (MEDIUM:48),MEDIUM,48,"4 waypoints (kangundo, umoja, kayole)","Eastleigh - Juja rd,Jogoo rd,lungalunga,Buruburu,umoja,Kayole junction,Bee centre,Savannah,Kayole,Kamarock,Mowlem,Cabanas,Taj mall,Kangundo rd,Eastern bypass,Alsop - Githurai and back"
NTSA/RSN/9253,Domann Enterprises,NTR-00201909271238580,,,UNMATCHED,0,Insufficient keyword overlap,"Embakasi, Mombasa rd,South b,South c,Langata rd,Westlands,,Wangari maathai rd,Thika rd,Outering rd, Embakasi"
NTSA/RSN/9253,Domann Enterprises,ADR-2DVSDYJ,,,UNMATCHED,0,Insufficient keyword overlap,"WITHIN NAIROBI, WITHIN NAIROBI, WITHIN NAIROBI"
NTSA/RSN/9253,Domann Enterprises,ADR-K9BFZK3,,,UNMATCHED,0,Insufficient keyword overlap,"embakasi, mombasa rd,south b,south c,langata rd,westlands,wangari maathai rd,thika rd,outering rd, embakasi"
NTSA/RSN-01859,Drepeja Route,NTR-00202002270910280,38/39,38/39 (LOW:36),LOW,36,"3 waypoints (kangundo, saika, temple)","Saika, Kangundo rdDandoraOuteringBuruburuJerichoMaringoJogoo rdOtc, Temple rd"
NTSA/RSN-01859,Drepeja Route,NTR-00109,,,UNMATCHED,0,Insufficient keyword overlap,"Jericho, Maringo,Jogoo road,, Temple road"
NTSA/RSN-01859,Drepeja Route,ADR-6DBSK32,04SK,04SK (MEDIUM:51); 26 (MEDIUM:48); 36 (MEDIUM:48),MEDIUM,51,"3 waypoints (kangundo, saika, jogoo); Terminal 'otc'","kangundo rd, Saika Dandora Kariobangi Alsops Outering Rd Utawala Buruburu Jericho Maringo Bahati Jogoo Rd Likoni Rd Donholm(sinai) juja rd OTC, temple rd"
NTSA/RSN-01859,Drepeja Route,ADR-WZ9SD87,04SK,04SK (MEDIUM:51); 26 (MEDIUM:48); 36 (MEDIUM:48),MEDIUM,51,"3 waypoints (kangundo, saika, jogoo); Terminal 'otc'","kangundo rd, Saika Dandora Kariobangi Alsops Outering Rd Utawala Buruburu Jericho Maringo Bahati Jogoo Rd Likoni Rd Donholm(sinai) juja rd OTC, temple rd"
NTSA/RSN-02051,Eastern Bypass Safaris,NTR-00202108061008520,107D,107D (LOW:36); 33H (LOW:36); 33J (LOW:36),LOW,36,"3 waypoints (bypass, eastern, ruiru)","ruiru, eastern bypass utawala kangundo rd githunguri ruai mihango outering rd jogoo rd, cabanas"
NTSA/RSN-0095,Eastern Bypass,NTR-00741,38/39,38/39 (MEDIUM:63); 10 (MEDIUM:51); 16/62 (MEDIUM:51),MEDIUM,63,"6 waypoints (ruai, jogoo, makongeni); Terminal 'bus station'","Bus Station, Jogoo rd Muthurwa Gikomba Kariokor Juja Rd OuteringRd Allsops Kariobangi dandora Moslem machakos mlolongo mombasa rd Cabanas EasternBypass Utawala Ruiru Roundabout kangundo rd ruai joska malaa tala Thika Makongeni kiskioni donyosabuk kilimambogo, Nyeri"
NTSA/RSN-0095,Eastern Bypass,NTR-0019,38/39,38/39 (MEDIUM:48); 10 (LOW:39); 33DP (LOW:39),MEDIUM,48,"5 waypoints (ruai, jogoo, muthurwa)","muthurwa, jogoo road,kangundo road,ruai, joska"
NTSA/RSN-0095,Eastern Bypass,NTR-00202008120908210,107D,107D (LOW:36),LOW,36,"3 waypoints (bypass, eastern, ruiru)","Cabanas, Eastern Bypass Ruai Ruiru, Nyeri"
NTSA/RSN-0095,Eastern Bypass,NTR-00202202240934310,11,11 (LOW:36); 11_2 (LOW:36),LOW,36,"3 waypoints (mombasa, nairobi, machakos)","Nyeri, Karatina Sagana Thika Nairobi Machakos Wote Kibwezi Voi, Mombasa"
NTSA/RSN-0095,Eastern Bypass,NTR-00437,38/39,38/39 (MEDIUM:63),MEDIUM,63,"4 waypoints (kangundo, ruai, joska); Terminal 'bus station'","bus station, jogoo road,kangundo road,ruai,joska, malaa"
NTSA/RSN-0095,Eastern Bypass,NTR-00723,38/39,38/39 (MEDIUM:63),MEDIUM,63,"4 waypoints (kangundo, ruai, joska); Terminal 'bus station'","bus station, jogoo rd,kangundo rd,ruai,joska, malaa"
NTSA/RSN-0095,Eastern Bypass,ADR-BQ9S55J,,,UNMATCHED,0,Insufficient keyword overlap,"mlolongo, cabanas tajmall alsops ruiru, makongeni(thika)"
NTSA/RSN-0095,Eastern Bypass,ADR-REOSRR7,,,UNMATCHED,0,Insufficient keyword overlap,"Bus Station, Jogoo rdMuthurwaGikombaKariokorJuja RdOuteringRdAllsopsKariobangi dandoraMoslemmlolongomombasa rdCabanasEasternBypassUtawalaRuiruRoundaboutkangundordruaijoskamalaatalaThikaMakongenikiskionidonyosabukukilimambogo, Nyeri"
NTSA/RSN-0095,Eastern Bypass,ADR-MDMSQQ3,,,UNMATCHED,0,Insufficient keyword overlap,"Bus Station, Jogoo rdMuthurwaGikombaKariokorJuja RdOuteringRdAllsopsKariobangi dandoraMoslemmlolongomombasa rdCabanasEasternBypassUtawalaRuiruRoundaboutkangundordruaijoskamalaatalaThikaMakongenikiskionidonyosabukukilimambogo, Nyeri"
NTSA/RSN-0095,Eastern Bypass,ADR-YM3S66R,14,14 (LOW:36); 3738 (LOW:36); 16/62 (LOW:36),LOW,36,"3 waypoints (kariobangi, juja, kariokor)","malaa, joska, ruai, saika, mowlem, kariobangi round about, juja road, kariokor, hakati"
NTSA/RSN-0095,Eastern Bypass,ADR-8LMSEEM,38/39,38/39 (MEDIUM:63); 10 (MEDIUM:51); 33DP (MEDIUM:51),MEDIUM,63,"6 waypoints (ruai, jogoo, makongeni); Terminal 'bus station'","busstation, Jogoo rd,Muthurwa,Gikomba,Kariokor,Juja Rd,Outering Rd,Allsops,Kariobangi,Moslem,mlolongo,Cabanas,Eastern Bypass,Utawala,Ruiru,Roundabout,kangundo rd,ruai,joska,malaa,tala,Thika,Makongeni,kiskioni,donyosabuku,kilimambogo, Nyeri"
NTSA/RSN-0095,Eastern Bypass,ADR-ZZJSQQV,38/39,38/39 (MEDIUM:63),MEDIUM,63,"4 waypoints (kangundo, ruai, joska); Terminal 'bus station'","bus station, jogoo road, kangundo road, ruai, joska"
NTSA/RSN-0095,Eastern Bypass,ADR-LZRSWWO,38/39,38/39 (MEDIUM:48); 10 (LOW:39); 33DP (LOW:39),MEDIUM,48,"5 waypoints (ruai, jogoo, muthurwa)","muthurwa, joska,jogoo road,kangundo road, ruai"
NTSA/RSN-0095,Eastern Bypass,ADR-O68I22M,38/39,38/39 (MEDIUM:63),MEDIUM,63,"4 waypoints (kangundo, ruai, joska); Terminal 'bus station'","bus station, malaa,jogoo road,kangundo road,ruai, joska"
NTSA/RSN-0095,Eastern Bypass,ADR-6DBS88D,107D,107D (LOW:36); 33H (LOW:36),LOW,36,"3 waypoints (bypass, eastern, ruiru)","ruiru, eastern bypass, kangundo road, utawala, cabanas, mlolongo"
NTSA/RSN-0095,Eastern Bypass,ADR-WZ9SLL9,28,28 (LOW:39); 41 (LOW:39); 38/39 (LOW:36),LOW,39,"2 waypoints (gikomba, kariobangi); Terminal 'gikomba'","joska, gikomba,kamulu,ruai,dandora, kariobangi"
NTSA/RSN-0095,Eastern Bypass,ADR-537HYYY,38/39,38/39 (MEDIUM:63); 10 (LOW:39); 33DP (LOW:39),MEDIUM,63,"4 waypoints (joska, muthurwa, ruai); Terminal 'bus station'","malaa, joska, ruai, jogoo road, muthurwa, bus station"
NTSA/RSN-0095,Eastern Bypass,ADR-A5AC22V,38/39,38/39 (MEDIUM:63),MEDIUM,63,"4 waypoints (kangundo, joska, ruai); Terminal 'bus station'","bus station, joska,jogoo road, kangundo road, ruai"
NTSA/RSN-0095,Eastern Bypass,,,,UNMATCHED,0,Insufficient keyword overlap,"Mombasa - Voi,Kibwezi,Narobi - Busia and back- Mombasa - Voi,Kibwezi,Narobi - Busia and back - Mombasa - Voi,Kibwezi,Narobi - Busia and back"
NTSA/RSN-0096,Eastern Bypass Traverlers Investment CO,NTR-00201911140919120,,,UNMATCHED,0,Insufficient keyword overlap,"Nairobi, RuaiThikaKamwangiFlyover, Nakuru"
NTSA/RSN-0096,Eastern Bypass Traverlers Investment CO,NTR-00201908131524330,38/39,38/39 (MEDIUM:51); 11 (LOW:39); 28 (LOW:39),MEDIUM,51,"3 waypoints (kangundo, makongeni, jogoo); Terminal 'bus station'","Bus Station, Gikomba Juja Rd Jogoo Rd Outering Rd Mombasa rd Kariobangi Komarock Kangundo Rd Eastern Bypass Ruiru Thika Makongeni Kangundo, Machakos"
NTSA/RSN-0096,Eastern Bypass Traverlers Investment CO,NTR-0023,,,UNMATCHED,0,Insufficient keyword overlap,"ruiru, mlolongo, machakos"
NTSA/RSN-0096,Eastern Bypass Traverlers Investment CO,NTR-00374,,,UNMATCHED,0,Insufficient keyword overlap,"thika, ruiru, ruai, kagundo, machakos"
NTSA/RSN-0096,Eastern Bypass Traverlers Investment CO,NTR-00375,,,UNMATCHED,0,Insufficient keyword overlap,"thika, ruiru, ruai, mlologo, kitegela, kajiado, namaga"
NTSA/RSN-0096,Eastern Bypass Traverlers Investment CO,NTR-00376,,,UNMATCHED,0,Insufficient keyword overlap,"kangundo, ruai, easternbypass, mlolongo, emali, loitoktok, ellasit"
NTSA/RSN-0096,Eastern Bypass Traverlers Investment CO,NTR-0027,38/39,38/39 (LOW:36),LOW,36,"3 waypoints (kangundo, ruai, joska)","ruiru, ruai,joska, kangundo"
NTSA/RSN-0096,Eastern Bypass Traverlers Investment CO,NTR-00201908221405250,,,UNMATCHED,0,Insufficient keyword overlap,"thika, ruiru,ruai,nairobi,machakos,mlolongo,emali,loitoktok, elasit"
NTSA/RSN-0096,Eastern Bypass Traverlers Investment CO,ADR-POKSRQ8,,,UNMATCHED,0,Insufficient keyword overlap,"thika, ruiru, ruai, mlolongo, machakos, kangundo"
NTSA/RSN-0096,Eastern Bypass Traverlers Investment CO,ADR-VYAS99Y,,,UNMATCHED,0,Insufficient keyword overlap,"nairobi, ruai, ruiru, kagundo, machakos"
NTSA/RSN-0096,Eastern Bypass Traverlers Investment CO,ADR-Q5LCMMK,,,UNMATCHED,0,Insufficient keyword overlap,"nairobi, kariobangi, ruai, kangundo, machakos"
NTSA/RSN-0096,Eastern Bypass Traverlers Investment CO,ADR-EPJSRR9,38/39,38/39 (LOW:36),LOW,36,"3 waypoints (kamulu, joska, ruai)","kagundo, joska, kamulu, ruai, dandora, kariobagi, alslops"
NTSA/RSN-0096,Eastern Bypass Traverlers Investment CO,ADR-2DVSDD7,14,14 (MEDIUM:51); 46B (MEDIUM:51); 46H (MEDIUM:51),MEDIUM,51,"3 waypoints (ronald, ngala, kariokor); Terminal 'otc'","huruma, jonsaga, kariokor, ronald ngala"
NTSA/RSN-0096,Eastern Bypass Traverlers Investment CO,ADR-K9BFZZP,,,UNMATCHED,0,Insufficient keyword overlap,"machakos, mlolongo, outrering road, kariobangi, alslops, thika, kenol"
NTSA/RSN-0096,Eastern Bypass Traverlers Investment CO,ADR-7WRSOOD,14,14 (MEDIUM:51); 46B (MEDIUM:51); 46H (MEDIUM:51),MEDIUM,51,"3 waypoints (ronald, ngala, kariokor); Terminal 'otc'","huruma, joskasaga, kariokor, ronald ngala"
NTSA/RSN-0096,Eastern Bypass Traverlers Investment CO,ADR-BQ9SMMW,,,UNMATCHED,0,Insufficient keyword overlap,"nairobi, machakos,ruai, ruiru, kagundo"
NTSA/RSN-0096,Eastern Bypass Traverlers Investment CO,ADR-REOSYYJ,,,UNMATCHED,0,Insufficient keyword overlap,"thika, machakos,ruiru, ruai, kagundo"
NTSA/RSN-0096,Eastern Bypass Traverlers Investment CO,ADR-MDMSEE6,,,UNMATCHED,0,Insufficient keyword overlap,"thika, kitengela,ruiru, ruai, mlolongo"
NTSA/RSN-0096,Eastern Bypass Traverlers Investment CO,ADR-YM3SJJ8,,,UNMATCHED,0,Insufficient keyword overlap,"kangundo, ruai, easternbypass, mlolongo, emali, loitoktok, ellasri"
NTSA/RSN-0096,Eastern Bypass Traverlers Investment CO,ADR-8LMS555,,,UNMATCHED,0,Insufficient keyword overlap,"nairobi, machakos,kariobagi, ruai, kagundo"
NTSA/RSN-0096,Eastern Bypass Traverlers Investment CO,ADR-ZZJSVV9,,,UNMATCHED,0,Insufficient keyword overlap,"mlolongo, outerring road, kariobagi, alsops, thika road, kenol"
NTSA/RSN-0096,Eastern Bypass Traverlers Investment CO,ADR-LZRS667,,,UNMATCHED,0,Insufficient keyword overlap,"machakos, mlolongo, outerring road, kariobagi, thika, kenol"
NTSA/RSN-0096,Eastern Bypass Traverlers Investment CO,ADR-O68IBBL,38/39,38/39 (LOW:36),LOW,36,"3 waypoints (kangundo, ruai, joska)","ruiru, kangundo,ruai, joska"
NTSA/RSN-0096,Eastern Bypass Traverlers Investment CO,ADR-6DBSKKL,,,UNMATCHED,0,Insufficient keyword overlap,"thika, namaga,ruiru, ruai, mlologo, kitegela, kajiado"
NTSA/RSN-0096,Eastern Bypass Traverlers Investment CO,ADR-WZ9SDDL,,,UNMATCHED,0,Insufficient keyword overlap,"nairobi, ruiru,ruai,kangundo, machakos"
NTSA/RSN-0096,Eastern Bypass Traverlers Investment CO,ADR-537HQQ2,11,11 (MEDIUM:48); 11_2 (MEDIUM:48),MEDIUM,48,"4 waypoints (mombasa, nairobi, makueni)","nairobi, machakos, makueni, kitui, mutomo, kibwezi, ikutha, voi, mombasa"
NTSA/RSN-0096,Eastern Bypass Traverlers Investment CO,ADR-A5ACPPM,11,11 (LOW:36); 11_2 (LOW:36),LOW,36,"3 waypoints (mombasa, nairobi, machakos)","nairobi, machakos, wote, makindu, kitui, mutomo, kibwezi, mtito andei, ikutha, voi, mombasa"
NTSA/RSN-2808,Eastern Kubamba,NTR-00202006091049440,,,UNMATCHED,0,Insufficient keyword overlap,"Gikomba, Jogoo rdOutering rdMowlemKangundo rdEastern bypassRuiru, Thika-Makongeni"
NTSA/RSN-2808,Eastern Kubamba,NTR-00202007021019530,48B,48B (LOW:36); 48C (LOW:36),LOW,36,"3 waypoints (kangundo, mwingi, bypass)","GIKOMBA, JOGOO RDOUTERING RDMOWLEM KANGUNDO RDEASTERN BYPASS RUIRUTHIKAMAKONGENINGOLIBA Matuu Mwingi Kitui Machakos, Kangundo"
NTSA/RSN-2808,Eastern Kubamba,NTR-001395,,,UNMATCHED,0,Insufficient keyword overlap,"Muthurwa, RuaiKangundo Machakos Kitui Makindu Kibwezi, Voi"
NTSA/RSN-2808,Eastern Kubamba,NTR-00202101181006500,,,UNMATCHED,0,Insufficient keyword overlap,"Muthurwa, Mombasa rd Athi river Machakos Kitui Mutomo Ikutha, Voi"
NTSA/RSN-2808,Eastern Kubamba,NTR-00202104141559120,125,125 (MEDIUM:63); 126 (MEDIUM:63); 111 (MEDIUM:51),MEDIUM,63,"5 waypoints (railways, rongai, ongata); Terminal 'railways'","kajiado, isinya kiserian ongata rongai gataka langata rd mbagathi way knh railways bus station gekomba juja rd jogoo rd outereing rd kangundo rd eastern bypass ruai kangundo, Machakos"
NTSA/RSN-2808,Eastern Kubamba,NTR-00202104141601500,38/39,38/39 (MEDIUM:51); 237 (MEDIUM:48); 11 (LOW:39),MEDIUM,51,"3 waypoints (pass, kangundo, jogoo); Terminal 'bus station'","Bus Station, gikomba jogoo rd juja rd ouering rd mombasa rd kariobangi komarock rd kangundo rd eastern by pass ruiru thika makongenikangundo machakos kitui mwingi mutomo kibwezi, Voi"
NTSA/RSN-2808,Eastern Kubamba,ADR-3ZQSOJ3,,,UNMATCHED,0,Insufficient keyword overlap,"GIKOMBA, JOGOO RDOUTERING RDMOWLEM KANGUNDO RDEASTERN BYPASS RUIRUTHIKAMAKONGENI, NGOLIBA"
NTSA/RSN-2808,Eastern Kubamba,ADR-JY7SEZQ,125,125 (MEDIUM:48); 126 (MEDIUM:48); 15 (LOW:36),MEDIUM,48,"5 waypoints (nyayo, rongai, ongata)","Gikomba, Nyayo stadium Langata rd Ongata Rongai Kiserian, Isinya"
NTSA/RSN-2808,Eastern Kubamba,ADR-POKS7YY,125,125 (MEDIUM:63); 126 (MEDIUM:63); 111 (LOW:39),MEDIUM,63,"5 waypoints (railways, rongai, ongata); Terminal 'railways'","Machakos, Kangundo Ruai Gikomba Railways KNH Mbagathi way Langata rd Ongata Rongai Kiserian Isinya, Kajiado"
NTSA/RSN-2808,Eastern Kubamba,ADR-VYASZWL,38/39,38/39 (LOW:36),LOW,36,"3 waypoints (kangundo, muthurwa, ruai)","muthurwa, ruai,kangundo, machakos"
NTSA/RSN-2808,Eastern Kubamba,ADR-Q5LCB8L,,,UNMATCHED,0,Insufficient keyword overlap,"ruai, ruiru,allsops,kariobangi,cabanas, machakos"
NTSA/RSN-0097,Eastlands Eagles,NTR-0040,36,36 (MEDIUM:48),MEDIUM,48,"4 waypoints (city, buru, dandora)","dandora, buru buru, city stadium"
NTSA/RSN-0097,Eastlands Eagles,NTR-00288,10,10 (LOW:39); 33DP (LOW:39),LOW,39,"2 waypoints (muthurwa, jogoo); Terminal 'muthurwa'","Muthurwa, Jogoo RoadLikoni Road Industrial area, Enterprise rd"
NTSA/RSN-0097,Eastlands Eagles,NTR-00202109101404550,36,36 (MEDIUM:48); 58 (MEDIUM:48); 1960 (MEDIUM:48),MEDIUM,48,"6 waypoints (jogoo, kariobangi, dandora)","city stadium, jogoo rd likoni rd lungalunga kangundo rd eastern bypass outering rd donholm saika dandora kariobangi roundabout buruburu, bahati"
NTSA/RSN-0097,Eastlands Eagles,ADR-DB3T3R6,36,36 (MEDIUM:48); 10 (LOW:36); 58 (LOW:36),MEDIUM,48,"5 waypoints (buru, jogoo, dandora)","city stadium, jogoo road,buru buru, dandora"
NTSA/RSN-0097,Eastlands Eagles,ADR-3ZQSADR,36,36 (MEDIUM:48); 10 (LOW:36); 58 (LOW:36),MEDIUM,48,"5 waypoints (buru, jogoo, dandora)","city stadium, dandora,jogoo road, buru buru"
NTSA/RSN-0097,Eastlands Eagles,ADR-JY7S3YM,36,36 (MEDIUM:48); 58 (LOW:36); 23KS (LOW:36),MEDIUM,48,"4 waypoints (buruburu, dandora, stadium)","dandora, buruburu, city stadium"
NTSA/RSN-0098,Eastleigh Commuter,NTR-0034,,,UNMATCHED,0,Insufficient keyword overlap,"eastleigh, juja road,luthuli, commercial"
NTSA/RSN-0098,Eastleigh Commuter,NTR-00201903271302260,25A,25A (MEDIUM:48); 33C (LOW:39); 33FED (LOW:39),MEDIUM,48,"5 waypoints (summer, lucky, alsops)","Commercial, Thika rdKosovoEastleighPnganiJuja rdOutering rdfedha donholm Kangundo rd eastern bypass githunguri baba dogo lucky summer alsops, Kamulu"
NTSA/RSN-0098,Eastleigh Commuter,ADR-O68ILZA,,,UNMATCHED,0,Insufficient keyword overlap,"commercial, thika road, kosovo, juja road, eastleigh"
NTSA/RSN-0098,Eastleigh Commuter,ADR-6DBSD3O,,,UNMATCHED,0,Insufficient keyword overlap,"eastleigh, commercial,juja road, luthuli"
NTSA/RSN-0098,Eastleigh Commuter,ADR-WZ9S388,,,UNMATCHED,0,Insufficient keyword overlap,"eastleigh, mathare valley, kosovo, utalii drift, commercial"
NTSA/RSN-0099,Eastleigh Route,NTR-0034,,,UNMATCHED,0,Insufficient keyword overlap,"eastleigh, juja road,luthuli, commercial"
NTSA/RSN-0099,Eastleigh Route,ADR-Q5LC85R,,,UNMATCHED,0,Insufficient keyword overlap,"commercial, thika road, kosovo, juja road, eastleigh"
NTSA/RSN-0099,Eastleigh Route,ADR-EPJSE7M,,,UNMATCHED,0,Insufficient keyword overlap,"eastleigh, commercial,juja road, luthuli"
NTSA/RSN-0099,Eastleigh Route,ADR-2DVSRPQ,,,UNMATCHED,0,Insufficient keyword overlap,"commercial, thika rd,kosovo,eastleigh,pngani,juja rd,outering rd,kangundo rd, kamulu"
NTSA/RSN-0102,Ecosa,NTR-00360,,,UNMATCHED,0,Insufficient keyword overlap,"dandora, kariobangi, alsolps"
NTSA/RSN-0102,Ecosa,NTR-00202009231508320,14,14 (MEDIUM:63); 04SK (MEDIUM:63); 46B (MEDIUM:63),MEDIUM,63,"5 waypoints (ronald, kariobangi, kariokor); Terminal 'otc'","Ronald Ngala, Kariokor Gikomba Dandora Juja Rd Outering Rd Kangundo Rd Saika Komarock Rd Kariobangi Alsops Thika Rd, Thika"
NTSA/RSN-0102,Ecosa,NTR-00359,14,14 (MEDIUM:51); 46B (MEDIUM:51); 46H (LOW:39),MEDIUM,51,"3 waypoints (ronald, kariobangi, juja); Terminal 'otc'","ronald ngara, juja road,kariobangi, dandora"
NTSA/RSN-0102,Ecosa,NTR-00114,14,14 (MEDIUM:51); 04SK (LOW:39); 35/60 (LOW:39),MEDIUM,51,"3 waypoints (ronald, kariobangi, ngala); Terminal 'otc'","ronald ngala, kariobangi, dandora"
NTSA/RSN-0102,Ecosa,ADR-9AKFJD8,14,14 (MEDIUM:51); 46B (MEDIUM:51); 46H (MEDIUM:51),MEDIUM,51,"3 waypoints (ronald, juja, ngala); Terminal 'otc'","dandora, juja road, ronald ngala"
NTSA/RSN-0102,Ecosa,ADR-DB3TY6K,14,14 (MEDIUM:51); 46B (MEDIUM:51); 46H (LOW:39),MEDIUM,51,"3 waypoints (ronald, kariobangi, juja); Terminal 'otc'","ronald ngara, dandora,juja road, kariobangi"
NTSA/RSN-0102,Ecosa,ADR-3ZQSJWM,36,36 (MEDIUM:48); 10 (LOW:36); 58 (LOW:36),MEDIUM,48,"5 waypoints (buru, jogoo, dandora)","city stadium, jogoo road,buru buru, dandora"
NTSA/RSN-0102,Ecosa,ADR-JY7SZPV,41,41 (LOW:39),LOW,39,"2 waypoints (gikomba, dandora); Terminal 'gikomba'","dandora, gikomba, juja road"
NTSA/RSN-0102,Ecosa,ADR-POKSYJ3,41,41 (LOW:39),LOW,39,"2 waypoints (gikomba, dandora); Terminal 'gikomba'","dandora, juja road, gikomba"
NTSA/RSN-0102,Ecosa,ADR-VYASW7J,36,36 (MEDIUM:48); 58 (LOW:36); 23KS (LOW:36),MEDIUM,48,"4 waypoints (buruburu, dandora, stadium)","dandora, buruburu, city stadium"
NTSA/RSN-0102,Ecosa,ADR-Q5LC8JR,46B,46B (MEDIUM:51); 14 (LOW:39); 46H (LOW:39),MEDIUM,51,"3 waypoints (ronald, ngara, juja); Terminal 'otc'","ronald ngara, dandora, juja road"
NTSA/RSN-0102,Ecosa,ADR-EPJSEZM,7,7 (LOW:39); 41 (LOW:39); 3N (LOW:39),LOW,39,"2 waypoints (gikomba, kariokor); Terminal 'gikomba'","dandora, juja road,kariokor, gikomba"
NTSA/RSN-0113,Eleventh Hour Transport,NTR-00138,126,126 (MEDIUM:63); 125 (MEDIUM:51); 111 (LOW:39),MEDIUM,63,"4 waypoints (kiserian, mbagathi, railways); Terminal 'railways'","kiserian, magadi road,langata road,mbagathi road,knh, railways"
NTSA/RSN-0113,Eleventh Hour Transport,ADR-O68IO56,126,126 (MEDIUM:63); 125 (MEDIUM:51); 111 (LOW:39),MEDIUM,63,"4 waypoints (rongai, mbagathi, railways); Terminal 'railways'","railways, knh,mbagathi way,rongai, kiserian"
NTSA/RSN-0113,Eleventh Hour Transport,ADR-6DBSBMV,126,126 (MEDIUM:63); 125 (MEDIUM:51); 111 (LOW:39),MEDIUM,63,"4 waypoints (kiserian, mbagathi, railways); Terminal 'railways'","kiserian, railways,magadi road,langata road,mbagathi road, knh"
NTSA/RSN-0113,Eleventh Hour Transport,ADR-WZ9SQJ5,126,126 (MEDIUM:63); 125 (MEDIUM:51); 111 (LOW:39),MEDIUM,63,"4 waypoints (rongai, mbagathi, kiserian); Terminal 'railways'","railways, kiserian,knh,mbagathi way, rongai"
NTSA/RSN-0113,Eleventh Hour Transport,ADR-537H7AK,125,125 (MEDIUM:63); 126 (MEDIUM:63); 111 (LOW:39),MEDIUM,63,"4 waypoints (rongai, ongata, mbagathi); Terminal 'railways'","railways, mbagathi way,ongata rongai, kiserian"
NTSA/RSN-0151,Emaar City BUS,NTR-00138,126,126 (MEDIUM:63); 125 (MEDIUM:51); 111 (LOW:39),MEDIUM,63,"4 waypoints (kiserian, mbagathi, railways); Terminal 'railways'","kiserian, magadi road,langata road,mbagathi road,knh, railways"
NTSA/RSN-0151,Emaar City BUS,NTR-00202001241343230,,,UNMATCHED,0,Insufficient keyword overlap,"Ruai, KayoleDonholmUmojaBuruburuCbdKnhNgong rdKikuyu, Westlands"
NTSA/RSN-0151,Emaar City BUS,NTR-00202001241345310,,,UNMATCHED,0,Insufficient keyword overlap,"Machakos, KitengelaSyokimauImara daimaKnhNgong rdKikuyuWestlands, Cbd"
NTSA/RSN-0151,Emaar City BUS,NTR-00202002271026150,,,UNMATCHED,0,Insufficient keyword overlap,"Ngong, KiserianRongaiLangataMbagathi wayKnhCbdWestlandsKikuyuRuaka, Limuru"
NTSA/RSN-0151,Emaar City BUS,NTR-00202001201200040,,,UNMATCHED,0,Insufficient keyword overlap,"Thika, Kiambu KasaraniKnh Ngong rd Kikuyu, Westlands"
NTSA/RSN-0151,Emaar City BUS,NTR-0081,125,125 (LOW:36); 126 (LOW:36),LOW,36,"3 waypoints (rongai, mbagathi, langata)","rongai, langata,mbagathi way,community, bustation"
NTSA/RSN-0151,Emaar City BUS,NTR-0076,34L,34L (LOW:39); 125 (LOW:36); 126 (LOW:36),LOW,39,"2 waypoints (mbagathi, langata); Terminal 'knh'","bustation, knh,mbagathi way,langata, rongai"
NTSA/RSN-0151,Emaar City BUS,ADR-YM3SEZA,,,UNMATCHED,0,Insufficient keyword overlap,"Thika, KiambuKasaraniCbdKnhNgong rdKikuyu, Westlands"
NTSA/RSN-0151,Emaar City BUS,ADR-8LMSVAP,126,126 (MEDIUM:63); 125 (MEDIUM:51); 111 (LOW:39),MEDIUM,63,"4 waypoints (rongai, mbagathi, railways); Terminal 'railways'","railways, knh,mbagathi way,rongai, kiserian"
NTSA/RSN-0151,Emaar City BUS,ADR-ZZJS2P6,34L,34L (LOW:39); 125 (LOW:36); 126 (LOW:36),LOW,39,"2 waypoints (mbagathi, langata); Terminal 'knh'","bustation, rongai,knh,mbagathi way, langata"
NTSA/RSN-0151,Emaar City BUS,ADR-LZRS3B9,125,125 (MEDIUM:63); 126 (MEDIUM:63); 111 (LOW:39),MEDIUM,63,"4 waypoints (rongai, ongata, mbagathi); Terminal 'railways'","railways, mbagathi way,ongata rongai, kiserian"
NTSA/RSN-0115,Embassava,NTR-00201909271127470,,,UNMATCHED,0,Insufficient keyword overlap,"KITENGELA, MLOLONGOEMBAKASIJOGOO RDMOMBASA ROADOUTERING ROADSAVANNAH ROUTEALSOPS, ACCRA RD"
NTSA/RSN-0115,Embassava,NTR-00202101270939490,28,28 (LOW:39); 48B (LOW:36); 48C (LOW:36),LOW,39,"2 waypoints (gikomba, eastleigh); Terminal 'gikomba'","Malaa, Kangundo rd Eastern bypass Utawala Tajmall Enterprise rd Likoni rd Gikomba Eastleigh Juja rd, Thika rd"
NTSA/RSN-0115,Embassava,NTR-00465,33FED,33FED (LOW:39),LOW,39,"2 waypoints (embakasi, jogoo); Terminal 'commercial'","embakasi, jogoo road, msa road, outereing road,all sops, accra road"
NTSA/RSN-0115,Embassava,NTR-00259,10,10 (LOW:39); 33DP (LOW:39),LOW,39,"2 waypoints (muthurwa, jogoo); Terminal 'muthurwa'","embakasi, jogoo road, muthurwa"
NTSA/RSN-0115,Embassava,NTR-0039,10,10 (LOW:39); 33DP (LOW:39),LOW,39,"2 waypoints (muthurwa, jogoo); Terminal 'muthurwa'","muthurwa, jogoo road, embakasi"
NTSA/RSN-0115,Embassava,ADR-BQ9S52M,,,UNMATCHED,0,Insufficient keyword overlap,"Accra, Mombasa rdJogoo rdEmbakasiMlolongo, Kitengela"
NTSA/RSN-0115,Embassava,ADR-REOSRQ8,110,110 (LOW:36),LOW,36,"3 waypoints (mombasa, mlolongo, kitengela)","Kitengela, Mlolongo Mombasa rd Embakasi Savannah Utawala Kangundo rd MalaaJogoo rd Likoni rd Enterprise rd Eastleigh Outering rd Alsops Thika rd, Accra rd"
NTSA/RSN-0115,Embassava,ADR-MDMSQZJ,28,28 (LOW:39); 110 (LOW:36); 48B (LOW:36),LOW,39,"2 waypoints (gikomba, eastleigh); Terminal 'gikomba'","Kitengela, Mlolongo Mombasa rd Embakasi tajmall Savannah Utawala Eastern bypass Kangundo rd MalaaJogoo rd Likoni rd Enterprise rd Gikomba Eastleigh Juja rd Outering rd Alsops Thika rd, Accra rd"
NTSA/RSN-0115,Embassava,ADR-YM3S68E,28,28 (LOW:39); 48B (LOW:36); 48C (LOW:36),LOW,39,"2 waypoints (gikomba, eastleigh); Terminal 'gikomba'","Machakos, Tala Kangundo Kitengela Mombasa rd Embakasi tajmall Savannah Utawala Eastern bypass Kangundo rd MalaaJogoo rd Likoni rd Enterprise rd Gikomba Eastleigh Juja rd Outering rd Alsops Thika rd, Accra rd"
NTSA/RSN-0115,Embassava,ADR-8LMSEMO,28,28 (LOW:39); 110 (LOW:36); 48B (LOW:36),LOW,39,"2 waypoints (gikomba, eastleigh); Terminal 'gikomba'","Machakos, Tala Kangundo Kitengela Mlolongo Mombasa rd Embakasi tajmall Savannah Utawala Eastern bypass Kangundo rd MalaaJogoo rd Likoni rd Enterprise rd Gikomba Eastleigh Juja rd Outering rd Alsops Thika rd, Accra rd"
NTSA/RSN-0115,Embassava,ADR-ZZJSQLQ,33B,33B (MEDIUM:51); 33FED (MEDIUM:51); 110 (MEDIUM:48),MEDIUM,51,"3 waypoints (imara, daima, embakasi); Terminal 'commercial'","Machakos, Tala Kangundomombasa rd Kitengela A. rivergreatwall Mlolongo Embakasi tajmall imara daima Savannah mananja rd Utawala Eastern bypass Kangundo rd MalaaJogoo rd Likoni rd lungalunga rd Enterprise rd Gikomba Eastleigh Juja rd Outering rd Alsops Thika rd KU ruiru kihunguro juja thika makongenimuranga rd forest rd globe r. about, Accra rd"
NTSA/RSN-0115,Embassava,ADR-LZRSWEY,,,UNMATCHED,0,Insufficient keyword overlap,"embkasi, mombasa road, accra"
NTSA/RSN-0115,Embassava,ADR-O68I2OK,,,UNMATCHED,0,Insufficient keyword overlap,"emabakasi, jogoo road, accra road"
NTSA/RSN-0115,Embassava,ADR-6DBS8BR,,,UNMATCHED,0,Insufficient keyword overlap,"emabakasi, jogoo road, accra road"
NTSA/RSN-0115,Embassava,ADR-WZ9SLQY,,,UNMATCHED,0,Insufficient keyword overlap,"accra road, embakasi, mombasa road"
NTSA/RSN-0115,Embassava,ADR-537HY73,10,10 (LOW:39); 33DP (LOW:39),LOW,39,"2 waypoints (muthurwa, jogoo); Terminal 'muthurwa'","embakasi, muthurwa, jogoo road"
NTSA/RSN-0115,Embassava,ADR-A5AC2QB,,,UNMATCHED,0,Insufficient keyword overlap,"accra road, mombasa road, embakasi"
NTSA/RSN-0115,Embassava,ADR-9AKFOKE,110,110 (LOW:36),LOW,36,"3 waypoints (mombasa, mlolongo, kitengela)","accra road, mombasa road, mlolongo, kitengela"
NTSA/RSN-0115,Embassava,ADR-DB3TQ5R,,,UNMATCHED,0,Insufficient keyword overlap,"emabakasi, accra road, jogoo road"
NTSA/RSN-0115,Embassava,ADR-3ZQSO3Y,,,UNMATCHED,0,Insufficient keyword overlap,"alsolps, outering road, city cabanas"
NTSA/RSN-0115,Embassava,ADR-JY7SELA,33FED,33FED (LOW:39),LOW,39,"2 waypoints (embakasi, jogoo); Terminal 'commercial'","accra rd, jogoo rd, embakasi"
NTSA/RSN-0115,Embassava,ADR-POKS7R6,33FED,33FED (LOW:39); 33TP (LOW:39),LOW,39,"2 waypoints (embakasi, jogoo); Terminal 'commercial'","embakasi, jogoo rd,mombasa road,outerind road,savannah route,alsops, accra rd"
NTSA/RSN-0115,Embassava,,110,110 (MEDIUM:48); 237 (MEDIUM:48); 110ATH (MEDIUM:48),MEDIUM,48,"5 waypoints (imara, mombasa, kitengela)","Tala - Kangundo,Mombasa rd,Kitengela,Athi river,Greatwall,Syokimau,Embakasi,Tajmall,Imara Daima,Savannah,Manyaja rd,Spine rd,Kayole,Komarock,Utawala,Eastern Bypass,Kangundo rd,Malaa,Jogoo rd, Entreprise rd,Heshima rd,Buruburu,Gikomba,Eastleigh,Juja rd,Outering rd,Alsop,Thika rd,KU,Ruiru,Kihunguro,Juja,Thika,Mokengeni - Globe R. About and back- Tala - Kangundo,Mombasa rd,Kitengela,Athi river,Greatwall,Syokimau,Embakasi,Tajmall,Imara Daima,Savannah,Manyaja rd,Spine rd,Kayole,Komarock,Utawala,Eastern Bypass,Kangundo rd,Malaa,Jogoo rd, Entreprise rd,Heshima rd,Buruburu,Gikomba,Eastleigh,Juja rd,Outering rd,Alsop,Thika rd,KU,Ruiru,Kihunguro,Juja,Thika,Mokengeni - Globe R. About and back - Tala - Kangundo,Mombasa rd,Kitengela,Athi river,Greatwall,Syokimau,Embakasi,Tajmall,Imara Daima,Savannah,Manyaja rd,Spine rd,Kayole,Komarock,Utawala,Eastern Bypass,Kangundo rd,Malaa,Jogoo rd, Entreprise rd,Heshima rd,Buruburu,Gikomba,Eastleigh,Juja rd,Outering rd,Alsop,Thika rd,KU,Ruiru,Kihunguro,Juja,Thika,Mokengeni - Globe R. About and back"
NTSA/RSN-01756,Expreso,NTR-00202002051557030,,,UNMATCHED,0,Insufficient keyword overlap,"Kiserian, RongaiDagoretti marketAmbassadorTom mboyaThika rdJuja rdOutering rdKangundo rdKomarocks rdInfinityMwiki, Kasarani"
NTSA/RSN-01756,Expreso,NTR-00201901221600550,,,UNMATCHED,0,Insufficient keyword overlap,"NDEIYA, NDUMAONDIRIKIKUYUKABIRIADAGORETTI MARKETKARENBOMASRONGAI, KISERIAN"
NTSA/RSN-01756,Expreso,NTR-00201901041415180,,,UNMATCHED,0,Insufficient keyword overlap,"Ndeiya, Nduma (via Zambezi)KikuyuDagoreti MarketKabiriaBomasRongai, Kiserian"
NTSA/RSN-01756,Expreso,NTR-00202011171152220,102,102 (LOW:36),LOW,36,"3 waypoints (kawangware, dagoretti, kikuyu)","Ndeiya, Nduma (via Zambezi) Kikuyu Dagoretti market Kawangware KNH Ambassador Tom Mboya Ngara Thika rd Outering rd Kangundo rd Kasarani, Mwiki"
NTSA/RSN-01756,Expreso,NTR-00202012111036520,2,2 (MEDIUM:63); 102 (MEDIUM:63); 111 (MEDIUM:51),MEDIUM,63,"5 waypoints (dagoretti, kawangware, ngong); Terminal 'railways'","Railways, Ngong rd Kawangware Kabiria Waithaka Dagoretti market Karen Ngong Kikuyu Lusigetti, Kamangu"
NTSA/RSN-01756,Expreso,NTR-00202012311422330,126,126 (MEDIUM:48); 102 (LOW:36); 125 (LOW:36),MEDIUM,48,"4 waypoints (rongai, ongata, bomas)","Kimende, Limuru Muguga Kikuyu Nduma Ndeiya Dagoretti Market Kawangware KNH Karen Bomas Ongata Rongai, Kiserian"
NTSA/RSN-01756,Expreso,NTR-00201811260931410,126,126 (MEDIUM:63); 125 (MEDIUM:51),MEDIUM,63,"4 waypoints (rongai, kiserian, railways); Terminal 'railways'","kiserian, rongai,langata rd,kabiria,knh,ambassador, railways"
NTSA/RSN-01756,Expreso,NTR-00201810080909530,237,237 (LOW:36),LOW,36,"3 waypoints (juja, thika, ngara)","ndeiya, kikuyu,tom mboya,ngara,thika rd,juja rd,outering rd,kangundo rd,komarocks rd,choka,kasarani,mwiki, infinity"
NTSA/RSN-01756,Expreso,ADR-WZ9S9JA,,,UNMATCHED,0,Insufficient keyword overlap,"Kiserian, RongaiDagoretti marketAmbassadorTom mboyaThika rdJuja rdOutering rdKomarocks rdKangundo rdInfinityMwiki, Kasarani"
NTSA/RSN-01756,Expreso,ADR-537HWAM,2,2 (MEDIUM:48); 24 (MEDIUM:48); 102 (MEDIUM:48),MEDIUM,48,"4 waypoints (kawangware, ngong, kenol)","limuru, kikuyu dagoretti mrktkabiria kawangware knh ambassador moi service lane tom mboya rongai gataka karen ngong kiserian isinya katani cabanas outering rd juja rd eastleigh gikomba thika rd mwiki lucky summer komarocks rd kangundo rd eastern bypass infinity kenol kiambu ruaka, western bypass"
NTSA/RSN-01756,Expreso,ADR-A5AC8DY,2,2 (MEDIUM:48); 24 (MEDIUM:48); 102 (MEDIUM:48),MEDIUM,48,"4 waypoints (kawangware, ngong, kenol)","Limuru, kikuyu dagoretti market kabiria kawangware knh ambassador moi service lane tom mboya rongai gataka karen ngong kiserian isinya katani cabanas outering rd juja rd eastleigh gikomba thika rd mwiki lucky summer komarocks rd kangundo rd eastern bypass infinity Thika Makongeni kenol kiambu ruaka, Western bypass"
NTSA/RSN-01756,Expreso,ADR-9AKFREZ,105,105 (LOW:39),LOW,39,"2 waypoints (westlands, kikuyu); Terminal 'odeon'","ndeiya, kikuyu, waiyaki way, westlands, tommboya, thika road, mwiki"
NTSA/RSN-01756,Expreso,ADR-DB3TO97,237,237 (LOW:36),LOW,36,"3 waypoints (juja, thika, ngara)","ndeiya, kikuyu,tom mboya,ngara,thika rd,juja rd,outering rd,kangundo rd,komarocks rd,mwiki, infinity"
NTSA/RSN-01756,Expreso,ADR-3ZQS287,237,237 (LOW:36),LOW,36,"3 waypoints (juja, thika, ngara)","ndeiya, kikuyu,tom mboya,ngara,thika rd,juja rd,outering rd,kangundo rd,komarocks rd,kasarani,mwiki, infinity"
NTSA/RSN-01756,Expreso,ADR-JY7S7DP,126,126 (LOW:36),LOW,36,"3 waypoints (rongai, bomas, kiserian)","ndeiya, kikuyu,dagoreti market,kabiria,bomas,rongai, kiserian"
NTSA/RSN-01756,Expreso,ADR-POKSK8P,126,126 (MEDIUM:63); 125 (MEDIUM:51); 111 (LOW:39),MEDIUM,63,"4 waypoints (rongai, mbagathi, railways); Terminal 'railways'","railways, knh,mbagathi way,rongai, kiserian"
NTSA/RSN-01756,Expreso,ADR-VYASA63,126,126 (LOW:36),LOW,36,"3 waypoints (rongai, bomas, kiserian)","ndeiya, kikuyu,kabiria,dagoretti market,karen,bomas,rongai, kiserian"
NTSA/RSN-0122,Express Connections,NTR-00181,5,5 (LOW:39); 24 (LOW:39); 24C (LOW:39),LOW,39,"2 waypoints (jamhuri, kencom); Terminal 'kencom'","eastlands, ladhies road,bustation,ambassador,kencom,gpo,knh,upper hill,jamhuri,karen,kawangware, kawangware"
NTSA/RSN-0122,Express Connections,NTR-00178,24C,24C (MEDIUM:63); 24 (MEDIUM:51); 5 (LOW:39),MEDIUM,63,"4 waypoints (hardy, jamuhuri, kibera); Terminal 'kencom'","jkia, mombasa road, bus station, gpo, knh, ngumo, kibera, yaya, kawangware, satelite, jamuhuri, karen, hardy"
NTSA/RSN-0122,Express Connections,NTR-00176,19C,19C (LOW:39); 46K (LOW:39),LOW,39,"2 waypoints (umoja, jogoo); Terminal 'kencom'","jkia, umoja, buru, jogoo road, gpo, knh, yaya, kawangware, setlite"
NTSA/RSN-0122,Express Connections,ADR-A5AC7EZ,24C,24C (MEDIUM:63); 24 (MEDIUM:51); 5 (LOW:39),MEDIUM,63,"4 waypoints (hardy, jamuhuri, kibera); Terminal 'kencom'","jkia, hardy, mombasa road, bus station, gpo, knh, ngumo, kibera, yaya, kawangware, satelite, jamuhuri, karen"
NTSA/RSN-0122,Express Connections,ADR-9AKFW3M,5,5 (LOW:39); 24 (LOW:39); 24C (LOW:39),LOW,39,"2 waypoints (jamhuri, kencom); Terminal 'kencom'","eastlands, ladhies road,bustation,ambassador,kencom,gpo,knh,upper hill,jamhuri,karen,kawangware, kawangware"
NTSA/RSN-0122,Express Connections,ADR-DB3T3P6,5,5 (LOW:39); 46K (LOW:39),LOW,39,"2 waypoints (jamhuri, kencom); Terminal 'kencom'","komarock, buru buru, gogoo road, bustation, kencom, knh, kawangware, jamhuri"
NTSA/RSN-0122,Express Connections,ADR-3ZQSAYR,24C,24C (MEDIUM:63); 24 (MEDIUM:51); 32A (LOW:39),MEDIUM,63,"5 waypoints (karen, kibera, langata); Terminal 'kencom'","jkia, utawala, umoja, bururu, kencom, knh, ngumo, kibera, kawangware, satellite, karen, langata road, waiyaki way, hardy"
NTSA/RSN-0122,Express Connections,ADR-JY7S3OM,24C,24C (MEDIUM:63); 24 (MEDIUM:51); 5 (LOW:39),MEDIUM,63,"4 waypoints (hardy, jamuhuri, kibera); Terminal 'kencom'","jkia, hardy,mombasa road, bus station, gpo, knh, ngumo, kibera, yaya, kawangware, satelite, jamuhuri, karen"
NTSA/RSN-0122,Express Connections,ADR-POKSOLR,5,5 (LOW:39); 46K (LOW:39),LOW,39,"2 waypoints (jamhuri, kencom); Terminal 'kencom'","komarock, buru buru,gogoo road,bustation,kencom,knh,kawangware, jamhuri"
NTSA/RSN-0122,Express Connections,ADR-VYASLKV,5,5 (LOW:39); 24 (LOW:39); 24C (LOW:39),LOW,39,"2 waypoints (jamhuri, kencom); Terminal 'kencom'","eastlands, kawangware,ladhies road,bustation,ambassador,kencom,gpo,knh,upper hill,jamhuri,karen, kawangware"
NTSA/RSN-0122,Express Connections,ADR-Q5LC6K8,19C,19C (LOW:39); 46K (LOW:39),LOW,39,"2 waypoints (umoja, jogoo); Terminal 'kencom'","jkia, setlite,umoja, buru, jogoo road, gpo, knh, yaya, kawangware"
NTSA/RSN-0122,Express Connections,ADR-EPJSYPY,111,111 (MEDIUM:48); 24C (MEDIUM:48); 38/39 (LOW:39),MEDIUM,48,"4 waypoints (umoja, karen, ngong)","githunguri, ngong,utawala, jkia, umoja, buruburu, jogoo road, bus station, knh, langata, karen, hardy"
NTSA/RSN-0122,Express Connections,ADR-2DVS5QB,5,5 (LOW:39); 46K (LOW:39),LOW,39,"2 waypoints (jamhuri, kencom); Terminal 'kencom'","komarock, jamhuri,buru buru,gogoo road,bustation,kencom,knh, kawangware"
NTSA/RSN-0122,Express Connections,ADR-K9BFVAL,111,111 (LOW:36); 24C (LOW:36),LOW,36,"3 waypoints (kibera, jogoo, karen)","hardy, karen, kawangware, yaya, kibera, knh, bus station, jogoo road, jkia"
NTSA/RSN-0127,Fastrack United AND Credit,NTR-00202202221453100,2,2 (MEDIUM:51); 56 (MEDIUM:51); 102 (MEDIUM:51),MEDIUM,51,"3 waypoints (kawangware, ngong, railways); Terminal 'railways'","Railways, Community Jamhuri via Ngong Rd Wanyee Satelite Kabiria Kawangware Othaya Rd via Lavington Uthiru via WestlandsDagoretti Market, Kawangware"
NTSA/RSN-0127,Fastrack United AND Credit,NTR-0042,2,2 (LOW:39); 56 (LOW:39); 102 (LOW:39),LOW,39,"2 waypoints (kawangware, railways); Terminal 'railways'","railways, yaya, kawangware"
NTSA/RSN-0127,Fastrack United AND Credit,ADR-3ZQS3MO,2,2 (LOW:39); 56 (LOW:39); 102 (LOW:39),LOW,39,"2 waypoints (kawangware, railways); Terminal 'railways'","railways, kawangware, yaya"
NTSA/RSN-0129,FIG Komba,NTR-00201812211059020,29/30,29/30 (MEDIUM:51); 28 (LOW:39); 41 (LOW:39),MEDIUM,51,"3 waypoints (north, mathare, ngara); Terminal 'fig tree'","mathare north, ngara,figtree,gikomba, kiambio"
NTSA/RSN-0129,FIG Komba,NTR-0044,3N,3N (LOW:39),LOW,39,"2 waypoints (gikomba, ngara); Terminal 'gikomba'","figtree, ngara,gikomba, kiambio"
NTSA/RSN-0129,FIG Komba,ADR-2DVSRRD,29/30,29/30 (MEDIUM:51); 28 (LOW:39); 41 (LOW:39),MEDIUM,51,"3 waypoints (north, mathare, ngara); Terminal 'fig tree'","mathare north, ngara, gikomba, kiambio"
NTSA/RSN-0129,FIG Komba,ADR-K9BF66E,29/30,29/30 (MEDIUM:51); 28 (LOW:39); 41 (LOW:39),MEDIUM,51,"3 waypoints (north, mathare, ngara); Terminal 'fig tree'","mathare north, ngara, gikomba, kiambio"
NTSA/RSN-0129,FIG Komba,ADR-7WRS999,3N,3N (LOW:39),LOW,39,"2 waypoints (gikomba, ngara); Terminal 'gikomba'","figtree, kiambio,ngara, gikomba"
NTSA/RSN-0129,FIG Komba,ADR-BQ9SQQ3,41,41 (LOW:39),LOW,39,"2 waypoints (gikomba, dandora); Terminal 'gikomba'","dandora, juja road, gikomba"
NTSA/RSN-7695,FIG Prestige Management Company,NTR-00202104150827230,33C,33C (MEDIUM:51); 33FED (MEDIUM:51); 33TP (MEDIUM:51),MEDIUM,51,"3 waypoints (cabanas, commercial, jogoo); Terminal 'commercial'","Commercial, Jogoo rd Eastleigh Jericho Outering rd Kariobangi ound about Juja rd Cabanas Koma Kenol, Machakos"
NTSA/RSN-7695,FIG Prestige Management Company,NTR-00202211011743410,28,28 (MEDIUM:63); 29/30 (MEDIUM:51); 33C (MEDIUM:51),MEDIUM,63,"4 waypoints (gikomba, mathare, eastleigh); Terminal 'gikomba'","Commercial, Ngara Fig Tree Gikomba Muthurwa Eastleigh Thika Rd Kiambio Jericho Outering Rd Kariobangi Round About Mathare North Jogoo Rd Cabanas Kangundo Rd Ruai Tala Kantafu Koma Ruiru Ndani Kwa Maiko Juja Thika Kabati Kenol, Machakos"
NTSA/RSN-7695,FIG Prestige Management Company,NTR-00201812211059020,29/30,29/30 (MEDIUM:51); 28 (LOW:39); 41 (LOW:39),MEDIUM,51,"3 waypoints (north, mathare, ngara); Terminal 'fig tree'","mathare north, ngara,figtree,gikomba, kiambio"
NTSA/RSN-7695,FIG Prestige Management Company,ADR-537HQZK,29/30,29/30 (MEDIUM:51); 28 (LOW:39); 41 (LOW:39),MEDIUM,51,"3 waypoints (north, mathare, ngara); Terminal 'fig tree'","mathare north, ngara, gikomba, kiambio"
NTSA/RSN-01899,Five Friends Investment Company,NTR-00202008111555100,,,UNMATCHED,0,Insufficient keyword overlap,"Huruma, DandoraMolem roadKangundo road, Malaa"
NTSA/RSN-01899,Five Friends Investment Company,NTR-00202008111557230,,,UNMATCHED,0,Insufficient keyword overlap,"Huruma, Outering road, Mlolongo"
NTSA/RSN-01899,Five Friends Investment Company,ADR-YM3SJA3,,,UNMATCHED,0,Insufficient keyword overlap,"Ngara, Huruma Dandora Molem road Kangundo road, Malaa"
NTSA/RSN-01899,Five Friends Investment Company,ADR-8LMS562,41,41 (LOW:39); 3N (LOW:39); 04SK (LOW:36),LOW,39,"2 waypoints (gikomba, dandora); Terminal 'gikomba'","Ngara, Huruma Dandora Molem road Kangundo roadMalaauUtawala Mlolongo Outering rd Thika rd Gikomba Jogoo rd Savannah, Kayole"
NTSA/RSN-01899,Five Friends Investment Company,ADR-ZZJSVWM,14,14 (MEDIUM:51); 04SK (MEDIUM:51); 46B (MEDIUM:51),MEDIUM,51,"3 waypoints (ronald, kariobangi, ngala); Terminal 'otc'","Ngara, Huruma via Ronald Ngala Dandora Kariobangi Alsops Thika rd Mowlem rdJogoo rd Gikomba Kagundo rd Malaa Savannah Kayole Utawala Outering rd cabanas, Mlolongo"
NTSA/RSN-01899,Five Friends Investment Company,ADR-2DVSDOA,1960,1960 (MEDIUM:63); 04SK (MEDIUM:63); 14 (MEDIUM:51),MEDIUM,63,"4 waypoints (kayole, manyanja, soweto); Terminal 'otc'","Ngara, Huruma via Ronald Ngala Dandora Kariobangi AlsopsThika rd Mowlem rd Jogoo rd Gikomba Soweto Spine Rd Manyanja Rd Kagundo rd Malaa Savannah Kayole Utawala Outering rd cabanas, Mlolongo"
NTSA/RSN-0134,Forward Travellers,NTR-00246,,,UNMATCHED,0,Insufficient keyword overlap,"nairobi, emali,oloitoktok, taveta"
NTSA/RSN-0134,Forward Travellers,NTR-00117,,,UNMATCHED,0,Insufficient keyword overlap,"kayole, juja road, gikomba"
NTSA/RSN-0134,Forward Travellers,NTR-0047,10,10 (LOW:39); 1960 (LOW:39); 04SK (LOW:39),LOW,39,"2 waypoints (muthurwa, jogoo); Terminal 'muthurwa'","kayole, jogoo road,muthurwa, otc"
NTSA/RSN-0134,Forward Travellers,NTR-00202002041321020,,,UNMATCHED,0,Insufficient keyword overlap,"O.t.c, Jogoo rdUmojaKayoleMihangoEastern by pass, Ruiru"
NTSA/RSN-0134,Forward Travellers,NTR-00202002041322540,,,UNMATCHED,0,Insufficient keyword overlap,"Kayole, KomarocksMowlemJuja rdEastleigh, Alsops"
NTSA/RSN-0134,Forward Travellers,NTR-00202002041322120,,,UNMATCHED,0,Insufficient keyword overlap,"Malaa, KayoleJoskaKamuluRuaiSaikaMowlemjogooroad, Bus station"
NTSA/RSN-0134,Forward Travellers,NTR-00202012161512240,,,UNMATCHED,0,Insufficient keyword overlap,"Kayole, Gikombe Alsops Mihango, Cabanas"
NTSA/RSN-0134,Forward Travellers,NTR-00202102051741120,38/39,38/39 (MEDIUM:63); 16/62 (MEDIUM:51); 33DP (MEDIUM:51),MEDIUM,63,"5 waypoints (jogoo, umoja, kayole); Terminal 'bus station'","KANGEMA, MURANGA-THIKA-RUIRU-E BYPASS-KANGUNDO RD-JOGOO RD-JUJA RD-EASTLIEGH-GIKOMBA-ALSOLPS-NGARA-MFANGANO STREET-BUS STATION-MUTHURWA-KAYOLE-KOMAROCKS-UMOJA-MOWLEM-SAVVANNAH-CABANAS-UTAWALA-MIHANGO-TASSIA LINK RD-MALAA-MOMBASA RD-EMALI, LOITOKTOK"
NTSA/RSN-0134,Forward Travellers,NTR-00202211180859400,,,UNMATCHED,0,Insufficient keyword overlap,"Voi, Ikutha Kibwezi Mwingi Mutomo Kitui Makueni Kilimambogo Nairobi Narok Kisii Nyamira Kisumu Siaya, Bungoma"
NTSA/RSN-0134,Forward Travellers,NTR-00206,,,UNMATCHED,0,Insufficient keyword overlap,"kayole, umoja, outering, juja road, gikomba"
NTSA/RSN-0134,Forward Travellers,NTR-00207,,,UNMATCHED,0,Insufficient keyword overlap,"kayole, mihango, eastern bypass, juja road, bus station"
NTSA/RSN-0134,Forward Travellers,NTR-0052,,,UNMATCHED,0,Insufficient keyword overlap,"kayole, umoja,outering,juja road, gikomba"
NTSA/RSN-0134,Forward Travellers,NTR-0048,28,28 (LOW:39),LOW,39,"2 waypoints (gikomba, eastleigh); Terminal 'gikomba'","kayole, juja road,eastleigh, gikomba"
NTSA/RSN-0134,Forward Travellers,NTR-0049,,,UNMATCHED,0,Insufficient keyword overlap,"kayole, juja road,muthurwa,otc, bustation"
NTSA/RSN-0134,Forward Travellers,ADR-O68IMM7,,,UNMATCHED,0,Insufficient keyword overlap,"Malaa, KayoleJoskaKamuluRuaiSaikaMowlemKariobangiGikomba, Bus station"
NTSA/RSN-0134,Forward Travellers,ADR-6DBS997,,,UNMATCHED,0,Insufficient keyword overlap,"Nairobi, ThikaMuranga, Kangema"
NTSA/RSN-0134,Forward Travellers,ADR-WZ9SEEJ,1960,1960 (MEDIUM:63); 04SK (MEDIUM:63); 1961K (MEDIUM:51),MEDIUM,63,"4 waypoints (umoja, donholm, kayole); Terminal 'otc'","OTC, Jogoo rd Donholm Umoja Kayole Mihango Eastern Bypass, Ruiru"
NTSA/RSN-0134,Forward Travellers,ADR-537HBOV,38/39,38/39 (MEDIUM:63); 16/62 (MEDIUM:51); 237 (MEDIUM:48),MEDIUM,63,"4 waypoints (umoja, kayole, kangundo); Terminal 'bus station'","Kangema, Muranga Thika Ruiru Estern Bypass Kangundo Rd Jogoo Rd Juja Rd Gikomba Alsops Ngara Mfangano Street Bus station Kayole Komarock Rd Umoja Morlem Savannah Cabanas Utawala-Mihango Northern Bypass Tassia Rd Malaa Mombasa Rd Mwiki Mwihoko Katani Emali Loitoktok, Nyahururu"
NTSA/RSN-0134,Forward Travellers,ADR-A5ACK7E,,,UNMATCHED,0,Insufficient keyword overlap,"kayole, juja road, eastern bypass, bus station"
NTSA/RSN-0134,Forward Travellers,ADR-9AKFJWV,10,10 (LOW:39); 1960 (LOW:39); 04SK (LOW:39),LOW,39,"2 waypoints (muthurwa, jogoo); Terminal 'muthurwa'","kayole, jogoo road, muthurwa, otc, mfangano"
NTSA/RSN-0134,Forward Travellers,ADR-DB3TY3L,,,UNMATCHED,0,Insufficient keyword overlap,"nairobi, emali, loitoktok, taveta"
NTSA/RSN-0134,Forward Travellers,ADR-3ZQSJAZ,10,10 (LOW:39); 1960 (LOW:39); 04SK (LOW:39),LOW,39,"2 waypoints (muthurwa, jogoo); Terminal 'muthurwa'","kayole, mfangano,jogoo road, muthurwa, otc"
NTSA/RSN-0134,Forward Travellers,ADR-JY7SZ3B,,,UNMATCHED,0,Insufficient keyword overlap,"kayole, gikomba,umoja,outering, juja road"
NTSA/RSN-0134,Forward Travellers,ADR-POKSYOW,,,UNMATCHED,0,Insufficient keyword overlap,"kayole, bus station,mihango, eastern bypass, juja road"
NTSA/RSN-0134,Forward Travellers,ADR-VYASWL7,,,UNMATCHED,0,Insufficient keyword overlap,"kayole, gikomba,umoja, outering, juja road"
NTSA/RSN-0134,Forward Travellers,ADR-Q5LC865,,,UNMATCHED,0,Insufficient keyword overlap,"kayole, bus station,juja road, eastern bypass"
NTSA/RSN-0134,Forward Travellers,ADR-EPJSEY7,,,UNMATCHED,0,Insufficient keyword overlap,"nairobi, taveta,emali, oloitoktok"
NTSA/RSN-0134,Forward Travellers,ADR-2DVSR5D,38/39,38/39 (LOW:39),LOW,39,"2 waypoints (kayole, jogoo); Terminal 'bus station'","bus station, jogoo road, kayole, utawala"
NTSA/RSN-0134,Forward Travellers,ADR-K9BF6VE,,,UNMATCHED,0,Insufficient keyword overlap,"nairobi, thika, muranga"
NTSA/RSN-0134,Forward Travellers,ADR-7WRS9Z9,1960,1960 (LOW:39); 04SK (LOW:39); 1961K (LOW:39),LOW,39,"2 waypoints (kayole, jogoo); Terminal 'otc'","kayole, jogoo road, otc"
NTSA/RSN-0134,Forward Travellers,ADR-BQ9SQ33,,,UNMATCHED,0,Insufficient keyword overlap,"kayole, mfangano street, otc"
NTSA/RSN-0134,Forward Travellers,ADR-REOSZLO,,,UNMATCHED,0,Insufficient keyword overlap,"kayole, gikomba,allsops,, juja road"
NTSA/RSN-0134,Forward Travellers,ADR-MDMSJAQ,04SK,04SK (MEDIUM:51); 1960 (LOW:39); 1961K (LOW:39),MEDIUM,51,"3 waypoints (kangundo, kayole, jogoo); Terminal 'otc'","kayole, otc,kangundo,tala, jogoo road"
NTSA/RSN-0134,Forward Travellers,ADR-YM3SBE5,,,UNMATCHED,0,Insufficient keyword overlap,"nairobi, taveta,emali, loitoktok"
NTSA/RSN-0134,Forward Travellers,ADR-8LMSYVK,,,UNMATCHED,0,Insufficient keyword overlap,"kayole, komarocksmolemjuja road, eastleigh"
NTSA/RSN-0134,Forward Travellers,ADR-ZZJSJ2A,28,28 (LOW:39),LOW,39,"2 waypoints (gikomba, eastleigh); Terminal 'gikomba'","kayole, gikomba,juja road, eastleigh"
NTSA/RSN-0134,Forward Travellers,ADR-2DVSR5M,38/39,38/39 (MEDIUM:51); 10 (LOW:39); 33DP (LOW:39),MEDIUM,51,"3 waypoints (kayole, muthurwa, jogoo); Terminal 'bus station'","bus station, muthurwa, jogoo road, kayole, eastern bypass, utawala"
NTSA/RSN-0134,Forward Travellers,ADR-K9BF6V8,28,28 (LOW:39),LOW,39,"2 waypoints (kariobangi, gikomba); Terminal 'gikomba'","kariobangi south, outering road, thika road, gikomba, commercial"
NTSA/RSN-0134,Forward Travellers,ADR-7WRS9ZW,,,UNMATCHED,0,Insufficient keyword overlap,"kayole, gikomba, juja road"
NTSA/RSN-0134,Forward Travellers,ADR-BQ9SQ3A,1960,1960 (LOW:39); 04SK (LOW:39); 1961K (LOW:39),LOW,39,"2 waypoints (kayole, jogoo); Terminal 'otc'","otc, jogoo rd, kayole, mihango, eastern bypass, ruiru underpass"
NTSA/RSN-0136,Fourty Four Owners Company,NTR-00201901151029270,237,237 (MEDIUM:48); 44G (LOW:39); 145 (LOW:36),MEDIUM,48,"5 waypoints (thika, githurai, kahawa)","tom mboya, zimmerman,githurai,kahawa west,ruiru,juja,thika road, makongenithika"
NTSA/RSN-0136,Fourty Four Owners Company,NTR-00202103091438110,237,237 (MEDIUM:48); 28 (LOW:39); 33C (LOW:39),MEDIUM,48,"5 waypoints (thika, githurai, kahawa)","Commercial, Alsops Outering rd Juja rd Jogoo rd Kangundo rd Eastleigh Gikomba Thika rd Githurai Kahawa west Bypass Ruiru, Thika(makongeni)"
NTSA/RSN-0136,Fourty Four Owners Company,NTR-0066,,,UNMATCHED,0,Insufficient keyword overlap,"commercial, zimmerman,kahawa west, githurai"
NTSA/RSN-0136,Fourty Four Owners Company,NTR-00201909171049330,237,237 (MEDIUM:48); 145 (LOW:36); 107D (LOW:36),MEDIUM,48,"4 waypoints (githurai, kahawa, thika)","commercial, thika rd,githurai,kahawa west,bypass,ruiru, thika (makongeni)"
NTSA/RSN-0136,Fourty Four Owners Company,ADR-YM3SB85,33C,33C (LOW:39); 33FED (LOW:39); 33GTB (LOW:39),LOW,39,"2 waypoints (commercial, jogoo); Terminal 'commercial'","commercial, gikombajuja rd eastleigh jogoo rd kangundo rdoutering rd thka rd alsops githurai kahawa westbypass ruiru kahawa sukari kahawa wendanimwihoko, thika(makongeni)"
NTSA/RSN-0136,Fourty Four Owners Company,ADR-8LMSYMK,237,237 (LOW:36),LOW,36,"3 waypoints (githurai, thika, ruiru)","tom mboya, thika road, githurai, ruiru"
NTSA/RSN-0136,Fourty Four Owners Company,ADR-ZZJSJLA,,,UNMATCHED,0,Insufficient keyword overlap,"commercial, githurai,zimmerman, kahawa west"
NTSA/RSN-0136,Fourty Four Owners Company,ADR-LZRS7E5,44G,44G (MEDIUM:62); 44K (MEDIUM:47); 237 (LOW:36),MEDIUM,62,Base number '44'; 1 waypoints (githurai); Terminal 'odeon',"tom mboya, thika road, githurai 44, bypass, ruiru"
NTSA/RSN-0136,Fourty Four Owners Company,ADR-O68IMO7,14,14 (LOW:39); 04SK (LOW:39); 35/60 (LOW:39),LOW,39,"2 waypoints (ronald, ngala); Terminal 'otc'","ronald ngala, kahawa west, zimmerman"
NTSA/RSN-8282,Garamu Travel Solutions,NTR-00201908300830460,2,2 (MEDIUM:51); 8 (MEDIUM:51); 102 (MEDIUM:51),MEDIUM,51,"3 waypoints (ngong, kibera, railways); Terminal 'railways'","Railways, Ngong rdHurlinghamYayaKorosho/MbaaziKawangwareRiruta sateliteWaithakaDagoretti MarketKikuyuKarenNgong Langata Kibera Kileleshwa Lavington Uthiru, Wangige"
NTSA/RSN-8282,Garamu Travel Solutions,NTR-00202101201303380,2,2 (MEDIUM:48); 102 (MEDIUM:48); 24 (LOW:36),MEDIUM,48,"4 waypoints (kawangware, corner, ngong)","Ngong, Karen Dagoretti corner Kawangware Kikuyu Wangige, Limuru"
NTSA/RSN-8282,Garamu Travel Solutions,ADR-8LMS5QE,2,2 (MEDIUM:63); 102 (MEDIUM:63); 4W (MEDIUM:63),MEDIUM,63,"5 waypoints (riruta, dagoretti, ngong); Terminal 'railways'","railways, ngong rd,hurlingham,yaya,korosho/mbaazi,kawanware,riruta satelite,waithaka,dagoretti market, kikuyu"
NTSA/RSN-8282,Garamu Travel Solutions,ADR-ZZJSVOR,2,2 (MEDIUM:63); 102 (MEDIUM:63); 4W (MEDIUM:63),MEDIUM,63,"6 waypoints (riruta, dagoretti, kawangware); Terminal 'railways'","railways, ngong rd,hurlingham,yaya,korosho/mbaazi,kawangware,riruta satelite,waithaka,dagoretti market, kikuyu"
NTSA/RSN-0146,Gatanga Shuttle,NTR-00414,,,UNMATCHED,0,Insufficient keyword overlap,"Nairobi, Thika Nyokanyoka Rd Muranga Kangema Nyeri Nanyuki Nyahururu Nakuru Naivasha Njabini Olkalou Maumau Rd, Mugoiri"
NTSA/RSN-0146,Gatanga Shuttle,NTR-00183,,,UNMATCHED,0,Insufficient keyword overlap,"nairobi, thika nyeri nyahururu, nakuru"
NTSA/RSN-0146,Gatanga Shuttle,NTR-00236,,,UNMATCHED,0,Insufficient keyword overlap,"nairobi, thika,nyeri,nyahururu, nakuru"
NTSA/RSN-0146,Gatanga Shuttle,NTR-00142,,,UNMATCHED,0,Insufficient keyword overlap,"nairobi, thika road,thika, nyeri"
NTSA/RSN-0146,Gatanga Shuttle,ADR-VYASAD8,,,UNMATCHED,0,Insufficient keyword overlap,"nairobi, nakuru, thika nyeri nyahururu"
NTSA/RSN-0146,Gatanga Shuttle,ADR-Q5LCLD9,,,UNMATCHED,0,Insufficient keyword overlap,"nairobi, thika, nyeri, nyahururu, nakuru"
NTSA/RSN-0147,Gatanga,NTR-00183,,,UNMATCHED,0,Insufficient keyword overlap,"nairobi, thika nyeri nyahururu, nakuru"
NTSA/RSN-0147,Gatanga,NTR-00236,,,UNMATCHED,0,Insufficient keyword overlap,"nairobi, thika,nyeri,nyahururu, nakuru"
NTSA/RSN-0147,Gatanga,NTR-00250,,,UNMATCHED,0,Insufficient keyword overlap,"nairobi, nakuru, nyahururu"
NTSA/RSN-0147,Gatanga,ADR-WZ9SWJP,,,UNMATCHED,0,Insufficient keyword overlap,"nairobi, thika, nyeri, nyahururu, nakuru"
NTSA/RSN-0147,Gatanga,ADR-537H6AJ,,,UNMATCHED,0,Insufficient keyword overlap,"nairobi, nakuru, thika nyeri nyahururu"
NTSA/RSN-0148,Gathima,NTR-00201911141534530,,,UNMATCHED,0,Insufficient keyword overlap,"Thika, Thika rdJujaGatunduKangoo, Kamwangi"
NTSA/RSN-0148,Gathima,ADR-537HORO,,,UNMATCHED,0,Insufficient keyword overlap,"thika, gatundu, kiambu"
NTSA/RSN-0148,Gathima,ADR-A5AC7R8,,,UNMATCHED,0,Insufficient keyword overlap,"thika, kiambu, gatundu"
NTSA/RSN-7402,Geobeat Maoka,NTR-00202010291101240,04SK,04SK (MEDIUM:48); 19C (MEDIUM:48); 19C (MEDIUM:48),MEDIUM,48,"5 waypoints (koma, makadara, stadium)","Alsops, lLucky SummerBaba Dogo Outering rd via Rabai rd Makadara City Stadium Kangundo rd, Koma bus Park"
NTSA/RSN-7402,Geobeat Maoka,ADR-EPJSRP5,10,10 (LOW:36); 36 (LOW:36); 58 (LOW:36),LOW,36,"3 waypoints (makadara, city, stadium)","Allsops, Outering road,Mumias rd,Makadara, City Stadium"
NTSA/RSN-7402,Geobeat Maoka,ADR-2DVSDQ3,10,10 (MEDIUM:63); 69 (MEDIUM:63); 33DP (MEDIUM:63),MEDIUM,63,"5 waypoints (jogoo, makadara, muthurwa); Terminal 'muthurwa'","Ngara, Juja Rd Outering Rd Eastern Bypass Cabanas Mombasa Rd GM Lusaka Rd City Stadium Jogoo Rd Makadara via Rabai Rd Lucky Summer, Muthurwa"
NTSA/RSN-7402,Geobeat Maoka,ADR-K9BFZAY,10,10 (MEDIUM:63); 69 (MEDIUM:63); 33DP (MEDIUM:63),MEDIUM,63,"5 waypoints (jogoo, makadara, muthurwa); Terminal 'muthurwa'","Ngara, Juja Rd Outering Rd Eastern Bypass Cabanas Mombasa Rd GM Lusaka Rd City Stadium Jogoo Rd Makadara via Rabai Rd Lucky Summer, Muthurwa"
NTSA/RSN-7402,Geobeat Maoka,ADR-7WRSOQO,10,10 (MEDIUM:63); 69 (MEDIUM:63); 33DP (MEDIUM:63),MEDIUM,63,"5 waypoints (jogoo, makadara, muthurwa); Terminal 'muthurwa'","Ngara, Juja Rd Outering Rd Eastern Bypass Cabanas Mombasa Rd GM Lusaka Rd City Stadium Jogoo Rd Makadara via Rabai Rd Lucky Summer, Muthurwa"
NTSA/RSN-7402,Geobeat Maoka,ADR-BQ9SMK7,10,10 (MEDIUM:63); 69 (MEDIUM:63); 33DP (MEDIUM:63),MEDIUM,63,"5 waypoints (jogoo, makadara, muthurwa); Terminal 'muthurwa'","Ngara, Juja Rd Outering Rd Eastern Bypass Cabanas Mombasa Rd GM Lusaka Rd City Stadium Jogoo Rd Makadara via Rabai Rd Lucky Summer, Muthurwa"
NTSA/RSN-01728,Gikaki Society,NTR-00813,,,UNMATCHED,0,Insufficient keyword overlap,"Githunguri, Kagwe Kimende Limuru uplands kwamaiko ruiru, nyanduma"
NTSA/RSN-01728,Gikaki Society,NTR-00202211011816190,,,UNMATCHED,0,Insufficient keyword overlap,"Githunguri, Kagwe Kimende Limuru Uplands Kwa Maiko Ruiru Nyanduma Kibichoi Gathugu Gachika Gatundu Thika Mai-Mahiu, Naivasha"
NTSA/RSN-01728,Gikaki Society,ADR-O68I2YK,,,UNMATCHED,0,Insufficient keyword overlap,"githunguri, kagwe, kimende, ruiru"
NTSA/RSN-01728,Gikaki Society,ADR-6DBS8ER,,,UNMATCHED,0,Insufficient keyword overlap,"githunguri, kagwe, kimende"
NTSA/RSN-01728,Gikaki Society,ADR-WZ9SL7Y,,,UNMATCHED,0,Insufficient keyword overlap,"githunguri, kagwe,kimende,nyanduma, ruiru"
NTSA/RSN/8047,Gikakuru,NTR-00820,45K,45K (MEDIUM:59); 107D (MEDIUM:48); 45G (MEDIUM:47),MEDIUM,59,"Base number '45'; 2 waypoints (githurai, kahawa)","githurai 45, mwihoko eastern bypass ruiru githunguri limuru kimende kijabe hospital wangige kiambu, kahawa west"
NTSA/RSN/8047,Gikakuru,ADR-537HQP8,,,UNMATCHED,0,Insufficient keyword overlap,"githurabypass, ku referral hospital,ruiru,thika, gatuanyanga"
NTSA/RSN-1626,Gikimwi Bypass Transporters,NTR-001337,,,UNMATCHED,0,Insufficient keyword overlap,"githurai, mumbi, mwihoko"
NTSA/RSN-1626,Gikimwi Bypass Transporters,NTR-00201905161413340,145,145 (LOW:36); 237 (LOW:36),LOW,36,"3 waypoints (githurai, kahawa, ruiru)","githurai, mumbi,mwihoko,kahawa sukari,ruiru, makongenithika"
NTSA/RSN-1626,Gikimwi Bypass Transporters,ADR-WZ9SVAQ,145,145 (LOW:36); 237 (LOW:36); 107D (LOW:36),LOW,36,"3 waypoints (githurai, kahawa, ruiru)","githurai, mwihoko, kahawa sukari, bypass, ruiru"
NTSA/RSN-0152,Ginyali,NTR-00202101211540210,,,UNMATCHED,0,Insufficient keyword overlap,"Thika(Makongeni), Ruiru Githunguri Githiga Limuru via Kabuku Ngecha Kikuyu via Kamandura Naivasha, Nakuru"
NTSA/RSN-0152,Ginyali,NTR-00828,100,100 (LOW:36); 120 (LOW:36); 121 (LOW:36),LOW,36,"3 waypoints (kiambu, limuru, githunguri)","Thika(makongeni), Ruiru kiambu githiga githunguri kagwe via gatundu mau mau rd matimbei kagaa mathanja gatina limuru kimende matathia kijabe maimahiu naivasha via njabini engineer nyahururu, nakuru"
NTSA/RSN-0152,Ginyali,NTR-0088,,,UNMATCHED,0,Insufficient keyword overlap,"githunguri, kambaa,kagaa,kimende,limuru,naivasha, nakuru"
NTSA/RSN-0152,Ginyali,NTR-00201909161408460,,,UNMATCHED,0,Insufficient keyword overlap,"thika(makongeni), ruiru,githunguri,kambaa,kagaa,kimende,limuru,naivasha, nakuru"
NTSA/RSN-0152,Ginyali,ADR-VYASAV2,,,UNMATCHED,0,Insufficient keyword overlap,"Thika(Makongeni), Ruiru Githunguri Githiga Limuru via Kabuku Ngecha Kikiyu via Kamandura Naivasha, Nakuru"
NTSA/RSN-0152,Ginyali,ADR-Q5LCLYD,,,UNMATCHED,0,Insufficient keyword overlap,"nairobi, githunguri,nyambari,limuru, naivasha"
NTSA/RSN-0152,Ginyali,ADR-EPJSJA5,,,UNMATCHED,0,Insufficient keyword overlap,"nairobi, guthunguri, kambaa, kagaa, kimende, limuru, naivasha, nakuru"
NTSA/RSN-0152,Ginyali,ADR-2DVSBZ3,,,UNMATCHED,0,Insufficient keyword overlap,"githunguri, nakuru,kambaa,kagaa,kimende,limuru, naivasha"
NTSA/RSN-0153,Githiga,NTR-00201902261346190,100A,100A (MEDIUM:51); 100 (MEDIUM:48); 114R (LOW:39),MEDIUM,51,"3 waypoints (kiambu, limuru, ngara); Terminal 'fig tree'","ngara, kiambu,githiga,githunguri,limuru, nakuru"
NTSA/RSN-0153,Githiga,ADR-A5ACLDJ,,,UNMATCHED,0,Insufficient keyword overlap,"St peters, GithunguriLimuru, Nakuru"
NTSA/RSN-0153,Githiga,ADR-9AKFAEY,,,UNMATCHED,0,Insufficient keyword overlap,"St peters, kiambugithiga Githunguri kambaa via uplands nyambari Limuru, Nakuru"
NTSA/RSN-0153,Githiga,ADR-DB3TB99,,,UNMATCHED,0,Insufficient keyword overlap,"st.peters, kiambu, limuru, githuguri"
NTSA/RSN-0153,Githiga,ADR-3ZQSJDD,,,UNMATCHED,0,Insufficient keyword overlap,"st.peters, githiga, githunguri, limuru"
NTSA/RSN-0153,Githiga,ADR-JY7SZYO,,,UNMATCHED,0,Insufficient keyword overlap,"tommboya, githunguri,kiambu road, kiambu"
NTSA/RSN-0153,Githiga,ADR-POKSY2B,,,UNMATCHED,0,Insufficient keyword overlap,"st.peters, githuguri,kiambu, limuru"
NTSA/RSN-0153,Githiga,ADR-VYASWYR,,,UNMATCHED,0,Insufficient keyword overlap,"st peters, githunguri, kiambu"
NTSA/RSN-0153,Githiga,ADR-Q5LC827,,,UNMATCHED,0,Insufficient keyword overlap,"st peters, kiambu, githunguri"
NTSA/RSN-0153,Githiga,ADR-EPJSEMV,100A,100A (MEDIUM:51); 100 (MEDIUM:48); 114R (LOW:39),MEDIUM,51,"3 waypoints (kiambu, limuru, ngara); Terminal 'fig tree'","ngara, kiambu,githiga,githunguri, limuru"
NTSA/RSN-0154,Githurai 45,NTR-00415,45K,45K (MEDIUM:59); 237 (MEDIUM:48); 45G (MEDIUM:47),MEDIUM,59,"Base number '45'; 2 waypoints (githurai, ngara)","ronald ngara, thika road, githurai"
NTSA/RSN-0154,Githurai 45,NTR-00202102161130010,14,14 (MEDIUM:51); 46B (MEDIUM:51); 46H (MEDIUM:51),MEDIUM,51,"3 waypoints (ronald, juja, ngala); Terminal 'otc'","Ronald Ngala, Thika rd Outering rd Juja rd Cabanas Eastern bypass Ruai Mwihoko Githurai Thika(Makongeni), Mwingi"
NTSA/RSN-0154,Githurai 45,ADR-537HYWR,45G,45G (MEDIUM:47); 45K (MEDIUM:47); 45P (MEDIUM:47),MEDIUM,47,Base number '45'; 1 waypoints (githurai),"nairobi, thika road, githurai, mwingi"
NTSA/RSN-0154,Githurai 45,ADR-A5AC286,45G,45G (MEDIUM:47); 45K (MEDIUM:47); 45P (MEDIUM:47),MEDIUM,47,Base number '45'; 1 waypoints (githurai),"ronald ngala, githurai, mwingi"
NTSA/RSN-0154,Githurai 45,ADR-9AKFOR5,45G,45G (MEDIUM:47); 45K (MEDIUM:47); 45P (MEDIUM:47),MEDIUM,47,Base number '45'; 1 waypoints (githurai),"ronald ngala, mwingi, githurai"
NTSA/RSN-0154,Githurai 45,ADR-DB3TQOD,45G,45G (MEDIUM:47); 45K (MEDIUM:47); 45P (MEDIUM:47),MEDIUM,47,Base number '45'; 1 waypoints (githurai),"nairobi, mwingi,thika road, githurai"
NTSA/RSN-0154,Githurai 45,ADR-3ZQSO23,45G,45G (MEDIUM:47); 45K (MEDIUM:47); 45P (MEDIUM:47),MEDIUM,47,Base number '45'; 1 waypoints (githurai),"railways, mwingi,thika road, githurai"
NTSA/RSN-0154,Githurai 45,ADR-JY7SE7Q,45K,45K (MEDIUM:59); 237 (MEDIUM:48); 45G (MEDIUM:47),MEDIUM,59,"Base number '45'; 2 waypoints (githurai, ngara)","ronald ngara, githurai, thika road"
NTSA/RSN-0154,Githurai 45,ADR-POKS7KY,237,237 (MEDIUM:48); 45G (MEDIUM:47); 45K (MEDIUM:47),MEDIUM,48,"4 waypoints (ronald, thika, ngala)","ronald ngala, thika road,githurai, thika (makongeni)"
NTSA/RSN-1824,Giwa,ADR-7WRSOLM,,,UNMATCHED,0,Insufficient keyword overlap,"Wangige, GikuniGathiga, St mathews"
NTSA/RSN-1824,Giwa,ADR-BQ9SM8B,,,UNMATCHED,0,Insufficient keyword overlap,"Wangige, Gikuni Gathiga St mathews ngecha mwamto kikuyu dagoretti kamangu limurukahuho gachie, river lori"
NTSA/RSN-8143,GMK,NTR-00202009021508060,,,UNMATCHED,0,Insufficient keyword overlap,"Nyeri, KaratinaEmbuMurangaKiriainiNgara(NRB), Voi"
NTSA/RSN-8143,GMK,NTR-00202202241345360,38/39,38/39 (LOW:36),LOW,36,"3 waypoints (kangundo, kayole, ruai)","Ngara, Outering Rd Kayole Eastern Bypass Kangundo Rd Ruai Northern Bypass Mwihoko via Thika Muranga Karatina Kiriaini NyeriEmbu, Voi"
NTSA/RSN-8143,GMK,ADR-LZRSW7B,,,UNMATCHED,0,Insufficient keyword overlap,"ngara, ruai outering rd northern bypass mwihoko via thika muranga karatina kiriaini nyeri embu, voi"
NTSA/RSN-8143,GMK,ADR-O68I2MZ,,,UNMATCHED,0,Insufficient keyword overlap,"githurai, muranga, kiriaini"
NTSA/RSN-8143,GMK,ADR-6DBS896,,,UNMATCHED,0,Insufficient keyword overlap,"ngara, muranga,kiriaini,nyeri, karatina"
NTSA/RSN-02023,Gucha Express,NTR-00202101261102060,110,110 (MEDIUM:51); 11_2 (LOW:39); 110ATH (LOW:39),MEDIUM,51,"3 waypoints (mlolongo, kitengela, railways); Terminal 'railways'","Railways, Mlolongo Kitengela, Machakos"
NTSA/RSN-02023,Gucha Express,ADR-LZRS6J7,110,110 (LOW:39); 111 (LOW:39); 110ATH (LOW:39),LOW,39,"2 waypoints (mlolongo, railways); Terminal 'railways'","Railways, Jogoo Rd Outering Rd Kangundo Rd Ruai Katani Mlolongo Kitengela\tMachakos, Isinya"
NTSA/RSN-02052,Hannover Swift Trans,NTR-0025,105,105 (LOW:39),LOW,39,"2 waypoints (westlands, kikuyu); Terminal 'odeon'","Kikuyu, Waiyaki Way,Westlands,Tom Mboya,Thika road, Kasarani , Mwiki"
NTSA/RSN-02052,Hannover Swift Trans,NTR-00749,19C,19C (MEDIUM:51); 19C (MEDIUM:51); 34B (MEDIUM:51),MEDIUM,51,"3 waypoints (donholm, makongeni, mboya); Terminal 'kencom'","Kikuyu, Waiyaki Way Westlands Tom Mboya Thika Rd Kasarani Mwiki Komarock |Kangundo Rd Ruai Outering Rd Donholm Juja Rd GPO Kabiria Dagoreti Kamangu Limuru Kiambu Ruiru Thika, Makongeni"
NTSA/RSN-02052,Hannover Swift Trans,ADR-BQ9SMWB,105,105 (LOW:39); 48B (LOW:39); 48C (LOW:39),LOW,39,"2 waypoints (westlands, kikuyu); Terminal 'odeon'","Kikuyu, Waiyaki way Westlands Tom Mboya Thika rd Kasarani Mwiki Komarocks Kangundo rd Outering rd Juja rd, Tom mboya, Thika(Makongeni)"
NTSA/RSN-02052,Hannover Swift Trans,,38/39,38/39 (LOW:39),LOW,39,"2 waypoints (donholm, ruai); Terminal 'bus station'","Thika(Makongeni) - Ruiru,Mwiki,Ruai,Utawala,Donholm,Bus station,Gpo,Westlands,Dagoretti,Kabiria,Kikuyu,Kamangu,Limuru - Kiambu and back"
NTSA/RSN-0165,Highrise Kibera,NTR-00202110191626020,24C,24C (MEDIUM:48); 16 (LOW:39); 34L (LOW:39),MEDIUM,48,"4 waypoints (valley, ngong, langata)","Bus Station, enterprise rd via lusaka langata rd highrise upperhill memorial link rd KNH community valley rd soweto sunday studio silanga, yaya centre via ngong rd"
NTSA/RSN-0165,Highrise Kibera,ADR-9AKFJ77,16,16 (LOW:39),LOW,39,"2 waypoints (nyayo, highrise); Terminal 'bus station'","bus station, nyayo, highrise, knh, kibera"
NTSA/RSN-0165,Highrise Kibera,ADR-DB3TYAM,16,16 (LOW:39),LOW,39,"2 waypoints (nyayo, highrise); Terminal 'bus station'","bus station, kibera,nyayo, highrise, knh"
NTSA/RSN-0166,Highway,NTR-00796,,,UNMATCHED,0,Insufficient keyword overlap,"nakuru, gilgil, naivasha"
NTSA/RSN-0166,Highway,ADR-A5ACLLW,,,UNMATCHED,0,Insufficient keyword overlap,"nakuru, naivasha, gilgil"
NTSA/RSN-0169,Home,NTR-00471,,,UNMATCHED,0,Insufficient keyword overlap,"Limuru, Ngecha, Uplands"
NTSA/RSN-0169,Home,NTR-00201807271239220,107D,107D (LOW:36),LOW,36,"3 waypoints (kiambu, ruiru, ruaka)","Wangige, Kikuyu Gachie Gathiga Ruaka Kiambu Ruiru, Kenol"
NTSA/RSN-0169,Home,NTR-00202001071446410,119,119 (MEDIUM:63); 118 (MEDIUM:51); 119A (MEDIUM:51),MEDIUM,63,"4 waypoints (westlands, kiambu, peponi); Terminal 'koja'","Khoja, Westlands Wangige Peponi Rd Ngecha Limuru Uplands Kikuyu Gachie Gathiga Ruaka Kiambu Ruiru, Kenol"
NTSA/RSN-0169,Home,ADR-MDMSQ73,118,118 (MEDIUM:51); 119 (MEDIUM:51); 119A (LOW:39),MEDIUM,51,"3 waypoints (westlands, peponi, wangige); Terminal 'koja'","khoja, westlands,wangige,ngecha, peponi rd"
NTSA/RSN-0169,Home,ADR-YM3S6DR,118,118 (LOW:39); 119 (LOW:39),LOW,39,"2 waypoints (westlands, wangige); Terminal 'koja'","khoja, westlands, wangige"
NTSA/RSN-0169,Home,ADR-8LMSEZM,,,UNMATCHED,0,Insufficient keyword overlap,"odeon, thome, thika road"
NTSA/RSN-0169,Home,ADR-ZZJSQAV,118,118 (LOW:39); 119 (LOW:39),LOW,39,"2 waypoints (westlands, wangige); Terminal 'koja'","khoja, wangige, westlands"
NTSA/RSN-0169,Home,ADR-LZRSWMO,118,118 (MEDIUM:51); 119 (MEDIUM:51); 119A (LOW:39),MEDIUM,51,"3 waypoints (westlands, peponi, wangige); Terminal 'koja'","khoja, peponi rd,westlands,wangige, ngecha"
NTSA/RSN-0172,Huruma Mini-bus,NTR-00202012151628260,33TP,33TP (LOW:36),LOW,36,"3 waypoints (mombasa, cabanas, city)","City cabanas via outering rd, Kangundo rd Thika rd Mombasa rd, Eastleigh"
NTSA/RSN-0172,Huruma Mini-bus,ADR-REOSZB2,46B,46B (LOW:36); 46H (LOW:36),LOW,36,"3 waypoints (pangani, tusker, kariokor)","huruma, pangani,kariokor, tusker"
NTSA/RSN-0172,Huruma Mini-bus,ADR-MDMSJOW,46B,46B (LOW:36); 46H (LOW:36),LOW,36,"3 waypoints (pangani, tusker, kariokor)","huruma, tusker,pangani, kariokor"
NTSA/RSN-0172,Huruma Mini-bus,,3N,3N (MEDIUM:51); 46B (MEDIUM:48); 46H (MEDIUM:48),MEDIUM,51,"3 waypoints (gikomba, ngara, kariokor); Terminal 'gikomba'","Huruma - Pangani,Muranga rd,Ngara,Thika rd,Kariokor,Gikomba,Jogoo rd,Likoni rd,Eastleigh,Outering rd,Kangundo rd,Mombasa rd - Tusker and back"
NTSA/RSN-0174,Inagi,NTR-00202003111620510,,,UNMATCHED,0,Insufficient keyword overlap,"Githunguri, NairobiMachakos via outering rd, Kitui"
NTSA/RSN-0174,Inagi,NTR-00385,,,UNMATCHED,0,Insufficient keyword overlap,"githunguri, nairobi, nakuru"
NTSA/RSN-0174,Inagi,ADR-A5ACPED,,,UNMATCHED,0,Insufficient keyword overlap,"Githunguri, NairobiMachakos, Kitui"
NTSA/RSN-0174,Inagi,ADR-9AKF2VP,,,UNMATCHED,0,Insufficient keyword overlap,"githunguri, nakuru, nairobi"
NTSA/RSN-0176,Indima (nje),NTR-00487,38/39,38/39 (MEDIUM:51); 11 (LOW:39),MEDIUM,51,"3 waypoints (kamulu, kangundo, ruai); Terminal 'bus station'","Bus station, Mombasa roadLusaka road Industrial AreaKwa Njenga Outering rd Kangundo rd Ruai, Kamulu"
NTSA/RSN-0176,Indima (nje),NTR-00563,11,11 (MEDIUM:51); 405 (MEDIUM:48); 11_2 (LOW:36),MEDIUM,51,"3 waypoints (area, industrial, general); Terminal 'bus station'","bus station, lusaka road,enterprise road,industrial area,general motors, mukuru kwa njenga"
NTSA/RSN-0176,Indima (nje),NTR-0017,38/39,38/39 (MEDIUM:63); 11 (MEDIUM:51); 33MKR (MEDIUM:51),MEDIUM,63,"5 waypoints (ruai, jogoo, kamulu); Terminal 'bus station'","Bus station, muthurwa mombasa rd lusaka rd industrial area enterprise rd likoni rd imara daima kwa njenga jogoo rd outering rd kangundo rd ruai kamulu eastern bypass, alsops"
NTSA/RSN-0176,Indima (nje),NTR-00202203171440590,12D,12D (LOW:39); 110 (LOW:36),LOW,39,"2 waypoints (mombasa, athi); Terminal 'bus station'","Bus Station, Mombasa Rd Syokimau Athi River, Kitengela"
NTSA/RSN-0176,Indima (nje),NTR-00564,11,11 (MEDIUM:48); 11_2 (MEDIUM:48); 405 (LOW:36),MEDIUM,48,"4 waypoints (mombasa, area, industrial)","muthurwa, enterprise road,industrial area,general motors,mombasa road, mukuru kwa njenga"
NTSA/RSN-0176,Indima (nje),ADR-JY7SQRO,11,11 (MEDIUM:51); 33MKR (MEDIUM:51); 38/39 (MEDIUM:51),MEDIUM,51,"3 waypoints (mombasa, area, industrial); Terminal 'bus station'","Bus station, muthurwa mombasa rd lusaka rd industrial area enterprise rd likoni rd imara daima kwa njenga jogoo rd outering rd kangundo rdruai eastern bypass, alsops"
NTSA/RSN-0176,Indima (nje),ADR-POKSMZB,11,11 (MEDIUM:51); 405 (MEDIUM:48); 11_2 (LOW:36),MEDIUM,51,"3 waypoints (area, industrial, general); Terminal 'bus station'","bus station, mukuru kwa njenga, lusaka road,enterprise road,industrial area, general motors"
NTSA/RSN-0176,Indima (nje),ADR-VYASVJR,11,11 (MEDIUM:51); 405 (LOW:36); 11_2 (LOW:36),MEDIUM,51,"3 waypoints (mombasa, area, industrial); Terminal 'bus station'","bus station, mombasa road, lusaka road, industrial area, kwa njenga"
NTSA/RSN-0176,Indima (nje),ADR-Q5LCYA7,69,69 (MEDIUM:51); 11 (LOW:36); 405 (LOW:36),MEDIUM,51,"3 waypoints (lusaka, muthurwa, hillocks); Terminal 'muthurwa'","muthurwa, lusaka road, industrial area, enterprise road, hillocks, mombasa road, kwa njenga"
NTSA/RSN-0176,Indima (nje),ADR-EPJSA6V,10,10 (LOW:39); 33DP (LOW:39); 70/71 (LOW:39),LOW,39,"2 waypoints (muthurwa, jogoo); Terminal 'muthurwa'","muthurwa, jogoo road,likoni road, industrial area"
NTSA/RSN-0176,Indima (nje),ADR-2DVSZ6L,69,69 (LOW:39),LOW,39,"2 waypoints (lusaka, muthurwa); Terminal 'muthurwa'","muthurwa, kwa njenga,enterprise road, lusaka road"
NTSA/RSN-0176,Indima (nje),ADR-K9BFEO7,11,11 (MEDIUM:51); 405 (MEDIUM:48); 11_2 (LOW:36),MEDIUM,51,"3 waypoints (area, industrial, general); Terminal 'bus station'","bus station, kwa njenga,lusaka road, industrial area, general motors"
NTSA/RSN-0176,Indima (nje),ADR-7WRS7WJ,11,11 (MEDIUM:51); 405 (MEDIUM:48); 11_2 (LOW:36),MEDIUM,51,"3 waypoints (area, industrial, general); Terminal 'bus station'","bus station, mukuru kwa njenga,lusaka road,enterprise road,industrial area, general motors"
NTSA/RSN-0176,Indima (nje),ADR-BQ9S7E2,69,69 (MEDIUM:51); 11 (LOW:36); 405 (LOW:36),MEDIUM,51,"3 waypoints (lusaka, muthurwa, hillocks); Terminal 'muthurwa'","muthurwa, kwa njenga,lusaka road, industrial area, enterprise road, hillocks, mombasa road"
NTSA/RSN-0176,Indima (nje),ADR-REOS8MY,11,11 (MEDIUM:48); 11_2 (MEDIUM:48); 405 (LOW:36),MEDIUM,48,"4 waypoints (mombasa, area, industrial)","muthurwa, mukuru kwa njenga,enterprise road,industrial area,general motors, mombasa road"
NTSA/RSN-0176,Indima (nje),ADR-MDMSK8K,11,11 (MEDIUM:51); 405 (LOW:36); 11_2 (LOW:36),MEDIUM,51,"3 waypoints (mombasa, area, industrial); Terminal 'bus station'","bus station, kwa njenga ,mombasa road, lusaka road, industrial area"
NTSA/RSN-0176,Indima (nje),,38/39,38/39 (MEDIUM:63); 11 (MEDIUM:51); 33MKR (MEDIUM:51),MEDIUM,63,"5 waypoints (ruai, jogoo, kamulu); Terminal 'bus station'","Bus station - Muthurwa,Mombasa rd,Lusaka rd,Industrial area,Entreprise rd,Likoni rd,Imara daima,Kwa njenga,Jogoo rd,Outering rd,Kangundo rd,Ruai,Kamulu,Eastern Bypass,Alsops,Syokimau,Athi river - Kitengela and back- Bus station - Muthurwa,Mombasa rd,Lusaka rd,Industrial area,Entreprise rd,Likoni rd,Imara daima,Kwa njenga,Jogoo rd,Outering rd,Kangundo rd,Ruai,Kamulu,Eastern Bypass,Alsops,Syokimau,Athi river - Kitengela and back - Bus station - Muthurwa,Mombasa rd,Lusaka rd,Industrial area,Entreprise rd,Likoni rd,Imara daima,Kwa njenga,Jogoo rd,Outering rd,Kangundo rd,Ruai,Kamulu,Eastern Bypass,Alsops,Syokimau,Athi river - Kitengela and back"
NTSA/RSN-01742,Indo Star,ADR-BQ9S58K,10,10 (LOW:39); 33DP (LOW:39); 70/71 (LOW:39),LOW,39,"2 waypoints (muthurwa, jogoo); Terminal 'muthurwa'","Muthurwa, Industrial AreaImara Njenga Likoni Road Lungalunga rdFirst Avenue Jogoo rd Outering rd Eastern bypass Mombasa rd, Mlolongo"
NTSA/RSN-01742,Indo Star,ADR-REOSR55,10,10 (LOW:39); 33DP (LOW:39); 70/71 (LOW:39),LOW,39,"2 waypoints (muthurwa, jogoo); Terminal 'muthurwa'","Muthurwa, Industrial Area Imara Njenga Likoni Road Lungalunga rd First Avenue Jogoo rd Outering rd Kangundo rdEastern bypass Mombasa rd, Mlolongo"
NTSA/RSN-01742,Indo Star,ADR-MDMSQ2P,38/39,38/39 (MEDIUM:48); 10 (LOW:39); 33DP (LOW:39),MEDIUM,48,"4 waypoints (kangundo, kayole, muthurwa)","Muthurwa, Industrial Area Imara Njenga Likoni Road Lungalunga rd First Avenue Jogoo rd Outering rd Kangundo rd kayole spine rd manyanja rd Eastern bypass langata rd bomas Mombasa rd, Mlolongo"
NTSA/RSN-01742,Indo Star,ADR-YM3S6Y3,10,10 (LOW:39); 33DP (LOW:39); 70/71 (LOW:39),LOW,39,"2 waypoints (muthurwa, jogoo); Terminal 'muthurwa'","muthurwa, industrial area, likoni road, mombasa raod, jogoo road, mlolongo"
NTSA/RSN-5041,Integrity Intercity,NTR-00201911081554190,115,115 (LOW:39); 118 (LOW:39); 119 (LOW:39),LOW,39,"2 waypoints (rironi, limuru); Terminal 'koja'","Khoja, Thika rd outering rd Ngumba eastern bypass juja farm Forest roadMuseum roadWaiyaki wayKinoo kikuyu wangige ndenderu rironi, Limuru"
NTSA/RSN-5041,Integrity Intercity,NTR-00725,,,UNMATCHED,0,Insufficient keyword overlap,"khoja, thika road, ngumba"
NTSA/RSN-5041,Integrity Intercity,ADR-MDMSZLA,115,115 (MEDIUM:51); 135 (LOW:36); 114W (LOW:36),MEDIUM,51,"3 waypoints (rironi, museum, kinoo); Terminal 'koja'","Khoja, Thika rd,Ngumba,Forest road,Museum road,Waiyaki way,Kinoo, Rironi"
NTSA/RSN-0177,Inter Counties,NTR-00202104150815260,33DP,33DP (MEDIUM:51); 70/71 (MEDIUM:51); 33TP (MEDIUM:48),MEDIUM,51,"3 waypoints (donholm, muthurwa, jogoo); Terminal 'muthurwa'","Muthurwa, jogoo rd likoni rd lungalunga donholm mombasa rd Cabanas Eastern bypass Ruai, Alsops"
NTSA/RSN-0177,Inter Counties,ADR-K9BFYJY,33DP,33DP (MEDIUM:51); 70/71 (MEDIUM:51); 10 (LOW:39),MEDIUM,51,"3 waypoints (donholm, muthurwa, jogoo); Terminal 'muthurwa'","muthurwa, jogoo road,likoni road,lungalunga, donholm"
NTSA/RSN-0177,Inter Counties,ADR-7WRSRBO,33DP,33DP (MEDIUM:51); 70/71 (MEDIUM:51); 10 (LOW:39),MEDIUM,51,"3 waypoints (donholm, muthurwa, jogoo); Terminal 'muthurwa'","muthurwa, donholm,jogoo road,likoni road, lungalunga"
NTSA/RSN-0715,Inter-county,NTR-00231,,,UNMATCHED,0,Insufficient keyword overlap,"nairobi, thika, kangari"
NTSA/RSN-0715,Inter-county,ADR-VYASZ35,,,UNMATCHED,0,Insufficient keyword overlap,"nairobi, kangari, thika"
NTSA/RSN-0181,Iska Investments Company,NTR-00202107221159520,04SK,04SK (MEDIUM:51); 35/60 (MEDIUM:51); 14 (LOW:39),MEDIUM,51,"3 waypoints (ronald, makongeni, ngala); Terminal 'otc'","Commercial, Ronald ngala Zimmermankiambugithuraikahawa westoutering roadnorthern bypasseastern bypassruiruthika, Makongeni"
NTSA/RSN-0181,Iska Investments Company,NTR-00579,,,UNMATCHED,0,Insufficient keyword overlap,"nairobi, thika road, thika"
NTSA/RSN-0181,Iska Investments Company,ADR-K9BFVB2,,,UNMATCHED,0,Insufficient keyword overlap,"nairobi, thika, thika road"
NTSA/RSN-0181,Iska Investments Company,ADR-7WRSZ23,,,UNMATCHED,0,Insufficient keyword overlap,"nairobi, thika, ruiru"
NTSA/RSN-0181,Iska Investments Company,,,,UNMATCHED,0,Insufficient keyword overlap,"Nairobi - Mathare North,Thika rd - Thika and back- Nairobi - Mathare North,Thika rd - Thika and back - Nairobi - Mathare North,Thika rd - Thika and back"
NTSA/RSN-0183,Ithanga,NTR-00565,,,UNMATCHED,0,Insufficient keyword overlap,"ithanga, thika, nairobi"
NTSA/RSN-0183,Ithanga,ADR-LZRSYQL,,,UNMATCHED,0,Insufficient keyword overlap,"ithanga, nairobi, thika"
NTSA/RSN-0184,Jesmat Co-oprative,NTR-00202102021255020,28,28 (MEDIUM:51); 29/30 (MEDIUM:51); 3N (MEDIUM:51),MEDIUM,51,"3 waypoints (gikomba, mathare, eastleigh); Terminal 'gikomba'","Mfangano street, Kariokor Gikomba Ngara fig Juja rd Eastleigh Kiambiu Thika rd Mathare North Outering rd Eastern bypass, Kangundo rd"
NTSA/RSN-0184,Jesmat Co-oprative,ADR-EPJSE9J,,,UNMATCHED,0,Insufficient keyword overlap,"mfangano street, gikomba, majengo"
NTSA/RSN-0184,Jesmat Co-oprative,ADR-2DVSRY2,,,UNMATCHED,0,Insufficient keyword overlap,"mfangano street, highrise,gikomba, majengo"
NTSA/RSN-0184,Jesmat Co-oprative,ADR-K9BF6KW,,,UNMATCHED,0,Insufficient keyword overlap,"mfangano street, gikomba,majengo, highrise"
NTSA/RSN-0184,Jesmat Co-oprative,ADR-7WRS9L5,,,UNMATCHED,0,Insufficient keyword overlap,"mfangano, eastleigh section 3, luthuli avenue"
NTSA/RSN-0185,Jonsaga Flats,ADR-7WRS29M,14,14 (LOW:39); 04SK (LOW:39); 35/60 (LOW:39),LOW,39,"2 waypoints (ronald, ngala); Terminal 'otc'","Ronald Ngala, NgaraJujardHuruma Round aboutOutering rdKangundo rd, Ruai"
NTSA/RSN-0185,Jonsaga Flats,NTR-00202104161338180,7,7 (LOW:39); 3N (LOW:39),LOW,39,"2 waypoints (gikomba, kariokor); Terminal 'gikomba'","Mowlem, Kariokor Gikomba cabanas Mombasa Rd athi River thika rd forest rd, Limuru rd"
NTSA/RSN-0185,Jonsaga Flats,NTR-00202002071549350,14,14 (MEDIUM:63); 46B (MEDIUM:63); 46H (MEDIUM:63),MEDIUM,63,"4 waypoints (ronald, juja, ngala); Terminal 'otc'","Ronald Ngala, Ngara Juja rd Huruma Round about Outering rd Kangundo rd Ruai Mowlem Kariokor Gikomba Cabanas Mombasa rd Athi river Forest rd Thika rd, Limuru"
NTSA/RSN-0185,Jonsaga Flats,ADR-BQ9SZQB,46B,46B (MEDIUM:63); 14 (MEDIUM:51); 04SK (MEDIUM:51),MEDIUM,63,"4 waypoints (ronald, juja, ngara); Terminal 'otc'","Ronald Ngala, Ngara Juja Rd Huruma Round About Outering Rd Kangundo Rd Ruai Utawala Cabanas Mombasa Rd, Athi River"
NTSA/RSN-0185,Jonsaga Flats,ADR-REOSOZM,114R,114R (MEDIUM:63); 114W (MEDIUM:63); 46B (MEDIUM:63),MEDIUM,63,"4 waypoints (parklands, limuru, ngara); Terminal 'fig tree'","Ronald Ngala, Race Course Rd Ngara Forest Rd Ojijo Rd Parklands via Westlands Limuru Rd Thika Rd Githurai, Juja Town"
NTSA/RSN-0185,Jonsaga Flats,ADR-MDMSMJL,46B,46B (MEDIUM:51); 14 (LOW:39); 46H (LOW:39),MEDIUM,51,"3 waypoints (ronald, juja, ngara); Terminal 'otc'","huruma, juja road, ngara, ronald ngara"
NTSA/RSN-0185,Jonsaga Flats,ADR-YM3SLEW,46B,46B (MEDIUM:63); 14 (MEDIUM:51); 46H (MEDIUM:51),MEDIUM,63,"4 waypoints (ronald, juja, ngara); Terminal 'otc'","huruma, juja,ngara, ronald ngala"
NTSA/RSN-0185,Jonsaga Flats,ADR-YM3SLVL,46B,46B (MEDIUM:63); 14 (MEDIUM:51); 46H (MEDIUM:51),MEDIUM,63,"4 waypoints (ronald, ngara, juja); Terminal 'otc'","huruma, ronald ngala,juja, ngara"
NTSA/RSN-0185,Jonsaga Flats,ADR-ZZJSZ2O,46B,46B (MEDIUM:51); 14 (LOW:39); 46H (LOW:39),MEDIUM,51,"3 waypoints (ronald, ngara, juja); Terminal 'otc'","huruma, ronald ngara,juja road, ngara"
NTSA/RSN-2074,Juja Athi,NTR-00201906201608210,,,UNMATCHED,0,Insufficient keyword overlap,"juja, juja farm, athi"
NTSA/RSN-2074,Juja Athi,ADR-DB3T5EP,237,237 (LOW:36),LOW,36,"3 waypoints (juja, thika, ruiru)","athi, makongeni thika ruiru juja juja farm gatundu, muranga"
NTSA/RSN-2074,Juja Athi,ADR-3ZQS3EE,237,237 (LOW:36),LOW,36,"3 waypoints (juja, thika, ruiru)","athi, makongeni thika ruiru juja juja farm gatundu, muranga"
NTSA/RSN/6973,Jupiterline Investments Capital,NTR-00477,,,UNMATCHED,0,Insufficient keyword overlap,"nairobi, thika road, ruiru"
NTSA/RSN/6973,Jupiterline Investments Capital,NTR-00201906141322300,,,UNMATCHED,0,Insufficient keyword overlap,"ngara, thika road, nanyuki"
NTSA/RSN/6973,Jupiterline Investments Capital,ADR-Q5LCBAQ,237,237 (LOW:36),LOW,36,"3 waypoints (thika, ngara, ruiru)","ngara, thika rd, ruiru"
NTSA/RSN-01730,Kadana,NTR-00202012111036520,2,2 (MEDIUM:63); 102 (MEDIUM:63); 111 (MEDIUM:51),MEDIUM,63,"5 waypoints (dagoretti, kawangware, ngong); Terminal 'railways'","Railways, Ngong rd Kawangware Kabiria Waithaka Dagoretti market Karen Ngong Kikuyu Lusigetti, Kamangu"
NTSA/RSN-01730,Kadana,NTR-00202012111031250,2,2 (MEDIUM:48); 102 (MEDIUM:48),MEDIUM,48,"4 waypoints (kawangware, waithaka, ngong)","Kamangu, Kikuyu Waithaka Kawangware Kabiria Dagoretti market Karen, Ngong"
NTSA/RSN-01730,Kadana,ADR-MDMSQK8,102,102 (MEDIUM:51); 111 (MEDIUM:51); 2 (LOW:39),MEDIUM,51,"3 waypoints (ngong, railways, kikuyu); Terminal 'railways'","kikuyu, dagoreti, karen, ngong road, railways"
NTSA/RSN-01730,Kadana,ADR-YM3S6VM,102,102 (MEDIUM:51); 111 (MEDIUM:51); 2 (LOW:39),MEDIUM,51,"3 waypoints (ngong, railways, kikuyu); Terminal 'railways'","kikuyu, dagoreti, karen, ngong road, railways"
NTSA/RSN-01730,Kadana,ADR-8LMSEYR,2,2 (MEDIUM:63); 102 (MEDIUM:63); 111 (MEDIUM:51),MEDIUM,63,"5 waypoints (dagoretti, kawangware, ngong); Terminal 'railways'","railways, ngong rd,kawangware,kabiria,waithaka,dagoretti,karen,kikuyu,lusingeti, kamangu"
NTSA/RSN-01730,Kadana,ADR-ZZJSQJP,102,102 (LOW:36),LOW,36,"3 waypoints (ngong, dagoretti, kikuyu)","knh, ngong road,karen,dagoretti, kikuyu"
NTSA/RSN-0193,Kaka,NTR-00201907241046260,,,UNMATCHED,0,Insufficient keyword overlap,"KAGWE, NAIROBINAKURUNYAHURURUNANYUKI RUIRU, GITHUNGURI"
NTSA/RSN-0193,Kaka,NTR-00498,,,UNMATCHED,0,Insufficient keyword overlap,"Nairobi, Githunguri kagwe Ruiru maumau Rd Nakuru Nyahururu, Nanyuki"
NTSA/RSN-0193,Kaka,NTR-00408,,,UNMATCHED,0,Insufficient keyword overlap,"kagwe, nairobi, nakuru"
NTSA/RSN-0193,Kaka,ADR-WZ9SEM3,,,UNMATCHED,0,Insufficient keyword overlap,"kagwenairobinakuru ,, KAGWE - GITHUNGURI - NAIROBI,NAKURU,NYAHURURU,NANYUKI,MAKONGENI,RUIRU- KAGWE - GITHUNGURI - NAIROBI,NAKURU,NYAHURURU,NANYUKI,MAKONGENI,RUIRU - KAGWE - GITHUNGURI - NAIROBI,NAKURU,NYAHURURU,NANYUKI,MAKONGENI,RUIRU"
NTSA/RSN-0197,KAM Transporters,NTR-00717,,,UNMATCHED,0,Insufficient keyword overlap,"nairobi, kangundo, machakos"
NTSA/RSN-0197,KAM Transporters,NTR-00202101251001560,,,UNMATCHED,0,Insufficient keyword overlap,"Nairobi, Kithimani Matuu Kitui Mwingi Mutomo, Kangundo"
NTSA/RSN-0197,KAM Transporters,NTR-00201903291451040,,,UNMATCHED,0,Insufficient keyword overlap,"nairobi, kangundo,mwala,makutano, kitui"
NTSA/RSN-0197,KAM Transporters,NTR-00201904081413120,,,UNMATCHED,0,Insufficient keyword overlap,"nairobi, tala,kangundo,machakos, wote"
NTSA/RSN-0197,KAM Transporters,ADR-7WRS79Z,,,UNMATCHED,0,Insufficient keyword overlap,"Nairobi, Tala Donyo sabuk Matuu Mwala, Machakos"
NTSA/RSN-0197,KAM Transporters,ADR-BQ9S7QZ,,,UNMATCHED,0,Insufficient keyword overlap,"nairobi, tala,kangundo, machakos"
NTSA/RSN-0197,KAM Transporters,ADR-REOS8ZR,11,11 (MEDIUM:48); 11_2 (MEDIUM:48),MEDIUM,48,"4 waypoints (mombasa, nairobi, makueni)","nairobi, machakos, makueni, kitui, mutomo, kibwezi, ikutha, voi, mombasa"
NTSA/RSN-0197,KAM Transporters,ADR-MDMSKJO,11,11 (LOW:36); 11_2 (LOW:36),LOW,36,"3 waypoints (machakos, nairobi, makueni)","nairobi, machakos,makueni,kibwezi, mtitoandei"
NTSA/RSN-0197,KAM Transporters,ADR-YM3SVB9,,,UNMATCHED,0,Insufficient keyword overlap,"nairobi, machakos,tala, kangundo"
NTSA/RSN-0197,KAM Transporters,ADR-8LMSJYZ,11,11 (LOW:36); 11_2 (LOW:36),LOW,36,"3 waypoints (machakos, nairobi, makueni)","nairobi, mtitoandei,machakos,makueni, kibwezi"
NTSA/RSN-0197,KAM Transporters,ADR-ZZJS9J5,11,11 (MEDIUM:48); 11_2 (MEDIUM:48),MEDIUM,48,"4 waypoints (mombasa, nairobi, makueni)","nairobi, mombasa,machakos, makueni, kitui, mutomo, kibwezi, ikutha, voi"
NTSA/RSN-0197,KAM Transporters,ADR-LZRSO7V,11,11 (LOW:36); 11_2 (LOW:36),LOW,36,"3 waypoints (mombasa, nairobi, machakos)","nairobi, machakos, kitui, mutomo, ikutha, kibwezi, mtito andei, mombasa"
NTSA/RSN-0197,KAM Transporters,ADR-O68IVMW,,,UNMATCHED,0,Insufficient keyword overlap,"nairobi, mtitoandei, wote"
NTSA/RSN-0197,KAM Transporters,ADR-6DBSW9M,,,UNMATCHED,0,Insufficient keyword overlap,"nairobi, mombasa, wote"
NTSA/RSN-0197,KAM Transporters,ADR-WZ9SW3B,11,11 (LOW:36); 11_2 (LOW:36),LOW,36,"3 waypoints (mombasa, nairobi, machakos)","nairobi, machakos, wote, makindu, kitui, mutomo, kibwezi, mtito andei, ikutha, voi, mombasa"
NTSA/RSN-0203,Kandara South (k.s.t),NTR-00231,,,UNMATCHED,0,Insufficient keyword overlap,"nairobi, thika, kangari"
NTSA/RSN-0203,Kandara South (k.s.t),NTR-00268,,,UNMATCHED,0,Insufficient keyword overlap,"Nyahururu, Olkalou Engineer Njambini Maumau Rd Nyoka Rd, Muranga"
NTSA/RSN-0203,Kandara South (k.s.t),NTR-00202202281223180,,,UNMATCHED,0,Insufficient keyword overlap,"Nairobi, Thika KihumbuiniGitiri kangari Muranga Nyoka Rd Mau Mau Rd Njambini Engineer, Olkalou"
NTSA/RSN-0203,Kandara South (k.s.t),ADR-6DBS8QA,,,UNMATCHED,0,Insufficient keyword overlap,"thika, kiunyu, kihumbuini"
NTSA/RSN-0203,Kandara South (k.s.t),ADR-WZ9SLAA,,,UNMATCHED,0,Insufficient keyword overlap,"nairobi, kangari, thika"
NTSA/RSN-0208,Kangemi,NTR-00201910041038480,105,105 (MEDIUM:63); 30 (MEDIUM:51); 23KG (MEDIUM:51),MEDIUM,63,"4 waypoints (westlands, kangemi, kinoo); Terminal 'odeon'","odeon, westlands,kangemi,stage 87,muhuri rd,dagoretti market junction,thogoto,kamangu,thigio,kmandura,rironi,kiambaa, kinoo 87"
NTSA/RSN-0208,Kangemi,NTR-00202009041256260,105,105 (LOW:39),LOW,39,"2 waypoints (kinoo, odeon); Terminal 'odeon'","Odeon, WestlandsKangemiUthiruStage 87Muhuri RdDagoretti Market JunctionThogotoKamanguThigioKamanduraLimuruRironiKiambaa, Kinoo 87"
NTSA/RSN-0208,Kangemi,NTR-0078,30,30 (MEDIUM:51); 105 (MEDIUM:51); 23KG (MEDIUM:51),MEDIUM,51,"3 waypoints (westlands, kangemi, odeon); Terminal 'odeon'","odeon, westlands, kangemi"
NTSA/RSN-0208,Kangemi,ADR-K9BF6AW,30,30 (MEDIUM:51); 105 (MEDIUM:51); 23KG (MEDIUM:51),MEDIUM,51,"3 waypoints (westlands, kangemi, odeon); Terminal 'odeon'","odeon, westlands, kangemi"
NTSA/RSN-0208,Kangemi,ADR-7WRS9Q5,30,30 (LOW:39); 105 (LOW:39); 23KG (LOW:39),LOW,39,"2 waypoints (kangemi, odeon); Terminal 'odeon'","odeon, kangemi, stage87, muhuri road, dagoretti market junction"
NTSA/RSN-0208,Kangemi,ADR-BQ9SQK6,30,30 (MEDIUM:51); 105 (MEDIUM:51); 23KG (MEDIUM:51),MEDIUM,51,"3 waypoints (westlands, kangemi, odeon); Terminal 'odeon'","odeon, kangemi, westlands"
NTSA/RSN-0208,Kangemi,ADR-REOSZDE,105,105 (MEDIUM:63); 38/39 (MEDIUM:63); 30 (MEDIUM:51),MEDIUM,63,"5 waypoints (kangemi, kinoo, kikuyu); Terminal 'odeon'","busstation, Jogoo rd,kangundo rd, ruai, joska, malaa, tala, Thika, kiskioni, donyosabuku, kilimambogo, Makongeni,Thika Twn, Thika Rd, Odeon, Westland, Kangemi, Uthiru, Stage87, Muhurird, Dagoretti Market,Thogoto, Kamangu, Thigio, Kamandura, Limuru, Rironi, Kiambaa, Kikuyu, Kinoo 87"
NTSA/RSN-0209,Kani Transport,NTR-0047,10,10 (LOW:39); 1960 (LOW:39); 04SK (LOW:39),LOW,39,"2 waypoints (muthurwa, jogoo); Terminal 'muthurwa'","kayole, jogoo road,muthurwa, otc"
NTSA/RSN-0209,Kani Transport,NTR-00202211011230330,33DP,33DP (MEDIUM:63); 38/39 (MEDIUM:63); 10 (MEDIUM:51),MEDIUM,63,"4 waypoints (donholm, muthurwa, city); Terminal 'muthurwa'","Bus Station, Muthurwa Jogoo Rd Kayole Eastern Bypass Kangundo Rd Donholm Utawala City Cabanas, Joska"
NTSA/RSN-0209,Kani Transport,ADR-K9BF6YK,38/39,38/39 (MEDIUM:63); 10 (MEDIUM:51); 33DP (MEDIUM:51),MEDIUM,63,"4 waypoints (kayole, muthurwa, city); Terminal 'bus station'","Bus station, Muthurwa, Jogoo road, Kayole, Eastern bypass, Utawala, City cabanas"
NTSA/RSN-0209,Kani Transport,ADR-7WRS9RE,38/39,38/39 (MEDIUM:51); 10 (LOW:39); 33DP (LOW:39),MEDIUM,51,"3 waypoints (kayole, muthurwa, jogoo); Terminal 'bus station'","bus station, muthurwa, jogoo road, kayole, eastern bypass, utawala"
NTSA/RSN-0209,Kani Transport,ADR-BQ9SQ29,38/39,38/39 (LOW:39),LOW,39,"2 waypoints (kayole, jogoo); Terminal 'bus station'","bus station, jogoo road, kayole, utawala"
NTSA/RSN-0209,Kani Transport,ADR-REOSZQW,10,10 (LOW:39); 33DP (LOW:39); 38/39 (LOW:36),LOW,39,"2 waypoints (muthurwa, jogoo); Terminal 'muthurwa'","muthurwa, utawala,jogoo road, kayole"
NTSA/RSN-0209,Kani Transport,ADR-MDMSJZD,38/39,38/39 (LOW:39),LOW,39,"2 waypoints (kayole, jogoo); Terminal 'bus station'","bus station, utawala,jogoo road, kayole"
NTSA/RSN-0209,Kani Transport,ADR-YM3SB8O,1960,1960 (LOW:39); 04SK (LOW:39); 1961K (LOW:39),LOW,39,"2 waypoints (kayole, jogoo); Terminal 'otc'","kayole, jogoo road, otc"
NTSA/RSN-0209,Kani Transport,ADR-8LMSYMB,10,10 (LOW:39); 1960 (LOW:39); 04SK (LOW:39),LOW,39,"2 waypoints (muthurwa, jogoo); Terminal 'muthurwa'","kayole, otc,jogoo road, muthurwa"
NTSA/RSN-0215,Kariobangi,NTR-00202101251614210,14,14 (MEDIUM:63); 46B (MEDIUM:63); 46H (MEDIUM:63),MEDIUM,63,"5 waypoints (ronald, kariobangi, kariokor); Terminal 'otc'","Kariobangi, Juja rd Gikomba Kariokor Ronald ngala Commercial Thika rd Alsops Outering rd, Kariobangi south"
NTSA/RSN-0215,Kariobangi,NTR-00349,14,14 (LOW:39); 46B (LOW:39); 237 (LOW:36),LOW,39,"2 waypoints (ronald, kariobangi); Terminal 'otc'","ronald ngara, thika road,alsolps, kariobangi"
NTSA/RSN-0215,Kariobangi,NTR-00348,14,14 (MEDIUM:51); 46B (MEDIUM:51); 46H (LOW:39),MEDIUM,51,"3 waypoints (ronald, kariobangi, juja); Terminal 'otc'","ronald ngara, juja road, kariobangi"
NTSA/RSN-0215,Kariobangi,ADR-WZ9SWPQ,14,14 (MEDIUM:48); 25A (MEDIUM:48); 7 (LOW:39),MEDIUM,48,"4 waypoints (ronald, kariobangi, juja)","Kamulu, Kangundo rd Eastern bypass Mombasa rd Likoni rd Lungalunga rd Outering rd Kariobangi North Lucky Summer Baba dogo Kariobangi South Juja rd Easthleigh 1st avenueJogoo rd Gikomba Kariokor Ronald NgalaCommercial Globe round aboutWestlands Forest rd Thika rd Juja, Thika(Makongeni)"
NTSA/RSN-0215,Kariobangi,ADR-537H69Q,14,14 (MEDIUM:48); 25A (MEDIUM:48); 7 (LOW:39),MEDIUM,48,"4 waypoints (ronald, kariobangi, juja)","Kamulu, Kangundo rd Eastern bypass Mombasa rd Enterprise rd Likoni rd Lungalunga rd Outering rd Kariobangi North Lucky Summer Baba dogo Kariobangi South Juja rd Easthleigh 1st avenueJogoo rd Gikomba Kariokor Ronald NgalaCommercial Globe round aboutWestlands Forest rd Thika rd Juja, Thika(Makongeni)"
NTSA/RSN-0215,Kariobangi,ADR-A5ACLOL,28,28 (LOW:39),LOW,39,"2 waypoints (gikomba, kariobangi); Terminal 'gikomba'","gikomba, juja road, kariobangi"
NTSA/RSN-0215,Kariobangi,ADR-9AKFA9J,28,28 (LOW:39),LOW,39,"2 waypoints (kariobangi, gikomba); Terminal 'gikomba'","kariobangi south, outering road, thika road, gikomba, commercial"
NTSA/RSN-0215,Kariobangi,ADR-DB3TBZ3,14,14 (LOW:39); 46B (LOW:39); 237 (LOW:36),LOW,39,"2 waypoints (ronald, kariobangi); Terminal 'otc'","ronald ngara, kariobangi, thika road"
NTSA/RSN-0215,Kariobangi,ADR-3ZQSLM2,14,14 (MEDIUM:51); 46B (MEDIUM:51); 46H (LOW:39),MEDIUM,51,"3 waypoints (ronald, kariobangi, juja); Terminal 'otc'","ronald ngara, kariobangi, juja road"
NTSA/RSN-0215,Kariobangi,ADR-JY7SQ6E,28,28 (LOW:39),LOW,39,"2 waypoints (gikomba, eastleigh); Terminal 'gikomba'","kariobagi, juja road, eastleigh, gikomba"
NTSA/RSN-0215,Kariobangi,ADR-POKSME5,28,28 (LOW:39),LOW,39,"2 waypoints (gikomba, kariobangi); Terminal 'gikomba'","gikomba, kariobangi, juja road"
NTSA/RSN-0215,Kariobangi,ADR-VYASVEO,14,14 (LOW:39); 46B (LOW:39); 237 (LOW:36),LOW,39,"2 waypoints (ronald, kariobangi); Terminal 'otc'","ronald ngara, kariobangi,thika road, alsolps"
NTSA/RSN-0215,Kariobangi,ADR-Q5LCYZZ,,,UNMATCHED,0,Insufficient keyword overlap,"kariobangi, thika road, commercial"
NTSA/RSN-0215,Kariobangi,ADR-EPJSABK,14,14 (MEDIUM:63); 46B (MEDIUM:63); 46H (MEDIUM:51),MEDIUM,63,"4 waypoints (ronald, kariobangi, juja); Terminal 'otc'","kariobangi south, juja road, kariokor, ronald ngara"
NTSA/RSN-0217,Karuri Commuters Services Savings AND Credit Co-opertaive Society,NTR-00202009081636350,119,119 (LOW:39),LOW,39,"2 waypoints (kiambu, wangige); Terminal 'koja'","Kiserian, Ngong Dagoretti Wangige Khoja Thika Gatuanyaga Ruiru Kiambu, Limuru"
NTSA/RSN-0217,Karuri Commuters Services Savings AND Credit Co-opertaive Society,NTR-00201910041052400,,,UNMATCHED,0,Insufficient keyword overlap,"Khoja, BananaLimuruKiambuTatucityNorthern bypassRuiruThika, Gatuanyaga"
NTSA/RSN-0217,Karuri Commuters Services Savings AND Credit Co-opertaive Society,NTR-00202105031016150,119,119 (MEDIUM:51); 116 (LOW:39); 118 (LOW:39),MEDIUM,51,"3 waypoints (kiambu, wangige, drive); Terminal 'koja'","Kiserian, Ngong Dagoretti Kikuyu Wangige ABC Drive Khoja Limuru Kijabe Naivasha Kiambu Ruiru Thika, Gatuanya"
NTSA/RSN-0217,Karuri Commuters Services Savings AND Credit Co-opertaive Society,NTR-00340,116,116 (LOW:39),LOW,39,"2 waypoints (limuru, banana); Terminal 'koja'","khoja, banana, limuru"
NTSA/RSN-0217,Karuri Commuters Services Savings AND Credit Co-opertaive Society,NTR-00201812181042570,116,116 (MEDIUM:51); 100 (LOW:36); 120 (LOW:36),MEDIUM,51,"3 waypoints (limuru, banana, city); Terminal 'koja'","khoja, limuru,banana,kiambu,tatu city, ruiru"
NTSA/RSN-0217,Karuri Commuters Services Savings AND Credit Co-opertaive Society,ADR-7WRSZYL,,,UNMATCHED,0,Insufficient keyword overlap,"Khoja, Thika, Gatuanyaga"
NTSA/RSN-0217,Karuri Commuters Services Savings AND Credit Co-opertaive Society,ADR-BQ9S3WL,,,UNMATCHED,0,Insufficient keyword overlap,"Kiserian, NgongkawangwareDagorettikikuyuwangigeABC drivewestlands Parklands Highridge Khojalimuru suswaKijabeNaivashaNorthern bypasseastern bypasskiambu roadkiamburuiruthikagatuanyagarailwaysathiriver, Machakos"
NTSA/RSN-0217,Karuri Commuters Services Savings AND Credit Co-opertaive Society,ADR-REOSL7A,11_2,11_2 (LOW:39),LOW,39,"2 waypoints (machakos, railways); Terminal 'railways'","banana, railways,athi river, machakos"
NTSA/RSN-0217,Karuri Commuters Services Savings AND Credit Co-opertaive Society,ADR-MDMSADY,116,116 (LOW:39),LOW,39,"2 waypoints (limuru, banana); Terminal 'koja'","khoja, limuru, banana"
NTSA/RSN-0217,Karuri Commuters Services Savings AND Credit Co-opertaive Society,ADR-YM3SEKK,11_2,11_2 (LOW:39),LOW,39,"2 waypoints (machakos, railways); Terminal 'railways'","banana, machakos,railways, athi river"
NTSA/RSN-0217,Karuri Commuters Services Savings AND Credit Co-opertaive Society,ADR-8LMSV8D,,,UNMATCHED,0,Insufficient keyword overlap,"nairobi, limuru,kiambu, banana"
NTSA/RSN-0217,Karuri Commuters Services Savings AND Credit Co-opertaive Society,ADR-ZZJS2MK,116,116 (LOW:39),LOW,39,"2 waypoints (limuru, banana); Terminal 'koja'","khoja, banana,limuru,kiambu,tatucity,ruiru,thika, gatuanyaga"
NTSA/RSN-0217,Karuri Commuters Services Savings AND Credit Co-opertaive Society,,2,2 (MEDIUM:63); 102 (MEDIUM:63); 118 (MEDIUM:63),MEDIUM,63,"4 waypoints (kawangware, ngong, railways); Terminal 'railways'","Kiserian - Ngong,Kawangware,Dagoretti,Ndeyia,Gachie,Kikuyu,Wangige,ABC drive,Red hill,Westlands,Parklands,Highridge,Khoja,Limuru,Suswa,Kijabe,Naivasha,Northern bypass,Eastern bypass,Kiambu road,Kiambu,Ruiru,Thika,Gatuanyaga,Railways,Athi river - Machakos and back- Kiserian - Ngong,Kawangware,Dagoretti,Ndeyia,Gachie,Kikuyu,Wangige,ABC drive,Red hill,Westlands,Parklands,Highridge,Khoja,Limuru,Suswa,Kijabe,Naivasha,Northern bypass,Eastern bypass,Kiambu road,Kiambu,Ruiru,Thika,Gatuanyaga,Railways,Athi river - Machakos and back - Kiserian - Ngong,Kawangware,Dagoretti,Ndeyia,Gachie,Kikuyu,Wangige,ABC drive,Red hill,Westlands,Parklands,Highridge,Khoja,Limuru,Suswa,Kijabe,Naivasha,Northern bypass,Eastern bypass,Kiambu road,Kiambu,Ruiru,Thika,Gatuanyaga,Railways,Athi river - Machakos and back"
NTSA/RSN-0223,Kawangware Matatu,NTR-0042,2,2 (LOW:39); 56 (LOW:39); 102 (LOW:39),LOW,39,"2 waypoints (kawangware, railways); Terminal 'railways'","railways, yaya, kawangware"
NTSA/RSN-0223,Kawangware Matatu,ADR-ZZJSJW2,2,2 (LOW:39); 56 (LOW:39); 102 (LOW:39),LOW,39,"2 waypoints (kawangware, railways); Terminal 'railways'","railways, kawangware, yaya"
NTSA/RSN-0224,Kayo-line Group Company,NTR-00129,38/39,38/39 (MEDIUM:48),MEDIUM,48,"4 waypoints (kamulu, kayole, kangundo)","Mwiki, Kayole kangundo rd kamulu via ruai Utawala Mihango Cabanas Outering rd Kariobangi, Kasarani"
NTSA/RSN-0224,Kayo-line Group Company,ADR-JY7SZKY,,,UNMATCHED,0,Insufficient keyword overlap,"Mwiki, KayoleUtawala Mihango Cabanas Outering rd Kariobangi, Kasarani"
NTSA/RSN-0224,Kayo-line Group Company,ADR-POKSY3L,,,UNMATCHED,0,Insufficient keyword overlap,"mwiki, utawala, cabanas, outering road, kayole"
NTSA/RSN-0224,Kayo-line Group Company,ADR-VYASWQB,,,UNMATCHED,0,Insufficient keyword overlap,"mwiki, utawala, cabanas, kayole"
NTSA/RSN-0224,Kayo-line Group Company,ADR-Q5LC893,,,UNMATCHED,0,Insufficient keyword overlap,"mwiki, utawala, kayole"
NTSA/RSN-0224,Kayo-line Group Company,ADR-EPJSEWO,,,UNMATCHED,0,Insufficient keyword overlap,"kasarani, kayole, kariobangi"
NTSA/RSN-0228,KBS,NTR-0020181211134410497,5,5 (MEDIUM:63); 24 (MEDIUM:63); 24C (MEDIUM:63),MEDIUM,63,"4 waypoints (arcade, ngong, kencom); Terminal 'kencom'","Bus station, Kencom,GPO,KNH,Adams arcade,Karen,Ngong,Matasia,Kiseriani,Rongai,Bomas,Langata road, Kiserian"
NTSA/RSN-0228,KBS,NTR-001152,36,36 (MEDIUM:48); 102 (MEDIUM:48); 111 (MEDIUM:48),MEDIUM,48,"4 waypoints (kariobangi, dandora, buruburu)","isinya, kitengela athi river syokimau jkia utawala ruai malaa kangundo rd kangundo umoja innercore outering rd dandora kariobangi huruma buruburu jogoo rdkencom rongai kiserian ngong hardy knh kibera kawangware kikuyu waiyaki way thika rd, thika"
NTSA/RSN-0228,KBS,NTR-0020181211132633916,2,2 (MEDIUM:48); 102 (MEDIUM:48); 38/39 (LOW:39),MEDIUM,48,"4 waypoints (kawangware, waithaka, kibera)","Karen, Dagoretti,Waithaka,Kawangware,Kibera,Knh,Bus Station,Njiru,Utawala,Ruai, Malaa"
NTSA/RSN-0228,KBS,NTR-00487,38/39,38/39 (MEDIUM:51); 11 (LOW:39),MEDIUM,51,"3 waypoints (kamulu, kangundo, ruai); Terminal 'bus station'","Bus station, Mombasa roadLusaka road Industrial AreaKwa Njenga Outering rd Kangundo rd Ruai, Kamulu"
NTSA/RSN-0228,KBS,NTR-0035,102,102 (LOW:36),LOW,36,"3 waypoints (kawangware, ngong, kikuyu)","kikuyu, kawangware ngong rd yaya KNH ambassador langata rd lusaka rd jogoo rd JKIA utawala mombasa rd athi river kitengela, kajiado"
NTSA/RSN-0228,KBS,NTR-00202108060801500,38/39,38/39 (MEDIUM:63); 106 (MEDIUM:48); 116 (MEDIUM:48),MEDIUM,63,"4 waypoints (kangundo, city, stadium); Terminal 'bus station'","Bus Station, city stadium lusaka rd enterprise rd likoni rd jogoo rd kangundo rd via eastern bypass mombasa rd langata rd kungu karumba rd ngong rd karen dagoretti yaya centre limuru rd, Ruaka"
NTSA/RSN-0228,KBS,NTR-006,24C,24C (MEDIUM:63); 24 (MEDIUM:51); 32A (LOW:39),MEDIUM,63,"5 waypoints (karen, kibera, langata); Terminal 'kencom'","JKIA, utawala, umoja, Umoja innercore, bururu, kencom, KNH, Ngumo, Kibera, Kawangware, satellite, Karen, Langata road, waiyaki way, Hardy"
NTSA/RSN-0228,KBS,NTR-00201910231055390,102,102 (LOW:36),LOW,36,"3 waypoints (kawangware, ngong, kikuyu)","kikuyu, kawangware ngong rd yaya knh ambasssador bus station lusaka rd outering rd jogoo rd jkia utawala mombasa rd athiriver kitengela, kajiado"
NTSA/RSN-0228,KBS,NTR-001346,,,UNMATCHED,0,Insufficient keyword overlap,"karen, kawangware,kibera,knh,utawala,ruai, malaa"
NTSA/RSN-0228,KBS,NTR-0020181211134054530,38/39,38/39 (MEDIUM:63); 5 (MEDIUM:51); 46K (MEDIUM:51),MEDIUM,63,"4 waypoints (kangundo, joska, ruai); Terminal 'bus station'","kikuyu, kawangware,ngong road,yaya,icea,ambassadeur,bus station,jogoo road,kangundo road,utawala,ruai,joska, malaa"
NTSA/RSN-0228,KBS,NTR-0013,,,UNMATCHED,0,Insufficient keyword overlap,"karen, kawangware, kibera, knh, ngumo, bus station, buruburu, dandora"
NTSA/RSN-0228,KBS,ADR-EPJSARP,24C,24C (MEDIUM:48); 111 (LOW:36),MEDIUM,48,"4 waypoints (hardy, kibera, langata)","JKIA, utawala, umoja, Umoja innercore, bururu, Lusaka road, Bunyala road, KNH, Ngumo, Kibera, Kawangware, satellite, Karen, Langata road, waiyaki way, Hardy"
NTSA/RSN-0228,KBS,ADR-2DVSZDY,16,16 (MEDIUM:51); 2 (MEDIUM:48); 24 (MEDIUM:48),MEDIUM,51,"3 waypoints (kenyatta, nyayo, stadium); Terminal 'bus station'","Bus station, Lusaka rd,Nyayo Stadium,Rongai,Kiserian,Ngong,Karen,Dagoretti Corner, Kenyatta Hospital"
NTSA/RSN-0228,KBS,ADR-K9BFEZD,,,UNMATCHED,0,Insufficient keyword overlap,"Bus station, Ngong road, kawagware, uthiruNgecha Nduma Kamangu Gikambura Muguga Zambezi, Kahuho"
NTSA/RSN-0228,KBS,ADR-7WRS7O8,24,24 (MEDIUM:63); 24C (MEDIUM:63); 38/39 (MEDIUM:63),MEDIUM,63,"4 waypoints (hardy, ngong, kencom); Terminal 'kencom'","Isinya, Kitengela Athi river Syokimau SGR Mombasa rd JKIA Utawala Ruai Malaa Kantafu Kangundo rd Umoja Outering rd Juja rd Buruburu Jogoo rd South B Bus station Ambassador Kencom KNH Langata rd Ongata Rongai Kiserian Ngong Karen Hardy Kawangware Kikuyu Waiyaki way, Thika"
NTSA/RSN-0228,KBS,ADR-BQ9S7MJ,24C,24C (MEDIUM:63); 24 (MEDIUM:51); 32A (LOW:39),MEDIUM,63,"5 waypoints (karen, kibera, langata); Terminal 'kencom'","jkia, hardy,utawala, umoja, bururu, kencom, knh, ngumo, kibera, kawangware, satellite, karen, langata road, waiyaki way"
NTSA/RSN-0228,KBS,ADR-REOS8Y7,24C,24C (MEDIUM:63); 24 (MEDIUM:51); 5 (LOW:39),MEDIUM,63,"4 waypoints (hardy, jamuhuri, kibera); Terminal 'kencom'","jkia, hardy,mombasa road, bus station, gpo, knh, ngumo, kibera, yaya, kawangware, satelite, jamuhuri, karen"
NTSA/RSN-0228,KBS,ADR-MDMSKE3,,,UNMATCHED,0,Insufficient keyword overlap,"karen, dandora,kawangware, kibera, knh, ngumo, bus station, buruburu"
NTSA/RSN-0228,KBS,ADR-YM3SVJR,24C,24C (MEDIUM:63); 24 (MEDIUM:51); 32A (LOW:39),MEDIUM,63,"5 waypoints (karen, kibera, langata); Terminal 'kencom'","jkia, hardy, utawala, umoja, bururu, kencom, knh, ngumo, kibera, kawangware, satellite, karen, langata road, waiyaki way"
NTSA/RSN-0228,KBS,ADR-8LMSJ5M,24C,24C (MEDIUM:63); 24 (MEDIUM:51); 32A (LOW:39),MEDIUM,63,"5 waypoints (karen, kibera, langata); Terminal 'kencom'","jkia, utawala, umoja, bururu, kencom, knh, ngumo, kibera, kawangware, satellite, karen, langata road, waiyaki way, hardy"
NTSA/RSN-0228,KBS,ADR-ZZJS9VV,,,UNMATCHED,0,Insufficient keyword overlap,"karen, kawangware, kibera, knh, ngumo, bus station, jkia, utawala"
NTSA/RSN-0228,KBS,ADR-2DVSZDZ,,,UNMATCHED,0,Insufficient keyword overlap,"karen, utawala,kawangware, kibera, knh, ngumo, bus station, jkia"
NTSA/RSN-0228,KBS,ADR-K9BFEZ6,24C,24C (MEDIUM:63); 24 (MEDIUM:51); 32A (LOW:39),MEDIUM,63,"5 waypoints (karen, kibera, langata); Terminal 'kencom'","jkia, utawala, umoja, bururu, kencom, knh, ngumo, kibera, kawangware, satellite, karen, langata road, waiyaki way, hardy"
NTSA/RSN-0231,Kiambu Marafiki,NTR-00202104150835020,,,UNMATCHED,0,Insufficient keyword overlap,"Nairobi, Kiambu, Muranga"
NTSA/RSN-0231,Kiambu Marafiki,NTR-00202108021602280,,,UNMATCHED,0,Insufficient keyword overlap,"githunguri, kiambu rwaka via westland nairobi, Muranga"
NTSA/RSN-0231,Kiambu Marafiki,NTR-00421,114R,114R (LOW:39); 114W (LOW:39),LOW,39,"2 waypoints (ngara, ruaka); Terminal 'fig tree'","St Peters, Githunguri Kiambu. Ruaka via Westlands Ngara, Muranga"
NTSA/RSN-0231,Kiambu Marafiki,NTR-00201901180908040,100A,100A (LOW:39); 100 (LOW:36),LOW,39,"2 waypoints (kiambu, ngara); Terminal 'fig tree'","ngara, kiambu, githunguri"
NTSA/RSN-0231,Kiambu Marafiki,ADR-REOSZZO,,,UNMATCHED,0,Insufficient keyword overlap,"st peters, kiambu, githunguri"
NTSA/RSN-0231,Kiambu Marafiki,ADR-MDMSJJQ,,,UNMATCHED,0,Insufficient keyword overlap,"st peters, githunguri, kiambu"
NTSA/RSN-2613,Kiambu United,ADR-VYASPAJ,,,UNMATCHED,0,Insufficient keyword overlap,"riabai, kirigiti,kiambu, thindigua"
NTSA/RSN-0233,Kibera Bureti,NTR-00260,102,102 (MEDIUM:63); 111 (MEDIUM:63); 2 (MEDIUM:51),MEDIUM,63,"4 waypoints (kawangware, kibera, railways); Terminal 'railways'","Railways, KNH Yaya City stadium Ngara Muthurwa St Marys Kinoo Kikuyu Karen Lenana Racecourse Kawangware Westlands, Kibera"
NTSA/RSN-0233,Kibera Bureti,NTR-00496,2,2 (LOW:39); 8 (LOW:39); 56 (LOW:39),LOW,39,"2 waypoints (kibera, railways); Terminal 'railways'","railways, knh,yaya, kibera"
NTSA/RSN-0233,Kibera Bureti,NTR-00201901141201050,2,2 (LOW:39); 8 (LOW:39); 56 (LOW:39),LOW,39,"2 waypoints (kibera, railways); Terminal 'railways'","railways, knh,yaya,kibera,westlands, st marys"
NTSA/RSN-0233,Kibera Bureti,NTR-00201901141202100,,,UNMATCHED,0,Insufficient keyword overlap,"westlands, yaya,knh,kibera, st marys"
NTSA/RSN-0233,Kibera Bureti,ADR-BQ9S7KD,2,2 (LOW:39); 8 (LOW:39); 102 (LOW:39),LOW,39,"2 waypoints (kibera, railways); Terminal 'railways'","railways, knh, kibera"
NTSA/RSN-0233,Kibera Bureti,ADR-REOS8DV,2,2 (LOW:39); 8 (LOW:39); 56 (LOW:39),LOW,39,"2 waypoints (kibera, railways); Terminal 'railways'","railways, kibera,knh, yaya"
NTSA/RSN-0233,Kibera Bureti,ADR-MDMSKW8,2,2 (MEDIUM:51); 8 (MEDIUM:51); 102 (MEDIUM:51),MEDIUM,51,"3 waypoints (ngong, kibera, railways); Terminal 'railways'","railways, kibera, ngong road"
NTSA/RSN-0233,Kibera Bureti,ADR-YM3SVZM,2,2 (LOW:39); 8 (LOW:39); 102 (LOW:39),LOW,39,"2 waypoints (kibera, railways); Terminal 'railways'","railways, kibera, knh"
NTSA/RSN-0233,Kibera Bureti,ADR-8LMSJQR,,,UNMATCHED,0,Insufficient keyword overlap,"westlands, yaya,kibera, st marys"
NTSA/RSN-0233,Kibera Bureti,ADR-ZZJS9OP,2,2 (MEDIUM:51); 8 (MEDIUM:51); 102 (MEDIUM:51),MEDIUM,51,"3 waypoints (ngong, railways, kibera); Terminal 'railways'","railways, ngong road, kibera"
NTSA/RSN-0234,Kibera,NTR-00496,2,2 (LOW:39); 8 (LOW:39); 56 (LOW:39),LOW,39,"2 waypoints (kibera, railways); Terminal 'railways'","railways, knh,yaya, kibera"
NTSA/RSN-0234,Kibera,NTR-00699,24C,24C (MEDIUM:48); 34L (LOW:39); 111 (LOW:36),MEDIUM,48,"4 waypoints (ngong, mbagathi, kibera)","Kibera, KNH Mbagathi Way Langata St Mary Kibera Ngong Rd Wanyee Rd, kabiria"
NTSA/RSN-0234,Kibera,NTR-00598,,,UNMATCHED,0,Insufficient keyword overlap,"Kibera, Yaya Westlands St Marys, Langata"
NTSA/RSN-0234,Kibera,ADR-EPJSA7P,2,2 (MEDIUM:51); 8 (MEDIUM:51); 102 (MEDIUM:51),MEDIUM,51,"3 waypoints (ngong, railways, kibera); Terminal 'railways'","railways, ngong road, kibera"
NTSA/RSN-0234,Kibera,ADR-2DVSZPY,2,2 (LOW:39); 8 (LOW:39); 102 (LOW:39),LOW,39,"2 waypoints (kibera, railways); Terminal 'railways'","railways, kibera, knh"
NTSA/RSN-0234,Kibera,ADR-K9BFEYD,2,2 (LOW:39); 8 (LOW:39); 102 (LOW:39),LOW,39,"2 waypoints (kibera, railways); Terminal 'railways'","railways, knh, kibera"
NTSA/RSN-0234,Kibera,ADR-7WRS7R8,2,2 (MEDIUM:51); 8 (MEDIUM:51); 102 (MEDIUM:51),MEDIUM,51,"3 waypoints (ngong, kibera, railways); Terminal 'railways'","railways, kibera, ngong road"
NTSA/RSN-0234,Kibera,ADR-BQ9S72J,2,2 (LOW:39); 8 (LOW:39); 56 (LOW:39),LOW,39,"2 waypoints (kibera, railways); Terminal 'railways'","railways, kibera,knh, yaya"
NTSA/RSN-0236,Kidagi,NTR-00202009221217140,,,UNMATCHED,0,Insufficient keyword overlap,"Kikuyu, Dagoretti Gikambura Ruthigiti Kamangu Limuru via, Muguga"
NTSA/RSN-0236,Kidagi,NTR-00202109171040330,102,102 (MEDIUM:48); 2 (LOW:36),MEDIUM,48,"4 waypoints (kawangware, corner, dagoretti)","Kikuyu, dagoretti gikamburaruthigiti kamangu limuru muguga karen dagoretti corner, Kawangware"
NTSA/RSN-0236,Kidagi,NTR-00539,,,UNMATCHED,0,Insufficient keyword overlap,"kikuyu, dagoreti, gikambura"
NTSA/RSN-0236,Kidagi,ADR-7WRSZPL,,,UNMATCHED,0,Insufficient keyword overlap,"kikuyu, gikambura, dagoreti"
NTSA/RSN-0244,Killeton Commuters Services Savings AND Credit Cooperative,NTR-00201910041157320,105,105 (MEDIUM:63); 30 (MEDIUM:51); 107 (MEDIUM:51),MEDIUM,63,"4 waypoints (westlands, kangemi, odeon); Terminal 'odeon'","kibera(dc), via prestige,yaya,kileleshwa,lavington,westlands,kangemi,kikuyu,odeon,via limuru rd,ndenderu, karura"
NTSA/RSN-0244,Killeton Commuters Services Savings AND Credit Cooperative,ADR-K9BF6QW,105,105 (MEDIUM:63); 107 (MEDIUM:63); 100A (MEDIUM:63),MEDIUM,63,"4 waypoints (westlands, kangemi, odeon); Terminal 'odeon'","Ayany, olympic mashimoni kibera kabiria waithaka via ngong rd kawangware yaya kileleshwa lavington westlands kangemi kikuyu karura ndenderu odeon ngara thika rd kiambu rd ruiru via gitongoro limuru rd gacharage, gachie"
NTSA/RSN-0244,Killeton Commuters Services Savings AND Credit Cooperative,ADR-7WRS9A5,48B,48B (MEDIUM:51); 48C (MEDIUM:51); 30 (LOW:39),MEDIUM,51,"3 waypoints (westlands, kileleshwa, odeon); Terminal 'odeon'","odeon, yaya,westlands, lavington, kileleshwa"
NTSA/RSN-0244,Killeton Commuters Services Savings AND Credit Cooperative,ADR-BQ9SQR6,25,25 (LOW:39); 49 (LOW:39); 107 (LOW:39),LOW,39,"2 waypoints (pangani, odeon); Terminal 'odeon'","odeon, highridge, pangani, ndenderu"
NTSA/RSN-0244,Killeton Commuters Services Savings AND Credit Cooperative,ADR-REOSZ2E,48B,48B (MEDIUM:51); 48C (MEDIUM:51); 30 (LOW:39),MEDIUM,51,"3 waypoints (westlands, kileleshwa, odeon); Terminal 'odeon'","odeon, westlands, lavington, kileleshwa, yaya"
NTSA/RSN-0244,Killeton Commuters Services Savings AND Credit Cooperative,ADR-MDMSJ9R,48B,48B (MEDIUM:51); 48C (MEDIUM:51); 30 (LOW:39),MEDIUM,51,"3 waypoints (westlands, kileleshwa, odeon); Terminal 'odeon'","odeon, westlands,lavington,kileleshwa,yaya,via prestige, kibera dc"
NTSA/RSN-0244,Killeton Commuters Services Savings AND Credit Cooperative,ADR-YM3SBWQ,105,105 (MEDIUM:63); 30 (MEDIUM:51); 23KG (MEDIUM:51),MEDIUM,63,"4 waypoints (westlands, kangemi, odeon); Terminal 'odeon'","odeon, kileleshwa,kiberadclavington,westlands,kangemi, kikuyu"
NTSA/RSN-0244,Killeton Commuters Services Savings AND Credit Cooperative,ADR-8LMSYRL,105,105 (MEDIUM:63); 30 (MEDIUM:51); 23KG (MEDIUM:51),MEDIUM,63,"4 waypoints (westlands, kangemi, odeon); Terminal 'odeon'","odeon, yaya,kileleshwa,kiberadc via prestigelavington,westlands,kangemi, kikuyu"
NTSA/RSN-0247,Kimma,NTR-0056,,,UNMATCHED,0,Insufficient keyword overlap,"Nairobi, Emali, Loitoktok"
NTSA/RSN-0247,Kimma,NTR-00202012241413120,,,UNMATCHED,0,Insufficient keyword overlap,"Nairobi, Kangundo rd kangundo athi river kitengela machakos masii tawa mbumbuni wote emali, Loitoktok"
NTSA/RSN-0247,Kimma,NTR-001098,110,110 (LOW:39); 11_2 (LOW:39),LOW,39,"2 waypoints (kitengela, railways); Terminal 'railways'","railways, athi river, kitengela, machakos"
NTSA/RSN-0247,Kimma,NTR-001104,110,110 (LOW:39); 11_2 (LOW:39),LOW,39,"2 waypoints (kitengela, railways); Terminal 'railways'","railways, kitengela, athi river, machakos"
NTSA/RSN-0247,Kimma,ADR-9AKFAOJ,110,110 (LOW:39); 11_2 (LOW:39),LOW,39,"2 waypoints (kitengela, railways); Terminal 'railways'","railways, athi river, kitengela, machakos"
NTSA/RSN-0247,Kimma,ADR-DB3TBQ3,,,UNMATCHED,0,Insufficient keyword overlap,"nairobi, athi river , kitengela, machakos"
NTSA/RSN-0247,Kimma,ADR-3ZQSLO2,,,UNMATCHED,0,Insufficient keyword overlap,"nairobi, kitengela, machakos, masii, tawa, mbumbuni"
NTSA/RSN-0247,Kimma,ADR-JY7SQEE,110,110 (LOW:39); 11_2 (LOW:39),LOW,39,"2 waypoints (kitengela, railways); Terminal 'railways'","railways, kitengela, athiriver, machakos"
NTSA/RSN-0247,Kimma,ADR-POKSM75,110,110 (LOW:39); 11_2 (LOW:39),LOW,39,"2 waypoints (kitengela, railways); Terminal 'railways'","railways, athiriver, kitengela, machakos"
NTSA/RSN-0247,Kimma,ADR-VYASVZO,110,110 (LOW:39); 11_2 (LOW:39),LOW,39,"2 waypoints (kitengela, railways); Terminal 'railways'","railways, machakos,athiriver, kitengela"
NTSA/RSN-0247,Kimma,ADR-Q5LCYBZ,110,110 (LOW:39),LOW,39,"2 waypoints (kitengela, railways); Terminal 'railways'","railways, kitengela, athi river"
NTSA/RSN-0247,Kimma,ADR-EPJSAQK,11_2,11_2 (LOW:39),LOW,39,"2 waypoints (railway, machakos); Terminal 'railways'","railway, machakos, athi river"
NTSA/RSN-0247,Kimma,ADR-2DVSZ2O,,,UNMATCHED,0,Insufficient keyword overlap,"nairobi, machakos,athi river , kitengela"
NTSA/RSN-0247,Kimma,ADR-K9BFELO,,,UNMATCHED,0,Insufficient keyword overlap,"nairobi, kitengela, machakos"
NTSA/RSN-0247,Kimma,ADR-7WRS7VB,,,UNMATCHED,0,Insufficient keyword overlap,"nairobi, kitengela, machakos, Wote"
NTSA/RSN-0247,Kimma,ADR-BQ9S7PR,11_2,11_2 (LOW:39),LOW,39,"2 waypoints (machakos, railways); Terminal 'railways'","railways, machakos, athiriverkitengela"
NTSA/RSN-0247,Kimma,ADR-REOS8BD,110,110 (LOW:39); 11_2 (LOW:39),LOW,39,"2 waypoints (kitengela, railways); Terminal 'railways'","railways, kitengela, athi/river, machakos"
NTSA/RSN-0247,Kimma,ADR-MDMSKO2,,,UNMATCHED,0,Insufficient keyword overlap,"nairobi, athi river, kitengela, machakos, masii, tawa, mbumbuni, wote"
NTSA/RSN-0255,Kiragi,NTR-00496,2,2 (LOW:39); 8 (LOW:39); 56 (LOW:39),LOW,39,"2 waypoints (kibera, railways); Terminal 'railways'","railways, knh,yaya, kibera"
NTSA/RSN-0255,Kiragi,NTR-00201901141201050,2,2 (LOW:39); 8 (LOW:39); 56 (LOW:39),LOW,39,"2 waypoints (kibera, railways); Terminal 'railways'","railways, knh,yaya,kibera,westlands, st marys"
NTSA/RSN-0255,Kiragi,NTR-00202011171405560,111,111 (MEDIUM:63); 2 (MEDIUM:51); 8 (MEDIUM:51),MEDIUM,63,"4 waypoints (ngong, railways, kibera); Terminal 'railways'","Railways, KNH Yaya Ngong Karen Satelite Kibera westlands St Marys Gikomba Eastleigh Nyayo City Stadium, Mlolongo"
NTSA/RSN-0255,Kiragi,ADR-O68ILOR,2,2 (LOW:39); 8 (LOW:39); 102 (LOW:39),LOW,39,"2 waypoints (kibera, railways); Terminal 'railways'","railways, kibera, knh"
NTSA/RSN-0255,Kiragi,ADR-6DBSDBP,2,2 (LOW:39); 8 (LOW:39); 56 (LOW:39),LOW,39,"2 waypoints (kibera, railways); Terminal 'railways'","railways, kibera,knh, yaya"
NTSA/RSN-0255,Kiragi,ADR-WZ9S3Q6,2,2 (MEDIUM:51); 8 (MEDIUM:51); 102 (MEDIUM:51),MEDIUM,51,"3 waypoints (ngong, kibera, railways); Terminal 'railways'","railways, kibera, ngong road"
NTSA/RSN-0269,Kiwaliru,NTR-00202006121329170,,,UNMATCHED,0,Insufficient keyword overlap,"Kikuyu, WangigeChuraKahuhoZambeziNderiNdumaLimuruKabukuNgecha, Ruku"
NTSA/RSN-0269,Kiwaliru,NTR-00202102241508470,103,103 (LOW:36); 129 (LOW:36),LOW,36,"3 waypoints (ndumbuini, wangige, kanyariri)","Kikuyu, wangige kanyariri ndumbuini kiambu, Limuru"
NTSA/RSN-0269,Kiwaliru,NTR-00202102241508080,,,UNMATCHED,0,Insufficient keyword overlap,"Kikuyu, wangige ruiru dagoretti market kamangu, Limuru"
NTSA/RSN-0269,Kiwaliru,NTR-00202102241506170,107D,107D (LOW:36),LOW,36,"3 waypoints (kiambu, ruiru, ruaka)","Kikuyu, wangige gachie ruaka kiambu, Ruiru"
NTSA/RSN-0269,Kiwaliru,NTR-00202111051635150,,,UNMATCHED,0,Insufficient keyword overlap,"kiambu, wangige kikuyu, ngong via karen"
NTSA/RSN-0269,Kiwaliru,NTR-00663,,,UNMATCHED,0,Insufficient keyword overlap,"kikuyu, wangige, limuru, kiambu"
NTSA/RSN-0269,Kiwaliru,NTR-00201909161225430,,,UNMATCHED,0,Insufficient keyword overlap,"kikuyu, wangige,chura,kahuho,zambezi,nderi,nduma, limuru"
NTSA/RSN-0269,Kiwaliru,ADR-7WRS9BP,,,UNMATCHED,0,Insufficient keyword overlap,"kikuyu, wangige, limuru, ruiru"
NTSA/RSN-0269,Kiwaliru,ADR-BQ9SQAV,,,UNMATCHED,0,Insufficient keyword overlap,"kikuyu, ruiru,wangige, limuru"
NTSA/RSN-0269,Kiwaliru,ADR-REOSZ9Q,,,UNMATCHED,0,Insufficient keyword overlap,"kikuyu, kiambu,wangige, limuru"
NTSA/RSN-0271,Kizali,NTR-00201903291409260,102,102 (LOW:36); 103 (LOW:36),LOW,36,"3 waypoints (ngong, dagoretti, kikuyu)","Kikuyu, Wangige Ngecha Kari Kerwa Thamanda kahuho Kiambu Ruiru Thika kanjeru Ndeiya Muhuri Rd Dagoretti market Karen Limuru Nachu Sgr Ngong Kiserian, Naivasha"
NTSA/RSN-0271,Kizali,NTR-001158,,,UNMATCHED,0,Insufficient keyword overlap,"kikuyu, limuru, naivasha"
NTSA/RSN-0271,Kizali,NTR-00789,,,UNMATCHED,0,Insufficient keyword overlap,"kikuyu, limuru, mai mahiu"
NTSA/RSN-0271,Kizali,NTR-00705,,,UNMATCHED,0,Insufficient keyword overlap,"nairobi, limuru, maimahiu"
NTSA/RSN-0271,Kizali,NTR-00201805151612080,,,UNMATCHED,0,Insufficient keyword overlap,"nairobi, limuru, naivasha"
NTSA/RSN-0271,Kizali,NTR-00201903291434030,,,UNMATCHED,0,Insufficient keyword overlap,"nairobi, limuru,nachu,sgr, naivasha"
NTSA/RSN-0271,Kizali,ADR-REOS8KD,,,UNMATCHED,0,Insufficient keyword overlap,"Kikuyu, WangigeNgechaKariKerwaThamandakahuhoKiambuRuiruThikakanjeruNdeiyaMuhuri RdLimuruNachuSgr, Naivasha"
NTSA/RSN-0271,Kizali,ADR-MDMSK72,,,UNMATCHED,0,Insufficient keyword overlap,"Kikuyu, WangigeNgechaKariKerwaThamandakahuhoKiambuRuiruThikakanjeruNdeiyaMuhuri Rd Dagoretti marketKaren LimuruNachuSgr, Naivasha"
NTSA/RSN-0271,Kizali,ADR-YM3SVD2,,,UNMATCHED,0,Insufficient keyword overlap,"kikuyu, limuru, maimahiu, naivasha"
NTSA/RSN-0271,Kizali,ADR-8LMSJZ3,,,UNMATCHED,0,Insufficient keyword overlap,"kikuyu, mai mahiu, limuru"
NTSA/RSN-0271,Kizali,ADR-ZZJS9AE,,,UNMATCHED,0,Insufficient keyword overlap,"nairobi, mai mahiu, limuru"
NTSA/RSN-0271,Kizali,ADR-LZRSOML,105,105 (LOW:36); 115 (LOW:36); 135 (LOW:36),LOW,36,"3 waypoints (nairobi, kari, kikuyu)","nairobi, kikuyu,ngecha,kari,kerwa,thamanda,kahuho,kanjeru,ndeiya,muhuri rd,limuru,nachu,sgr, naivasha"
NTSA/RSN-0277,Ksmt,NTR-00201810081022580,,,UNMATCHED,0,Insufficient keyword overlap,"City Cabanas, RuiruVia Mwihoko thika(oil libya), Mwingi"
NTSA/RSN-0277,Ksmt,NTR-00442,237,237 (LOW:36),LOW,36,"3 waypoints (juja, thika, ruiru)","City Cabanas, Ruiru via Mwihoko Juja Farm Athi Thika, Mwingi"
NTSA/RSN-0277,Ksmt,ADR-537HWW8,,,UNMATCHED,0,Insufficient keyword overlap,"city cabanas, ruiru, mwingi"
NTSA/RSN-0277,Ksmt,ADR-A5AC885,,,UNMATCHED,0,Insufficient keyword overlap,"city cabanas, mwingi, ruiru"
NTSA/RSN-0277,Ksmt,ADR-9AKFRRK,,,UNMATCHED,0,Insufficient keyword overlap,"city cabanas, ruiru,via mwihoko, mwingi"
NTSA/RSN-0285,Lankana Society,NTR-00202105240920410,126,126 (MEDIUM:48); 24 (LOW:36); 125 (LOW:36),MEDIUM,48,"4 waypoints (rongai, ongata, bomas)","karen, bomas gataka rd ongata rongai kiserian isinya ngong, Kawangware"
NTSA/RSN-0285,Lankana Society,NTR-00201910041613510,125,125 (MEDIUM:63); 126 (MEDIUM:63); 111 (MEDIUM:51),MEDIUM,63,"5 waypoints (bomas, railways, rongai); Terminal 'railways'","railways, langata rd,bomas,hardy,gataka rd,ongata rongai,kiserian,ngong, karen"
NTSA/RSN-0285,Lankana Society,ADR-2DVSRVL,125,125 (MEDIUM:51); 126 (MEDIUM:51); 24C (MEDIUM:48),MEDIUM,51,"3 waypoints (bomas, railways, langata); Terminal 'railways'","karen, hardy, bomas, langata road, railways"
NTSA/RSN-0285,Lankana Society,ADR-K9BF6Q7,125,125 (MEDIUM:51); 126 (MEDIUM:51); 24C (MEDIUM:48),MEDIUM,51,"3 waypoints (bomas, railways, langata); Terminal 'railways'","karen, railways,hardy, bomas, langata road"
NTSA/RSN-0286,Latema Sacco,NTR-00201901181136400,,,UNMATCHED,0,Insufficient keyword overlap,"Tom mboya, K.U,Thika rd,Warren,Kahawa sukari, Mwihoko"
NTSA/RSN-0286,Latema Sacco,NTR-0020160530150722,30,30 (MEDIUM:63); 105 (MEDIUM:63); 110 (MEDIUM:51),MEDIUM,63,"4 waypoints (westlands, kangemi, uthiru); Terminal 'odeon'","Odeon, Westlands Kangemi Uthiru Kinoo Regen Railways Kitengela via Mlolongo, Isinya"
NTSA/RSN-0286,Latema Sacco,ADR-MDMSJLE,,,UNMATCHED,0,Insufficient keyword overlap,"Kitengela, Isinya, Kisaju"
NTSA/RSN-0286,Latema Sacco,ADR-REOSZVQ,105,105 (LOW:39),LOW,39,"2 waypoints (kinoo, odeon); Terminal 'odeon'","odeon, kinoo, westlandsuthiru"
NTSA/RSN-0286,Latema Sacco,NTR-001332,30,30 (MEDIUM:63); 105 (MEDIUM:63); 23KG (MEDIUM:51),MEDIUM,63,"4 waypoints (westlands, kangemi, uthiru); Terminal 'odeon'","odeon, westlands,kangemi,uthiru,kinoo, regen"
NTSA/RSN-0286,Latema Sacco,ADR-8LMSY6Y,4W,4W (MEDIUM:51); 2 (LOW:39); 8 (LOW:39),MEDIUM,51,"3 waypoints (ngong, satellite, railways); Terminal 'railways'","railways, ngong road, naivasha road, satellite , kabiria, uthiru"
NTSA/RSN-0286,Latema Sacco,ADR-K9BF68M,2,2 (LOW:39); 102 (LOW:39),LOW,39,"2 waypoints (kawangware, railways); Terminal 'railways'","railways, abambassador, kawangware, uthiru"
NTSA/RSN-0286,Latema Sacco,ADR-7WRS93P,30,30 (MEDIUM:63); 105 (MEDIUM:63); 23KG (MEDIUM:51),MEDIUM,63,"4 waypoints (westlands, kangemi, uthiru); Terminal 'odeon'","odeon, westlands, kangemi, uthiru, kinoo"
NTSA/RSN-0286,Latema Sacco,NTR-0015,2,2 (LOW:39); 56 (LOW:39); 102 (LOW:39),LOW,39,"2 waypoints (kawangware, railways); Terminal 'railways'","uthiru, kawangware, yaya,ambassador, railways"
NTSA/RSN-0286,Latema Sacco,ADR-K9BF6JL,30,30 (MEDIUM:63); 105 (MEDIUM:63); 23KG (MEDIUM:51),MEDIUM,63,"4 waypoints (westlands, kangemi, uthiru); Terminal 'odeon'","odeon, kinoo,westlands, kangemi, uthiru"
NTSA/RSN-0286,Latema Sacco,ADR-BQ9SQBV,2,2 (LOW:39); 102 (LOW:39),LOW,39,"2 waypoints (kawangware, railways); Terminal 'railways'","railways, uthiru,abambassador, kawangware"
NTSA/RSN-01898,Libera Impex,NTR-00202008111606330,237,237 (LOW:36); 107D (LOW:36),LOW,36,"3 waypoints (thika, ruiru, ngara)","Nyeri, Kangema Muranga Kenol Thika Ruiru Eastern Bypass Mwihoko, Ngara"
NTSA/RSN-01898,Libera Impex,NTR-00202010261636060,100A,100A (LOW:39); 114R (LOW:39); 114W (LOW:39),LOW,39,"2 waypoints (limuru, ngara); Terminal 'fig tree'","Ngara, Kikuyu Wangige Limuru Mai mahiu Ngecha NdumaKarli Kahuho Thigio Kiroe, Kamangu"
NTSA/RSN-01898,Libera Impex,NTR-00202010261652440,33TP,33TP (MEDIUM:48); 33C (LOW:36); 33FED (LOW:36),MEDIUM,48,"4 waypoints (mombasa, tassia, pipeline)","Ngara, Jogoo rd Kayole Outering rd Tassia link rd Pipeline Mombasa rd, Machakos via Mlolongo"
NTSA/RSN-01898,Libera Impex,ADR-3ZQS3ZL,237,237 (MEDIUM:48); 107D (LOW:36),MEDIUM,48,"4 waypoints (ngara, thika, juja)","Cabanas, Outering rd Kayole Jogoo rd Ngara Thika rd Mwihoko Eastern bypass Ruiru Kenyatta rd Gatundu Mukinyi Juja Thika Muranga Kangema Nyeri, Nyahururu"
NTSA/RSN-01898,Libera Impex,ADR-JY7SLWZ,237,237 (MEDIUM:48); 114R (LOW:39),MEDIUM,48,"4 waypoints (juja, thika, ruiru)","Ngara, Thika Rd Ruiru juja juja farm Kenyatta Rd gatundu mukinyi kamwangi gakoe ndakaini Gatura mau mau Rd thika kenol muranga kangema nyeri nyahururu olkalou njambini engineer naivasha, Mai mahiu"
NTSA/RSN-01898,Libera Impex,NTR-00202111081143080,33C,33C (MEDIUM:48); 33FED (MEDIUM:48); 33TP (MEDIUM:48),MEDIUM,48,"4 waypoints (tassia, cabanas, pipeline)","cabanas, mombasa rd pipeline outering rd eastern bypass mwihoko tassia link rd kayole juja rd ngara, jogoo rd"
NTSA/RSN-01898,Libera Impex,NTR-00202111081146060,114W,114W (MEDIUM:51); 100A (LOW:39); 114R (LOW:39),MEDIUM,51,"3 waypoints (limuru, ngara, kari); Terminal 'fig tree'","thika, northern bypass kamangu kiroe thigio nduma ngecha kahuho kari limuru kikuyu wangige waiyaki way, ngara"
NTSA/RSN-01898,Libera Impex,NTR-00202111081144060,,,UNMATCHED,0,Insufficient keyword overlap,"thika, ngara machakos voi, mombasa"
NTSA/RSN-01898,Libera Impex,ADR-POKSRVO,33C,33C (MEDIUM:48); 33FED (MEDIUM:48); 33TP (MEDIUM:48),MEDIUM,48,"4 waypoints (tassia, cabanas, pipeline)","cabanas, mombasa rd pipeline outering rd eastern bypass jogoo rd kayole ngara thika rd mwihoko tassia link rd gatundu juja farm thika, kenol"
NTSA/RSN-01898,Libera Impex,NTR-001427,1960,1960 (MEDIUM:48); 04SK (MEDIUM:48); 33C (MEDIUM:48),MEDIUM,48,"5 waypoints (jogoo, makongeni, kayole)","cabanas, mombasa rd pipeline outering rd eastern bypass jogoo rd savannah manyanja rd soweto spine rd kayole kangundo rd forest rd ngara thika rd mwihoko tassia link rd gatundu juja farm thika makongeni kamwangi, kenol"
NTSA/RSN-01898,Libera Impex,NTR-00809,11,11 (LOW:36); 11_2 (LOW:36),LOW,36,"3 waypoints (mombasa, nairobi, machakos)","Malindi, Mombasa Voi Machakos Nairobi Bomet kericho Kisii Kisumu Kakamega Busia Eldoret, Kitale"
NTSA/RSN-01898,Libera Impex,ADR-VYAS95A,1960,1960 (MEDIUM:48); 04SK (MEDIUM:48); 1961K (MEDIUM:48),MEDIUM,48,"5 waypoints (jogoo, makongeni, kayole)","Nairobi, Mombasa Rd Machakos Malaa Cabanas Pipeline Outering Rd Eastern Bypass Jogoo Rd Savanna Manyanja Rd Soweto Spine Rd Kayole Kangundo Rd Forest Rd Ngara Thika Rd Mwihoko Tasis Link Rd Gatundu Juja Farm Thika Makongeni, Kamwangi"
NTSA/RSN-01898,Libera Impex,ADR-Q5LCM7B,,,UNMATCHED,0,Insufficient keyword overlap,"Kakamega, Kisumu Kisii Kericho Bomet Nairobi Eastleigh Matuu Kitui, Garissa"
NTSA/RSN-01898,Libera Impex,ADR-EPJSROL,237,237 (MEDIUM:48); 114R (LOW:39); 114W (LOW:39),MEDIUM,48,"4 waypoints (juja, thika, ruiru)","Nairobi, Ngara Thika Rd Ruiru Juja Juja Farm Kenyatta Rd Gatundu Mukinyi Kamwangi Gakoe Ndakaini Gatura Mau Mau Rd Thika Machakos Malaa Kenol Muranga Kangema Nyeri Nyahururu Ol Kalou Njambini Engineer Naivasha, Maai Mahiu"
NTSA/RSN-01898,Libera Impex,,114R,114R (MEDIUM:51); 114W (MEDIUM:51); 102 (MEDIUM:48),MEDIUM,51,"3 waypoints (farm, limuru, ngara); Terminal 'fig tree'","Malindi - Mombasa,Voi,Nairobi,Ngara,Thika rd,Ruiru,Juja,Juja farm,Kenyatta Rd,Gatundu,Mukinyi,Kamwangi,Mangu,Gatukuyu,Gakoe,Ndakaini,Gatura,Mau mau Rd,Thika,Machakos,Malaa,Kenol,Muranga,Kangema,Nyeri,Nyahururu,Ol Kalau,Njambini,Engineer,Naivasha,Maai mahiu,Limuru,Kikuyu,Bomet,Kericho,Kisii,Kisumu,Kakamega,Busia,Eldoret,Kitale. - Kitale- Malindi - Mombasa,Voi,Nairobi,Ngara,Thika rd,Ruiru,Juja,Juja farm,Kenyatta Rd,Gatundu,Mukinyi,Kamwangi,Mangu,Gatukuyu,Gakoe,Ndakaini,Gatura,Mau mau Rd,Thika,Machakos,Malaa,Kenol,Muranga,Kangema,Nyeri,Nyahururu,Ol Kalau,Njambini,Engineer,Naivasha,Maai mahiu,Limuru,Kikuyu,Bomet,Kericho,Kisii,Kisumu,Kakamega,Busia,Eldoret,Kitale. - Kitale - Malindi - Mombasa,Voi,Nairobi,Ngara,Thika rd,Ruiru,Juja,Juja farm,Kenyatta Rd,Gatundu,Mukinyi,Kamwangi,Mangu,Gatukuyu,Gakoe,Ndakaini,Gatura,Mau mau Rd,Thika,Machakos,Malaa,Kenol,Muranga,Kangema,Nyeri,Nyahururu,Ol Kalau,Njambini,Engineer,Naivasha,Maai mahiu,Limuru,Kikuyu,Bomet,Kericho,Kisii,Kisumu,Kakamega,Busia,Eldoret,Kitale. - Kitale"
NTSA/RSN-01898,Libera Impex,,1960,1960 (MEDIUM:48); 04SK (MEDIUM:48); 1961K (MEDIUM:48),MEDIUM,48,"5 waypoints (jogoo, makongeni, kayole)",Nairobi - Mombasa Rd-Machakos-Malaa-Cabanas-Pipeline-Outering Rd-Eastern Bypass-Jogoo Rd-Savanna-Manyanja Rd-Soweto-Spine Rd-Kayole-Kangundo Rd-Forest Rd-Ngara-Thika Rd-Mwihoko-Tasis-Link Rd-Gatundu-Gatukuyu-Mangu-Juja Farm-Thika-Makongeni - Kamwangi and Back- Nairobi - Mombasa Rd-Machakos-Malaa-Cabanas-Pipeline-Outering Rd-Eastern Bypass-Jogoo Rd-Savanna-Manyanja Rd-Soweto-Spine Rd-Kayole-Kangundo Rd-Forest Rd-Ngara-Thika Rd-Mwihoko-Tasis-Link Rd-Gatundu-Gatukuyu-Mangu-Juja Farm-Thika-Makongeni - Kamwangi and Back - Nairobi - Mombasa Rd-Machakos-Malaa-Cabanas-Pipeline-Outering Rd-Eastern Bypass-Jogoo Rd-Savanna-Manyanja Rd-Soweto-Spine Rd-Kayole-Kangundo Rd-Forest Rd-Ngara-Thika Rd-Mwihoko-Tasis-Link Rd-Gatundu-Gatukuyu-Mangu-Juja Farm-Thika-Makongeni - Kamwangi and Back
NTSA/RSN-01898,Libera Impex,,1960,1960 (MEDIUM:48); 04SK (MEDIUM:48); 33TP (MEDIUM:48),MEDIUM,48,"4 waypoints (kayole, makongeni, soweto)","Nairobi - Jogoo rd,Entreprise rd,Likoni rd,Lunga Lunga rd,Mombasa rd,Eastern Bypass,Pipeline,Outering rd,Savannah,Manyaja rd,Soweto,Spine rd,Kayole,Kangundo rd,Forest rd,Ngara,Thika rd,Mwihoko,Tasia link rd,Gatundu,Gatukuyu,Mangu,Juja farm,Thika,Makongeni - Kamwangi and back- Nairobi - Jogoo rd,Entreprise rd,Likoni rd,Lunga Lunga rd,Mombasa rd,Eastern Bypass,Pipeline,Outering rd,Savannah,Manyaja rd,Soweto,Spine rd,Kayole,Kangundo rd,Forest rd,Ngara,Thika rd,Mwihoko,Tasia link rd,Gatundu,Gatukuyu,Mangu,Juja farm,Thika,Makongeni - Kamwangi and back - Nairobi - Jogoo rd,Entreprise rd,Likoni rd,Lunga Lunga rd,Mombasa rd,Eastern Bypass,Pipeline,Outering rd,Savannah,Manyaja rd,Soweto,Spine rd,Kayole,Kangundo rd,Forest rd,Ngara,Thika rd,Mwihoko,Tasia link rd,Gatundu,Gatukuyu,Mangu,Juja farm,Thika,Makongeni - Kamwangi and back"
NTSA/RSN-0288,Likambu Matatu,NTR-00201905151247360,,,UNMATCHED,0,Insufficient keyword overlap,"Kikuyu, Limurutigoni NgorongokanungaNdumberiruakaredhill KiambuRuiruVia Tatu city githiga githunguri, MakongeniThika"
NTSA/RSN-0288,Likambu Matatu,NTR-001334,,,UNMATCHED,0,Insufficient keyword overlap,"limuru, tigoni,kanunga, kiambu"
NTSA/RSN-0288,Likambu Matatu,NTR-001333,120,120 (LOW:36); 121 (LOW:36),LOW,36,"3 waypoints (kiambu, limuru, ndumberi)","limuru, ngorongo,ndumberi, kiambu"
NTSA/RSN-0288,Likambu Matatu,NTR-00201905151245410,100,100 (LOW:36); 116 (LOW:36); 120 (LOW:36),LOW,36,"3 waypoints (kiambu, limuru, city)","kikuyu, limuru,tigoni,kanunga,kiambu,ruiru,via tatu city, makongenithika"
NTSA/RSN-0288,Likambu Matatu,ADR-MDMSKRK,120,120 (MEDIUM:48); 121 (MEDIUM:48); 100 (LOW:36),MEDIUM,48,"4 waypoints (kiambu, limuru, ndumberi)","kikuyu, limuru,ngorongo,ndumberi,kiambu,ruiru,via tatu city, makongenithika"
NTSA/RSN-0293,Lira Line Society,NTR-001017,,,UNMATCHED,0,Insufficient keyword overlap,"Railways, KawangwareLimuru Nakuru, Kisii"
NTSA/RSN-0293,Lira Line Society,ADR-REOSZ7W,,,UNMATCHED,0,Insufficient keyword overlap,"Railways, KawangwareUthiru Limuru Nakuru Eldoret Kitale, Bungoma"
NTSA/RSN-0293,Lira Line Society,NTR-001016,102,102 (MEDIUM:63); 2 (MEDIUM:51); 111 (MEDIUM:51),MEDIUM,63,"4 waypoints (kawangware, ngong, railways); Terminal 'railways'","Railways, Kawangware ngong via Karen Kikuyu Uthiru Limuru Nakuru Eldoret Kitale, Bungoma"
NTSA/RSN-0293,Lira Line Society,NTR-00494,,,UNMATCHED,0,Insufficient keyword overlap,"nairobi, limuru, nakuru"
NTSA/RSN-0293,Lira Line Society,ADR-LZRSRVZ,2,2 (LOW:39); 102 (LOW:39),LOW,39,"2 waypoints (kawangware, railways); Terminal 'railways'","railways, kawangware, limuru"
NTSA/RSN-0293,Lira Line Society,ADR-YM3SBKO,2,2 (LOW:39); 102 (LOW:39),LOW,39,"2 waypoints (kawangware, railways); Terminal 'railways'","railways, kawangware , limuru, nakuru"
NTSA/RSN-0293,Lira Line Society,ADR-8LMSY8B,2,2 (LOW:39); 102 (LOW:39),LOW,39,"2 waypoints (kawangware, railways); Terminal 'railways'","railways, kawangware, uthiru, limuru"
NTSA/RSN-0294,Lopha,NTR-00139,,,UNMATCHED,0,Insufficient keyword overlap,"odeon, thika road,kasarani, thika"
NTSA/RSN-0294,Lopha,NTR-00101,25,25 (MEDIUM:51); 49 (MEDIUM:51); 11C (MEDIUM:51),MEDIUM,51,"3 waypoints (pangani, ngara, odeon); Terminal 'odeon'","odeon, ngara,pangani,unep, wangige"
NTSA/RSN-0294,Lopha,NTR-00201908021449470,106,106 (MEDIUM:63); 107 (MEDIUM:63); 25 (MEDIUM:51),MEDIUM,63,"4 waypoints (parklands, ruaka, odeon); Terminal 'odeon'","odeon, pangani,parklands,highridge,abc drive,ndenderu,gacharage,ruaka,kiambu,ruiru, thika (makongeni)"
NTSA/RSN-0294,Lopha,ADR-O68IM8Y,105,105 (MEDIUM:63); 106 (MEDIUM:63); 107 (MEDIUM:63),MEDIUM,63,"4 waypoints (uthiru, kikuyu, odeon); Terminal 'odeon'","Odeon, parklands highridgeg.mathenge ring rd waiyakiwayw.maathai pangani juja rd huruma roundabout outering rd alsops thika rd redhill ndenderu gacharage ruaka kiambu ruiru juja makongeni odeon ngara kangemi uthiru kikuyu wangige, Limuru"
NTSA/RSN-0294,Lopha,ADR-6DBS9LJ,100,100 (MEDIUM:48); 107 (MEDIUM:48); 116 (MEDIUM:48),MEDIUM,48,"4 waypoints (pangani, kiambu, limuru)","pangani, wangari maathai parklands highridge gen. mathenge ring rd redhill ruaka gacharage ndenderu wangige kikuyu limuru flyover kamwangi gakoe gatukuyu thika, Muranga via thika rd juja ruiru kiambu"
NTSA/RSN-0294,Lopha,ADR-WZ9SE9M,105,105 (MEDIUM:63); 106 (MEDIUM:63); 107 (MEDIUM:63),MEDIUM,63,"4 waypoints (uthiru, kikuyu, odeon); Terminal 'odeon'","Odeon, parklands highridge g.mathenge ring rd waiyakiwayw.maathai pangani juja rd huruma roundabout outering rd alsops thika rd redhill ndenderu gacharage ruaka kiambu ruiru juja mugutha kimbo matangi canaan judah darasha juja farmmakongeni odeon ngara kangemi uthiru kikuyu wangige, Limuru"
NTSA/RSN-0294,Lopha,ADR-537HBW7,,,UNMATCHED,0,Insufficient keyword overlap,"Odeon, Bus stationNgaraWangare maathai rdPanganiJuja rdHuruma roundaOutering rdthika rdthika rdparklandshighridgegeneral mathengering rdLimuru rdred hillGachiekiharaGikuniNgechaKabukuTigoniRainiLimuruWaiyaki wayKikuyuUthiruKangemiWangigeNdenderuGachageRuakaBananaKiambuRuiruThik rdKimboMuguthacanaanMatangiDarajJudahJujajuja farm via thika, Makongeni"
NTSA/RSN-0294,Lopha,ADR-A5ACK8P,237,237 (LOW:36),LOW,36,"3 waypoints (thika, juja, odeon)","odeon, thika road, juja"
NTSA/RSN-0294,Lopha,ADR-9AKFJRA,107,107 (MEDIUM:51); 25 (LOW:39); 30 (LOW:39),MEDIUM,51,"3 waypoints (ndenderu, khan, odeon); Terminal 'odeon'","odeon, aga khan, pangani, ndenderu, wangige"
NTSA/RSN-0294,Lopha,ADR-DB3TYOY,107,107 (MEDIUM:51); 25 (LOW:39); 30 (LOW:39),MEDIUM,51,"3 waypoints (ndenderu, khan, odeon); Terminal 'odeon'","odeon, wangige,aga khan, pangani, ndenderu"
NTSA/RSN-0294,Lopha,ADR-3ZQSJ2A,107,107 (MEDIUM:51); 44G (MEDIUM:51); 25 (LOW:39),MEDIUM,51,"3 waypoints (ndenderu, karura, odeon); Terminal 'odeon'","odeon, pangani, highridge, karura, rwaka, ndenderu"
NTSA/RSN-0294,Lopha,ADR-JY7SZ77,107,107 (MEDIUM:51); 25 (LOW:39); 49 (LOW:39),MEDIUM,51,"3 waypoints (ndenderu, ruaka, odeon); Terminal 'odeon'","odeon, highridge, pangani, ruaka, ndenderu"
NTSA/RSN-0294,Lopha,ADR-POKSYK7,237,237 (LOW:36),LOW,36,"3 waypoints (thika, juja, odeon)","odeon, juja, thika road"
NTSA/RSN-0294,Lopha,ADR-VYASWAP,30,30 (MEDIUM:63); 105 (MEDIUM:63); 23KG (MEDIUM:51),MEDIUM,63,"4 waypoints (westlands, kangemi, uthiru); Terminal 'odeon'","odeon, waiyaki way,Redhill,westlands, kangemi, uthiru, kinoo"
NTSA/RSN-0294,Lopha,ADR-Q5LC8LO,237,237 (MEDIUM:48),MEDIUM,48,"4 waypoints (thika, juja, ruiru)","odeon, thika road,ruiru,juja, thika(makongeni)"
NTSA/RSN-0294,Lopha,ADR-EPJSEJB,106,106 (MEDIUM:51); 107 (MEDIUM:51); 237 (MEDIUM:48),MEDIUM,51,"3 waypoints (ruaka, odeon, drive); Terminal 'odeon'","odeon, thika road,ruiru,kiambu ruaka,gacharage, abc drive"
NTSA/RSN-01900,Lothian Transporters,NTR-00922,118,118 (LOW:36),LOW,36,"3 waypoints (parklands, nairobi, bypass)","Mombasa Rd(cabanas), Airport North Rd Outering Rd Eastern Bypass Utawala Ruai Thika Rd Pangani Parklands, Nairobi"
NTSA/RSN-01900,Lothian Transporters,NTR-001391,14,14 (LOW:36); 16/62 (LOW:36); 32D (LOW:36),LOW,36,"3 waypoints (pangani, community, kariokor)","Thika, Pangani Kariokor Community, Nairobi"
NTSA/RSN-01900,Lothian Transporters,NTR-00159,34L,34L (MEDIUM:51); 15 (LOW:39),MEDIUM,51,"3 waypoints (otiende, mbagathi, langata); Terminal 'knh'","Bus station, KNH, Mbagathi way, Langata, Otiende"
NTSA/RSN-01900,Lothian Transporters,NTR-0020181211134410497,5,5 (MEDIUM:63); 24 (MEDIUM:63); 24C (MEDIUM:63),MEDIUM,63,"4 waypoints (arcade, ngong, kencom); Terminal 'kencom'","Bus station, Kencom,GPO,KNH,Adams arcade,Karen,Ngong,Matasia,Kiseriani,Rongai,Bomas,Langata road, Kiserian"
NTSA/RSN-01900,Lothian Transporters,ADR-DB3T575,,,UNMATCHED,0,Insufficient keyword overlap,"Thika, Outering road Kangundo road, Tala"
NTSA/RSN-01900,Lothian Transporters,ADR-3ZQS3QL,24,24 (MEDIUM:63); 24C (MEDIUM:63); 32A (MEDIUM:51),MEDIUM,63,"4 waypoints (kenyatta, ngong, kenol); Terminal 'kencom'","Mombasa rd, Outering rd Juja rd Eastleigh Tom mboya Kenyatta av GPO Community Knh Ngong rd Kawangware Kikuyu waiyaki way forest rd Kiambu rd bypass thika rd Githurai mwiki Ruiru Thika, kenol"
NTSA/RSN-0296,Lucky Baba Dogo,NTR-00569,25A,25A (MEDIUM:48); 38/39 (LOW:36),MEDIUM,48,"4 waypoints (dogo, summer, baba)","Timboroa lane, Thika road Baba Dogo Lucky Summer Outering rd Donholm Tajmall ruai, Kangundo rd"
NTSA/RSN-0296,Lucky Baba Dogo,ADR-MDMSKMO,25A,25A (MEDIUM:48),MEDIUM,48,"4 waypoints (dogo, summer, baba)","Timboroa lane, Thika road Baba Dogo Lucky Summer Outering rd Donholm Tajmall, Ruai"
NTSA/RSN-0296,Lucky Baba Dogo,ADR-YM3SVL9,,,UNMATCHED,0,Insufficient keyword overlap,"babadogo, thika road, timboroa lane"
NTSA/RSN-0296,Lucky Baba Dogo,ADR-8LMSJOZ,,,UNMATCHED,0,Insufficient keyword overlap,"timboroa lane, thika road, baba dogo"
NTSA/RSN-0296,Lucky Baba Dogo,ADR-ZZJS9Z5,25,25 (LOW:36); 25A (LOW:36),LOW,36,"3 waypoints (dogo, baba, drive)","timboroa drive, thika road, baba dogo"
NTSA/RSN-0296,Lucky Baba Dogo,ADR-2DVSZBO,,,UNMATCHED,0,Insufficient keyword overlap,"babadogo, timboroa lane, thika road"
NTSA/RSN-0296,Lucky Baba Dogo,ADR-K9BFEBO,25,25 (LOW:36); 25A (LOW:36),LOW,36,"3 waypoints (dogo, baba, drive)","timboroa drive, thika rd, baba dogo"
NTSA/RSN-0297,Lucky Transporters Company,NTR-00159,34L,34L (MEDIUM:51); 15 (LOW:39),MEDIUM,51,"3 waypoints (otiende, mbagathi, langata); Terminal 'knh'","bus station, knh, mbagathi way, langata, otiende"
NTSA/RSN-0297,Lucky Transporters Company,NTR-00271,,,UNMATCHED,0,Insufficient keyword overlap,"Banana, Bus stationrailwaysKNHmbagathi Roadlangata rd otiende athi river kitengela, Machakos"
NTSA/RSN-0297,Lucky Transporters Company,ADR-VYASV6R,,,UNMATCHED,0,Insufficient keyword overlap,"Banana, KiambuKhojaBus stationRailwaysAthi riverKitengela, Machakos"
NTSA/RSN-0297,Lucky Transporters Company,ADR-Q5LCYR7,,,UNMATCHED,0,Insufficient keyword overlap,"Banana, KiambuKhojaBus station RailwaysKNHMbagathiLangata rd, Otiende"
NTSA/RSN-0297,Lucky Transporters Company,ADR-EPJSADV,,,UNMATCHED,0,Insufficient keyword overlap,"banana, bus station,knh,bagathi road, langata"
NTSA/RSN-0297,Lucky Transporters Company,ADR-2DVSZWL,,,UNMATCHED,0,Insufficient keyword overlap,"banana, langata,bus station,knh, bagathi road"
NTSA/RSN-0297,Lucky Transporters Company,ADR-K9BFEJ7,,,UNMATCHED,0,Insufficient keyword overlap,"banana, bus station,knh,bagathi road, langata"
NTSA/RSN-0297,Lucky Transporters Company,ADR-7WRS7BJ,11_2,11_2 (LOW:39),LOW,39,"2 waypoints (machakos, railways); Terminal 'railways'","banana, railways,athi river, machakos"
NTSA/RSN-0297,Lucky Transporters Company,ADR-BQ9S7A2,11_2,11_2 (LOW:39),LOW,39,"2 waypoints (machakos, railways); Terminal 'railways'","banana, machakos,railways, athi river"
NTSA/RSN-0297,Lucky Transporters Company,ADR-REOS89Y,110,110 (LOW:39),LOW,39,"2 waypoints (kitengela, railways); Terminal 'railways'","banana, kitengela,bus station, railways, athi river"
NTSA/RSN-0297,Lucky Transporters Company,ADR-MDMSKLK,34L,34L (MEDIUM:51); 15 (LOW:39),MEDIUM,51,"3 waypoints (otiende, mbagathi, langata); Terminal 'knh'","bus station, otiende,knh, mbagathi way, langata"
NTSA/RSN-0297,Lucky Transporters Company,ADR-YM3SVMB,110,110 (LOW:39),LOW,39,"2 waypoints (kitengela, railways); Terminal 'railways'","banana, bus station, railways, athi river, kitengela"
NTSA/RSN-0297,Lucky Transporters Company,,116,116 (LOW:39); 119 (LOW:39); 107D (LOW:36),LOW,39,"2 waypoints (banana, ruaka); Terminal 'koja'","Khoja - Kiambu rd,Northern Bypass,Ruaka,Banana - Kiambu and back- Khoja - Kiambu rd,Northern Bypass,Ruaka,Banana - Kiambu and back - Khoja - Kiambu rd,Northern Bypass,Ruaka,Banana - Kiambu and back"
NTSA/RSN-0298,Luminous Shuttles,NTR-00202105241007320,,,UNMATCHED,0,Insufficient keyword overlap,"Ngong, kimuka gataka rongai kiserian, Isinya"
NTSA/RSN-0298,Luminous Shuttles,NTR-00202105251535490,24,24 (MEDIUM:48); 125 (MEDIUM:48); 126 (MEDIUM:48),MEDIUM,48,"4 waypoints (hardy, bomas, ngong)","Isinya, kiserian ngong kimuka karen hardy gataka ongata rongai bomas, langata rd"
NTSA/RSN-0298,Luminous Shuttles,NTR-0096,111,111 (MEDIUM:51); 2 (LOW:39); 5 (LOW:39),MEDIUM,51,"3 waypoints (ngong, railways, karen); Terminal 'railways'","kiserian, ngong,karen,nduyu,yaya,gpo,ambassador, railways"
NTSA/RSN-0298,Luminous Shuttles,ADR-ZZJS9V5,5,5 (MEDIUM:51); 24 (MEDIUM:51); 111 (MEDIUM:51),MEDIUM,51,"3 waypoints (ambassadeur, yaya, ngong); Terminal 'kencom'","railways, olesereni, southern bypass,karen,ngong,kiserian,yaya, ambassadeur"
NTSA/RSN-0298,Luminous Shuttles,ADR-VYAS98E,2,2 (LOW:39); 5 (LOW:39); 8 (LOW:39),LOW,39,"2 waypoints (ngong, railways); Terminal 'railways'","kiserian, ngong, ndunyu, yaya, gpo, ambassadour, railways"
NTSA/RSN-0298,Luminous Shuttles,ADR-O68IVBW,125,125 (MEDIUM:51); 126 (MEDIUM:51); 24C (MEDIUM:48),MEDIUM,51,"3 waypoints (bomas, railways, langata); Terminal 'railways'","karen, hardy, bomas, langata road, railways"
NTSA/RSN-0298,Luminous Shuttles,ADR-6DBSWKM,2,2 (LOW:39); 5 (LOW:39); 8 (LOW:39),LOW,39,"2 waypoints (ngong, railways); Terminal 'railways'","kiserian, railways,ngong, ndunyu, yaya, gpo, ambassadour"
NTSA/RSN-0298,Luminous Shuttles,ADR-WZ9SWWB,111,111 (MEDIUM:51); 2 (LOW:39); 8 (LOW:39),MEDIUM,51,"3 waypoints (ngong, railways, karen); Terminal 'railways'","kiserian, railways,ngong, karen , dunyu, yaya, ambassador"
NTSA/RSN-0298,Luminous Shuttles,ADR-2DVSDM6,111,111 (MEDIUM:51); 2 (LOW:39); 8 (LOW:39),MEDIUM,51,"3 waypoints (ngong, railways, karen); Terminal 'railways'","kiserian, ngong, karen , dunyu, yaya, ambassador, railways"
NTSA/RSN-0298,Luminous Shuttles,NTR-00166,111,111 (MEDIUM:51); 2 (LOW:39); 8 (LOW:39),MEDIUM,51,"3 waypoints (ngong, railways, karen); Terminal 'railways'","kiserian, ngong,karen,yaya,ambassador, railways"
NTSA/RSN-0302,Madiwa,NTR-00446,28,28 (LOW:39),LOW,39,"2 waypoints (garage, eastleigh); Terminal 'gikomba'","Mfangano, Kariokor,General Waruinge,Garage,1st Avenue, Eastleigh Section3"
NTSA/RSN-0302,Madiwa,ADR-2DVS5KV,,,UNMATCHED,0,Insufficient keyword overlap,"Mfangano,, Luthuli Avenue,, Eastleigh Section 3"
NTSA/RSN-0302,Madiwa,ADR-K9BFVRA,28,28 (MEDIUM:51); 14 (MEDIUM:48); 237 (MEDIUM:48),MEDIUM,51,"3 waypoints (mathare, teresa, eastleigh); Terminal 'gikomba'","Mfangano street, Kariokor Fig tree Lumbwa rd Ambira rd Jogoo rdCommercial Eastleigh section III Kiambiu St Teresa Juja rd Mathare North Outering rd Thika rd Mwihoko Kangundo rd, By pass"
NTSA/RSN-0302,Madiwa,ADR-7WRSZDL,,,UNMATCHED,0,Insufficient keyword overlap,"mfangano, luthuli avenue, eastleigh section 3"
NTSA/RSN-0302,Madiwa,ADR-BQ9S3JL,28,28 (LOW:39),LOW,39,"2 waypoints (garage, eastleigh); Terminal 'gikomba'","mfangano, eastleigh section3,kariokor,general waruinge,garage, 1st avenue"
NTSA/RSN-0302,Madiwa,ADR-REOSLWA,,,UNMATCHED,0,Insufficient keyword overlap,"mfangano, eastleigh section 3, luthuli avenue"
NTSA/RSN-0302,Madiwa,ADR-MDMSAYY,,,UNMATCHED,0,Insufficient keyword overlap,"eastleigh, commercial,juja road, luthuli"
NTSA/RSN-02001,Mambigi,NTR-00202009231508310,,,UNMATCHED,0,Insufficient keyword overlap,"Commercial, Mwiki Njiru, Utawala"
NTSA/RSN-02001,Mambigi,NTR-00202104150825200,237,237 (LOW:36),LOW,36,"3 waypoints (thika, town, juja)","Commercial, Thika Rd Juja Thika Town Eastern Bypass Outering Rd Kangundo Rd, Utawala"
NTSA/RSN-02001,Mambigi,NTR-0020181205091222755,237,237 (LOW:36); 38/39 (LOW:36),LOW,36,"3 waypoints (thika, town, juja)","Commercial, Thika Rd Juja Thika Town Mwiki Outering Rd Njiru Eastern Bypass Kangundo Rd, Utawala"
NTSA/RSN-02005,Manama,ADR-9AKF8R8,38/39,38/39 (LOW:36),LOW,36,"3 waypoints (kamulu, joska, kangundo)","Mlolongo, Athi River Mitaboni Kangundo Tala Joska Kamulu Machakos Kitui, Mutomo"
NTSA/RSN-02005,Manama,ADR-A5ACV82,28,28 (LOW:39); 41 (LOW:39); 16/62 (LOW:39),LOW,39,"2 waypoints (gikomba, mathare); Terminal 'gikomba'","Gikomba, Jogoo Rd Kangundo Rd Outering Rd Imara daima Chai Rd Juja Rd Mathare, Bus Station"
NTSA/RSN-0319,Manchester Coach,NTR-0053,,,UNMATCHED,0,Insufficient keyword overlap,"nairobi, thika,matuu,kitui, mwingi"
NTSA/RSN-0319,Manchester Coach,NTR-00519,,,UNMATCHED,0,Insufficient keyword overlap,"nairobi, thika,matuu, mwingi"
NTSA/RSN-0319,Manchester Coach,NTR-00202007170920010,,,UNMATCHED,0,Insufficient keyword overlap,"Nairobi, Outering rd via Mombasa rd Kibwezi, Mombasa"
NTSA/RSN-0319,Manchester Coach,NTR-00202009281552290,,,UNMATCHED,0,Insufficient keyword overlap,"Nairobi, Thika Matuu Mwingi GarissaModagashe, Mpeketoni"
NTSA/RSN-0319,Manchester Coach,NTR-00202105211012490,,,UNMATCHED,0,Insufficient keyword overlap,"Mombasa, nairobi narok bomet kisii migori homabay kisumu busia kericho, Nakuru"
NTSA/RSN-0319,Manchester Coach,NTR-00581,237,237 (LOW:36),LOW,36,"3 waypoints (juja, thika, ruiru)","Nairobi, Bypass Juja Eastleigh Ruiru Thika Isiolo Marsabit, Moyale"
NTSA/RSN-0319,Manchester Coach,NTR-0020181207160047502,11,11 (LOW:36); 11_2 (LOW:36),LOW,36,"3 waypoints (mombasa, nairobi, machakos)","nairobi, thika,matuu,mwingi,kitui,via machakos,wote,kibwezi, mombasa"
NTSA/RSN-0319,Manchester Coach,ADR-EPJSYEZ,,,UNMATCHED,0,Insufficient keyword overlap,"Nairobi, ThikaMatuuMwingiGarissa, Modagashe"
NTSA/RSN-0319,Manchester Coach,ADR-2DVS5RP,,,UNMATCHED,0,Insufficient keyword overlap,"Nairobi, RuiruEastern bypass Juja Thika Isiolo Marsabit, Moyale"
NTSA/RSN-0319,Manchester Coach,ADR-K9BFV6Z,237,237 (LOW:36),LOW,36,"3 waypoints (juja, thika, ruiru)","Nairobi, Ruiru bypass Juja Thika Isiolo Marsabit, Moyale"
NTSA/RSN-0319,Manchester Coach,ADR-7WRSZ97,,,UNMATCHED,0,Insufficient keyword overlap,"nairobi, mwingi,thika,matuu, kitui"
NTSA/RSN-0319,Manchester Coach,ADR-BQ9S3QQ,,,UNMATCHED,0,Insufficient keyword overlap,"nairobi, thika,matuu,mwingi,kitui,via machakos, wote"
NTSA/RSN-0321,Manmo,NTR-00407,,,UNMATCHED,0,Insufficient keyword overlap,"commercial, thika road, mathare north"
NTSA/RSN-0321,Manmo,NTR-00202003241330260,114W,114W (LOW:39),LOW,39,"2 waypoints (ngara, place); Terminal 'fig tree'","Abc place, WaiyakiwayForest rdParklandsMuranga rd TerminusCommercialBustationMombasa rdCitycabanasEastern bypassUtawalaRuaiKangundo rdOutering rdJUJA RDMathare northThika rdPark rd, Ngara rd"
NTSA/RSN-0321,Manmo,NTR-00201909191433510,114R,114R (MEDIUM:63); 33C (MEDIUM:63); 33FED (MEDIUM:63),MEDIUM,63,"4 waypoints (parklands, ngara, park); Terminal 'fig tree'","abc place, waiyaki way,forest rd,parklands,muranga rd terminus,commercial,juja rd,ngara rd,park rd,thika rd,mathare north,outering rd, city cabanas"
NTSA/RSN-0321,Manmo,ADR-537HW22,33C,33C (MEDIUM:51); 33FED (MEDIUM:51); 33TP (MEDIUM:51),MEDIUM,51,"3 waypoints (cabanas, city, commercial); Terminal 'commercial'","commercial, muranga rd terminus,thika rd,mathare north,outering rd, city cabanas"
NTSA/RSN-0321,Manmo,ADR-A5AC8VM,,,UNMATCHED,0,Insufficient keyword overlap,"commercial, mathare north, thika road"
NTSA/RSN-01743,Maruti T.r.r,NTR-00201908231143000,114R,114R (LOW:36),LOW,36,"3 waypoints (limuru, town, ruaka)","Kenol, thika town makongeni Ruirukiambu limuru, Ruaka"
NTSA/RSN-01743,Maruti T.r.r,NTR-00561,116,116 (LOW:36); 107D (LOW:36),LOW,36,"3 waypoints (tigoni, limuru, ruaka)","Kenol, Thika Makongeni Ruiru Kiambu Raini Tigoni Limuru, Ruaka"
NTSA/RSN-01743,Maruti T.r.r,ADR-LZRSRZZ,,,UNMATCHED,0,Insufficient keyword overlap,"ruiru prison, ruiru town, kenol"
NTSA/RSN-01743,Maruti T.r.r,ADR-O68I8W5,114R,114R (LOW:36),LOW,36,"3 waypoints (limuru, town, ruaka)","kenol, ruiru town,ruru prison,ruaka, limuru"
NTSA/RSN-0327,MAT TWO Friends,ADR-8LMSVDD,102,102 (MEDIUM:51); 2 (LOW:39),MEDIUM,51,"3 waypoints (kawangware, railways, kikuyu); Terminal 'railways'","railways, kawangware,dagorretti,kikuyu, gikambura"
NTSA/RSN-0327,MAT TWO Friends,ADR-8LMSO6W,102,102 (LOW:39),LOW,39,"2 waypoints (railways, kikuyu); Terminal 'railways'","railways, kikuyu, dagoreti"
NTSA/RSN-0327,MAT TWO Friends,NTR-00104,102,102 (MEDIUM:51); 2 (LOW:39); 4W (LOW:39),MEDIUM,51,"3 waypoints (railways, dagoretti, kikuyu); Terminal 'railways'","railways, kikuyu, dagoretti"
NTSA/RSN-0327,MAT TWO Friends,NTR-00539,,,UNMATCHED,0,Insufficient keyword overlap,"kikuyu, dagoreti, gikambura"
NTSA/RSN-0327,MAT TWO Friends,ADR-MDMSA9B,102,102 (LOW:39),LOW,39,"2 waypoints (railways, kikuyu); Terminal 'railways'","railways, dagoreti, kikuyu"
NTSA/RSN-0327,MAT TWO Friends,ADR-A5ACV22,2,2 (LOW:36); 102 (LOW:36),LOW,36,"3 waypoints (kawangware, riruta, dagoretti)","knh, kawangware,riruta satelite, dagoretti market"
NTSA/RSN-0327,MAT TWO Friends,ADR-537H2YW,2,2 (MEDIUM:63); 102 (MEDIUM:63); 4W (MEDIUM:63),MEDIUM,63,"4 waypoints (corner, riruta, railways); Terminal 'railways'","railways, dagoretti corner, riruta satellite"
NTSA/RSN-0327,MAT TWO Friends,ADR-WZ9SVL3,2,2 (MEDIUM:63); 102 (MEDIUM:63); 4W (MEDIUM:63),MEDIUM,63,"4 waypoints (kawangware, riruta, railways); Terminal 'railways'","railways, kawangware, riruta satellite, dagoretti market"
NTSA/RSN-02009,Matatu Crew Association,NTR-00202011131535140,126,126 (MEDIUM:63); 111 (MEDIUM:51); 125 (MEDIUM:51),MEDIUM,63,"4 waypoints (rongai, ongata, kiserian); Terminal 'railways'","Railways, Knh Karen Ngong via Ngong rd Kiserian, Ongata Rongai"
NTSA/RSN-02009,Matatu Crew Association,NTR-00201901071527150,24,24 (LOW:36); 125 (LOW:36); 126 (LOW:36),LOW,36,"3 waypoints (bomas, ngong, karen)","Knh, ngong rd karen ngongkiserian ongata rongai, bomas"
NTSA/RSN-02009,Matatu Crew Association,ADR-8LMS5M5,111,111 (MEDIUM:63); 125 (MEDIUM:63); 126 (MEDIUM:63),MEDIUM,63,"4 waypoints (ngong, railways, jogoo); Terminal 'railways'","kabiria, ngong rd karen ngong kiserian rongai gataka bomas langata rd KNH railways jogoo rd eastern bypass utawala ruai kamulu, Kangundo"
NTSA/RSN-02009,Matatu Crew Association,ADR-ZZJSVL9,102,102 (MEDIUM:63); 110 (MEDIUM:63); 111 (MEDIUM:63),MEDIUM,63,"4 waypoints (ngong, railways, dagoretti); Terminal 'railways'","limuru, kikuyu kabiria dagoretti mkt kawangare kiambu alsops mwiki mwihoko railways ngong rd karen ngong kiserian rongai gataka bomas langata rd KNH jogoo rd juja rd eastern bypass utawala githunguri ruai kangundo kamulu outering rd cabanas mombasa rd kitengela, isinya"
NTSA/RSN-0705,Maverous Shuttle,NTR-00202009231121260,38/39,38/39 (MEDIUM:48); 18C (LOW:36),MEDIUM,48,"4 waypoints (kamulu, kangundo, ruai)","Mfangano, Eastleigh Jogoo road Savannah Komarock Kangundo road Ruai, Kamulu"
NTSA/RSN-0705,Maverous Shuttle,NTR-00202110191117150,110,110 (LOW:36); 110ATH (LOW:36),LOW,36,"3 waypoints (mombasa, mlolongo, syokimau)","donholm, outering rd eastern bypass syokimau mlolongo via mombasa rd athi river, Machakos"
NTSA/RSN-0705,Maverous Shuttle,NTR-00175,38/39,38/39 (MEDIUM:48); 110 (LOW:36); 04SK (LOW:36),MEDIUM,48,"5 waypoints (ruai, jogoo, kamulu)","Mfangano, eastleigh jogoo rd donholm savannah komarock kangundo rd ruai kamulu outering rd eastern bypass syokimau mlolongo via mombasa rdathi river, machakos"
NTSA/RSN-0705,Maverous Shuttle,NTR-00763,,,UNMATCHED,0,Insufficient keyword overlap,"komarock, savanna, jogoo road, eastleigh, mfangano street"
NTSA/RSN-0705,Maverous Shuttle,ADR-9AKFOJ5,,,UNMATCHED,0,Insufficient keyword overlap,"komarock, eastleigh,savannah, embakasi, commerial"
NTSA/RSN-0705,Maverous Shuttle,ADR-DB3TQYD,,,UNMATCHED,0,Insufficient keyword overlap,"komarock, mfangano street,savanna, jogoo road, eastleigh"
NTSA/RSN-02000,Meruit Logistics,NTR-00202009231509490,,,UNMATCHED,0,Insufficient keyword overlap,"Marurui, Northern Bypass, Ruiru"
NTSA/RSN-02000,Meruit Logistics,NTR-00202010211717240,,,UNMATCHED,0,Insufficient keyword overlap,"Odeon, Thika road marurui Ruiruruaka kiambu thika, Makongeni"
NTSA/RSN-02000,Meruit Logistics,ADR-9AKF2D9,237,237 (LOW:36),LOW,36,"3 waypoints (thika, ruiru, odeon)","Odeon, Thika road marurui, Ruiru"
NTSA/RSN-02000,Meruit Logistics,ADR-DB3T56V,106,106 (LOW:39); 107 (LOW:39); 11A (LOW:39),LOW,39,"2 waypoints (ruaka, odeon); Terminal 'odeon'","Moi Lane, Odeon Thika Rd Marurui Ruiru Ruaka Kiambu Thika, Makongeni"
NTSA/RSN-02000,Meruit Logistics,ADR-3ZQS3WK,107D,107D (LOW:36),LOW,36,"3 waypoints (kahawa, bypass, eastern)","Moi Lane, Wangare Maathai Rd Outering Rd Kahawa West Eastern Bypass Kangundo Rd Nderi Kikuyu, Ndenderu"
NTSA/RSN-02000,Meruit Logistics,ADR-JY7SLPR,107,107 (MEDIUM:51); 48B (MEDIUM:51); 48C (MEDIUM:51),MEDIUM,51,"3 waypoints (ndenderu, ruaka, odeon); Terminal 'odeon'","Moi Lane, Odeon Thika Rd Wangare Maathai Rd Outering Rd Marurui Ruiru Ruaka Kahawa West Eastern Bypass Kangundo Rd Kiambu Thika Makongeni Nderi Kikuyu, Ndenderu"
NTSA/RSN-0345,Metrotrans East Africa,NTR-00947,,,UNMATCHED,0,Insufficient keyword overlap,"nairobi, narok, bomet"
NTSA/RSN-0345,Metrotrans East Africa,NTR-00191,102,102 (LOW:36),LOW,36,"3 waypoints (kawangware, kenyatta, kikuyu)","kikuyu, kawangware kenyatta ambasdour tom mboya thika road kasarani, juja"
NTSA/RSN-0345,Metrotrans East Africa,NTR-00130,105,105 (LOW:39),LOW,39,"2 waypoints (westlands, kikuyu); Terminal 'odeon'","kikuyu, waiyaki way,westlands,moi avenue,tom mboya,thika road,kasarani, juja"
NTSA/RSN-0345,Metrotrans East Africa,NTR-00202011161517360,102,102 (LOW:36),LOW,36,"3 waypoints (kawangware, ngong, kikuyu)","Zambezi, Kikuyu Ngong Langata Kabiria Kawangware KNH Ambassador Bus station Utawala Mwiki, Thika"
NTSA/RSN-0345,Metrotrans East Africa,NTR-00202012241143330,,,UNMATCHED,0,Insufficient keyword overlap,"Thika, NairobiKawangwareKikuyu Narok Bomet Kisii Homabay, Migori"
NTSA/RSN-0345,Metrotrans East Africa,NTR-00202203221637030,102,102 (LOW:36),LOW,36,"3 waypoints (kawangware, nairobi, kikuyu)","Thika, Loitoktok Kitengela Nairobi Kawangware Kikuyu Limuru Narok Bomet Kisii Homabay, Migori"
NTSA/RSN-0345,Metrotrans East Africa,NTR-00188,102,102 (LOW:36),LOW,36,"3 waypoints (kawangware, kenyatta, kikuyu)","kikuyu, kawangware kenyatta ambasdour thika road kasarani, juja"
NTSA/RSN-0345,Metrotrans East Africa,NTR-00190,102,102 (LOW:36),LOW,36,"3 waypoints (kawangware, kenyatta, kikuyu)","kikuyu, thogoto kawangware kenyatta ambasdour tom mboya thika road kasarani, utawala"
NTSA/RSN-0345,Metrotrans East Africa,NTR-00363,,,UNMATCHED,0,Insufficient keyword overlap,"nairobi, kikuyu, narok, bomet"
NTSA/RSN-0345,Metrotrans East Africa,NTR-00192,105,105 (LOW:39),LOW,39,"2 waypoints (westlands, kikuyu); Terminal 'odeon'","kikuyu, waiyaki way westlands ambasdour tom mboya thika road kasarani, utawala"
NTSA/RSN-0345,Metrotrans East Africa,ADR-Q5LC8A3,,,UNMATCHED,0,Insufficient keyword overlap,"Thika, NairobiKikuyu Narok Bomet Kisii Homabay, Migori"
NTSA/RSN-0345,Metrotrans East Africa,ADR-EPJSE6O,,,UNMATCHED,0,Insufficient keyword overlap,"Limuru, Zambezi Kikuyu ngonglangata kabiria kawangware knh ambassador bus stationutawalakoma mwiki, Thika"
NTSA/RSN-0345,Metrotrans East Africa,ADR-2DVSR6K,,,UNMATCHED,0,Insufficient keyword overlap,"Limuru, Zambezi Kikuyu ngonglangata kabiria kawangware knh ambassador bus stationutawalakoma mwiki, Thika"
NTSA/RSN-0345,Metrotrans East Africa,ADR-K9BF6OM,,,UNMATCHED,0,Insufficient keyword overlap,"Limuru, Zambezi Kikuyu ngonglangata kabiria kawangware knh ambassador bus stationumoja(mama lucy)utawalakitengelakoma mwiki, Thika"
NTSA/RSN-0345,Metrotrans East Africa,ADR-7WRS9WP,38/39,38/39 (LOW:39); 102 (LOW:36),LOW,39,"2 waypoints (umoja, koma); Terminal 'bus station'","Limuru, Zambezi Kikuyu ndenderu ngong kiserian langata kabiria kawangware knh ambassador bus station umoja iinnercore utawala kitengela koma mwiki, Thika"
NTSA/RSN-0345,Metrotrans East Africa,ADR-BQ9SQEV,24C,24C (MEDIUM:51); 5 (LOW:39); 24 (LOW:39),MEDIUM,51,"3 waypoints (ngong, kencom, langata); Terminal 'kencom'","Limuru, Zambezi Kikuyu ndenderu ngong kiserian langata kabiria kawangware knh ambassador kencom GPObus station civil servant k. south umoja innercoreutawala kitengela koma mwiki, Thika"
NTSA/RSN-0345,Metrotrans East Africa,ADR-REOSZMQ,24C,24C (MEDIUM:63); 32A (MEDIUM:63); 102 (MEDIUM:48),MEDIUM,63,"4 waypoints (langata, ngong, kibera); Terminal 'kencom'","Limuru, Zambezi Kikuyu ndenderu ngong kiserian langata kabiria kawangware community knh ngumo kibera kirigiti ambassador kencom GPObus station civil servant k. south umoja innercoreutawala kitengela koma mwiki, Thika"
NTSA/RSN-0345,Metrotrans East Africa,ADR-MDMSJ8E,102,102 (LOW:36),LOW,36,"3 waypoints (kawangware, kenyatta, kikuyu)","kikuyu, thogoto kawangware kenyatta ambasdour tom mboya thika road kasarani, utawala"
NTSA/RSN-0345,Metrotrans East Africa,ADR-YM3SBQV,,,UNMATCHED,0,Insufficient keyword overlap,"nairobi, bomet,kikuyu, narok"
NTSA/RSN-0345,Metrotrans East Africa,ADR-8LMSYPY,1960,1960 (MEDIUM:48); 04SK (MEDIUM:48); 19C (MEDIUM:48),MEDIUM,48,"4 waypoints (umoja, donholm, mboya)","kikuyu, waiyaki way, westlands, ambassador, tom mboya, jogoo road, donholm, umoja"
NTSA/RSN-0345,Metrotrans East Africa,ADR-ZZJSJD2,1960,1960 (LOW:39); 04SK (LOW:39); 19C (LOW:39),LOW,39,"2 waypoints (umoja, jogoo); Terminal 'otc'","kikuyu, thogoto,kawangware,kenyatta.ambassadeur,tommboya,otc,jogoo rd, umoja"
NTSA/RSN-0345,Metrotrans East Africa,ADR-LZRS7ZR,102,102 (LOW:36),LOW,36,"3 waypoints (kawangware, kenyatta, kikuyu)","kikuyu, kawangware,kenyatta,ambassadaor,tom mboya,thika rd,kasarani,juja,thika, delmonte"
NTSA/RSN-0345,Metrotrans East Africa,,24C,24C (MEDIUM:63); 32A (MEDIUM:63); 102 (MEDIUM:48),MEDIUM,63,"4 waypoints (langata, ngong, kibera); Terminal 'kencom'","Limuru - Zambezi,Kikuyu,Ndenderu,Ngong,Ongata Rongai,Kiserian,Langata,Kabiria,Kawangware,Community,KNH,Ngumo,Kibera,Kiambu,Kiringiti,Ambassador,Kencom,GPO,Bus station,Umoja,Kario bangi south,JKIA,Utawala,Kitengela,Koma,Mwiki - Thika and back- Limuru - Zambezi,Kikuyu,Ndenderu,Ngong,Ongata Rongai,Kiserian,Langata,Kabiria,Kawangware,Community,KNH,Ngumo,Kibera,Kiambu,Kiringiti,Ambassador,Kencom,GPO,Bus station,Umoja,Kario bangi south,JKIA,Utawala,Kitengela,Koma,Mwiki - Thika and back - Limuru - Zambezi,Kikuyu,Ndenderu,Ngong,Ongata Rongai,Kiserian,Langata,Kabiria,Kawangware,Community,KNH,Ngumo,Kibera,Kiambu,Kiringiti,Ambassador,Kencom,GPO,Bus station,Umoja,Kario bangi south,JKIA,Utawala,Kitengela,Koma,Mwiki - Thika and back"
NTSA/RSN-0353,MNK Society,NTR-00201911011235560,,,UNMATCHED,0,Insufficient keyword overlap,"Ruiru, Thika rd,Kasarani,Mwiki,Utawala,Cabanas,Outering rd,Kayole, Kariobangi"
NTSA/RSN-0353,MNK Society,NTR-00746,100A,100A (MEDIUM:63); 114R (MEDIUM:51); 10 (MEDIUM:48),MEDIUM,63,"4 waypoints (flyover, limuru, ngara); Terminal 'fig tree'","Flyover, Limuru Northern Bypass Thika Rd Ruiru Makongeni Ngara kasarani Mwiki Kangundo Rd Kamulu Eastern Bypass Utawala Cabanas Mombasa Rd Syokimau City Stadium via Nyayo Stadium Jogoo Rd Manyanja Rd Kayole Mihango Shooters Kariobangi, Outering Rd"
NTSA/RSN-0353,MNK Society,NTR-001393,,,UNMATCHED,0,Insufficient keyword overlap,"kasarani, kariobangi, kayole"
NTSA/RSN-0353,MNK Society,ADR-O68IBL5,,,UNMATCHED,0,Insufficient keyword overlap,"kasarani, kayole, kariobangi"
NTSA/RSN-0353,MNK Society,ADR-6DBSKLA,,,UNMATCHED,0,Insufficient keyword overlap,"mwiki, utawala, kayole"
NTSA/RSN-0353,MNK Society,ADR-WZ9SD9A,,,UNMATCHED,0,Insufficient keyword overlap,"mwiki, kayole, utawala"
NTSA/RSN-0353,MNK Society,ADR-537HQWM,,,UNMATCHED,0,Insufficient keyword overlap,"mwiki, utawala, cabanas, kayole"
NTSA/RSN-0353,MNK Society,ADR-A5ACP8Y,,,UNMATCHED,0,Insufficient keyword overlap,"mwiki, utawala, cabanas, outering road, kayole"
NTSA/RSN-0353,MNK Society,,100A,100A (MEDIUM:51); 114R (MEDIUM:51); 10 (MEDIUM:48),MEDIUM,51,"3 waypoints (limuru, ngara, city); Terminal 'fig tree'","Fly over - Limuru,Northern Bypass,Thika Rd,Ruiru,Makongeni,Ngara,Kasarani,Mwiki,Kangundo Rd,Kamulu,Eastern Bypass,Utawala,Cabanas,Mombasa Rd,Syokimau,City Stadium via Nyayo Stadium,Jogoo Rd,Savannah rd,Manyanja Rd,Kayole,Mihango,Shooters,Kariobangi,Outering rd - Alsops and back- Fly over - Limuru,Northern Bypass,Thika Rd,Ruiru,Makongeni,Ngara,Kasarani,Mwiki,Kangundo Rd,Kamulu,Eastern Bypass,Utawala,Cabanas,Mombasa Rd,Syokimau,City Stadium via Nyayo Stadium,Jogoo Rd,Savannah rd,Manyanja Rd,Kayole,Mihango,Shooters,Kariobangi,Outering rd - Alsops and back - Fly over - Limuru,Northern Bypass,Thika Rd,Ruiru,Makongeni,Ngara,Kasarani,Mwiki,Kangundo Rd,Kamulu,Eastern Bypass,Utawala,Cabanas,Mombasa Rd,Syokimau,City Stadium via Nyayo Stadium,Jogoo Rd,Savannah rd,Manyanja Rd,Kayole,Mihango,Shooters,Kariobangi,Outering rd - Alsops and back"
NTSA/RSN-0372,Moonlight Coach CO,NTR-00407,,,UNMATCHED,0,Insufficient keyword overlap,"commercial, thika road, mathare north"
NTSA/RSN-02026,Msafi,NTR-00202101191052510,24,24 (LOW:36); 125 (LOW:36); 126 (LOW:36),LOW,36,"3 waypoints (nairobi, park, mall)","Nairobi, Gateway mall Mlolongo Kangundo rd Komarock bus park, Machakos"
NTSA/RSN-02026,Msafi,NTR-00202009021055530,111,111 (LOW:36),LOW,36,"3 waypoints (umoja, nairobi, jogoo)","Nairobi, Jogoo Rd Outering Rd Greatwall via Umoja Kitengela via Katani Machakos Konza Mbumbuni Wote Kibwezi, Mtito Andei"
NTSA/RSN-0393,Mwamba,NTR-00202002211411300,,,UNMATCHED,0,Insufficient keyword overlap,"Mfangano, EastleighGarageJogoo rdBuruburuCivil servant, Komarock"
NTSA/RSN-0393,Mwamba,NTR-00202006121308400,,,UNMATCHED,0,Insufficient keyword overlap,"Mfangano, Juja rdEastleigh.GarageJogoo rdBuruburuCivil servantKomarock rd, Komarock"
NTSA/RSN-0393,Mwamba,NTR-00441,,,UNMATCHED,0,Insufficient keyword overlap,"komarock, jogoo road, mfangano"
NTSA/RSN-0393,Mwamba,ADR-Q5LC8BO,23KS,23KS (LOW:36),LOW,36,"3 waypoints (civil, buruburu, jogoo)","mfangano, eastleigh,jogoo road,buruburu,civil servant, garage"
NTSA/RSN-0393,Mwamba,ADR-EPJSEQB,,,UNMATCHED,0,Insufficient keyword overlap,"komarock, mfangano, jogoo road"
NTSA/RSN-4282,Mwanzo Mpya Shuttles,NTR-00201911071624580,,,UNMATCHED,0,Insufficient keyword overlap,"Kangundo, Mitamboni,Machakos,Kitui, Mwingi"
NTSA/RSN-0394,Mwiki PSV Society,NTR-00202012241623260,38/39,38/39 (MEDIUM:51); 48B (MEDIUM:51); 48C (MEDIUM:51),MEDIUM,51,"3 waypoints (kangundo, njiru, jogoo); Terminal 'bus station'","Commercial, odeon Slip Rd Moi Avenue River Rd Munyu Rd Latema Rd via Westands juja Rd Outering Rd Eatleigh Wangari maathai Rd Kipande Rd Bus Station Thika Rd Kasarani Mwiki Njiru Utawala kangundo Rd eastern Bypass Juja RuiruThika Kangundo Jogoo Rd, Garissa Rd"
NTSA/RSN-0394,Mwiki PSV Society,ADR-O68IPQJ,38/39,38/39 (LOW:39),LOW,39,"2 waypoints (kangundo, njiru); Terminal 'bus station'","Commercial, Bus station Thika rd Thika Juja Kasarani Mwiki Njiru Utawala Eastern bypass Kangundo rd Kangundo Juja rd Outering rd Eastleigh Wangari Mathai rd, Kipande rd"
NTSA/RSN-0394,Mwiki PSV Society,ADR-6DBSZ65,38/39,38/39 (MEDIUM:51); 48B (MEDIUM:51); 48C (MEDIUM:51),MEDIUM,51,"3 waypoints (kangundo, njiru, jogoo); Terminal 'bus station'","Commercial, Bus Station T Moi Avenue Odeon River Rd Munyu RdKipande Rd Latema Rd Slip Rd Waiyaki Way Juja Rd via Westands Wangari Maathai Rd Eatleigh Jogoo Rd Outering Rd Thika Rd Kasarani Mwiki Njiru Utawala Kangundo Rd Eastern Bypass Juja Ruiru Thika Kangundo, Garissa Rd"
NTSA/RSN-0394,Mwiki PSV Society,ADR-WZ9SVZQ,,,UNMATCHED,0,Insufficient keyword overlap,"bus station, thika road, kasarani, mwiki, njiru, utawala"
NTSA/RSN-0394,Mwiki PSV Society,ADR-537H2DQ,,,UNMATCHED,0,Insufficient keyword overlap,"commercial, thika road, kasarani, mwiki, njiru, utawala"
NTSA/RSN-0394,Mwiki PSV Society,ADR-A5ACV3L,,,UNMATCHED,0,Insufficient keyword overlap,"tommboya, njiru,thika road,kasarani, mwiki"
NTSA/RSN-0394,Mwiki PSV Society,ADR-9AKF8ZJ,,,UNMATCHED,0,Insufficient keyword overlap,"bus station, thika road,kasarani,mwiki, njiru"
NTSA/RSN-0394,Mwiki PSV Society,ADR-DB3T823,,,UNMATCHED,0,Insufficient keyword overlap,"bus station, mwiki, kasarani"
NTSA/RSN-0394,Mwiki PSV Society,ADR-3ZQSVZ2,,,UNMATCHED,0,Insufficient keyword overlap,"tommboya, thika road,kasarani,mwiki, njiru"
NTSA/RSN-0394,Mwiki PSV Society,ADR-JY7S2WE,,,UNMATCHED,0,Insufficient keyword overlap,"bus station, thika road, kasarani, mwiki"
NTSA/RSN-0394,Mwiki PSV Society,ADR-POKS5V5,,,UNMATCHED,0,Insufficient keyword overlap,"bus station, njiru,thika road,kasarani, mwiki"
NTSA/RSN-0394,Mwiki PSV Society,ADR-VYASP5O,,,UNMATCHED,0,Insufficient keyword overlap,"bus station, mwiki,thika road, kasarani"
NTSA/RSN-0394,Mwiki PSV Society,ADR-Q5LCE7Z,,,UNMATCHED,0,Insufficient keyword overlap,"odeon, thika,thika road, kasarani"
NTSA/RSN-0397,Mwirona,ADR-EPJSYVD,,,UNMATCHED,0,Insufficient keyword overlap,"bus station, thika road, kasarani, mwiki"
NTSA/RSN-0397,Mwirona,ADR-2DVS5LV,,,UNMATCHED,0,Insufficient keyword overlap,"bus station, mwiki,thika road, kasarani"
NTSA/RSN-0397,Mwirona,ADR-K9BFVMA,,,UNMATCHED,0,Insufficient keyword overlap,"bus station, mwiki, kasarani"
NTSA/RSN-0399,Naboka,NTR-00201912031523330,,,UNMATCHED,0,Insufficient keyword overlap,"Bus station, BomasKarenGataka, Ongata Rongai"
NTSA/RSN-0399,Naboka,NTR-00202107221616530,24,24 (LOW:36); 125 (LOW:36); 126 (LOW:36),LOW,36,"3 waypoints (bomas, ngong, karen)","Bus station, bomas ongata rongai gataka karen, ngong rd"
NTSA/RSN-0399,Naboka,NTR-001389,,,UNMATCHED,0,Insufficient keyword overlap,"bus station, bomas,karen, gataka"
NTSA/RSN-0399,Naboka,ADR-537HBY7,,,UNMATCHED,0,Insufficient keyword overlap,"bus station, bomas, karen"
NTSA/RSN-0399,Naboka,ADR-A5ACK2P,,,UNMATCHED,0,Insufficient keyword overlap,"bus station, karen, bomas"
NTSA/RSN-0401,Nagiru 145,NTR-00202104150811240,145,145 (HIGH:62); 145B (MEDIUM:47); 145D (MEDIUM:47),HIGH,62,Exact number '145'; 1 waypoints (ruiru),"Ruiru, Alsops Outering rd Kariobangi, Kangundo rd junction"
NTSA/RSN-0401,Nagiru 145,NTR-00477,145,145 (HIGH:62); 145B (MEDIUM:47); 145D (MEDIUM:47),HIGH,62,Exact number '145'; 1 waypoints (ruiru),"nairobi, thika road, ruiru"
NTSA/RSN-0401,Nagiru 145,ADR-YM3SE9J,,,UNMATCHED,0,Insufficient keyword overlap,"Nairobi, Muranga, Kiriaini"
NTSA/RSN-0401,Nagiru 145,ADR-8LMSVKJ,145,145 (HIGH:62); 145B (MEDIUM:47); 145D (MEDIUM:47),HIGH,62,Exact number '145'; 1 waypoints (ruiru),"nairobi, ruiru, thika road"
NTSA/RSN-0401,Nagiru 145,,145,145 (HIGH:62); 145B (MEDIUM:47); 145D (MEDIUM:47),HIGH,62,Exact number '145'; 1 waypoints (ruiru),"Nairobi - Ruiru,Thika rd,Githunguri - Naivasha and back- Nairobi - Ruiru,Thika rd,Githunguri - Naivasha and back - Nairobi - Ruiru,Thika rd,Githunguri - Naivasha and back"
NTSA/RSN-01798,Nailepu,NTR-00202007021212060,,,UNMATCHED,0,Insufficient keyword overlap,"Kitengela, IsinyaKajiadoBissil, Namanga"
NTSA/RSN-01798,Nailepu,NTR-00202012311440310,,,UNMATCHED,0,Insufficient keyword overlap,"Kitengela, Isinya Kiserian, Ngong"
NTSA/RSN-01798,Nailepu,NTR-00202012311439540,,,UNMATCHED,0,Insufficient keyword overlap,"Kitengela, Emali, Loitoktok"
NTSA/RSN-01798,Nailepu,NTR-00202105101216560,,,UNMATCHED,0,Insufficient keyword overlap,"Kitengela, Emali Loitoktok Namanga Bissil KajiadoIsinya Kiserian, Ngong"
NTSA/RSN-01798,Nailepu,ADR-JY7SLBZ,126,126 (LOW:36); 126RK (LOW:36),LOW,36,"3 waypoints (rongai, nairobi, kiserian)","Nairobi, Kitengela Sultan Hamud Emali Kimana Loitoktok Namanga Bissil Kajiado Isinya Kiserian Ngong, Rongai"
NTSA/RSN-0409,Nakam Society,NTR-00434,,,UNMATCHED,0,Insufficient keyword overlap,"nairobi, machakos, kitui"
NTSA/RSN-0409,Nakam Society,NTR-00202111171240380,11,11 (LOW:36); 11_2 (LOW:36),LOW,36,"3 waypoints (nairobi, makueni, machakos)","voi, kitui makueni machakos kitengela nairobi naivasha narok bomet nyamira kisii migori, sirare"
NTSA/RSN-0409,Nakam Society,NTR-00202111171242020,,,UNMATCHED,0,Insufficient keyword overlap,"thika, nairobi kitengela machakos kitui wote mtito andei, voi"
NTSA/RSN-0409,Nakam Society,ADR-537HOPD,,,UNMATCHED,0,Insufficient keyword overlap,"kitengela, easternbypass, thika, kitui, nairobi"
NTSA/RSN-0409,Nakam Society,ADR-A5AC7YZ,,,UNMATCHED,0,Insufficient keyword overlap,"nairobi, kitengela, machakos, kitui"
NTSA/RSN-0409,Nakam Society,ADR-9AKFWBM,,,UNMATCHED,0,Insufficient keyword overlap,"nairobi, athi river , kitengela, machakos"
NTSA/RSN-0409,Nakam Society,ADR-DB3T3L6,,,UNMATCHED,0,Insufficient keyword overlap,"nairobi, machakos,athi river , kitengela"
NTSA/RSN-0410,Nakamata,NTR-00381,,,UNMATCHED,0,Insufficient keyword overlap,"nairobi, machakos, Wote"
NTSA/RSN-0410,Nakamata,ADR-8LMS5W2,11,11 (MEDIUM:48); 11_2 (MEDIUM:48),MEDIUM,48,"4 waypoints (mombasa, nairobi, makueni)","nairobi, machakos, makueni, kitui, mutomo, kibwezi, ikutha, voi, mombasa"
NTSA/RSN-0410,Nakamata,ADR-ZZJSV5M,11,11 (LOW:36); 11_2 (LOW:36),LOW,36,"3 waypoints (mombasa, nairobi, machakos)","nairobi, machakos, kitui, mutomo, ikutha, kibwezi, mtito andei, mombasa"
NTSA/RSN-0410,Nakamata,ADR-LZRS65J,,,UNMATCHED,0,Insufficient keyword overlap,"nairobi, athi river , kitengela, machakos"
NTSA/RSN-0410,Nakamata,ADR-O68IBR3,11,11 (MEDIUM:48); 11_2 (MEDIUM:48),MEDIUM,48,"4 waypoints (mombasa, nairobi, makueni)","nairobi, machakos, nunguni, makueni, kibwezi, mtiti andei, voi, mombasa"
NTSA/RSN-0410,Nakamata,ADR-6DBSKVB,11,11 (LOW:36); 11_2 (LOW:36),LOW,36,"3 waypoints (machakos, nairobi, makueni)","nairobi, machakos,makueni,kibwezi, mtitoandei"
NTSA/RSN-0410,Nakamata,ADR-WZ9SDYD,,,UNMATCHED,0,Insufficient keyword overlap,"nairobi, machakos,athi river , kitengela"
NTSA/RSN-0410,Nakamata,ADR-537HQJ6,,,UNMATCHED,0,Insufficient keyword overlap,"nairobi, machakos, nunguni, wote, kibwezi, mtitoandei"
NTSA/RSN-0410,Nakamata,ADR-A5ACP9K,11,11 (MEDIUM:48); 11_2 (MEDIUM:48),MEDIUM,48,"4 waypoints (mombasa, nairobi, makueni)","nairobi, mombasa,machakos, makueni, kitui, mutomo, kibwezi, ikutha, voi"
NTSA/RSN-0410,Nakamata,ADR-9AKF2LW,11,11 (LOW:36); 11_2 (LOW:36),LOW,36,"3 waypoints (machakos, nairobi, makueni)","nairobi, mtitoandei,machakos,makueni, kibwezi"
NTSA/RSN-0410,Nakamata,ADR-DB3T5VO,,,UNMATCHED,0,Insufficient keyword overlap,"nairobi, kitengela, machakos"
NTSA/RSN-0410,Nakamata,ADR-3ZQS39O,11,11 (LOW:36); 11_2 (LOW:36),LOW,36,"3 waypoints (mombasa, nairobi, machakos)","nairobi, machakos, kitui, mutomo, ikutha, kibwezi, mtito andei, voi, mombasa"
NTSA/RSN-0410,Nakamata,ADR-JY7SLV2,,,UNMATCHED,0,Insufficient keyword overlap,"nairobi, mombasa, wote"
NTSA/RSN-0410,Nakamata,ADR-POKSRDA,,,UNMATCHED,0,Insufficient keyword overlap,"nairobi, mtitoandei, wote"
NTSA/RSN-0412,Nakaski Transort Savings Credit,NTR-00202012111600420,237,237 (LOW:36),LOW,36,"3 waypoints (githurai, thika, ruiru)","Mwiki, Kasarani Ruiru Githurai Thika rd Outering rdKangundo rdJuja rd, Bus station"
NTSA/RSN-0412,Nakaski Transort Savings Credit,NTR-00202012111616200,237,237 (MEDIUM:48); 107D (LOW:36),MEDIUM,48,"4 waypoints (githurai, juja, thika)","Ruiru, Githurai Thika rd Outering rd Juja rd Kangundo rd Eastern Bypass Alsops, Mwiki"
NTSA/RSN-0412,Nakaski Transort Savings Credit,NTR-00201901291438350,,,UNMATCHED,0,Insufficient keyword overlap,"Muranga, RuiruGithurai Thika rd Outering rd Juja rd Kangundo rdEastern bypass AlsopsMwiki, Kasarani"
NTSA/RSN-0412,Nakaski Transort Savings Credit,ADR-BQ9S3VL,,,UNMATCHED,0,Insufficient keyword overlap,"Muranga, Thika rd GithuraiKasarani Mwiki Kangundo rd Outering rd Juja rd Commercial, Bus station"
NTSA/RSN-0412,Nakaski Transort Savings Credit,ADR-REOSLPA,237,237 (MEDIUM:48),MEDIUM,48,"4 waypoints (githurai, juja, thika)","Muranga, Thika Rd Ruiru Githurai Kasarani Mwiki Kangundo Rd Outering Rd Alsops Juja Rd Muranga Rd Wangari Maathai Rd Kipande Rd Commercial, Bus Station"
NTSA/RSN-0412,Nakaski Transort Savings Credit,ADR-MDMSA6Y,,,UNMATCHED,0,Insufficient keyword overlap,"bus station, thika road, kasarani, mwiki"
NTSA/RSN-0412,Nakaski Transort Savings Credit,ADR-YM3SERK,,,UNMATCHED,0,Insufficient keyword overlap,"bus station, mwiki,thika road, kasarani"
NTSA/RSN-0412,Nakaski Transort Savings Credit,ADR-8LMSVBD,107D,107D (LOW:36),LOW,36,"3 waypoints (bypass, eastern, ruiru)","alsops, kasarani,mwiki,eastern bypass, ruiru"
NTSA/RSN-0413,Nakathi,NTR-00209,44G,44G (MEDIUM:51); 237 (LOW:36),MEDIUM,51,"3 waypoints (githurai, west, odeon); Terminal 'odeon'","odeon, githurai, kahawa west"
NTSA/RSN-0413,Nakathi,NTR-00490,44G,44G (LOW:39); 237 (LOW:36),LOW,39,"2 waypoints (west, odeon); Terminal 'odeon'","odeon, thika road, kahawa west"
NTSA/RSN-0413,Nakathi,NTR-0066,,,UNMATCHED,0,Insufficient keyword overlap,"commercial, zimmerman,kahawa west, githurai"
NTSA/RSN-0413,Nakathi,NTR-00202105131504310,107D,107D (LOW:36); 114R (LOW:36),LOW,36,"3 waypoints (kahawa, bypass, ruaka)","Kahawa West, Northern bypass Ruaka, Limuru town"
NTSA/RSN-0413,Nakathi,NTR-00202105131503440,107D,107D (LOW:36),LOW,36,"3 waypoints (kahawa, bypass, ruiru)","Kahawa West, Northern bypass Ruiru, Makongeni"
NTSA/RSN-0413,Nakathi,NTR-00202105250744300,44G,44G (MEDIUM:51); 48B (MEDIUM:51); 48C (MEDIUM:51),MEDIUM,51,"3 waypoints (githurai, west, odeon); Terminal 'odeon'","Odeon, limuru northern bypass ruaka thika rd outering rd kangundo rd eastern bypass githurai kahawa west ruiru, Makongeni"
NTSA/RSN-0413,Nakathi,ADR-MDMSA59,44G,44G (MEDIUM:51); 237 (MEDIUM:48); 107D (MEDIUM:48),MEDIUM,51,"3 waypoints (githurai, west, odeon); Terminal 'odeon'","Odeon, limuru northern bypass ruaka thika rd githurai kahawa west ruiru, Makongeni"
NTSA/RSN-0413,Nakathi,ADR-YM3SE9Z,44G,44G (LOW:39); 237 (LOW:36),LOW,39,"2 waypoints (west, odeon); Terminal 'odeon'","odeon, kahawa west,thika road, zimmerman"
NTSA/RSN-0413,Nakathi,ADR-8LMSVKQ,44G,44G (LOW:39); 237 (LOW:36),LOW,39,"2 waypoints (west, odeon); Terminal 'odeon'","odeon, kahawa west, thika road"
NTSA/RSN-0413,Nakathi,ADR-ZZJS28Y,44G,44G (MEDIUM:51); 237 (LOW:36),MEDIUM,51,"3 waypoints (githurai, west, odeon); Terminal 'odeon'","odeon, kahawa west, githurai"
NTSA/RSN-0413,Nakathi,ADR-2DVS5JE,44G,44G (LOW:39); 237 (LOW:36),LOW,39,"2 waypoints (west, odeon); Terminal 'odeon'","odeon, thika road, zimmerman, kahawa west"
NTSA/RSN-0413,Nakathi,ADR-K9BFV9R,44G,44G (MEDIUM:51); 237 (MEDIUM:48); 48B (LOW:39),MEDIUM,51,"3 waypoints (githurai, west, odeon); Terminal 'odeon'","odeon, githurai,kahawa west,bypass, ruiru"
NTSA/RSN-0414,Nakili,NTR-00202012031635220,115,115 (LOW:36); 135 (LOW:36); 114W (LOW:36),LOW,36,"3 waypoints (rironi, limuru, zambezi)","Ndumberi, TurituKanunga Koinange Tigoni Limuru Rironi Nduma Zambezi Kikuyu Ndeiya Nachu Sgr, Ewaso Kidwang"
NTSA/RSN-0414,Nakili,NTR-00202011231641170,102,102 (LOW:36),LOW,36,"3 waypoints (kawangware, dagoretti, kikuyu)","Kikuyu, Muslim Dagoretti Karen Kawangware, Ndeiya"
NTSA/RSN-0414,Nakili,NTR-001103,,,UNMATCHED,0,Insufficient keyword overlap,"kikuyu, dagoreti, kamangu"
NTSA/RSN-0414,Nakili,NTR-0086,105,105 (MEDIUM:51); 115 (LOW:36); 135 (LOW:36),MEDIUM,51,"3 waypoints (westlands, kinoo, kikuyu); Terminal 'odeon'","tommboya, westlands,kinoo,kikuyu,thogoto,kamangu, limuru"
NTSA/RSN-0414,Nakili,ADR-9AKFO5E,102,102 (LOW:36),LOW,36,"3 waypoints (kawangware, dagoretti, kikuyu)","Kikuyu, Muslim Dagoretti Karen, Kawangware"
NTSA/RSN-0414,Nakili,ADR-DB3TQDR,,,UNMATCHED,0,Insufficient keyword overlap,"Kikuyu, NderiNdumaRironiLimuruKiambuNdeyia(muslim)DagoretikawangwareNgong rdBomas via kiberaKarenNgong, Ewaso kedong"
NTSA/RSN-0414,Nakili,ADR-3ZQSOPY,,,UNMATCHED,0,Insufficient keyword overlap,"kikuyu, dagoretti, kamangu and bank"
NTSA/RSN-0414,Nakili,ADR-JY7SEMA,105,105 (MEDIUM:51); 115 (LOW:36); 135 (LOW:36),MEDIUM,51,"3 waypoints (westlands, kinoo, kikuyu); Terminal 'odeon'","tommboya, limuru,westlands,kinoo,kikuyu,thogoto, kamangu"
NTSA/RSN-0414,Nakili,ADR-POKS7Q6,105,105 (LOW:36); 115 (LOW:36); 135 (LOW:36),LOW,36,"3 waypoints (westlands, kinoo, kikuyu)","westlands, kinoo,kikuyu,thogoto,kamangu, limuru"
NTSA/RSN-0782,Nakinduka Matatu,NTR-00938,120,120 (MEDIUM:48); 121 (MEDIUM:48); 100 (LOW:36),MEDIUM,48,"4 waypoints (kiambu, limuru, ndumberi)","Kimende, Limuru Kiambu via Ruaka Ndumberi Githunguri, Kawaida"
NTSA/RSN-0782,Nakinduka Matatu,ADR-7WRSVYA,120,120 (LOW:36); 121 (LOW:36),LOW,36,"3 waypoints (kiambu, githunguri, ndumberi)","kiambu, ndumberi, kawaida, githunguri"
NTSA/RSN-0423,Nakwe Society,NTR-00440,,,UNMATCHED,0,Insufficient keyword overlap,"Nairobi, Kiambu, githunguri kagwe kimende, uplands"
NTSA/RSN-0423,Nakwe Society,NTR-00201901180907220,100A,100A (LOW:39),LOW,39,"2 waypoints (kiambu, ngara); Terminal 'fig tree'","ngara, kiambu,githuguri, kagwe"
NTSA/RSN-0423,Nakwe Society,ADR-REOSZJW,,,UNMATCHED,0,Insufficient keyword overlap,"st peters, kiambu road,kiambu,githunguri, kagwe"
NTSA/RSN-0423,Nakwe Society,ADR-MDMSJ3D,,,UNMATCHED,0,Insufficient keyword overlap,"st peters, kagwe,kiambu road,kiambu, githunguri"
NTSA/RSN-0435,Nangkis Matatu,NTR-0096,111,111 (MEDIUM:51); 2 (LOW:39); 5 (LOW:39),MEDIUM,51,"3 waypoints (ngong, railways, karen); Terminal 'railways'","kiserian, ngong,karen,nduyu,yaya,gpo,ambassador, railways"
NTSA/RSN-0435,Nangkis Matatu,NTR-00166,111,111 (MEDIUM:51); 2 (LOW:39); 8 (LOW:39),MEDIUM,51,"3 waypoints (ngong, railways, karen); Terminal 'railways'","kiserian, ngong,karen,yaya,ambassador, railways"
NTSA/RSN-0435,Nangkis Matatu,NTR-00201901141019580,2,2 (MEDIUM:48); 24 (MEDIUM:48); 102 (MEDIUM:48),MEDIUM,48,"4 waypoints (kenyatta, corner, ngong)","kiserian, ngong,karen,dagoreti corner,prestige, kenyatta"
NTSA/RSN-0435,Nangkis Matatu,NTR-0095,126,126 (MEDIUM:51); 2 (LOW:39); 8 (LOW:39),MEDIUM,51,"3 waypoints (rongai, kiserian, railways); Terminal 'railways'","railways, rongai,kiserian, ngong"
NTSA/RSN-0435,Nangkis Matatu,NTR-00202010221528160,102,102 (MEDIUM:63); 110 (MEDIUM:63); 125 (MEDIUM:63),MEDIUM,63,"4 waypoints (kawangware, ngong, railways); Terminal 'railways'","Kitengela, Mombasa rd G.P.O Ambassador Railways KNH Yaya jamhuri naivasha rd Kawangware Ndunyu Kikuyu Limuru Karen Ngong Kiserian ongata rongai bomas hardylangata rd, nyayo"
NTSA/RSN-0435,Nangkis Matatu,NTR-0020160607100512,102,102 (MEDIUM:63); 2 (MEDIUM:51); 110 (MEDIUM:51),MEDIUM,63,"4 waypoints (kawangware, ngong, railways); Terminal 'railways'","Kitengela, Isinya Mombasa Rd GPO Ambassador Railways KNH Yaya Kawangware Ndunyu Kikuyu Limuru Karen Rongai Magadi Kiserian Ngong, Suswa"
NTSA/RSN-0435,Nangkis Matatu,NTR-00155,2,2 (LOW:39); 5 (LOW:39); 8 (LOW:39),LOW,39,"2 waypoints (ngong, railways); Terminal 'railways'","kiserian, ngong,yaya,gpo, railways"
NTSA/RSN-0435,Nangkis Matatu,NTR-00201901151527460,111,111 (MEDIUM:48); 24C (MEDIUM:48); 2 (LOW:36),MEDIUM,48,"4 waypoints (corner, ngong, prestige)","kiserian, ngong,karen,ndunyu,dagoreti corner,prestige, yaya"
NTSA/RSN-0435,Nangkis Matatu,ADR-WZ9S98W,110,110 (MEDIUM:51); 126 (MEDIUM:51); 2 (LOW:39),MEDIUM,51,"3 waypoints (mombasa, kitengela, railways); Terminal 'railways'","Kitengela, Mombasa rd G.P.O Ambassador Railways KNH YayaKawangwareNdunyuKikuyuLimuruKaren Ngong Kiserian, Rongai"
NTSA/RSN-0435,Nangkis Matatu,ADR-537HWPB,2,2 (LOW:39); 8 (LOW:39); 102 (LOW:39),LOW,39,"2 waypoints (ngong, railways); Terminal 'railways'","railways, ngong, kiserian"
NTSA/RSN-0435,Nangkis Matatu,ADR-A5AC8Y7,111,111 (MEDIUM:51); 2 (LOW:39); 8 (LOW:39),MEDIUM,51,"3 waypoints (ngong, railways, karen); Terminal 'railways'","kiserian, railways,ngong,karen,yaya, ambassador"
NTSA/RSN-0435,Nangkis Matatu,ADR-9AKFRBR,126,126 (MEDIUM:51); 2 (LOW:39); 8 (LOW:39),MEDIUM,51,"3 waypoints (rongai, kiserian, railways); Terminal 'railways'","railways, ngong,rongai, kiserian"
NTSA/RSN-0435,Nangkis Matatu,ADR-DB3TOLQ,2,2 (LOW:39); 5 (LOW:39); 8 (LOW:39),LOW,39,"2 waypoints (ngong, railways); Terminal 'railways'","kiserian, ngong, ndunyu, yaya, gpo, ambassadour, railways"
NTSA/RSN-0435,Nangkis Matatu,ADR-3ZQS2BV,,,UNMATCHED,0,Insufficient keyword overlap,"kiserian, ngong, karen , dunyu, yaya, ambassador, railways15"
NTSA/RSN-0435,Nangkis Matatu,ADR-JY7S7J5,111,111 (MEDIUM:51); 2 (LOW:39); 8 (LOW:39),MEDIUM,51,"3 waypoints (ngong, railways, karen); Terminal 'railways'","ngong, railways,karen,yaya, ambasdours"
NTSA/RSN-0442,Nawaku,NTR-00202109211036110,,,UNMATCHED,0,Insufficient keyword overlap,"mwiki, kasarani thika rd, ABC"
NTSA/RSN-0442,Nawaku,NTR-00139,,,UNMATCHED,0,Insufficient keyword overlap,"odeon, thika road,kasarani, thika"
NTSA/RSN-0442,Nawaku,NTR-00512,,,UNMATCHED,0,Insufficient keyword overlap,"Odeon, Thika RoadKasaraniThika, Mwihoko"
NTSA/RSN-0442,Nawaku,NTR-001025,,,UNMATCHED,0,Insufficient keyword overlap,"Mwiki, Kasarani thika Rd odeon, ABC"
NTSA/RSN-0442,Nawaku,NTR-00168,48B,48B (LOW:39); 48C (LOW:39); 237 (LOW:36),LOW,39,"2 waypoints (bypass, odeon); Terminal 'odeon'","Odeon, ABC thika rd kasarani mwiki mwihoko eastern bypass kimbo, thika"
NTSA/RSN-0442,Nawaku,NTR-00513,,,UNMATCHED,0,Insufficient keyword overlap,"odeon, kasarani, thika"
NTSA/RSN-0442,Nawaku,ADR-2DVSBRJ,,,UNMATCHED,0,Insufficient keyword overlap,"odeon, thika,thika road, kasarani"
NTSA/RSN-0442,Nawaku,ADR-K9BFB63,,,UNMATCHED,0,Insufficient keyword overlap,"odeon, thika, kasarani"
NTSA/RSN-01896,Nawaku,NTR-00139,,,UNMATCHED,0,Insufficient keyword overlap,"Odeon, Thika Road,Kasarani, Thika"
NTSA/RSN-01896,Nawaku,NTR-00202109211036110,,,UNMATCHED,0,Insufficient keyword overlap,"mwiki, kasarani thika rd, ABC"
NTSA/RSN-01896,Nawaku,ADR-LZRS622,,,UNMATCHED,0,Insufficient keyword overlap,"Odeon, Thika road Kasarani thika, Muranga"
NTSA/RSN-0443,Nawasuku,NTR-00202211011628520,107D,107D (MEDIUM:48),MEDIUM,48,"4 waypoints (eastern, kahawa, bypass)","Timboroa Lane, Kahawa Sukari Warren Uthiru KU Ruiru Kenol Eastern Bypass Outering Road Gatuanyaga Junction, Cabanas"
NTSA/RSN-0443,Nawasuku,ADR-LZRS3JE,,,UNMATCHED,0,Insufficient keyword overlap,"timboroa lane, kahawa sukari, warren, ku, ruiru"
NTSA/RSN-0443,Nawasuku,ADR-O68ILJB,,,UNMATCHED,0,Insufficient keyword overlap,"tom mboya, ku,thika road, warren, kahawa sukari"
NTSA/RSN-0443,Nawasuku,ADR-6DBSDJW,,,UNMATCHED,0,Insufficient keyword overlap,"bus station, ruiru,ku,kahawa sukari, warren"
NTSA/RSN-0443,Nawasuku,ADR-WZ9S3RE,,,UNMATCHED,0,Insufficient keyword overlap,"ruiru, ku, kahawa sukari, warren, timboroa lane"
NTSA/RSN-0443,Nawasuku,ADR-537HO8O,,,UNMATCHED,0,Insufficient keyword overlap,"timboroa lane, kahawa sukari, mwihoko, warren, ku, ruiru"
NTSA/RSN-0444,Nazigi,NTR-00209,44G,44G (MEDIUM:51); 237 (LOW:36),MEDIUM,51,"3 waypoints (githurai, west, odeon); Terminal 'odeon'","odeon, githurai, kahawa west"
NTSA/RSN-0444,Nazigi,NTR-00415,237,237 (MEDIUM:48); 46B (LOW:39),MEDIUM,48,"4 waypoints (ronald, thika, ngara)","ronald ngara, thika road, githurai"
NTSA/RSN-0444,Nazigi,NTR-00202012242047420,46B,46B (LOW:39),LOW,39,"2 waypoints (ronald, ngara); Terminal 'otc'","Ronald ngara, Wangari maathaiKiambu GithuraiKahawa west bypassruiru, Thika(makongeni)"
NTSA/RSN-0444,Nazigi,NTR-00202012291237110,237,237 (MEDIUM:48); 107D (MEDIUM:48); 118 (LOW:36),MEDIUM,48,"4 waypoints (githurai, kahawa, ruiru)","KNH, nairobi westlands Wangari Maathai rd Kiambu rd bypass Githurai Kahawa West ruiru Thika(makongeni) eastern bypass ruai kangundo rd utawala Outering rd Juja Rd via Eastleigh cabanas, alsops"
NTSA/RSN-0444,Nazigi,NTR-00490,44G,44G (LOW:39); 237 (LOW:36),LOW,39,"2 waypoints (west, odeon); Terminal 'odeon'","odeon, thika road, kahawa west"
NTSA/RSN-0444,Nazigi,NTR-00201812211550040,237,237 (MEDIUM:48); 14 (LOW:39); 04SK (LOW:39),MEDIUM,48,"5 waypoints (ronald, githurai, kahawa)","ronald ngala, githurai,kahawa west,bypass, ruiru"
NTSA/RSN-0444,Nazigi,NTR-00201812211551470,237,237 (MEDIUM:48); 14 (LOW:39); 04SK (LOW:39),MEDIUM,48,"6 waypoints (ronald, thika, githurai)","ronald ngala, githurai,kahawa west,bypass,ruiru, thika (makongeni)"
NTSA/RSN-0444,Nazigi,ADR-2DVSR3Q,44G,44G (MEDIUM:63); 145 (MEDIUM:48); 237 (MEDIUM:48),MEDIUM,63,"4 waypoints (githurai, ngara, west); Terminal 'odeon'","Odeon, Ngara Wangari Maathai rd Kiambu rd Githurai Kahawa West Bypass Ruiru, Thika (Makongeni)"
NTSA/RSN-0444,Nazigi,ADR-K9BF65K,44G,44G (MEDIUM:63); 25A (MEDIUM:51); 145 (MEDIUM:48),MEDIUM,63,"4 waypoints (githurai, ngara, west); Terminal 'odeon'","Odeon, Ngara Wangari Maathai rd Kiambu rd Githurai Kahawa West Bypass Ruiru Thika Alsops Outering rd, Cabanas"
NTSA/RSN-0444,Nazigi,ADR-7WRS9JE,237,237 (MEDIUM:48); 100A (LOW:39); 46B (LOW:39),MEDIUM,48,"4 waypoints (ronald, kahawa, ngara)","Ronald ngara, Wangari maathai Kiambu rd Githurai Kahawa west bypass ruiruthika alsops outering, Cabanas"
NTSA/RSN-0444,Nazigi,ADR-BQ9SQV9,107D,107D (MEDIUM:48); 145 (LOW:36); 237 (LOW:36),MEDIUM,48,"5 waypoints (bypass, kiambu, kahawa)","KNH, nairobiTom mboya westlandsWangari Maathai rd Kiambu rd bypass Githurai Kahawa West ruiru Thika(makongeni) eastern bypass ruai kangundo rd utawala Outering rd cabanas, alsops"
NTSA/RSN-0444,Nazigi,ADR-REOSZPW,237,237 (MEDIUM:48); 14 (LOW:39); 04SK (LOW:39),MEDIUM,48,"4 waypoints (ronald, kahawa, ngala)","ronald ngala, githurai , kahawa west"
NTSA/RSN-0444,Nazigi,ADR-MDMSJ6D,44G,44G (MEDIUM:51); 237 (LOW:36),MEDIUM,51,"3 waypoints (githurai, west, odeon); Terminal 'odeon'","odeon, kahawa west, githurai"
NTSA/RSN-0444,Nazigi,ADR-YM3SBRO,237,237 (MEDIUM:48); 14 (LOW:39); 04SK (LOW:39),MEDIUM,48,"4 waypoints (ronald, kahawa, ngala)","ronald ngala, kahawa west, githurai"
NTSA/RSN-0444,Nazigi,ADR-8LMSYBB,44G,44G (LOW:39); 237 (LOW:36),LOW,39,"2 waypoints (west, odeon); Terminal 'odeon'","odeon, kahawa west,thika road, zimmerman"
NTSA/RSN-0444,Nazigi,ADR-ZZJSJKL,44G,44G (LOW:39); 237 (LOW:36),LOW,39,"2 waypoints (west, odeon); Terminal 'odeon'","odeon, thika road, zimmerman, kahawa west"
NTSA/RSN-0444,Nazigi,ADR-LZRS7K6,44G,44G (MEDIUM:51); 237 (MEDIUM:48); 48B (LOW:39),MEDIUM,51,"3 waypoints (githurai, west, odeon); Terminal 'odeon'","odeon, githurai,kahawa west,bypass, ruiru"
NTSA/RSN-0444,Nazigi,ADR-O68IM3V,44G,44G (MEDIUM:51); 237 (MEDIUM:48); 48B (LOW:39),MEDIUM,51,"3 waypoints (githurai, west, odeon); Terminal 'odeon'","odeon, githurai,kahawa west,bypass,ruiru,thika(makongeni), matuu"
NTSA/RSN-0444,Nazigi,ADR-6DBS959,48B,48B (MEDIUM:51); 48C (MEDIUM:51); 30 (LOW:39),MEDIUM,51,"3 waypoints (westlands, kileleshwa, odeon); Terminal 'odeon'","odeon, westlands,lavington,kileleshwa,yaya,via prestige, kibera dc"
NTSA/RSN-0445,Neema Agency,NTR-00201911121120050,28,28 (MEDIUM:51); 25A (MEDIUM:48); 14 (LOW:36),MEDIUM,51,"3 waypoints (gikomba, eastleigh, kariobangi); Terminal 'gikomba'","Gikomba, Eastleigh,juja rd,Outering rd,Kariobangi,Baba dogo, , Lucky summer"
NTSA/RSN-0445,Neema Agency,NTR-00202010261059350,38/39,38/39 (LOW:36),LOW,36,"3 waypoints (kangundo, koma, ruai)","Kangundo rd, Ruai Greater Eastern Link rd Mwalimu fgarm Malaa, Koma Hill"
NTSA/RSN-0445,Neema Agency,ADR-2DVSRBM,14,14 (MEDIUM:63); 04SK (MEDIUM:63); 46B (MEDIUM:63),MEDIUM,63,"5 waypoints (ronald, kariobangi, eastleigh); Terminal 'otc'","Eastleigh, gikomba commercial ronald ngala forest rdkariokor thika rd juja rd outering rd baba dogo kariobangi south kariobangi lucky summer gituamba githurai eastern bypass kangundo rd ruai kamulu joska malaa greater eastern link rd mwalimu farm, Koma Hill"
NTSA/RSN-0445,Neema Agency,ADR-K9BF6B8,14,14 (MEDIUM:63); 04SK (MEDIUM:63); 46B (MEDIUM:63),MEDIUM,63,"6 waypoints (ronald, kariobangi, kariokor); Terminal 'otc'","Eastleigh, gikomba commercial ronald ngala forest rd ojijo rd parklands rhapta rd kariokor thika rd juja rd outering rd baba dogo kariobangi south kariobangi lucky summer gituamba githurai eastern bypass kangundo rd ruai kamulu joska malaa greater eastern link rd mwalimu farm, Koma Hill"
NTSA/RSN-0445,Neema Agency,ADR-7WRS92W,14,14 (MEDIUM:63); 04SK (MEDIUM:63); 46B (MEDIUM:63),MEDIUM,63,"6 waypoints (ronald, kariobangi, kariokor); Terminal 'otc'","Kariobangi, Eastleigh gikomba commercial ronald ngala forest rd Kangemi ojijo rd parklands rhapta rd kariokor thika rd Gatundu Thika Kilimambogo Oldonyo Sabuk Juja Rd outering rd baba dogo kariobangi south lucky summer gituamba githurai eastern bypass kangundo rd ruai kamulu joska malaa greater eastern link rd mwalimu farm Koma Hill, Matuu"
NTSA/RSN-0445,Neema Agency,ADR-EPJSABK,14,14 (MEDIUM:63); 46B (MEDIUM:63); 46H (MEDIUM:51),MEDIUM,63,"4 waypoints (ronald, kariobangi, juja); Terminal 'otc'","kariobangi south, juja road, kariokor, ronald ngara"
NTSA/RSN-0445,Neema Agency,ADR-Q5LCYZZ,,,UNMATCHED,0,Insufficient keyword overlap,"kariobangi, thika road, commercial"
NTSA/RSN-0445,Neema Agency,ADR-A5ACLOL,28,28 (LOW:39),LOW,39,"2 waypoints (gikomba, kariobangi); Terminal 'gikomba'","gikomba, juja road, kariobangi"
NTSA/RSN-0445,Neema Agency,NTR-00348,14,14 (MEDIUM:51); 46B (MEDIUM:51); 46H (LOW:39),MEDIUM,51,"3 waypoints (ronald, kariobangi, juja); Terminal 'otc'","ronald ngara, juja road, kariobangi"
NTSA/RSN-0445,Neema Agency,NTR-00349,14,14 (LOW:39); 46B (LOW:39); 237 (LOW:36),LOW,39,"2 waypoints (ronald, kariobangi); Terminal 'otc'","ronald ngara, thika road,alsolps, kariobangi"
NTSA/RSN-0445,Neema Agency,ADR-K9BF6V8,28,28 (LOW:39),LOW,39,"2 waypoints (kariobangi, gikomba); Terminal 'gikomba'","kariobangi south, outering road, thika road, gikomba, commercial"
NTSA/RSN-0445,Neema Agency,ADR-POKSME5,28,28 (LOW:39),LOW,39,"2 waypoints (gikomba, kariobangi); Terminal 'gikomba'","gikomba, kariobangi, juja road"
NTSA/RSN-0445,Neema Agency,ADR-DB3TBZ3,14,14 (LOW:39); 46B (LOW:39); 237 (LOW:36),LOW,39,"2 waypoints (ronald, kariobangi); Terminal 'otc'","ronald ngara, kariobangi, thika road"
NTSA/RSN-0445,Neema Agency,ADR-3ZQSLM2,14,14 (MEDIUM:51); 46B (MEDIUM:51); 46H (LOW:39),MEDIUM,51,"3 waypoints (ronald, kariobangi, juja); Terminal 'otc'","ronald ngara, kariobangi, juja road"
NTSA/RSN-0445,Neema Agency,NTR-00372,14,14 (LOW:39); 46B (LOW:39); 237 (LOW:36),LOW,39,"2 waypoints (ronald, kariobangi); Terminal 'otc'","ronald ngara, thika road, kariobangi"
NTSA/RSN-0445,Neema Agency,NTR-00357,14,14 (LOW:39); 1960 (LOW:39); 46B (LOW:39),LOW,39,"2 waypoints (ronald, kariobangi); Terminal 'otc'","dandora, kariobangi round about,alsolps,thika road, ronald ngara"
NTSA/RSN-0445,Neema Agency,ADR-JY7SQ6E,28,28 (LOW:39),LOW,39,"2 waypoints (gikomba, eastleigh); Terminal 'gikomba'","kariobagi, juja road, eastleigh, gikomba"
NTSA/RSN-0448,NEO Kenya Mpya Commuters,NTR-00922,118,118 (LOW:36),LOW,36,"3 waypoints (parklands, nairobi, bypass)","Mombasa Rd(cabanas), Airport North Rd Outering Rd Eastern Bypass Utawala Ruai Thika Rd Pangani Parklands, Nairobi"
NTSA/RSN-0448,NEO Kenya Mpya Commuters,NTR-001391,14,14 (LOW:36); 16/62 (LOW:36); 32D (LOW:36),LOW,36,"3 waypoints (pangani, community, kariokor)","Thika, Pangani Kariokor Community, Nairobi"
NTSA/RSN-0448,NEO Kenya Mpya Commuters,NTR-00211,,,UNMATCHED,0,Insufficient keyword overlap,"nairobi, embu, meru"
NTSA/RSN-0448,NEO Kenya Mpya Commuters,NTR-00615,,,UNMATCHED,0,Insufficient keyword overlap,"nairobi, nanyuki,meru, isiolo"
NTSA/RSN-0448,NEO Kenya Mpya Commuters,NTR-00202008171329140,,,UNMATCHED,0,Insufficient keyword overlap,"Thika, Outering road Kangundo road Airport North Road Taj Mall Eastern Bypass, Tala"
NTSA/RSN-0448,NEO Kenya Mpya Commuters,NTR-00149,,,UNMATCHED,0,Insufficient keyword overlap,"nairobi, thika,kerugoya, kirinyaga"
NTSA/RSN-0448,NEO Kenya Mpya Commuters,ADR-A5AC768,,,UNMATCHED,0,Insufficient keyword overlap,"nairobi, kirinyaga,thika, kerugoya"
NTSA/RSN-0448,NEO Kenya Mpya Commuters,ADR-9AKFWDO,,,UNMATCHED,0,Insufficient keyword overlap,"nairobi, thika, embu, meru"
NTSA/RSN-0448,NEO Kenya Mpya Commuters,ADR-DB3T368,,,UNMATCHED,0,Insufficient keyword overlap,"nairobi, meru, embu"
NTSA/RSN-0455,Ngokana,NTR-00166,111,111 (MEDIUM:51); 2 (LOW:39); 8 (LOW:39),MEDIUM,51,"3 waypoints (ngong, railways, karen); Terminal 'railways'","kiserian, ngong,karen,yaya,ambassador, railways"
NTSA/RSN-0455,Ngokana,NTR-00201901141019580,2,2 (MEDIUM:48); 24 (MEDIUM:48); 102 (MEDIUM:48),MEDIUM,48,"4 waypoints (kenyatta, corner, ngong)","kiserian, ngong,karen,dagoreti corner,prestige, kenyatta"
NTSA/RSN-0455,Ngokana,ADR-BQ9SQAO,2,2 (LOW:39); 5 (LOW:39); 8 (LOW:39),LOW,39,"2 waypoints (ngong, railways); Terminal 'railways'","kiserian, railways,ngong,yaya, gpo"
NTSA/RSN-0455,Ngokana,ADR-REOSZ9K,111,111 (MEDIUM:51); 2 (LOW:39); 8 (LOW:39),MEDIUM,51,"3 waypoints (ngong, railways, karen); Terminal 'railways'","kiserian, railways,ngong,karen,yaya, ambassador"
NTSA/RSN-0456,Ngong,NTR-00202003161526160,,,UNMATCHED,0,Insufficient keyword overlap,"Kiserian, NgongKarenNduyuYayaGpoAmbassadorRailwaysHaile sellasieMbagathi rd, Langata"
NTSA/RSN-0456,Ngong,NTR-0092,125,125 (MEDIUM:51); 126 (MEDIUM:51); 111 (LOW:39),MEDIUM,51,"3 waypoints (rongai, mbagathi, railways); Terminal 'railways'","Railways, KNH,Mbagathi Way,Rongai, Magadi"
NTSA/RSN-0456,Ngong,NTR-00202012151526570,24,24 (MEDIUM:63); 125 (MEDIUM:63); 126 (MEDIUM:63),MEDIUM,63,"4 waypoints (nyayo, ngong, stadium); Terminal 'kencom'","Kiserian, Ngong Karen Langata Mbagathi GPO Ambassador Haile selassie Nyayo Stadium Mombasa rd, Utawala"
NTSA/RSN-0456,Ngong,NTR-00202109161630370,24,24 (MEDIUM:63); 111 (MEDIUM:63); 125 (MEDIUM:63),MEDIUM,63,"4 waypoints (nyayo, ngong, stadium); Terminal 'kencom'","magadi, kiserian ongataRongai ngong Karen ndunyu knh Yaya langata nyayo stadium mbagathi GPO ambassador railways Mombasa Rd outering rd jogoo Rd. Kangundo Rd njiru, Utawala"
NTSA/RSN-0456,Ngong,NTR-0096,111,111 (MEDIUM:51); 2 (LOW:39); 5 (LOW:39),MEDIUM,51,"3 waypoints (ngong, railways, karen); Terminal 'railways'","kiserian, ngong,karen,nduyu,yaya,gpo,ambassador, railways"
NTSA/RSN-0456,Ngong,NTR-00166,111,111 (MEDIUM:51); 2 (LOW:39); 8 (LOW:39),MEDIUM,51,"3 waypoints (ngong, railways, karen); Terminal 'railways'","kiserian, ngong,karen,yaya,ambassador, railways"
NTSA/RSN-0456,Ngong,ADR-VYAS98E,2,2 (LOW:39); 5 (LOW:39); 8 (LOW:39),LOW,39,"2 waypoints (ngong, railways); Terminal 'railways'","kiserian, ngong, ndunyu, yaya, gpo, ambassadour, railways"
NTSA/RSN-0456,Ngong,ADR-Q5LCMPP,2,2 (LOW:39); 8 (LOW:39); 102 (LOW:39),LOW,39,"2 waypoints (ngong, railways); Terminal 'railways'","railways, ngong, kiserian"
NTSA/RSN-0456,Ngong,ADR-EPJSRKW,2,2 (LOW:39); 8 (LOW:39); 102 (LOW:39),LOW,39,"2 waypoints (ngong, railways); Terminal 'railways'","railways, kiserian, ngong"
NTSA/RSN-0456,Ngong,ADR-2DVSDM6,111,111 (MEDIUM:51); 2 (LOW:39); 8 (LOW:39),MEDIUM,51,"3 waypoints (ngong, railways, karen); Terminal 'railways'","kiserian, ngong, karen , dunyu, yaya, ambassador, railways"
NTSA/RSN-0457,Ngumo-line,NTR-00201911111218030,405,405 (MEDIUM:48); 24C (MEDIUM:48); 125 (LOW:36),MEDIUM,48,"4 waypoints (general, nyayo, stadium)","St peters, Serena,Valley rd,Knh,Ngumo,Soweto,Kibera,Mbagathi rd,Tmall,Nyayo stadium,Lusaka rd,Enterprise rd, General Motors"
NTSA/RSN-0457,Ngumo-line,NTR-00202110191107070,10,10 (MEDIUM:51); 69 (MEDIUM:51); 33DP (MEDIUM:51),MEDIUM,51,"3 waypoints (muthurwa, stadium, jogoo); Terminal 'muthurwa'","ngumo, mbagathi rd KNH tmall nyayo stadium lusaka rd muthurwa jogoo rd outering rd, Kangundo rd"
NTSA/RSN-0457,Ngumo-line,NTR-00157,34L,34L (LOW:39); 24C (LOW:36); 33NG (LOW:36),LOW,39,"2 waypoints (st.peters, mbagathi); Terminal 'knh'","st.peters, valley road,serena,knh,mbagathi, ngumo"
NTSA/RSN-0457,Ngumo-line,ADR-537H63J,,,UNMATCHED,0,Insufficient keyword overlap,"st.peters, serana, valley road, knh, ngumo, soweto, kibera"
NTSA/RSN-0457,Ngumo-line,ADR-A5ACLJJ,24C,24C (LOW:36); 33NG (LOW:36),LOW,36,"3 waypoints (valley, serena, mbagathi)","st.peters, ngumo,valley road,serena, mbagathi"
NTSA/RSN-0457,Ngumo-line,ADR-9AKFA7Y,34L,34L (LOW:39); 24C (LOW:36); 33NG (LOW:36),LOW,39,"2 waypoints (st.peters, mbagathi); Terminal 'knh'","st.peters, ngumo,valley road,serena,knh, mbagathi"
NTSA/RSN-1112,Nicco Movers,NTR-00201910041103390,,,UNMATCHED,0,Insufficient keyword overlap,"Luthuli Avenue, Thika rd,Juja,Makongeni,, Gatundu"
NTSA/RSN-1112,Nicco Movers,NTR-00912,,,UNMATCHED,0,Insufficient keyword overlap,"NAIROBI, MURANGA, KERUGOYA, EMBU, KARATINA, NYERI, NYAHURURU"
NTSA/RSN-1112,Nicco Movers,,,,UNMATCHED,0,Insufficient keyword overlap,NAKURU
NTSA/RSN-1112,Nicco Movers,NTR-00415,237,237 (MEDIUM:48); 46B (LOW:39),MEDIUM,48,"4 waypoints (ronald, thika, ngara)","ronald ngara, thika road, githurai"
NTSA/RSN-1112,Nicco Movers,NTR-00201911061447250,14,14 (MEDIUM:51); 46B (MEDIUM:51); 46H (MEDIUM:51),MEDIUM,51,"3 waypoints (ronald, juja, ngala); Terminal 'otc'","Ronald Ngala, Thika rd,Githurai,Juja, Thika (MAKONGENI)"
NTSA/RSN-1112,Nicco Movers,NTR-00202002041115240,04SK,04SK (MEDIUM:51); 35/60 (MEDIUM:51); 14 (LOW:39),MEDIUM,51,"3 waypoints (ronald, makongeni, ngala); Terminal 'otc'","Ronald Ngala, GithuraiJujaThika, Makongeni"
NTSA/RSN-1112,Nicco Movers,ADR-A5AC8E3,,,UNMATCHED,0,Insufficient keyword overlap,"nairobi, thika road, githurai"
NTSA/RSN-0464,Nkikan Society,NTR-00202108060738470,,,UNMATCHED,0,Insufficient keyword overlap,"Kitengela, isinya ngong karen kikuyu wangige northern bypass KU ruiru thika, Makongeni"
NTSA/RSN-0464,Nkikan Society,NTR-00840,126,126 (MEDIUM:48); 102 (LOW:36); 118 (LOW:36),MEDIUM,48,"4 waypoints (rongai, nairobi, kiserian)","Nairobi, kitengela namanga kiserian rongai gataka rd langata rdmbagathi rd ngong rd suswa kikuyu wangige nothern bypass kiambu ruiru thika, makongeni"
NTSA/RSN-0464,Nkikan Society,NTR-001424,4W,4W (LOW:36),LOW,36,"3 waypoints (nairobi, back, ngong)","nairobi, ngong rd,kiserian,isinya, namanga anad back"
NTSA/RSN-0464,Nkikan Society,NTR-00716,,,UNMATCHED,0,Insufficient keyword overlap,"nairobi, kiserian,isinya, namanga"
NTSA/RSN-0464,Nkikan Society,NTR-0095,126,126 (MEDIUM:51); 2 (LOW:39); 8 (LOW:39),MEDIUM,51,"3 waypoints (rongai, kiserian, railways); Terminal 'railways'","railways, rongai,kiserian, ngong"
NTSA/RSN-0464,Nkikan Society,ADR-ZZJSJLL,125,125 (MEDIUM:63); 126 (MEDIUM:63); 111 (LOW:39),MEDIUM,63,"4 waypoints (rongai, mbagathi, railways); Terminal 'railways'","railways, knh, mbagathi, langata road, rongai, kiserian, namanga"
NTSA/RSN-0464,Nkikan Society,ADR-2DVSRPD,126,126 (LOW:36); 126RK (LOW:36),LOW,36,"3 waypoints (rongai, nairobi, kiserian)","nairobi, rongai, kiserian, isinya, kajiado, namanga"
NTSA/RSN-0464,Nkikan Society,ADR-K9BF6YE,,,UNMATCHED,0,Insufficient keyword overlap,"nairobi, namanga,kiserian, isinya"
NTSA/RSN-0495,Obamana,NTR-00202011161232480,,,UNMATCHED,0,Insufficient keyword overlap,"Kangundo rd, Outering rd Juja rd Eatsleigh Gikomba Jogoo rd Enterprise rd Eatern Bypass, Alsops"
NTSA/RSN-0495,Obamana,NTR-00202211141656550,28,28 (LOW:39); 38/39 (LOW:39); 237 (LOW:36),LOW,39,"2 waypoints (gikomba, eastleigh); Terminal 'gikomba'","Bus Station, Westlands via Waiyaki Way Ruiru via Thika Rd Alsops Outering Rd Juja Rd Eastleigh Gikomba Jogoo Rd Enterprise Rd Mombasa Rd Eastern Bypass, Kangundo Rd"
NTSA/RSN-0495,Obamana,ADR-7WRSZQK,23KS,23KS (LOW:36); 38/39 (LOW:36),LOW,36,"3 waypoints (outer, temple, jogoo)","temple lane, jogoo road, outer ring road, kangundo road, kantafu market"
NTSA/RSN-0495,Obamana,ADR-BQ9S3KO,23KS,23KS (LOW:36); 38/39 (LOW:36),LOW,36,"3 waypoints (outer, temple, jogoo)","temple lane, kantafu market,jogoo road, outer ring road, kangundo road"
NTSA/RSN-0495,Obamana,ADR-REOSLDK,38/39,38/39 (MEDIUM:63),MEDIUM,63,"4 waypoints (kangundo, ruai, joska); Terminal 'bus station'","bus station, malaa,jogoo road,kangundo road,ruai, joska"
NTSA/RSN-0495,Obamana,ADR-MDMSAWB,38/39,38/39 (LOW:39),LOW,39,"2 waypoints (kangundo, jogoo); Terminal 'bus station'","bus station, jogoo road, buruburu, outering road, kangundo road, kantafu market"
NTSA/RSN-0499,Ongata Line,ADR-WZ9SWOK,125,125 (MEDIUM:63); 126 (MEDIUM:63); 111 (LOW:39),MEDIUM,63,"4 waypoints (rongai, ongata, mbagathi); Terminal 'railways'","railways, mbagathi way,ongata rongai, kiserian"
NTSA/RSN-0499,Ongata Line,ADR-537H6MR,126,126 (MEDIUM:63); 125 (MEDIUM:51); 126RK (LOW:36),MEDIUM,63,"4 waypoints (rongai, ongata, kiserian); Terminal 'railways'","railways, kiserian, ongata rongai"
NTSA/RSN-0499,Ongata Line,ADR-A5ACLW6,125,125 (MEDIUM:63); 126 (MEDIUM:63); 111 (LOW:39),MEDIUM,63,"4 waypoints (rongai, ongata, mbagathi); Terminal 'railways'","railways, kiserian,mbagathi way, ongata rongai"
NTSA/RSN-0500,Ongata Rongai BUS Services,NTR-00202106141134550,125,125 (MEDIUM:63); 126 (MEDIUM:63); 110 (LOW:39),MEDIUM,63,"4 waypoints (rongai, ongata, bomas); Terminal 'railways'","ongata rongai, bomas railways, Kitengela"
NTSA/RSN-0500,Ongata Rongai BUS Services,NTR-00138,126,126 (MEDIUM:63); 125 (MEDIUM:51); 111 (LOW:39),MEDIUM,63,"4 waypoints (kiserian, mbagathi, railways); Terminal 'railways'","kiserian, magadi road,langata road,mbagathi road,knh, railways"
NTSA/RSN-0500,Ongata Rongai BUS Services,NTR-00201909271127470,,,UNMATCHED,0,Insufficient keyword overlap,"KITENGELA, MLOLONGOEMBAKASIJOGOO RDMOMBASA ROADOUTERING ROADSAVANNAH ROUTEALSOPS, ACCRA RD"
NTSA/RSN-0500,Ongata Rongai BUS Services,NTR-00202007031207480,110,110 (MEDIUM:51); 11_2 (LOW:39); 110ATH (LOW:39),MEDIUM,51,"3 waypoints (mombasa, kitengela, railways); Terminal 'railways'","Railways, Kitengela via, Mombasa Rd"
NTSA/RSN-0500,Ongata Rongai BUS Services,ADR-POKSK2Q,126,126 (MEDIUM:63); 125 (MEDIUM:51); 126RK (LOW:36),MEDIUM,63,"4 waypoints (rongai, ongata, kiserian); Terminal 'railways'","railways, ongata rongai, kiserian"
NTSA/RSN-0500,Ongata Rongai BUS Services,ADR-VYASAY9,126,126 (MEDIUM:63); 125 (MEDIUM:51); 126RK (LOW:36),MEDIUM,63,"4 waypoints (rongai, ongata, kiserian); Terminal 'railways'","railways, kiserian, ongata rongai"
NTSA/RSN-0501,Orokise,NTR-00138,126,126 (MEDIUM:63); 125 (MEDIUM:51); 111 (LOW:39),MEDIUM,63,"4 waypoints (kiserian, mbagathi, railways); Terminal 'railways'","kiserian, magadi road,langata road,mbagathi road,knh, railways"
NTSA/RSN-0501,Orokise,ADR-3ZQSL52,126,126 (MEDIUM:63); 125 (MEDIUM:51); 111 (LOW:39),MEDIUM,63,"4 waypoints (rongai, mbagathi, railways); Terminal 'railways'","railways, knh,mbagathi way,rongai, kiserian"
NTSA/RSN-0501,Orokise,ADR-JY7SQ5E,126,126 (MEDIUM:63); 125 (MEDIUM:51); 126RK (LOW:36),MEDIUM,63,"4 waypoints (rongai, ongata, kiserian); Terminal 'railways'","railways, ongata rongai, kiserian"
NTSA/RSN-0501,Orokise,ADR-POKSMA5,126,126 (MEDIUM:63); 125 (MEDIUM:51); 126RK (LOW:36),MEDIUM,63,"4 waypoints (rongai, ongata, kiserian); Terminal 'railways'","railways, kiserian, ongata rongai"
NTSA/RSN-0501,Orokise,ADR-VYASVOO,126,126 (MEDIUM:63); 125 (MEDIUM:51); 111 (LOW:39),MEDIUM,63,"4 waypoints (kiserian, mbagathi, railways); Terminal 'railways'","kiserian, railways,magadi road,langata road,mbagathi road, knh"
NTSA/RSN-0501,Orokise,ADR-Q5LCYOZ,126,126 (LOW:36); 126RK (LOW:36),LOW,36,"3 waypoints (rongai, nairobi, kiserian)","nairobi, rongai, kiserian, isinya, kajiado, namanga"
NTSA/RSN-0501,Orokise,ADR-EPJSA3K,125,125 (MEDIUM:63); 126 (MEDIUM:63); 111 (LOW:39),MEDIUM,63,"4 waypoints (rongai, mbagathi, railways); Terminal 'railways'","railways, knh, mbagathi, langata road, rongai, kiserian, namanga"
NTSA/RSN-0501,Orokise,ADR-2DVSZJO,125,125 (MEDIUM:63); 126 (MEDIUM:63); 111 (LOW:39),MEDIUM,63,"4 waypoints (rongai, ongata, mbagathi); Terminal 'railways'","railways, mbagathi way,ongata rongai, kiserian"
NTSA/RSN-0501,Orokise,ADR-K9BFE9O,125,125 (MEDIUM:63); 126 (MEDIUM:63); 111 (LOW:39),MEDIUM,63,"4 waypoints (rongai, ongata, mbagathi); Terminal 'railways'","railways, kiserian,mbagathi way, ongata rongai"
NTSA/RSN-0501,Orokise,ADR-7WRS75B,126,126 (MEDIUM:63); 125 (MEDIUM:51); 111 (LOW:39),MEDIUM,63,"4 waypoints (rongai, mbagathi, kiserian); Terminal 'railways'","railways, kiserian,knh,mbagathi way, rongai"
NTSA/RSN-0501,Orokise,ADR-BQ9S76R,126,126 (MEDIUM:51); 2 (LOW:39); 8 (LOW:39),MEDIUM,51,"3 waypoints (rongai, kiserian, railways); Terminal 'railways'","railways, ngong,rongai, kiserian"
NTSA/RSN-0502,Oromats Society,ADR-A5AC875,126,126 (MEDIUM:63); 125 (MEDIUM:51); 111 (LOW:39),MEDIUM,63,"4 waypoints (kiserian, mbagathi, railways); Terminal 'railways'","kiserian, railways,magadi road,langata road,mbagathi road, knh"
NTSA/RSN-0502,Oromats Society,ADR-K9BF6YE,,,UNMATCHED,0,Insufficient keyword overlap,"nairobi, namanga,kiserian, isinya"
NTSA/RSN-0502,Oromats Society,ADR-DB3TO35,126,126 (MEDIUM:63); 125 (MEDIUM:51); 126RK (LOW:36),MEDIUM,63,"4 waypoints (rongai, ongata, kiserian); Terminal 'railways'","railways, ongata rongai, kiserian"
NTSA/RSN-0502,Oromats Society,ADR-POKSK8P,126,126 (MEDIUM:63); 125 (MEDIUM:51); 111 (LOW:39),MEDIUM,63,"4 waypoints (rongai, mbagathi, railways); Terminal 'railways'","railways, knh,mbagathi way,rongai, kiserian"
NTSA/RSN-0502,Oromats Society,NTR-00716,,,UNMATCHED,0,Insufficient keyword overlap,"nairobi, kiserian,isinya, namanga"
NTSA/RSN-0502,Oromats Society,ADR-LZRSR32,125,125 (MEDIUM:63); 126 (MEDIUM:63); 111 (LOW:39),MEDIUM,63,"4 waypoints (rongai, ongata, mbagathi); Terminal 'railways'","railways, mbagathi way,ongata rongai, kiserian"
NTSA/RSN-0502,Oromats Society,ADR-7WRS9VW,126,126 (LOW:36); 126RK (LOW:36),LOW,36,"3 waypoints (rongai, nairobi, kiserian)","nairobi, rongai, kiserian, isinya, kajiado, namanga"
NTSA/RSN-0502,Oromats Society,ADR-WZ9S937,,,UNMATCHED,0,Insufficient keyword overlap,"nairobi, kiserian, magadi"
NTSA/RSN-0502,Oromats Society,ADR-ZZJSJLL,125,125 (MEDIUM:63); 126 (MEDIUM:63); 111 (LOW:39),MEDIUM,63,"4 waypoints (rongai, mbagathi, railways); Terminal 'railways'","railways, knh, mbagathi, langata road, rongai, kiserian, namanga"
NTSA/RSN-0502,Oromats Society,NTR-00138,126,126 (MEDIUM:63); 125 (MEDIUM:51); 111 (LOW:39),MEDIUM,63,"4 waypoints (kiserian, mbagathi, railways); Terminal 'railways'","kiserian, magadi road,langata road,mbagathi road,knh, railways"
NTSA/RSN-0502,Oromats Society,ADR-ZZJSRQL,,,UNMATCHED,0,Insufficient keyword overlap,"ngong, kjiado,kiserian, isinya"
NTSA/RSN-0502,Oromats Society,ADR-8LMS9EB,125,125 (MEDIUM:51); 126 (MEDIUM:51); 111 (LOW:39),MEDIUM,51,"3 waypoints (rongai, mbagathi, railways); Terminal 'railways'","railways, magadi,knh,mbagathi way, rongai"
NTSA/RSN-0502,Oromats Society,ADR-YM3S56O,125,125 (MEDIUM:51); 126 (MEDIUM:51); 111 (LOW:39),MEDIUM,51,"3 waypoints (rongai, mbagathi, railways); Terminal 'railways'","railways, knh,mbagathi way,rongai, magadi"
NTSA/RSN-0503,Outer Circle,ADR-JY7SE2K,10,10 (LOW:39); 33DP (LOW:39),LOW,39,"2 waypoints (muthurwa, jogoo); Terminal 'muthurwa'","gillhouse, muthurwa,jogoo road,buruburu, civilservant"
NTSA/RSN-0503,Outer Circle,ADR-POKS75Z,,,UNMATCHED,0,Insufficient keyword overlap,"jericho, maringo,jogoo road, temple road"
NTSA/RSN-0503,Outer Circle,ADR-VYASZP6,,,UNMATCHED,0,Insufficient keyword overlap,"jericho, temple road,maringo, jogoo road"
NTSA/RSN-0503,Outer Circle,ADR-Q5LCBO2,,,UNMATCHED,0,Insufficient keyword overlap,"gill house, outering,jogoo road, buruburu"
NTSA/RSN-0503,Outer Circle,ADR-EPJSQ3P,10,10 (MEDIUM:51); 33DP (LOW:39),MEDIUM,51,"3 waypoints (maringo, muthurwa, jogoo); Terminal 'muthurwa'","muthurwa, jogoo road,maringo,jericho,bururburu, dandora"
NTSA/RSN-0503,Outer Circle,ADR-2DVS2JY,,,UNMATCHED,0,Insufficient keyword overlap,"gill house, jogoo road,buruburu, outering"
NTSA/RSN-0504,Outreach Travel,NTR-00202011131701470,10,10 (LOW:39); 33DP (LOW:39); 70/71 (LOW:39),LOW,39,"2 waypoints (muthurwa, jogoo); Terminal 'muthurwa'","Muthurwa, Jogoo rd Likoni rd Lungalunga Mombasa rd Taj Mall Outering rd, Alsops"
NTSA/RSN-0504,Outreach Travel,NTR-00202107081403490,38/39,38/39 (MEDIUM:48); 10 (LOW:39); 69 (LOW:39),MEDIUM,48,"5 waypoints (pass, jogoo, temple)","temple rd, muthurwa gikomba juja rd jogoo rd likoni rd lenterprise rd lusaka rd kwa njenga lunga lunga mombasa rd kitengela cabanaseastern by pass outering rd kangundo rd malaa, Thika rd"
NTSA/RSN-0504,Outreach Travel,NTR-00601,33DP,33DP (MEDIUM:51); 70/71 (MEDIUM:51); 38/39 (MEDIUM:48),MEDIUM,51,"3 waypoints (donholm, muthurwa, jogoo); Terminal 'muthurwa'","temple rd, muthurwa,jogoo rd,likoni rd,lungalunga rd, donholm route"
NTSA/RSN-0504,Outreach Travel,ADR-3ZQSVY2,10,10 (LOW:39); 33DP (LOW:39); 70/71 (LOW:39),LOW,39,"2 waypoints (muthurwa, jogoo); Terminal 'muthurwa'","Muthurwa, Jogoo rd Likoni rd Mombasa rd Taj Mall Outering rd, Alsops"
NTSA/RSN-0504,Outreach Travel,ADR-JY7S2OE,33DP,33DP (MEDIUM:51); 70/71 (MEDIUM:51); 10 (LOW:39),MEDIUM,51,"3 waypoints (donholm, muthurwa, jogoo); Terminal 'muthurwa'","muthurwa, jogoo road,likoni road,lungalunga, donholm"
NTSA/RSN-0504,Outreach Travel,ADR-POKS5L5,33DP,33DP (MEDIUM:51); 70/71 (MEDIUM:51); 10 (LOW:39),MEDIUM,51,"3 waypoints (donholm, muthurwa, jogoo); Terminal 'muthurwa'","muthurwa, donholm,jogoo road,likoni road, lungalunga"
NTSA/RSN-0504,Outreach Travel,ADR-VYASPKO,33DP,33DP (MEDIUM:51); 70/71 (MEDIUM:51); 38/39 (MEDIUM:48),MEDIUM,51,"3 waypoints (donholm, muthurwa, jogoo); Terminal 'muthurwa'","temple rd, donholm route,muthurwa,jogoo rd,likoni rd, lungalunga rd"
NTSA/RSN-0504,Outreach Travel,ADR-Q5LCEKZ,69,69 (LOW:39),LOW,39,"2 waypoints (lusaka, muthurwa); Terminal 'muthurwa'","muthurwa, kwa njenga,enterprise road, lusaka road"
NTSA/RSN-0506,Pakin Alicia Society,NTR-00126,102,102 (LOW:39),LOW,39,"2 waypoints (railways, kikuyu); Terminal 'railways'","railways, dagoreti, kikuyu"
NTSA/RSN-0506,Pakin Alicia Society,NTR-00104,102,102 (MEDIUM:51); 2 (LOW:39); 4W (LOW:39),MEDIUM,51,"3 waypoints (railways, dagoretti, kikuyu); Terminal 'railways'","railways, kikuyu, dagoretti"
NTSA/RSN-0506,Pakin Alicia Society,NTR-00667,102,102 (MEDIUM:51); 2 (LOW:39),MEDIUM,51,"3 waypoints (kawangware, railways, kikuyu); Terminal 'railways'","railways, kawangware,dagorretti,kikuyu, gikambura"
NTSA/RSN-0506,Pakin Alicia Society,NTR-00201901141021120,,,UNMATCHED,0,Insufficient keyword overlap,"knh, dagoreti,kikuyu, limuru"
NTSA/RSN-0506,Pakin Alicia Society,NTR-00202105240911050,2,2 (MEDIUM:63); 102 (MEDIUM:63); 111 (MEDIUM:51),MEDIUM,63,"4 waypoints (kawangware, ngong, railways); Terminal 'railways'","Railways, ngong rd karen dagoretti kawangware kikuyu, Limuru"
NTSA/RSN-0506,Pakin Alicia Society,NTR-00201901070914160,102,102 (LOW:36),LOW,36,"3 waypoints (kenyatta, dagoretti, kikuyu)","kenyatta, dagoretti,kikuyu, limuru"
NTSA/RSN-0506,Pakin Alicia Society,ADR-MDMSMR5,102,102 (LOW:39),LOW,39,"2 waypoints (railways, kikuyu); Terminal 'railways'","railways, dagoreti, kikuyu, limuru"
NTSA/RSN-0506,Pakin Alicia Society,ADR-YM3SLAD,102,102 (MEDIUM:63); 2 (MEDIUM:51); 4W (LOW:39),MEDIUM,63,"4 waypoints (kawangware, railways, dagoretti); Terminal 'railways'","railways, kawangware,kikuyu, dagoretti"
NTSA/RSN-0506,Pakin Alicia Society,ADR-8LMSO6W,102,102 (LOW:39),LOW,39,"2 waypoints (railways, kikuyu); Terminal 'railways'","railways, kikuyu, dagoreti"
NTSA/RSN-0506,Pakin Alicia Society,ADR-ZZJSZWW,102,102 (MEDIUM:63); 2 (MEDIUM:51); 4W (LOW:39),MEDIUM,63,"4 waypoints (kawangware, railways, dagoretti); Terminal 'railways'","railways, dagoretti,kawangware, kikuyu"
NTSA/RSN-0506,Pakin Alicia Society,ADR-LZRSRVZ,2,2 (LOW:39); 102 (LOW:39),LOW,39,"2 waypoints (kawangware, railways); Terminal 'railways'","railways, kawangware, limuru"
NTSA/RSN-0506,Pakin Alicia Society,ADR-O68I875,102,102 (MEDIUM:63); 2 (MEDIUM:51); 4W (MEDIUM:51),MEDIUM,63,"4 waypoints (ngong, railways, dagoretti); Terminal 'railways'","railways, kikuyu,ngong road, dagoretti"
NTSA/RSN-0506,Pakin Alicia Society,ADR-6DBSL7A,,,UNMATCHED,0,Insufficient keyword overlap,"kikuyu, gikambura, dagoreti"
NTSA/RSN-0506,Pakin Alicia Society,ADR-WZ9S96A,102,102 (MEDIUM:51); 2 (LOW:39); 4W (LOW:39),MEDIUM,51,"3 waypoints (railways, dagoretti, kikuyu); Terminal 'railways'","railways, dagoretti, kikuyu"
NTSA/RSN-01749,Pals Matatu,NTR-0042,2,2 (LOW:39); 56 (LOW:39); 102 (LOW:39),LOW,39,"2 waypoints (kawangware, railways); Terminal 'railways'","railways, yaya, kawangware"
NTSA/RSN-01749,Pals Matatu,NTR-00201907151554060,2,2 (MEDIUM:63); 102 (MEDIUM:63); 4W (MEDIUM:51),MEDIUM,63,"4 waypoints (kawangware, riruta, railways); Terminal 'railways'","railways, yaya,kawangware,riruta satelite, dagoretti market"
NTSA/RSN-3487,Peja,NTR-00202002270910280,38/39,38/39 (LOW:36),LOW,36,"3 waypoints (kangundo, saika, temple)","Saika, Kangundo rdDandoraOuteringBuruburuJerichoMaringoJogoo rdOtc, Temple rd"
NTSA/RSN-3487,Peja,ADR-EPJS7D5,,,UNMATCHED,0,Insufficient keyword overlap,"ALSOLPS,, OUTERING ROAD,, CITY CABANAS AND BACK"
NTSA/RSN-3487,Peja,ADR-POKS75Z,,,UNMATCHED,0,Insufficient keyword overlap,"jericho, maringo,jogoo road, temple road"
NTSA/RSN-3487,Peja,NTR-00202002270910280,38/39,38/39 (LOW:36),LOW,36,"3 waypoints (kangundo, saika, temple)","Saika, Kangundo rdDandoraOuteringBuruburuJerichoMaringoJogoo rdOtc, Temple rd"
NTSA/RSN-3487,Peja,ADR-EPJS7D5,,,UNMATCHED,0,Insufficient keyword overlap,"ALSOLPS,, OUTERING ROAD,, CITY CABANAS AND BACK"
NTSA/RSN-3487,Peja,ADR-POKS75Z,,,UNMATCHED,0,Insufficient keyword overlap,"jericho, maringo,jogoo road, temple road"
NTSA/RSN-0508,Pejo Tech Company,NTR-00741,38/39,38/39 (MEDIUM:63); 10 (MEDIUM:51); 16/62 (MEDIUM:51),MEDIUM,63,"6 waypoints (ruai, jogoo, makongeni); Terminal 'bus station'","Bus Station, Jogoo rd Muthurwa Gikomba Kariokor Juja Rd OuteringRd Allsops Kariobangi dandora Moslem machakos mlolongo mombasa rd Cabanas EasternBypass Utawala Ruiru Roundabout kangundo rd ruai joska malaa tala Thika Makongeni kiskioni donyosabuk kilimambogo, Nyeri"
NTSA/RSN-0508,Pejo Tech Company,NTR-00114,14,14 (MEDIUM:51); 04SK (LOW:39); 35/60 (LOW:39),MEDIUM,51,"3 waypoints (ronald, kariobangi, ngala); Terminal 'otc'","ronald ngala, kariobangi, dandora"
NTSA/RSN-0508,Pejo Tech Company,NTR-00357,14,14 (LOW:39); 1960 (LOW:39); 46B (LOW:39),LOW,39,"2 waypoints (ronald, kariobangi); Terminal 'otc'","dandora, kariobangi round about,alsolps,thika road, ronald ngara"
NTSA/RSN-0508,Pejo Tech Company,ADR-9AKFR89,14,14 (MEDIUM:51); 46B (MEDIUM:51); 46H (MEDIUM:51),MEDIUM,51,"3 waypoints (ronald, juja, ngala); Terminal 'otc'","dandora, juja road, ronald ngala"
NTSA/RSN-0510,Pinpoint Solution (k),NTR-00202109291448350,38/39,38/39 (MEDIUM:63); 10 (MEDIUM:51); 04SK (MEDIUM:51),MEDIUM,63,"4 waypoints (kangundo, kayole, muthurwa); Terminal 'bus station'","thika rd, bypass kangundo rd jogoo rd eastleigh juja rd gikomba alsops maringo jericho outering rd kamuluruiru OTC mombasa rd komarock muthurwa bus station kayole, Utawala"
NTSA/RSN-0510,Pinpoint Solution (k),NTR-0047,10,10 (LOW:39); 1960 (LOW:39); 04SK (LOW:39),LOW,39,"2 waypoints (muthurwa, jogoo); Terminal 'muthurwa'","kayole, jogoo road,muthurwa, otc"
NTSA/RSN-0510,Pinpoint Solution (k),NTR-00117,,,UNMATCHED,0,Insufficient keyword overlap,"kayole, juja road, gikomba"
NTSA/RSN-0510,Pinpoint Solution (k),NTR-00439,38/39,38/39 (MEDIUM:51); 10 (LOW:39); 33DP (LOW:39),MEDIUM,51,"3 waypoints (kayole, muthurwa, jogoo); Terminal 'bus station'","bus station, jogoo road,kayole, muthurwa"
NTSA/RSN-0510,Pinpoint Solution (k),ADR-EPJSEOJ,1960,1960 (LOW:39); 04SK (LOW:39); 1961K (LOW:39),LOW,39,"2 waypoints (kayole, jogoo); Terminal 'otc'","kayole, jogoo road, otc"
NTSA/RSN-0510,Pinpoint Solution (k),ADR-2DVSRE2,1960,1960 (LOW:39); 04SK (LOW:39); 1961K (LOW:39),LOW,39,"2 waypoints (kayole, jogoo); Terminal 'otc'","kayole, otc, jogoo road"
NTSA/RSN-0510,Pinpoint Solution (k),ADR-K9BF6PW,10,10 (LOW:39); 1960 (LOW:39); 04SK (LOW:39),LOW,39,"2 waypoints (muthurwa, jogoo); Terminal 'muthurwa'","kayole, jogoo road, muthurwa, otc, mfangano"
NTSA/RSN-0510,Pinpoint Solution (k),ADR-7WRS985,,,UNMATCHED,0,Insufficient keyword overlap,"kayole, gikomba, juja road"
NTSA/RSN-0510,Pinpoint Solution (k),ADR-BQ9SQ96,38/39,38/39 (MEDIUM:51); 10 (LOW:39); 33DP (LOW:39),MEDIUM,51,"3 waypoints (kayole, muthurwa, jogoo); Terminal 'bus station'","bus station, muthurwa, jogoo road, kayole, eastern bypass, utawala"
NTSA/RSN-0510,Pinpoint Solution (k),ADR-REOSZAE,,,UNMATCHED,0,Insufficient keyword overlap,"kayole, komarocksmolemjuja road, eastleigh"
NTSA/RSN-0510,Pinpoint Solution (k),ADR-MDMSJVR,10,10 (LOW:39); 33DP (LOW:39); 38/39 (LOW:36),LOW,39,"2 waypoints (muthurwa, jogoo); Terminal 'muthurwa'","muthurwa, jogoo road, kayole"
NTSA/RSN-0513,Prime Transcity,NTR-0048,28,28 (LOW:39),LOW,39,"2 waypoints (gikomba, eastleigh); Terminal 'gikomba'","kayole, juja road,eastleigh, gikomba"
NTSA/RSN-0513,Prime Transcity,NTR-00117,,,UNMATCHED,0,Insufficient keyword overlap,"kayole, juja road, gikomba"
NTSA/RSN-0513,Prime Transcity,NTR-0047,10,10 (LOW:39); 1960 (LOW:39); 04SK (LOW:39),LOW,39,"2 waypoints (muthurwa, jogoo); Terminal 'muthurwa'","kayole, jogoo road,muthurwa, otc"
NTSA/RSN-0513,Prime Transcity,NTR-00206,,,UNMATCHED,0,Insufficient keyword overlap,"kayole, umoja, outering, juja road, gikomba"
NTSA/RSN-0513,Prime Transcity,NTR-0052,,,UNMATCHED,0,Insufficient keyword overlap,"kayole, umoja,outering,juja road, gikomba"
NTSA/RSN-0513,Prime Transcity,NTR-00201907151558480,,,UNMATCHED,0,Insufficient keyword overlap,"kayole, komarock rd,juja rd, gikomba"
NTSA/RSN-0513,Prime Transcity,ADR-MDMSMO6,33DP,33DP (MEDIUM:51); 38/39 (MEDIUM:48); 10 (LOW:39),MEDIUM,51,"3 waypoints (tassia, muthurwa, jogoo); Terminal 'muthurwa'","Kangundo rd, Kamulu Eastern bypass Cabanas Outering rd Tassia link Savannah Komarock Umoja komarock rd Heshima rd Jogoo rd Muthurwa Gikomba Eastleigh juja rd Mihango, Ruiru underpass"
NTSA/RSN-0513,Prime Transcity,ADR-YM3SL58,04SK,04SK (MEDIUM:63); 1960 (MEDIUM:51); 33DP (MEDIUM:51),MEDIUM,63,"4 waypoints (kangundo, umoja, kayole); Terminal 'otc'","Kangundo rd, Kamulu Eastern bypass Cabanas Outering rd alsops Tassia link Savannah Komarock Umoja kayole komarock rd Heshima rd Jogoo rd otc Muthurwa Gikomba Eastleigh juja rd Mihango, Ruiru underpass"
NTSA/RSN-0513,Prime Transcity,ADR-8LMSO95,1960,1960 (LOW:39); 04SK (LOW:39); 1961K (LOW:39),LOW,39,"2 waypoints (kayole, jogoo); Terminal 'otc'","kayole, jogoo road, otc"
NTSA/RSN-0513,Prime Transcity,ADR-ZZJSZR9,,,UNMATCHED,0,Insufficient keyword overlap,"kayole, komarocksmolemjuja road, eastleigh"
NTSA/RSN-0513,Prime Transcity,ADR-LZRSRY7,1960,1960 (LOW:39); 04SK (LOW:39); 1961K (LOW:39),LOW,39,"2 waypoints (kayole, jogoo); Terminal 'otc'","kayole, otc, jogoo road"
NTSA/RSN-0513,Prime Transcity,ADR-O68I8PL,28,28 (LOW:39),LOW,39,"2 waypoints (gikomba, eastleigh); Terminal 'gikomba'","kayole, gikomba,juja road, eastleigh"
NTSA/RSN-0513,Prime Transcity,ADR-6DBSLZL,10,10 (LOW:39); 1960 (LOW:39); 04SK (LOW:39),LOW,39,"2 waypoints (muthurwa, jogoo); Terminal 'muthurwa'","kayole, otc,jogoo road, muthurwa"
NTSA/RSN-0513,Prime Transcity,ADR-WZ9S9VL,,,UNMATCHED,0,Insufficient keyword overlap,"kayole, gikomba, juja road"
NTSA/RSN-0516,QUE Services,NTR-00731,,,UNMATCHED,0,Insufficient keyword overlap,"huruma, eeastleigh, lunga lunga"
NTSA/RSN-0516,QUE Services,ADR-K9BFBEY,116,116 (LOW:36); 1961K (LOW:36); 19C (LOW:36),LOW,36,"3 waypoints (mombasa, green, likoni)","Huruma, Eastleigh, Jogoo road, Likoni road, Lunga lunga, Outering road, Green span, Cabanas Terminus, Mombasa rd"
NTSA/RSN-0516,QUE Services,ADR-7WRS27O,116,116 (LOW:36); 1961K (LOW:36); 19C (LOW:36),LOW,36,"3 waypoints (mombasa, green, likoni)","Huruma, Eastleigh, Jogoo roadlusaka rd enterprise rd, Likoni road, Lunga lunga, Outering road kangundo rd kamulu, Green span, Cabanas Terminus, Mombasa rd"
NTSA/RSN-0516,QUE Services,ADR-BQ9SZ77,,,UNMATCHED,0,Insufficient keyword overlap,"huruma, eastleigh, jogoo road, likoni road, lunga lunga"
NTSA/RSN-0516,QUE Services,ADR-REOSO8Z,,,UNMATCHED,0,Insufficient keyword overlap,"huruma, lunga lunga,eastleigh, jogoo road, likoni road"
NTSA/RSN-0516,QUE Services,ADR-MDMSMKA,,,UNMATCHED,0,Insufficient keyword overlap,"huruma, lunga lunga, eeastleigh"
NTSA/RSN-0516,QUE Services,ADR-YM3SLVL,46B,46B (MEDIUM:63); 14 (MEDIUM:51); 46H (MEDIUM:51),MEDIUM,63,"4 waypoints (ronald, ngara, juja); Terminal 'otc'","huruma, ronald ngala,juja, ngara"
NTSA/RSN-0516,QUE Services,ADR-8LMSOJE,14,14 (MEDIUM:51); 46B (MEDIUM:51); 46H (MEDIUM:51),MEDIUM,51,"3 waypoints (ronald, ngala, kariokor); Terminal 'otc'","huruma, ronald ngala,joskasaga, kariokor"
NTSA/RSN-02043,RAJ Safaris,NTR-00202106161128210,2,2 (MEDIUM:63); 102 (MEDIUM:63); 4W (MEDIUM:63),MEDIUM,63,"5 waypoints (dagoretti, kawangware, ngong); Terminal 'railways'","Railways, ngong rd kibera yaya kawangware dagoretti, kabiria"
NTSA/RSN-02043,RAJ Safaris,NTR-00202107081548470,2,2 (MEDIUM:63); 102 (MEDIUM:63); 4W (MEDIUM:51),MEDIUM,63,"4 waypoints (kawangware, kibera, railways); Terminal 'railways'","tom mboya, mombasa rd utawala eastern bypass kamakis railways via thika rdngong rd kibera yaya kawangware dagoretti, kabiria"
NTSA/RSN-02043,RAJ Safaris,NTR-0077,2,2 (MEDIUM:63); 102 (MEDIUM:63); 4W (MEDIUM:63),MEDIUM,63,"5 waypoints (dagoretti, kawangware, ngong); Terminal 'railways'","Tom Mboya, Mombasa RdUtawala Eastern Bypass Kamakis Railways via Thika Rd Kibera Yaya Kawangware Dagoretti Kabiria Rongai Ngong Kiserian Isinya, Kitengela"
NTSA/RSN-4328,Rasasi,NTR-00201911081222270,15,15 (MEDIUM:51); 24 (MEDIUM:48); 125 (MEDIUM:48),MEDIUM,51,"3 waypoints (nyayo, stadium, langata); Terminal 'bus station'","Bus station, Nyayo stadium,Langata,St marys,Rongai,Kiserian,Ngong,Karen,Dagoretti corner,Knh,Kileleshwa,Westlands,Museum road,Limuru rd, Ruaka"
NTSA/RSN-4328,Rasasi,NTR-00370,34L,34L (MEDIUM:48); 15 (LOW:39); 24C (LOW:36),MEDIUM,48,"4 waypoints (kenyatta, otiende, mbagathi)","bus station, kenyatta,mbagathi road,langata,otiende, st marys"
NTSA/RSN-4328,Rasasi,NTR-00201903041604540,16,16 (MEDIUM:51); 2 (MEDIUM:48); 24 (MEDIUM:48),MEDIUM,51,"3 waypoints (kenyatta, nyayo, stadium); Terminal 'bus station'","bus station, nyayo stadium,rongai,kiserian,ngong,karen,dagoretti corner, kenyatta hospital"
NTSA/RSN-4328,Rasasi,NTR-00201901141206210,24,24 (MEDIUM:48); 111 (MEDIUM:48); 126 (MEDIUM:48),MEDIUM,48,"6 waypoints (nyayo, karen, ngong)","nyayo stadium, rongai,kiserian,ngong,karen,dagoreti corner, kenyatta hospital"
NTSA/RSN-4328,Rasasi,ADR-POKSO32,34L,34L (MEDIUM:63); 15 (LOW:39); 24C (LOW:36),MEDIUM,63,"4 waypoints (otiende, mbagathi, langata); Terminal 'knh'","bus station, knh,mbagathi way, langata,otiende, st.marys hospital"
NTSA/RSN-0523,Rembo Shuttle Savings AND Credit,NTR-00202008111552550,,,UNMATCHED,0,Insufficient keyword overlap,"Athi River, KitengelaKataniJoskaKangundo road, Koma Bus Park"
NTSA/RSN-0523,Rembo Shuttle Savings AND Credit,NTR-001098,110,110 (LOW:39); 11_2 (LOW:39),LOW,39,"2 waypoints (kitengela, railways); Terminal 'railways'","railways, athi river, kitengela, machakos"
NTSA/RSN-0523,Rembo Shuttle Savings AND Credit,NTR-001104,110,110 (LOW:39); 11_2 (LOW:39),LOW,39,"2 waypoints (kitengela, railways); Terminal 'railways'","railways, kitengela, athi river, machakos"
NTSA/RSN-0523,Rembo Shuttle Savings AND Credit,NTR-00202008171333500,,,UNMATCHED,0,Insufficient keyword overlap,"Cabanas, Kangundo road Ruai, Komarock stage"
NTSA/RSN-0523,Rembo Shuttle Savings AND Credit,NTR-00202008210840050,110,110 (LOW:39),LOW,39,"2 waypoints (kitengela, railways); Terminal 'railways'","Railways, Athi River Kitengela, Kajiado"
NTSA/RSN-0523,Rembo Shuttle Savings AND Credit,NTR-0020160526151433,110,110 (MEDIUM:51); 38/39 (MEDIUM:48); 111 (LOW:39),MEDIUM,51,"3 waypoints (cabanas, kitengela, railways); Terminal 'railways'","Railways, Jogoo rd Cabanas Kitengela Kajiado Athi River Machakos Katani Kangundo road Ruai Joska, Koma bus"
NTSA/RSN-0523,Rembo Shuttle Savings AND Credit,ADR-8LMSEKM,110,110 (MEDIUM:51); 38/39 (MEDIUM:48); 11_2 (LOW:39),MEDIUM,51,"3 waypoints (cabanas, kitengela, railways); Terminal 'railways'","Railways, Kitengela Kajiado Athi River Machakos Katani Cabanas Kangundo road Ruai Joska, Koma bus"
NTSA/RSN-0523,Rembo Shuttle Savings AND Credit,ADR-ZZJSQ8V,110,110 (LOW:39),LOW,39,"2 waypoints (kitengela, railways); Terminal 'railways'","railways, athi river, kitengela"
NTSA/RSN-0523,Rembo Shuttle Savings AND Credit,ADR-LZRSWDO,110,110 (LOW:39); 11_2 (LOW:39),LOW,39,"2 waypoints (kitengela, railways); Terminal 'railways'","railways, athiriver,kitengela, machakos"
NTSA/RSN-0523,Rembo Shuttle Savings AND Credit,ADR-O68I2KM,110,110 (LOW:39); 11_2 (LOW:39),LOW,39,"2 waypoints (kitengela, railways); Terminal 'railways'","railways, athiriver, kitengela, machakos"
NTSA/RSN-0523,Rembo Shuttle Savings AND Credit,ADR-6DBS8YD,110,110 (LOW:39),LOW,39,"2 waypoints (kitengela, railways); Terminal 'railways'","railways, kitengela, athi river"
NTSA/RSN-0523,Rembo Shuttle Savings AND Credit,ADR-WZ9SL29,110,110 (LOW:39); 11_2 (LOW:39),LOW,39,"2 waypoints (kitengela, railways); Terminal 'railways'","railways, machakos,athiriver, kitengela"
NTSA/RSN-0523,Rembo Shuttle Savings AND Credit,ADR-537HYLY,110,110 (LOW:39); 11_2 (LOW:39),LOW,39,"2 waypoints (kitengela, railways); Terminal 'railways'","railways, machakos,athiriver, kitengela"
NTSA/RSN-0523,Rembo Shuttle Savings AND Credit,ADR-A5AC2MV,110,110 (LOW:39); 11_2 (LOW:39),LOW,39,"2 waypoints (kitengela, railways); Terminal 'railways'","railways, kitengela, athiriver, machakos"
NTSA/RSN-1912,Risen Company,NTR-00202009101618560,,,UNMATCHED,0,Insufficient keyword overlap,"Umoja innercore, KomarockSavannahOutering rdEmbakasiCabanasMombasa rdIndustrial areaEastern bypassUtawalaKangundo rdRuaiKomarock rdJuja rdEastleighJogoo rdMumias rdThika rdKahawa westCommercialRailwaysLangata rdOngata RongaiKiserianNgongKaren, Ngong rd"
NTSA/RSN-1912,Risen Company,NTR-00417,,,UNMATCHED,0,Insufficient keyword overlap,"Subukia, Njoro Molo Mau Narok Kitale Eldoret Muhoroni Kericho Kakamega Kapsabet Malaba Bungoma Webuye Kisumu Kisii Narok Nakuru Nairobi Kangundo, Machakos"
NTSA/RSN-1912,Risen Company,NTR-00202211071526240,,,UNMATCHED,0,Insufficient keyword overlap,"Kitui, KibweziMachakosKajiadoKangundoKangundo Rd NairobiKiambuThikaMurangaEmbuNyeriMeruNyahururuSubukiaNyandaruaNakuruNjoroMau -NarokKisiiMuhoroniKerichoKisumuBusiaMalabaKakamegaBungomaWebuyeEldoret, kitale"
NTSA/RSN-1912,Risen Company,ADR-BQ9SPKR,58,58 (MEDIUM:63); 19C (MEDIUM:63); 23KS (MEDIUM:63),MEDIUM,63,"4 waypoints (shauri, jogoo, buruburu); Terminal 'kencom'","Shauri moyo, Jogoo rd Buruburu outering civil servant Umoja Kangundo rd kayole Soweto Komarock Savannah Embakasi Industrial area Eastern Bypass Mombasa rd Ktani Syokimau Mlolongo Kajiado Athi river Machakos Kangundo Outering rd Juja rd Eastleigh Kabirea SatelliteNrb Upperhill Moi Avenue Community Westlands Parklands Forest rd Thika rd Zimmerman 44 Kahawa West Ruiru, Thika(Makongeni)"
NTSA/RSN-1912,Risen Company,ADR-REOSBDD,58,58 (MEDIUM:63); 111 (MEDIUM:63); 11_2 (MEDIUM:63),MEDIUM,63,"4 waypoints (shauri, jogoo, buruburu); Terminal 'kencom'","Shauri moyo, Jogoo rd Buruburu Outering rdKangundo rd Umoja Innercore KomarockSavannah Embakasi Industrial Area Mombasa rd Katani Athi river Kitengela Eastern BypassUtawala KangundoKomarockrd Juja rd Eastleigh Thika rd ZimmermanKahawa WestJuja Commercial Langatard Mbagathi rd Ongata Rongai Karen Yaya Ngong rdKenyatta Community.GPO Moi Avenue, Railway"
NTSA/RSN-1912,Risen Company,ADR-MDMSOW2,58,58 (MEDIUM:63); 111 (MEDIUM:63); 126 (MEDIUM:63),MEDIUM,63,"4 waypoints (shauri, jogoo, buruburu); Terminal 'kencom'","Shauri moyo, Jogoo rd Buruburu Outering rdKangundo rd Umoja Innercore KomarockSavannah Embakasi Industrial Area Mombasa rd Katani Athi river Kitengela Eastern BypassUtawala KangundoKomarockrd Juja rd Eastleigh Thika rd ZimmermanKahawa WestJuja Commercial Langatard Mbagathi rd Ongata Rongai Kiserian Ngong Karen Yaya Ngong rdKenyatta Community.GPO Moi Avenue, Railway"
NTSA/RSN-1912,Risen Company,ADR-YM3S5Z2,14,14 (MEDIUM:63); 58 (MEDIUM:63); 1960 (MEDIUM:63),MEDIUM,63,"5 waypoints (ronald, eastleigh, ngala); Terminal 'otc'","Ronald Ngala, Jogoo rd Shauri Moyo Buruburu outering civil servant Umoja Kangundo rd kayole Soweto Komarock Savannah Embakasi Industrial area Eastern Bypass Mombasa rd Katani Syokimau Mlolongo Kajiado Athi river Machakos Kangundo Outering rd Juja rd Eastleigh Kabirea Satellite Nrb Upperhill Moi Avenue Community Westlands Parklands Forest rd Thika rd Zimmerman 44 Kahawa West Ruiru, Thika (Makongeni)"
NTSA/RSN-1912,Risen Company,ADR-8LMS9A3,14,14 (MEDIUM:63); 58 (MEDIUM:63); 1960 (MEDIUM:63),MEDIUM,63,"5 waypoints (ronald, eastleigh, ngala); Terminal 'otc'","Ronald Ngala, Tom Mboya Jogoo rd Shauri Moyo Buruburu outering civil servant Umoja Kangundo rd kayole Soweto Komarock Savannah Embakasi Industrial area Eastern Bypass Mombasa rd Katani Syokimau Mlolongo Kajiado Athi river Machakos Kangundo Outering rd Juja rd Eastleigh Kabiria Satellite Nrb Upperhill Moi Avenue Community Westlands Parklands Forest rd Thika rd Zimmerman 44 Kahawa West Ruiru, Thika (Makongeni)"
NTSA/RSN-1912,Risen Company,ADR-ZZJSRPE,14,14 (MEDIUM:63); 58 (MEDIUM:63); 1960 (MEDIUM:63),MEDIUM,63,"5 waypoints (ronald, eastleigh, ngala); Terminal 'otc'","Ronald Ngala, Jogoo rd Shauri Moyo Buruburu outering civil servant Umoja Kangundo rd kayole Soweto Komarock Savannah Embakasi Industrial area Eastern Bypass Mombasa rd Katani Syokimau Mlolongo Kajiado Athi river Machakos Kangundo Outering rd Juja rd Eastleigh Kabirea Satellite Nrb Upperhill Moi Avenue Community Kikuyu Westlands Parklands Forest rd Thika rd Kasarani Mwiki Zimmerman 44 Kahawa West Ruiru, Thika (Makongeni)"
NTSA/RSN-1912,Risen Company,,11,11 (MEDIUM:63); 14 (MEDIUM:63); 15 (MEDIUM:63),MEDIUM,63,"4 waypoints (mombasa, industrial, machakos); Terminal 'bus station'","Ronald ngala - Komarock, Embakasi,Kayole, Soweto ,Umoja, Buru buru,imara daima, outering, civil servant , juja rd, eastleigh, bus station, tom mboya ,Mfangano street/Lane, Industrial area,Mombasa rd, Utawala, Eastern by pass,Kangundo, Machakos, Kitengela, Athiriver,Katani, Syokimau,Ngong rd, Karen, Ngong, Ongata Rongai, Kabiria, Yaya, Kawangware, Ngumo, Mbagathi way, Langata, satellite,GPO,upper hill, KNH, Moi avenue, Ambassadeur, Community, Commercial,Accra rd, Temple road, Westlands, Kikuyu,parklands,forest rd,thika rd, Kasarani,Mwiki, Zimmerman,44 kahawa west,Ruiru,Juja,Thika - makongeni and back- Ronald ngala - Komarock, Embakasi,Kayole, Soweto ,Umoja, Buru buru,imara daima, outering, civil servant , juja rd, eastleigh, bus station, tom mboya ,Mfangano street/Lane, Industrial area,Mombasa rd, Utawala, Eastern by pass,Kangundo, Machakos, Kitengela, Athiriver,Katani, Syokimau,Ngong rd, Karen, Ngong, Ongata Rongai, Kabiria, Yaya, Kawangware, Ngumo, Mbagathi way, Langata, satellite,GPO,upper hill, KNH, Moi avenue, Ambassadeur, Community, Commercial,Accra rd, Temple road, Westlands, Kikuyu,parklands,forest rd,thika rd, Kasarani,Mwiki, Zimmerman,44 kahawa west,Ruiru,Juja,Thika - makongeni and back - Ronald ngala - Komarock, Embakasi,Kayole, Soweto ,Umoja, Buru buru,imara daima, outering, civil servant , juja rd, eastleigh, bus station, tom mboya ,Mfangano street/Lane, Industrial area,Mombasa rd, Utawala, Eastern by pass,Kangundo, Machakos, Kitengela, Athiriver,Katani, Syokimau,Ngong rd, Karen, Ngong, Ongata Rongai, Kabiria, Yaya, Kawangware, Ngumo, Mbagathi way, Langata, satellite,GPO,upper hill, KNH, Moi avenue, Ambassadeur, Community, Commercial,Accra rd, Temple road, Westlands, Kikuyu,parklands,forest rd,thika rd, Kasarani,Mwiki, Zimmerman,44 kahawa west,Ruiru,Juja,Thika - makongeni and back"
NTSA/RSN-0527,ROG,NTR-00201911291552040,15,15 (LOW:36); 34L (LOW:36),LOW,36,"3 waypoints (nairobi, otiende, langata)","Nairobi Cbd, Bus stationLangata shopping centreVia Langata rd, Otiende"
NTSA/RSN-0527,ROG,NTR-00202107071442490,23KS,23KS (MEDIUM:48); 26S (MEDIUM:48); 28 (LOW:39),MEDIUM,48,"4 waypoints (estate, kimathi, jerusalem)","Gikomba, eastleigh umoja buruburu jerusalem, kimathi estate"
NTSA/RSN-0527,ROG,NTR-00776,33C,33C (MEDIUM:48); 33FED (MEDIUM:48); 33TP (MEDIUM:48),MEDIUM,48,"4 waypoints (cabanas, pipeline, city)","Gill House, Jogoo Rd Buruburu Umoja Outering Rd Juja Rd Ojijo Rd via Westlands Mombasa Rd City Cabanas, Pipeline"
NTSA/RSN-0527,ROG,NTR-00202203011351100,1960,1960 (MEDIUM:48); 04SK (MEDIUM:48); 1961K (MEDIUM:48),MEDIUM,48,"4 waypoints (umoja, donholm, city)","Gill House, Jogoo Rd Donholm Savanna Greenspan Buruburu Umoja Kangundo Rd Outering Rd Juja Rd Ojijo Rd via Westlands Mombasa Rd City Cabanas, Pipeline"
NTSA/RSN-0527,ROG,ADR-DB3TOO5,33C,33C (MEDIUM:48); 33FED (MEDIUM:48); 33TP (MEDIUM:48),MEDIUM,48,"4 waypoints (cabanas, pipeline, city)","Gill House, Jogoo Rd DonholmSavanna GreenspanBuruburuUmojaOutering Rd Juja Rd Ojijo Rd via Westlands Mombasa Rd City Cabanas, Pipeline"
NTSA/RSN-0527,ROG,ADR-3ZQS22L,,,UNMATCHED,0,Insufficient keyword overlap,"gill house, jogoo road,buruburu, outering"
NTSA/RSN-0527,ROG,ADR-JY7S77Z,7,7 (LOW:39),LOW,39,"2 waypoints (luthuli, kariokor); Terminal 'gikomba'","luthuli avenue, kariokor, eastleigh"
NTSA/RSN-0527,ROG,ADR-POKSKKO,10,10 (LOW:39); 33DP (LOW:39),LOW,39,"2 waypoints (muthurwa, jogoo); Terminal 'muthurwa'","gillhouse, muthurwa,jogoo road,buruburu, civilservant"
NTSA/RSN-0527,ROG,ADR-VYASAAA,,,UNMATCHED,0,Insufficient keyword overlap,"gill house, outering,jogoo road, buruburu"
NTSA/RSN-0527,ROG,ADR-Q5LCLLB,10,10 (LOW:39); 33DP (LOW:39),LOW,39,"2 waypoints (muthurwa, jogoo); Terminal 'muthurwa'","gillhouse, civilservant,muthurwa,jogoo road, buruburu"
NTSA/RSN-0527,ROG,ADR-EPJSJJL,7,7 (LOW:39),LOW,39,"2 waypoints (luthuli, kariokor); Terminal 'gikomba'","luthuli avenue, eastleigh, kariokor"
NTSA/RSN-0529,Rongao Saving AND Credit,NTR-0095,126,126 (MEDIUM:51); 2 (LOW:39); 8 (LOW:39),MEDIUM,51,"3 waypoints (rongai, kiserian, railways); Terminal 'railways'","railways, rongai,kiserian, ngong"
NTSA/RSN-0529,Rongao Saving AND Credit,NTR-00138,126,126 (MEDIUM:63); 125 (MEDIUM:51); 111 (LOW:39),MEDIUM,63,"4 waypoints (kiserian, mbagathi, railways); Terminal 'railways'","kiserian, magadi road,langata road,mbagathi road,knh, railways"
NTSA/RSN-0529,Rongao Saving AND Credit,ADR-LZRSR32,125,125 (MEDIUM:63); 126 (MEDIUM:63); 111 (LOW:39),MEDIUM,63,"4 waypoints (rongai, ongata, mbagathi); Terminal 'railways'","railways, mbagathi way,ongata rongai, kiserian"
NTSA/RSN-0529,Rongao Saving AND Credit,ADR-O68I8LQ,,,UNMATCHED,0,Insufficient keyword overlap,"ngong, kiserian, magandi"
NTSA/RSN-0529,Rongao Saving AND Credit,ADR-6DBSLD2,126,126 (MEDIUM:51); 2 (LOW:39); 8 (LOW:39),MEDIUM,51,"3 waypoints (rongai, kiserian, railways); Terminal 'railways'","railways, ngong,rongai, kiserian"
NTSA/RSN-0529,Rongao Saving AND Credit,ADR-WZ9S937,,,UNMATCHED,0,Insufficient keyword overlap,"nairobi, kiserian, magadi"
NTSA/RSN-0529,Rongao Saving AND Credit,ADR-537HWO8,125,125 (MEDIUM:63); 126 (MEDIUM:63); 111 (LOW:39),MEDIUM,63,"4 waypoints (rongai, ongata, mbagathi); Terminal 'railways'","railways, kiserian,mbagathi way, ongata rongai"
NTSA/RSN-0529,Rongao Saving AND Credit,ADR-A5AC875,126,126 (MEDIUM:63); 125 (MEDIUM:51); 111 (LOW:39),MEDIUM,63,"4 waypoints (kiserian, mbagathi, railways); Terminal 'railways'","kiserian, railways,magadi road,langata road,mbagathi road, knh"
NTSA/RSN-0529,Rongao Saving AND Credit,ADR-9AKFRWK,126,126 (MEDIUM:63); 125 (MEDIUM:51); 111 (LOW:39),MEDIUM,63,"4 waypoints (rongai, mbagathi, railways); Terminal 'railways'","railways, knh,mbagathi way,rongai, kiserian"
NTSA/RSN-0529,Rongao Saving AND Credit,ADR-DB3TO35,126,126 (MEDIUM:63); 125 (MEDIUM:51); 126RK (LOW:36),MEDIUM,63,"4 waypoints (rongai, ongata, kiserian); Terminal 'railways'","railways, ongata rongai, kiserian"
NTSA/RSN-0532,Royal Swift Express,NTR-00202002051608010,33FED,33FED (LOW:39),LOW,39,"2 waypoints (embakasi, jogoo); Terminal 'commercial'","Embakasi, Jogoo rdMombasa rdCabanasOutering rdAlsops, Accra rd"
NTSA/RSN-0532,Royal Swift Express,ADR-6DBSW36,33TP,33TP (MEDIUM:51); 33C (LOW:39); 33FED (LOW:39),MEDIUM,51,"3 waypoints (mombasa, cabanas, jogoo); Terminal 'commercial'","accra rd, mombasa rd cabanas outering rdembakasi likoni rdenterprise rd jogoo rd juja rdthika rd mathare north, Alsops"
NTSA/RSN-0532,Royal Swift Express,ADR-WZ9SW8K,33FED,33FED (MEDIUM:51); 33TP (MEDIUM:51); 33C (LOW:39),MEDIUM,51,"3 waypoints (cabanas, embakasi, jogoo); Terminal 'commercial'","accra rd, mombasa rd cabanas Kitengela outering rd embakasi Kangundo Rd Utawala Eastern Bypass likoni rd enterprise rd jogoo rd Muranga Rd juja rd thika rd mathare north, Alsops"
NTSA/RSN-0532,Royal Swift Express,ADR-537H6PR,33FED,33FED (LOW:39),LOW,39,"2 waypoints (embakasi, jogoo); Terminal 'commercial'","accra rd, jogoo rd, embakasi"
NTSA/RSN-0532,Royal Swift Express,ADR-A5ACLY6,,,UNMATCHED,0,Insufficient keyword overlap,"emabakasi, jogoo road, accra road"
NTSA/RSN-0532,Royal Swift Express,ADR-9AKFAB5,,,UNMATCHED,0,Insufficient keyword overlap,"accra road, mombasa road, embakasi"
NTSA/RSN-0532,Royal Swift Express,ADR-DB3TBLD,,,UNMATCHED,0,Insufficient keyword overlap,"emabakasi, accra road, jogoo road"
NTSA/RSN-0533,Rukagina 44,NTR-00202107221159520,04SK,04SK (MEDIUM:51); 35/60 (MEDIUM:51); 14 (LOW:39),MEDIUM,51,"3 waypoints (ronald, makongeni, ngala); Terminal 'otc'","Commercial, Ronald ngala Zimmermankiambugithuraikahawa westoutering roadnorthern bypasseastern bypassruiruthika, Makongeni"
NTSA/RSN-0533,Rukagina 44,NTR-00201901151134190,237,237 (MEDIUM:48); 44G (MEDIUM:47); 44K (MEDIUM:47),MEDIUM,48,"5 waypoints (ronald, thika, githurai)","ronald ngala, zimmerman,githurai,kahawawest,northern bypass,ruiru, thika"
NTSA/RSN-0533,Rukagina 44,NTR-00201908081513360,237,237 (MEDIUM:48); 14 (LOW:39); 04SK (LOW:39),MEDIUM,48,"4 waypoints (ronald, thika, ruiru)","ronald ngala, kiambu rd,nothern bypass,ruiru, thika"
NTSA/RSN-0533,Rukagina 44,ADR-O68IMW2,44G,44G (MEDIUM:59); 44K (MEDIUM:59); 237 (MEDIUM:48),MEDIUM,59,"Base number '44'; 2 waypoints (githurai, west)","ronald ngala, githurai , kahawa west"
NTSA/RSN-0533,Rukagina 44,ADR-6DBS97Z,,,UNMATCHED,0,Insufficient keyword overlap,"commercial, zimmerman, kahawawest, ruiru"
NTSA/RSN-0533,Rukagina 44,ADR-WZ9SE62,44G,44G (MEDIUM:47); 44K (MEDIUM:47); 14 (LOW:39),MEDIUM,47,Base number '44'; 1 waypoints (west),"ronald ngala, zimmerman, kahawa west"
NTSA/RSN-0533,Rukagina 44,ADR-537HBK9,44G,44G (MEDIUM:59); 44K (MEDIUM:59); 237 (MEDIUM:48),MEDIUM,59,"Base number '44'; 2 waypoints (githurai, west)","ronald ngala, kahawa west, githurai"
NTSA/RSN-0533,Rukagina 44,ADR-A5ACKB9,44G,44G (MEDIUM:47); 44K (MEDIUM:47); 14 (LOW:39),MEDIUM,47,Base number '44'; 1 waypoints (west),"ronald ngala, kahawa west, zimmerman"
NTSA/RSN-0534,Rukine Savings AND Credit Co-operatve Society,NTR-00229,,,UNMATCHED,0,Insufficient keyword overlap,"nairobi, ruiru, thika"
NTSA/RSN-0534,Rukine Savings AND Credit Co-operatve Society,NTR-00202102171148440,,,UNMATCHED,0,Insufficient keyword overlap,"Ruiru, Nembu Kigongo Gitwe Gachika, Mundoro"
NTSA/RSN-0534,Rukine Savings AND Credit Co-operatve Society,NTR-00202107070954180,,,UNMATCHED,0,Insufficient keyword overlap,"Nairobi, thika ruiru nembu kigumo gitare gachika mundoro nyanduma gatamaiyu, kimende"
NTSA/RSN-0534,Rukine Savings AND Credit Co-operatve Society,NTR-00964,,,UNMATCHED,0,Insufficient keyword overlap,"nairobi, thika, ruiru, kigumo"
NTSA/RSN-0534,Rukine Savings AND Credit Co-operatve Society,ADR-EPJSJEL,,,UNMATCHED,0,Insufficient keyword overlap,"nairobi, thika , ruiru, gachika"
NTSA/RSN-0534,Rukine Savings AND Credit Co-operatve Society,,,,UNMATCHED,0,Insufficient keyword overlap,"Nairobi - Ruiru,Thika,Gatundu,Kiganjo,Mundoro,Githunguri,Kagwe,Nembu,Kigumo,Gitare,Gachika,Gatamaiyu,Nyanduma - kimende and back- Nairobi - Ruiru,Thika,Gatundu,Kiganjo,Mundoro,Githunguri,Kagwe,Nembu,Kigumo,Gitare,Gachika,Gatamaiyu,Nyanduma - kimende and back - Nairobi - Ruiru,Thika,Gatundu,Kiganjo,Mundoro,Githunguri,Kagwe,Nembu,Kigumo,Gitare,Gachika,Gatamaiyu,Nyanduma - kimende and back"
NTSA/RSN-0536,Runka Services,NTR-00202006091055510,,,UNMATCHED,0,Insufficient keyword overlap,"Odeon, HighridgePanganiBypassGithogoroRuakaLimururdNdenderuKaruraWangigeKikuyuKiambuRuiruJujaJuja farm, Thika"
NTSA/RSN-0536,Runka Services,NTR-001288,105,105 (LOW:39); 106 (LOW:39); 107 (LOW:39),LOW,39,"2 waypoints (odeon, kikuyu); Terminal 'odeon'","Odeon, BypassGithogoroRuakaKarura gachie via waiyaki way kikuyu peponi rd banana kabuku limuru tigoni kimende kijabe ikinu githunguri kwa maiko rioki thome ngumba alsops kariobangi, thika"
NTSA/RSN-0536,Runka Services,NTR-00201912270805250,105,105 (LOW:39),LOW,39,"2 waypoints (odeon, kikuyu); Terminal 'odeon'","Odeon, HighridgePanganiBypassGithogoroRuakaLimuru rdNdenderuKaruraWanginge, Kikuyu"
NTSA/RSN-0536,Runka Services,ADR-REOSLL9,107,107 (MEDIUM:51); 25 (LOW:39); 49 (LOW:39),MEDIUM,51,"3 waypoints (ndenderu, ruaka, odeon); Terminal 'odeon'","odeon, highridge, pangani, ruaka, ndenderu"
NTSA/RSN-0536,Runka Services,ADR-MDMSAM9,107,107 (MEDIUM:51); 44G (MEDIUM:51); 25 (LOW:39),MEDIUM,51,"3 waypoints (ndenderu, karura, odeon); Terminal 'odeon'","odeon, pangani, highridge, karura, rwaka, ndenderu"
NTSA/RSN-0536,Runka Services,ADR-YM3SELZ,106,106 (MEDIUM:51); 107 (MEDIUM:51); 11F (MEDIUM:51),MEDIUM,51,"3 waypoints (ruaka, odeon, karura); Terminal 'odeon'","odeon, bypass,githogoro,ruaka,karura, kikuyu"
NTSA/RSN-0536,Runka Services,ADR-8LMSVOQ,25,25 (LOW:39); 49 (LOW:39); 107 (LOW:39),LOW,39,"2 waypoints (pangani, odeon); Terminal 'odeon'","odeon, highridge, pangani, ndenderu"
NTSA/RSN-0536,Runka Services,ADR-ZZJS2ZY,107,107 (MEDIUM:51); 25 (LOW:39); 49 (LOW:39),MEDIUM,51,"3 waypoints (ndenderu, ruaka, odeon); Terminal 'odeon'","odeon, ndenderu,highridge, pangani, ruaka"
NTSA/RSN-0537,Rwaken Investments,NTR-001253,,,UNMATCHED,0,Insufficient keyword overlap,"within kenya, within kenya, within kenya"
NTSA/RSN-0537,Rwaken Investments,NTR-00948,,,UNMATCHED,0,Insufficient keyword overlap,"nairobi, within, nairobi"
NTSA/RSN-0537,Rwaken Investments,ADR-WZ9SW79,,,UNMATCHED,0,Insufficient keyword overlap,"within, , kenya"
NTSA/RSN-0537,Rwaken Investments,ADR-537H6RY,,,UNMATCHED,0,Insufficient keyword overlap,railwaysmsardathiriverkitengela
NTSA/RSN-0537,Rwaken Investments,ADR-A5ACLRV,,,UNMATCHED,0,Insufficient keyword overlap,"accra road, mombasa road, embakasi"
NTSA/RSN-0537,Rwaken Investments,ADR-9AKFAMQ,,,UNMATCHED,0,Insufficient keyword overlap,"nairobi, within, within"
NTSA/RSN-02025,Rware,NTR-00202101181115420,,,UNMATCHED,0,Insufficient keyword overlap,"Kangemi, Nyeri town, Ruringu"
NTSA/RSN-02025,Rware,NTR-00202101181117300,,,UNMATCHED,0,Insufficient keyword overlap,"Kangemi, Nyeri town, Kamakwa"
NTSA/RSN-4063,Safeline Matatu Socco Society,NTR-00201901070914160,102,102 (LOW:36),LOW,36,"3 waypoints (kenyatta, dagoretti, kikuyu)","kenyatta, dagoretti,kikuyu, limuru"
NTSA/RSN-4063,Safeline Matatu Socco Society,ADR-MDMSMR5,102,102 (LOW:39),LOW,39,"2 waypoints (railways, kikuyu); Terminal 'railways'","railways, dagoreti, kikuyu, limuru"
NTSA/RSN-4063,Safeline Matatu Socco Society,ADR-JY7S2EV,,,UNMATCHED,0,Insufficient keyword overlap,"nairobi, ndeiya, limuru"
NTSA/RSN-02033,Salty Bizada Investment,ADR-WZ9SDQL,14,14 (MEDIUM:63); 04SK (MEDIUM:63); 19C (MEDIUM:63),MEDIUM,63,"6 waypoints (ronald, kariobangi, kariokor); Terminal 'otc'","Ronald Ngala, tom mboya moi avenue mombasa rd cabanas utawala ruai njiru umoja innercore jogoo rd lunga lunga bahati juja rd kariobangi eastleigh kariokor fig tree thika rd, Alsops"
NTSA/RSN-02033,Salty Bizada Investment,ADR-537HQ72,14,14 (MEDIUM:63); 04SK (MEDIUM:63); 19C (MEDIUM:63),MEDIUM,63,"6 waypoints (ronald, kariobangi, kariokor); Terminal 'otc'","Ronald Ngala, tom mboya moi avenue mombasa rd cabanas utawala ruai njiru umoja innercore jogoo rd lunga lunga industrial area likoni bahati juja rd kariobangi eastleigh kariokor fig tree thika rd, Alsops"
NTSA/RSN-02033,Salty Bizada Investment,ADR-A5ACPQM,04SK,04SK (MEDIUM:63); 19C (MEDIUM:63); 35/60 (MEDIUM:63),MEDIUM,63,"5 waypoints (ronald, jogoo, makongeni); Terminal 'otc'","Umoja innecore, jogoo rd savannah Enterprise rd Imara Daima mombasa rd bunyala road upperhill Ngong rd Dagoretti corner Naivasha rd uthiru kangemi Waiyaki way Westlands Moi Avenue Ronald Ngala parklandsThika rd Eastern bypass RuiruThika, makongeni"
NTSA/RSN-02042,Salty Investments,NTR-00202106141134550,125,125 (MEDIUM:63); 126 (MEDIUM:63); 110 (LOW:39),MEDIUM,63,"4 waypoints (rongai, ongata, bomas); Terminal 'railways'","ongata rongai, bomas railways, Kitengela"
NTSA/RSN-02042,Salty Investments,NTR-00202105240924590,125,125 (MEDIUM:63); 126 (MEDIUM:63); 110 (LOW:39),MEDIUM,63,"4 waypoints (rongai, ongata, railways); Terminal 'railways'","Railways, langata rdbomas ongata rongai, kitengela"
NTSA/RSN-02042,Salty Investments,NTR-00202211071511110,111,111 (MEDIUM:63); 125 (MEDIUM:63); 126 (MEDIUM:63),MEDIUM,63,"4 waypoints (umoja, ngong, railways); Terminal 'railways'","Ngong, Kiserian Rongai Gataka Rd Bomas Langata Railways Jogoo Rd Kangundo Rd Komarock via Umoja, Kitengela"
NTSA/RSN-6455,Salty Supporters Investment,NTR-00202101191051190,04SK,04SK (MEDIUM:51); 46B (MEDIUM:51); 46H (MEDIUM:51),MEDIUM,51,"3 waypoints (ronald, ngala, kangundo); Terminal 'otc'","Ronald Ngala, Fig tree Thika rd Alsops Outering rd Cabanas Utawala Ruai, Kangundo rd"
NTSA/RSN-6455,Salty Supporters Investment,NTR-00201812211111140,04SK,04SK (MEDIUM:63); 35/60 (MEDIUM:63); 1960 (LOW:39),MEDIUM,63,"4 waypoints (ronald, saika, umoja); Terminal 'otc'","ronald ngara, jogoo rd,umoja innercore,saika, mowlem"
NTSA/RSN-6455,Salty Supporters Investment,ADR-EPJS7D5,,,UNMATCHED,0,Insufficient keyword overlap,"ALSOLPS,, OUTERING ROAD,, CITY CABANAS AND BACK"
NTSA/RSN-6455,Salty Supporters Investment,ADR-2DVSPW3,,,UNMATCHED,0,Insufficient keyword overlap,"ALSOLPS,, DANDORA,, RUAI,, MALAA AND BACK"
NTSA/RSN-0547,Serian,NTR-00138,126,126 (MEDIUM:63); 125 (MEDIUM:51); 111 (LOW:39),MEDIUM,63,"4 waypoints (kiserian, mbagathi, railways); Terminal 'railways'","kiserian, magadi road,langata road,mbagathi road,knh, railways"
NTSA/RSN-0547,Serian,ADR-MDMSM3A,126,126 (LOW:39),LOW,39,"2 waypoints (kiserian, railways); Terminal 'railways'","Railways, kiserian, Isinya"
NTSA/RSN-0547,Serian,ADR-YM3SLOL,125,125 (MEDIUM:63); 126 (MEDIUM:63); 111 (LOW:39),MEDIUM,63,"4 waypoints (rongai, ongata, mbagathi); Terminal 'railways'","railways, mbagathi way,ongata rongai, kiserian"
NTSA/RSN-0547,Serian,ADR-8LMSODE,126,126 (MEDIUM:63); 125 (MEDIUM:51); 126RK (LOW:36),MEDIUM,63,"4 waypoints (rongai, ongata, kiserian); Terminal 'railways'","railways, ongata rongai, kiserian"
NTSA/RSN-0547,Serian,ADR-ZZJSZ7R,126,126 (MEDIUM:63); 125 (MEDIUM:51); 126RK (LOW:36),MEDIUM,63,"4 waypoints (rongai, ongata, kiserian); Terminal 'railways'","railways, kiserian, ongata rongai"
NTSA/RSN-0547,Serian,ADR-LZRSRJD,,,UNMATCHED,0,Insufficient keyword overlap,"nairobi, kiserian, magadi"
NTSA/RSN-0547,Serian,ADR-O68I8J6,125,125 (MEDIUM:63); 126 (MEDIUM:63); 111 (LOW:39),MEDIUM,63,"4 waypoints (rongai, ongata, mbagathi); Terminal 'railways'","railways, kiserian,mbagathi way, ongata rongai"
NTSA/RSN-0547,Serian,ADR-6DBSLJV,126,126 (MEDIUM:63); 125 (MEDIUM:51); 111 (LOW:39),MEDIUM,63,"4 waypoints (rongai, mbagathi, kiserian); Terminal 'railways'","railways, kiserian,knh,mbagathi way, rongai"
NTSA/RSN-0547,Serian,ADR-WZ9S9R5,126,126 (MEDIUM:63); 125 (MEDIUM:51); 111 (LOW:39),MEDIUM,63,"4 waypoints (rongai, mbagathi, railways); Terminal 'railways'","railways, knh,mbagathi way,rongai, kiserian"
NTSA/RSN-0547,Serian,ADR-537HW8K,111,111 (MEDIUM:63); 4W (MEDIUM:63); 2 (MEDIUM:51),MEDIUM,63,"4 waypoints (nairobi, ngong, railways); Terminal 'railways'","railways, kiserian, ngong, Nairobi - Ngong via Karen - Kiserian and back"
NTSA/RSN-0547,Serian,,24,24 (LOW:36); 111 (LOW:36); 24C (LOW:36),LOW,36,"3 waypoints (nairobi, ngong, karen)",Nairobi - Ngong via Karen - Kiserian and back - Nairobi - Ngong via Karen - Kiserian and back
NTSA/RSN-0548,Seven City Shuttle,ADR-JY7SL62,,,UNMATCHED,0,Insufficient keyword overlap,"nairobi, athi river , kitengela, machakos"
NTSA/RSN-0548,Seven City Shuttle,ADR-POKSREA,110,110 (LOW:39); 11_2 (LOW:39),LOW,39,"2 waypoints (kitengela, railways); Terminal 'railways'","railways, machakos,athiriver, kitengela"
NTSA/RSN-01767,Single Line,NTR-00202109201132040,,,UNMATCHED,0,Insufficient keyword overlap,"katani, mlolongo mombasa rd hazina enterprise rd GPO ambassador, hakati"
NTSA/RSN-01767,Single Line,ADR-JY7S2Y8,23KS,23KS (LOW:39); 11 (LOW:36); 11_2 (LOW:36),LOW,39,"2 waypoints (estate, south); Terminal 'kencom'","south b, gpo, ambassador, hazina estate"
NTSA/RSN-01767,Single Line,ADR-POKS52J,23KS,23KS (LOW:39); 11 (LOW:36); 11_2 (LOW:36),LOW,39,"2 waypoints (estate, south); Terminal 'kencom'","south b, gpo, ambassador, hazina estate"
NTSA/RSN-01767,Single Line,ADR-VYASPYM,11,11 (LOW:39),LOW,39,"2 waypoints (south, hazina); Terminal 'bus station'","bus station, south b, hazina"
NTSA/RSN-1900,Smoke City,NTR-001102,11,11 (LOW:36); 11_2 (LOW:36),LOW,36,"3 waypoints (nairobi, makueni, machakos)","Nairobi, Kitengela, Machakos, Makueni"
NTSA/RSN-1900,Smoke City,NTR-00381,,,UNMATCHED,0,Insufficient keyword overlap,"nairobi, machakos, Wote"
NTSA/RSN-1900,Smoke City,NTR-00202009301656280,,,UNMATCHED,0,Insufficient keyword overlap,"Nairobi, KitengelaKajiado, Namanga"
NTSA/RSN-1900,Smoke City,ADR-8LMS9RZ,,,UNMATCHED,0,Insufficient keyword overlap,"city cabanas, machakos, Wote"
NTSA/RSN-0563,Snowball Society,NTR-00138,126,126 (MEDIUM:63); 125 (MEDIUM:51); 111 (LOW:39),MEDIUM,63,"4 waypoints (kiserian, mbagathi, railways); Terminal 'railways'","kiserian, magadi road,langata road,mbagathi road,knh, railways"
NTSA/RSN-0563,Snowball Society,NTR-00724,125,125 (MEDIUM:63); 126 (MEDIUM:63); 111 (LOW:39),MEDIUM,63,"4 waypoints (rongai, mbagathi, railways); Terminal 'railways'","Railways, KNH,, Mbagathi,, Langata road,, Rongai,, Kiserian,, Namanga and back"
NTSA/RSN-0563,Snowball Society,ADR-O68IMV7,2,2 (MEDIUM:63); 102 (MEDIUM:63); 111 (MEDIUM:63),MEDIUM,63,"4 waypoints (kawangware, ngong, railways); Terminal 'railways'","Railways, KNH ngong rd kawangware ndonyo karen kibera langata rd hardy gataka rd ongata rongai kiserian isinya namanga kitengela, Mombasa rd"
NTSA/RSN-0563,Snowball Society,ADR-6DBS9W7,110,110 (LOW:39),LOW,39,"2 waypoints (kitengela, railways); Terminal 'railways'","Railways, Athi River, Kitengela"
NTSA/RSN-0563,Snowball Society,ADR-WZ9SEWJ,126,126 (MEDIUM:63); 125 (MEDIUM:51); 111 (LOW:39),MEDIUM,63,"4 waypoints (rongai, mbagathi, railways); Terminal 'railways'","railways, knh,mbagathi way,rongai, kiserian"
NTSA/RSN-0563,Snowball Society,ADR-537HBBV,125,125 (MEDIUM:63); 126 (MEDIUM:63); 111 (LOW:39),MEDIUM,63,"4 waypoints (rongai, ongata, mbagathi); Terminal 'railways'","railways, mbagathi way,ongata rongai, kiserian"
NTSA/RSN-0563,Snowball Society,ADR-A5ACKKE,126,126 (MEDIUM:63); 125 (MEDIUM:51); 126RK (LOW:36),MEDIUM,63,"4 waypoints (rongai, ongata, kiserian); Terminal 'railways'","railways, ongata rongai, kiserian"
NTSA/RSN-0563,Snowball Society,ADR-9AKFJJV,126,126 (MEDIUM:63); 125 (MEDIUM:51); 126RK (LOW:36),MEDIUM,63,"4 waypoints (rongai, ongata, kiserian); Terminal 'railways'","railways, kiserian, ongata rongai"
NTSA/RSN-019122,Sony Classic Shuttle East Africa,NTR-00202104201026350,107D,107D (MEDIUM:48); 100 (LOW:36); 119 (LOW:36),MEDIUM,48,"5 waypoints (bypass, ruaka, kiambu)","Juja, Ruiru Eastern bypass Commercial Kikuyu Mutarakwa Thigio Limuru Githunguri Kiambu Wangige, Ruaka"
NTSA/RSN-019122,Sony Classic Shuttle East Africa,NTR-00202104290903280,100,100 (LOW:36); 120 (LOW:36); 121 (LOW:36),LOW,36,"3 waypoints (kiambu, limuru, githunguri)","Eastern by pass, Ruiru JujaRuaka Kiambu Githunguri Thigio Wangige Mutarakwa Limuru, kikuyu"
NTSA/RSN-019122,Sony Classic Shuttle East Africa,ADR-9AKFOOQ,,,UNMATCHED,0,Insufficient keyword overlap,"commercial, kiambu, githunguri"
NTSA/RSN-019122,Sony Classic Shuttle East Africa,NTR-00202104201026350,107D,107D (MEDIUM:48); 100 (LOW:36); 119 (LOW:36),MEDIUM,48,"5 waypoints (bypass, ruaka, kiambu)","Juja, Ruiru Eastern bypass Commercial Kikuyu Mutarakwa Thigio Limuru Githunguri Kiambu Wangige, Ruaka"
NTSA/RSN-019122,Sony Classic Shuttle East Africa,NTR-00202104290903280,100,100 (LOW:36); 120 (LOW:36); 121 (LOW:36),LOW,36,"3 waypoints (kiambu, limuru, githunguri)","Eastern by pass, Ruiru JujaRuaka Kiambu Githunguri Thigio Wangige Mutarakwa Limuru, kikuyu"
NTSA/RSN-019122,Sony Classic Shuttle East Africa,ADR-9AKFOOQ,,,UNMATCHED,0,Insufficient keyword overlap,"commercial, kiambu, githunguri"
NTSA/RSN-0566,South B Society,NTR-00201910291437530,11,11 (MEDIUM:63); 11_2 (MEDIUM:48); 12C (LOW:39),MEDIUM,63,"4 waypoints (mombasa, machakos, hazina); Terminal 'bus station'","Bus station, South b,Hazina,Mombasa rd, Machakos"
NTSA/RSN-0566,South B Society,NTR-00202105241245440,11,11 (MEDIUM:51); 38/39 (MEDIUM:51); 12C (LOW:39),MEDIUM,51,"3 waypoints (mombasa, machakos, south); Terminal 'bus station'","Bus Station, mombasa rd south b south c jogoo rd eastleigh juja rd thika rd outering rd embakasi utawala kangundo rd ruai, Machakos"
NTSA/RSN-0566,South B Society,ADR-EPJSY5D,11,11 (LOW:39),LOW,39,"2 waypoints (south, hazina); Terminal 'bus station'","bus station, hazina, south b"
NTSA/RSN-0566,South B Society,ADR-2DVS53V,11,11 (LOW:39),LOW,39,"2 waypoints (south, hazina); Terminal 'bus station'","bus station, south b, hazina"
NTSA/RSN-0566,South B Society,ADR-K9BFV5A,11,11 (LOW:39),LOW,39,"2 waypoints (south, hazina); Terminal 'bus station'","bus station, south b, hazina"
NTSA/RSN-0566,South B Society,ADR-7WRSZJL,11,11 (LOW:39),LOW,39,"2 waypoints (south, hazina); Terminal 'bus station'","bus station, hazina, south b"
NTSA/RSN-02030,Southleigh S,ADR-537HQE2,1960,1960 (MEDIUM:48); 04SK (MEDIUM:48); 16/62 (MEDIUM:48),MEDIUM,48,"4 waypoints (umoja, about, round)","Ngara fig tree, Kariokor Juja rd GikombaEastleigh Kiambiu Jericho Buruburu Alsops Outering rd Cabanas Mombasa rd Nyayo round about Lusaka rd Likoni rd Muthurwa Jogoo rd Savannah Umoja Saika Mowlem Civil servants eastern bypass utawala, Kangundo rd"
NTSA/RSN-02030,Southleigh S,ADR-A5ACP5M,04SK,04SK (MEDIUM:63); 33TP (MEDIUM:63); 46B (MEDIUM:63),MEDIUM,63,"5 waypoints (koma, jogoo, saika); Terminal 'otc'","Commercial, OTC south c south b enterprise rd ngara fig tree juja rd eastleigh alsops outering rd mombasa rd cabanas jogoo rd muthurwa lusaka rd likoni rd lungalunga rd umoja saika mowlem civil servant utawala eastern bypass kangundo rd jericho maringo greenspan kiambio gikomba buruburu mlolongo katani koma hills, Machakos"
NTSA/RSN-02030,Southleigh S,,33TP,33TP (MEDIUM:51); 04SK (MEDIUM:48); 18C (MEDIUM:48),MEDIUM,51,"3 waypoints (mombasa, commercial, jogoo); Terminal 'commercial'","Commercial - Eastleigh,Jogoo rd,Buruburu,Jericho,Komarock,Spine rd,Saika,Umoja,Outering rd,Kangundo rd,Utawala,75 rd,Mombasa rd,South c,Mai Mahiu - Deep west and back- Commercial - Eastleigh,Jogoo rd,Buruburu,Jericho,Komarock,Spine rd,Saika,Umoja,Outering rd,Kangundo rd,Utawala,75 rd,Mombasa rd,South c,Mai Mahiu - Deep west and back - Commercial - Eastleigh,Jogoo rd,Buruburu,Jericho,Komarock,Spine rd,Saika,Umoja,Outering rd,Kangundo rd,Utawala,75 rd,Mombasa rd,South c,Mai Mahiu - Deep west and back"
NTSA/RSN-8117,Southleigh,NTR-00202003161550390,,,UNMATCHED,0,Insufficient keyword overlap,"Kariokor, GikombaEastleighJerichoBuruburuOutering rdCabanasMombasa rdNyayo roundaboutLusaka rdMuthurwaJogoordSavannahUmoja, Saika"
NTSA/RSN-8117,Southleigh,ADR-2DVSDV3,1960,1960 (MEDIUM:48); 04SK (MEDIUM:48); 16/62 (MEDIUM:48),MEDIUM,48,"4 waypoints (umoja, about, round)","Ngara fig tree, Kariokor Juja rd GikombaEastleigh Kiambiu Jericho Buruburu Alsops Outering rd Cabanas Mombasa rd Nyayo round about Lusaka rd Likoni rd Muthurwa Jogoo rd Savannah Umoja Saika Mowlem Civil servants eastern bypass utawala, Kangundo rd"
NTSA/RSN-8117,Southleigh,ADR-K9BFZQY,7,7 (LOW:39); 28 (LOW:39); 3N (LOW:39),LOW,39,"2 waypoints (gikomba, kariokor); Terminal 'gikomba'","kariokor, gikomba,eastleigh,jericho,buruburu,outeringroad, cabanas"
NTSA/RSN-5361,Sowetamu,NTR-00201911080923280,107D,107D (LOW:36),LOW,36,"3 waypoints (bypass, eastern, ruiru)","Thika, Ruiru,Eastern Bypass,Mihango,Kayole junction,soweto,Tajmall,Cabanas,Machakos, Wote"
NTSA/RSN-5361,Sowetamu,NTR-00133,111,111 (LOW:36); 1960 (LOW:36); 107D (LOW:36),LOW,36,"3 waypoints (kenol, mall, jogoo)","Kenol, Thika Ruiru Eastern Bypass Jogoo Rd Mihango Kayole Junction Soweto Taj mall Mombasa Rd Machakos Wote Kibwezi, Kitui"
NTSA/RSN-5361,Sowetamu,NTR-001152,36,36 (MEDIUM:48); 102 (MEDIUM:48); 111 (MEDIUM:48),MEDIUM,48,"4 waypoints (kariobangi, dandora, buruburu)","isinya, kitengela athi river syokimau jkia utawala ruai malaa kangundo rd kangundo umoja innercore outering rd dandora kariobangi huruma buruburu jogoo rdkencom rongai kiserian ngong hardy knh kibera kawangware kikuyu waiyaki way thika rd, thika"
NTSA/RSN-5361,Sowetamu,NTR-00201812271114480,,,UNMATCHED,0,Insufficient keyword overlap,"kayole junction, soweto,taj mall,cabanas,machakos, wote"
NTSA/RSN-5361,Sowetamu,ADR-3ZQS3YE,,,UNMATCHED,0,Insufficient keyword overlap,"Thika, Ruiru Gatanga Njambini, Naivasha"
NTSA/RSN-0572,St. Marys Transport Society,NTR-00857,,,UNMATCHED,0,Insufficient keyword overlap,"NAIROBI, KISERIAN, MAGADI AND BACK"
NTSA/RSN-0572,St. Marys Transport Society,NTR-00202108060801500,38/39,38/39 (MEDIUM:63); 106 (MEDIUM:48); 116 (MEDIUM:48),MEDIUM,63,"4 waypoints (kangundo, city, stadium); Terminal 'bus station'","Bus Station, city stadium lusaka rd enterprise rd likoni rd jogoo rd kangundo rd via eastern bypass mombasa rd langata rd kungu karumba rd ngong rd karen dagoretti yaya centre limuru rd, Ruaka"
NTSA/RSN-0572,St. Marys Transport Society,NTR-0020181211134410497,5,5 (MEDIUM:63); 24 (MEDIUM:63); 24C (MEDIUM:63),MEDIUM,63,"4 waypoints (arcade, ngong, kencom); Terminal 'kencom'","Bus station, Kencom,GPO,KNH,Adams arcade,Karen,Ngong,Matasia,Kiseriani,Rongai,Bomas,Langata road, Kiserian"
NTSA/RSN-0572,St. Marys Transport Society,NTR-00370,34L,34L (MEDIUM:48); 15 (LOW:39); 24C (LOW:36),MEDIUM,48,"4 waypoints (kenyatta, otiende, mbagathi)","bus station, kenyatta,mbagathi road,langata,otiende, st marys"
NTSA/RSN-0572,St. Marys Transport Society,NTR-00202007021132300,,,UNMATCHED,0,Insufficient keyword overlap,"Bus Station, KNHMbagathi WayLangataRongai, Kiserian"
NTSA/RSN-0572,St. Marys Transport Society,ADR-3ZQS2AL,34L,34L (MEDIUM:63); 15 (LOW:39); 24C (LOW:36),MEDIUM,63,"4 waypoints (otiende, mbagathi, langata); Terminal 'knh'","bus station, knh,mbagathi way, langata,otiende, st.marys hospital"
NTSA/RSN-0572,St. Marys Transport Society,ADR-JY7S73Z,34L,34L (MEDIUM:48); 15 (LOW:39); 24C (LOW:36),MEDIUM,48,"4 waypoints (kenyatta, otiende, mbagathi)","bus station, st marys,kenyatta,mbagathi road,langata, otiende"
NTSA/RSN-0572,St. Marys Transport Society,ADR-POKSKOO,34L,34L (MEDIUM:51); 15 (LOW:39),MEDIUM,51,"3 waypoints (otiende, mbagathi, langata); Terminal 'knh'","bus station, otiende,knh, mbagathi way, langata"
NTSA/RSN-0572,St. Marys Transport Society,ADR-VYASALA,34L,34L (MEDIUM:63); 15 (LOW:39); 24C (LOW:36),MEDIUM,63,"4 waypoints (otiende, mbagathi, langata); Terminal 'knh'","bus station, st.marys hospital,knh,mbagathi way, langata, otiende"
NTSA/RSN-0573,Stahito Commuter Services CO,NTR-00202105241240410,110,110 (MEDIUM:63); 111 (MEDIUM:63); 125 (MEDIUM:63),MEDIUM,63,"4 waypoints (mombasa, cabanas, kitengela); Terminal 'railways'","Kitengela, mombasa rd cabanas eastern bypass kangundo rd ruai kamulu outering rd kwa njenga lungalunga rd likoni industrial area lusaka rd bus station/muthurwa railways mbagathi rd langata rd bomas jogoo rd eastleigh(biafra)alsops wangige ruaka ruiru via thika, Muranga"
NTSA/RSN-0573,Stahito Commuter Services CO,NTR-001405,11,11 (LOW:36); 11_2 (LOW:36),LOW,36,"3 waypoints (mombasa, area, industrial)","otc, industrial area,jogoo rd,likoni rd,mombasa rd, kitengela"
NTSA/RSN-0573,Stahito Commuter Services CO,NTR-00563,11,11 (MEDIUM:51); 405 (MEDIUM:48); 11_2 (LOW:36),MEDIUM,51,"3 waypoints (area, industrial, general); Terminal 'bus station'","bus station, lusaka road,enterprise road,industrial area,general motors, mukuru kwa njenga"
NTSA/RSN-0573,Stahito Commuter Services CO,ADR-YM3S8ML,38/39,38/39 (MEDIUM:63); 10 (MEDIUM:51); 33DP (MEDIUM:51),MEDIUM,63,"6 waypoints (ruai, jogoo, kamulu); Terminal 'bus station'","Muthurwa, Jogoo road Likoni road Industrial AreaLusaka rd mombasa roadKwa Njenga Kitengela City cabanas Eastern Bypass Kangundo rd Ruai Kamulu Outering rd Alsops Eastleigh(Biafra) Lungalunga, Bus station"
NTSA/RSN-0573,Stahito Commuter Services CO,ADR-8LMSMLE,38/39,38/39 (MEDIUM:63); 11 (MEDIUM:51); 107D (MEDIUM:48),MEDIUM,63,"5 waypoints (ruai, jogoo, kamulu); Terminal 'bus station'","Kitengela, mombasa rd cabanas eastern bypass kangundo rd ruai kamulu outering rd kwa njenga lungalunga rd likoni industrial area lusaka rd bus station/muthurwa jogoo rd eastleigh(biafra)alsops wangige ruaka ruiru via thika, Muranga"
NTSA/RSN-0573,Stahito Commuter Services CO,ADR-ZZJSL6R,10,10 (LOW:39); 33DP (LOW:39); 70/71 (LOW:39),LOW,39,"2 waypoints (muthurwa, jogoo); Terminal 'muthurwa'","muthurwa, jogoo road , likoni road, industrial area, mombasa road, kitengela"
NTSA/RSN-0573,Stahito Commuter Services CO,ADR-LZRSE8D,110,110 (LOW:39),LOW,39,"2 waypoints (kitengela, railways); Terminal 'railways'","railways, athi river, kitengela"
NTSA/RSN-0574,Starbus Company (k),NTR-0078,30,30 (MEDIUM:51); 105 (MEDIUM:51); 23KG (MEDIUM:51),MEDIUM,51,"3 waypoints (westlands, kangemi, odeon); Terminal 'odeon'","odeon, westlands, kangemi"
NTSA/RSN-0574,Starbus Company (k),NTR-00202001071426110,30,30 (LOW:39); 105 (LOW:39); 23KG (LOW:39),LOW,39,"2 waypoints (kangemi, odeon); Terminal 'odeon'","Odeon/Lagos rd, WestlandsWestlandsRedhill rdLink rdGigiriGachieKaruraGitaru rdWangigeKikuyu, Kangemi"
NTSA/RSN-0574,Starbus Company (k),NTR-0015,2,2 (LOW:39); 56 (LOW:39); 102 (LOW:39),LOW,39,"2 waypoints (kawangware, railways); Terminal 'railways'","uthiru, kawangware, yaya,ambassador, railways"
NTSA/RSN-0574,Starbus Company (k),ADR-2DVSROK,105,105 (LOW:39),LOW,39,"2 waypoints (kinoo, odeon); Terminal 'odeon'","odeon, westlandsuthiru, kinoo"
NTSA/RSN-0574,Starbus Company (k),ADR-K9BF68M,2,2 (LOW:39); 102 (LOW:39),LOW,39,"2 waypoints (kawangware, railways); Terminal 'railways'","railways, abambassador, kawangware, uthiru"
NTSA/RSN-0574,Starbus Company (k),ADR-7WRS93P,30,30 (MEDIUM:63); 105 (MEDIUM:63); 23KG (MEDIUM:51),MEDIUM,63,"4 waypoints (westlands, kangemi, uthiru); Terminal 'odeon'","odeon, westlands, kangemi, uthiru, kinoo"
NTSA/RSN-0574,Starbus Company (k),ADR-BQ9SQBV,2,2 (LOW:39); 102 (LOW:39),LOW,39,"2 waypoints (kawangware, railways); Terminal 'railways'","railways, uthiru,abambassador, kawangware"
NTSA/RSN-0574,Starbus Company (k),ADR-REOSZVQ,105,105 (LOW:39),LOW,39,"2 waypoints (kinoo, odeon); Terminal 'odeon'","odeon, kinoo, westlandsuthiru"
NTSA/RSN-0574,Starbus Company (k),ADR-MDMSJRE,30,30 (MEDIUM:51); 105 (MEDIUM:51); 23KG (MEDIUM:51),MEDIUM,51,"3 waypoints (westlands, kangemi, odeon); Terminal 'odeon'","odeon, kangemi, westlands"
NTSA/RSN-0574,Starbus Company (k),ADR-YM3SBAV,30,30 (LOW:39); 105 (LOW:39); 23KG (LOW:39),LOW,39,"2 waypoints (kangemi, odeon); Terminal 'odeon'","odeon, kangemi, stage87, muhuri road, dagoretti market junction"
NTSA/RSN-0574,Starbus Company (k),ADR-8LMSY6Y,4W,4W (MEDIUM:51); 2 (LOW:39); 8 (LOW:39),MEDIUM,51,"3 waypoints (ngong, satellite, railways); Terminal 'railways'","railways, ngong road, naivasha road, satellite , kabiria, uthiru"
NTSA/RSN-01754,Summa Transporters,ADR-A5AC276,,,UNMATCHED,0,Insufficient keyword overlap,"Ring road, NgaraGithuraiRuiruMwihokoThikaMakongeni, Kenol"
NTSA/RSN-01754,Summa Transporters,ADR-9AKFOW5,,,UNMATCHED,0,Insufficient keyword overlap,"githurai, mwihoko, ruiru, kenol"
NTSA/RSN-0579,Sunbird Services,NTR-00123,237,237 (MEDIUM:48); 107D (MEDIUM:48); 14 (LOW:39),MEDIUM,48,"6 waypoints (ronald, thika, githurai)","Ronald Ngala, Zimmerman githurai kahawa west northern bypass outering rd eastern bypass ruiru, Thika"
NTSA/RSN-0579,Sunbird Services,NTR-00209,44G,44G (MEDIUM:51); 237 (LOW:36),MEDIUM,51,"3 waypoints (githurai, west, odeon); Terminal 'odeon'","odeon, githurai, kahawa west"
NTSA/RSN-0579,Sunbird Services,ADR-K9BFZ2J,,,UNMATCHED,0,Insufficient keyword overlap,"Mombasa, NairobiEmbuMaua via MeruNanyukiNyeriNyahururuNaivashaNakuruKisumu, Kakamega back"
NTSA/RSN-0579,Sunbird Services,ADR-7WRSO3A,14,14 (LOW:39); 04SK (LOW:39); 35/60 (LOW:39),LOW,39,"2 waypoints (ronald, ngala); Terminal 'otc'","ronald ngala, zimmerman, kahawa west"
NTSA/RSN-0579,Sunbird Services,ADR-BQ9SMBK,237,237 (MEDIUM:48); 14 (LOW:39); 04SK (LOW:39),MEDIUM,48,"4 waypoints (ronald, kahawa, ngala)","ronald ngala, githurai , kahawa west"
NTSA/RSN-0579,Sunbird Services,ADR-REOSYV5,237,237 (MEDIUM:48); 14 (LOW:39); 04SK (LOW:39),MEDIUM,48,"4 waypoints (ronald, kahawa, ngala)","ronald ngala, kahawa west, githurai"
NTSA/RSN-0579,Sunbird Services,ADR-MDMSERP,14,14 (LOW:39); 04SK (LOW:39); 35/60 (LOW:39),LOW,39,"2 waypoints (ronald, ngala); Terminal 'otc'","ronald ngala, kahawa west, zimmerman"
NTSA/RSN-0580,Super Highway 45 Society,NTR-00202103101509460,45G,45G (MEDIUM:47); 45K (MEDIUM:47); 45P (MEDIUM:47),MEDIUM,47,Base number '45'; 1 waypoints (githurai),"Cabanas, Eastern bypass Outerng rd Juja rd Nairobi Thika rd Mwhihoko Githurai Thika, Mwingi"
NTSA/RSN-0580,Super Highway 45 Society,NTR-00415,45K,45K (MEDIUM:59); 237 (MEDIUM:48); 45G (MEDIUM:47),MEDIUM,59,"Base number '45'; 2 waypoints (githurai, ngara)","ronald ngara, thika road, githurai"
NTSA/RSN-0580,Super Highway 45 Society,ADR-YM3SVQB,45G,45G (MEDIUM:47); 45K (MEDIUM:47); 45P (MEDIUM:47),MEDIUM,47,Base number '45'; 1 waypoints (githurai),"nairobi, thika road, githurai"
NTSA/RSN-0580,Super Highway 45 Society,ADR-8LMSJPV,45G,45G (MEDIUM:47); 45K (MEDIUM:47); 45P (MEDIUM:47),MEDIUM,47,Base number '45'; 1 waypoints (githurai),"nairobi, thika road, githurai"
NTSA/RSN-0580,Super Highway 45 Society,ADR-ZZJS9DZ,45G,45G (MEDIUM:47); 45K (MEDIUM:47); 45P (MEDIUM:47),MEDIUM,47,Base number '45'; 1 waypoints (githurai),"nairobi, thika road, githurai, mwingi"
NTSA/RSN-0580,Super Highway 45 Society,ADR-LZRSOZW,45G,45G (MEDIUM:47); 45K (MEDIUM:47); 45P (MEDIUM:47),MEDIUM,47,Base number '45'; 1 waypoints (githurai),"ronald ngala, mwingi, githurai"
NTSA/RSN-0580,Super Highway 45 Society,ADR-O68IVWP,45G,45G (MEDIUM:47); 45K (MEDIUM:47); 45P (MEDIUM:47),MEDIUM,47,Base number '45'; 1 waypoints (githurai),"nairobi, mwingi,thika road, githurai"
NTSA/RSN-0580,Super Highway 45 Society,ADR-6DBSW7Y,45G,45G (MEDIUM:47); 45K (MEDIUM:47); 45P (MEDIUM:47),MEDIUM,47,Base number '45'; 1 waypoints (githurai),"railways, mwingi,thika road, githurai"
NTSA/RSN-0580,Super Highway 45 Society,ADR-WZ9SW6P,237,237 (MEDIUM:48); 45G (MEDIUM:47); 45K (MEDIUM:47),MEDIUM,48,"4 waypoints (ronald, thika, ngala)","ronald ngala, githurai, thika, mwingi"
NTSA/RSN-0581,Super Metro,NTR-00202006121135460,,,UNMATCHED,0,Insufficient keyword overlap,"Ruiru, RuakaWangigeKikuyuWaiyakiwayWestlandsMoi avenueTomboyaThika rdKasaraniJujaThika, Thika-Makongeni"
NTSA/RSN-0581,Super Metro,NTR-00202108091506440,38/39,38/39 (LOW:36),LOW,36,"3 waypoints (kamulu, ruai, jogoo)","TALA, KOMAROCK- MALAA- KAMULU- RUAI-UTAWALA-PIPELINE- JOGOO RD- YAYA- KAWANGWARE-KABIRIA- KiKUYU, Limuru"
NTSA/RSN-0581,Super Metro,NTR-00130,105,105 (LOW:39),LOW,39,"2 waypoints (westlands, kikuyu); Terminal 'odeon'","kikuyu, waiyaki way,westlands,moi avenue,tom mboya,thika road,kasarani, juja"
NTSA/RSN-0581,Super Metro,NTR-00191,102,102 (LOW:36),LOW,36,"3 waypoints (kawangware, kenyatta, kikuyu)","kikuyu, kawangware kenyatta ambasdour tom mboya thika road kasarani, juja"
NTSA/RSN-0581,Super Metro,ADR-A5ACQDD,105,105 (LOW:39); 106 (LOW:39); 237 (LOW:36),LOW,39,"2 waypoints (westlands, kikuyu); Terminal 'odeon'","Ruiru, Ruaka Wangige Kikuyu Waiyaki way Westlands Moi Avenue Tom Mboya Thika rd Kasarani Juja Thika (Thika makongeni) Oldonyo Sabuk Kilimambogo Tala Machakos Mombasa rd, Mlolongo"
NTSA/RSN-0581,Super Metro,ADR-9AKF2PP,105,105 (LOW:39); 106 (LOW:39); 237 (LOW:36),LOW,39,"2 waypoints (westlands, kikuyu); Terminal 'odeon'","Ruiru, Ruaka Wangige Kikuyu Waiyaki way Westlands Moi Avenue Tom Mboya Thika rd Kasarani Juja Thika (Thika makongeni) Oldonyo Sabuk Kilimambogo Tala Machakos Mombasa rd, Mlolongo"
NTSA/RSN-0581,Super Metro,ADR-DB3T5RP,24,24 (MEDIUM:63); 24C (MEDIUM:63); 102 (MEDIUM:48),MEDIUM,63,"5 waypoints (bomas, karen, ngong); Terminal 'kencom'","Ruiru, Ruaka Wangige Kikuyu Waiyaki way Westlands Moi Avenue Tom Mboya Thika rd Kasarani Juja Thika Thika makongeni Oldonyo Sabuk Kilimambogo Tala Machakos Mlolongo Mombasa rd Bomas Hardy Gataka Ongata Rongai Kiserian Ngong Karen Dagoretti corner, KNH"
NTSA/RSN-0581,Super Metro,ADR-3ZQS3DE,24,24 (MEDIUM:48); 125 (MEDIUM:48); 126 (MEDIUM:48),MEDIUM,48,"5 waypoints (bomas, west, karen)","ruaka, Wangige kikuyu waiyaki way westlands moi avenueTomboya Thika rd kasarani zimmerman kahawa west bypass Juja Thika Thika makongeni oldonyo sabuk Kilimambogo TalaMachakos Mlolongo mombasa rd Bomas hardy gataka ongata Rongai Kiserian Ngong Karen Dagoreti coner, KNH"
NTSA/RSN-0581,Super Metro,ADR-JY7SLYJ,24,24 (MEDIUM:48); 111 (MEDIUM:48); 125 (MEDIUM:48),MEDIUM,48,"5 waypoints (bomas, west, karen)","ruaka, Wangige limuru kikuyu waiyaki way westlands moi avenueTom boya Thika rd alsops juja rd outering rd kasarani zimmerman kahawa west bypass Juja Thika Thika makongeni oldonyo sabuk Kilimambogo Tala Machakos kitengela Mlolongo mombasa rd jogoo rd upperhill Bomas hardy gataka ongata Rongai Kiserian Ngong Karen Dagoreti coner kawangare kabiria lavington kileleshwa yaya, KNH"
NTSA/RSN-0581,Super Metro,ADR-POKSR2V,,,UNMATCHED,0,Insufficient keyword overlap,"Ruiru, ruakawangigeLimuruKikuyuWiayaki wayWestlandsMoi avenueTom mboyaGPOAmbassadorsKencomThika rdAlsopsJuja rdOutering rdAirport rdEmbakasi via Taj mallCity cabanasUtawalaPipelineKomarockUmojaSavanahJacarandaFedhaTenaMombasa rdKitengelaMachakosTalaKilimbambogoOldonyo sabukMakongeniThika JujaYayakileleshwaLavingtonKabiria KawangwareDagoreticornerKarenNgongKiserianOngata rongaiGatakaHardyBomas, KNH back"
NTSA/RSN-0581,Super Metro,ADR-VYAS9Y2,105,105 (LOW:39),LOW,39,"2 waypoints (westlands, kikuyu); Terminal 'odeon'","kikuyu, juja,waiyaki way,westlands,moi avenue,tom mboya,thika road, kasarani"
NTSA/RSN-0581,Super Metro,ADR-Q5LCM2D,105,105 (LOW:39),LOW,39,"2 waypoints (westlands, kikuyu); Terminal 'odeon'","kikuyu, waiyakiway,westlands,moi avenue,tom mboya,thika road,kasarani,juja, makongenithika"
NTSA/RSN-0322,Super Tram,NTR-00202109131306060,,,UNMATCHED,0,Insufficient keyword overlap,"Tom mboya, limuru ndenderu ruakamwihoko zimmermangithuraikahawa westruirujujathika road, makongenithika"
NTSA/RSN-0322,Super Tram,NTR-00124,44G,44G (LOW:39),LOW,39,"2 waypoints (githurai, west); Terminal 'odeon'","tommboya, zimmerma,githurai, kahawa west"
NTSA/RSN-0322,Super Tram,NTR-00201901151029270,237,237 (MEDIUM:48); 44G (LOW:39); 145 (LOW:36),MEDIUM,48,"5 waypoints (thika, githurai, kahawa)","tom mboya, zimmerman,githurai,kahawa west,ruiru,juja,thika road, makongenithika"
NTSA/RSN-0322,Super Tram,ADR-ZZJS9PQ,,,UNMATCHED,0,Insufficient keyword overlap,"commercial, githurai,zimmerman, kahawa west"
NTSA/RSN-0322,Super Tram,ADR-2DVSZQ8,44G,44G (LOW:39),LOW,39,"2 waypoints (githurai, west); Terminal 'odeon'","tommboya, kahawa west,zimmerma, githurai"
NTSA/RSN-0322,Super Tram,ADR-K9BFEA9,237,237 (MEDIUM:48); 14 (LOW:39); 04SK (LOW:39),MEDIUM,48,"4 waypoints (ronald, kahawa, ngala)","ronald ngala, githurai , kahawa west"
NTSA/RSN-0322,Super Tram,ADR-7WRS7Q6,44G,44G (MEDIUM:51); 237 (MEDIUM:48); 48B (LOW:39),MEDIUM,51,"3 waypoints (githurai, west, odeon); Terminal 'odeon'","odeon, githurai,kahawa west,bypass, ruiru"
NTSA/RSN-01355,Surmount Shuttle,NTR-00201910041103390,,,UNMATCHED,0,Insufficient keyword overlap,"Luthuli Avenue, Thika rd,Juja,Makongeni, Gatundu, Luthuli Avenue"
NTSA/RSN-01355,Surmount Shuttle,,,,UNMATCHED,0,Insufficient keyword overlap,"Ngara,Juja rd,Outering rd ,Jogoo rd,Kangundo rd,Eastern Bypass,Savannah - Komarock and back- Luthuli Avenue"
NTSA/RSN-0592,Tawala Shuttle,NTR-0016,15,15 (MEDIUM:51); 16 (LOW:39); 14A (LOW:39),MEDIUM,51,"3 waypoints (madaraka, west, langata); Terminal 'bus station'","Bus station, NRB West Madaraka Mombasa RD, Langata RD, Lusaka RDCity Standium, Jogoo RD Donholm, OuterRing Rd AllsopsThika RD, UtawalaEastern BypassRuiru, RuakaWangige Kawangware, Ngong rd"
NTSA/RSN-0592,Tawala Shuttle,NTR-001183,24C,24C (LOW:39); 33UTW (LOW:39); 111 (LOW:36),LOW,39,"2 waypoints (ngong, mbagathi); Terminal 'kencom'","Kangundo Rd, Outering Rd Githunguri Utawala Jogoo Rd Mombasa Rd Mbagathi Rd GPO via Ngong Rd, Ambassador"
NTSA/RSN-0592,Tawala Shuttle,NTR-00134,33UTW,33UTW (MEDIUM:51); 33TP (LOW:39),MEDIUM,51,"3 waypoints (ambassadeur, githunguri, utawala); Terminal 'kencom'","joska, githunguri,utawala,mombasa road,gpo,ambassadeur, commercial"
NTSA/RSN-0592,Tawala Shuttle,ADR-2DVS23A,33UTW,33UTW (MEDIUM:51); 33TP (LOW:39),MEDIUM,51,"3 waypoints (ambassadeur, githunguri, utawala); Terminal 'kencom'","joska, commercial,githunguri,utawala,mombasa road,gpo, ambassadeur"
NTSA/RSN-01725,Telaviv,NTR-00201901041436380,,,UNMATCHED,0,Insufficient keyword overlap,"south c, south b,likoni, eastleigh"
NTSA/RSN-01725,Telaviv,ADR-REOSRMR,11,11 (MEDIUM:51); 12C (LOW:39); 12D (LOW:39),MEDIUM,51,"3 waypoints (mombasa, south, hazina); Terminal 'bus station'","bus station, mombasa road, south c, south b, hazina"
NTSA/RSN-01725,Telaviv,ADR-MDMSQ8O,11,11 (LOW:36); 11_2 (LOW:36),LOW,36,"3 waypoints (area, industrial, south)","ngumo, south c, south b, industrial area"
NTSA/RSN-01725,Telaviv,ADR-YM3S6Q9,11,11 (MEDIUM:51); 11_2 (LOW:36),MEDIUM,51,"3 waypoints (industrial, south, area); Terminal 'bus station'","bus station, south c,southb, industrial area"
NTSA/RSN-01725,Telaviv,ADR-8LMSEPZ,11,11 (MEDIUM:51); 12C (LOW:39); 12D (LOW:39),MEDIUM,51,"3 waypoints (mombasa, south, hazina); Terminal 'bus station'","bus station, hazina,mombasa road, south c, south b"
NTSA/RSN-01725,Telaviv,ADR-ZZJSQD5,33TP,33TP (MEDIUM:48); 28 (LOW:39); 33C (LOW:36),MEDIUM,48,"4 waypoints (mombasa, fedha, donholm)","south c, south b,mombasa rd,likoni,eastleigh,gikomba,jogoo rd,outering rd,donholm, fedha"
NTSA/RSN-01725,Telaviv,ADR-LZRSWZV,28,28 (LOW:39),LOW,39,"2 waypoints (gikomba, eastleigh); Terminal 'gikomba'","south c, south b,likoni,eastleigh,gikomba,jogoo rd,outering rd, fedha"
NTSA/RSN-01725,Telaviv,ADR-O68I2WW,11,11 (MEDIUM:63); 11_2 (MEDIUM:48); 33FED (MEDIUM:48),MEDIUM,63,"4 waypoints (machakos, area, industrial); Terminal 'bus station'","machakos, syokimau,imara daima,south b,south c,ngumo,likoni rd,industrial area,eastleigh,gikomba,busstation,jogoo rd,donholm, fedha"
NTSA/RSN-01725,Telaviv,ADR-6DBS87M,11,11 (MEDIUM:63); 11_2 (MEDIUM:48); 33FED (MEDIUM:48),MEDIUM,63,"4 waypoints (machakos, area, industrial); Terminal 'bus station'","machakos, syokimau,imara daima,south b,south c,ngumo,likoni rd,industrial area,eastleigh,gikomba,busstation,jogoo rd,outering rd,donholm, fedha"
NTSA/RSN-0605,Thomat Savings AND Credit Copperative Society,NTR-00201912041616440,,,UNMATCHED,0,Insufficient keyword overlap,"Odeon, Thika rdThomeRuakakiambuRuiru, Thika (MAKONGENI)"
NTSA/RSN-0605,Thomat Savings AND Credit Copperative Society,NTR-00202008061555520,105,105 (LOW:39); 106 (LOW:39); 107 (LOW:39),LOW,39,"2 waypoints (odeon, kikuyu); Terminal 'odeon'","Odeon, Thika road Thome Kiambu Barabara Tano Nderi Kikuyu Ruaka Ruiru Thika, Makongeni"
NTSA/RSN-0605,Thomat Savings AND Credit Copperative Society,NTR-00247,,,UNMATCHED,0,Insufficient keyword overlap,"odeon, thika road, thome"
NTSA/RSN-0605,Thomat Savings AND Credit Copperative Society,ADR-EPJSALK,,,UNMATCHED,0,Insufficient keyword overlap,"Ngara, ThikaMokengeni, Kenol"
NTSA/RSN-0605,Thomat Savings AND Credit Copperative Society,ADR-2DVSZ8O,,,UNMATCHED,0,Insufficient keyword overlap,"odeon, thome, kiambu"
NTSA/RSN-0605,Thomat Savings AND Credit Copperative Society,ADR-K9BFEWO,48B,48B (LOW:39); 48C (LOW:39); 237 (LOW:36),LOW,39,"2 waypoints (bypass, odeon); Terminal 'odeon'","odeon, thika rd, thome, bypass, ruiru"
NTSA/RSN-0605,Thomat Savings AND Credit Copperative Society,ADR-7WRS7KB,48B,48B (LOW:39); 48C (LOW:39); 237 (LOW:36),LOW,39,"2 waypoints (bypass, odeon); Terminal 'odeon'","odeon, thika road, thome, bypass, ruiru"
NTSA/RSN-0605,Thomat Savings AND Credit Copperative Society,ADR-BQ9S7OR,106,106 (LOW:39); 107 (LOW:39); 11F (LOW:39),LOW,39,"2 waypoints (ruaka, odeon); Terminal 'odeon'","odeon, thika road, thome, ruaka"
NTSA/RSN-0605,Thomat Savings AND Credit Copperative Society,ADR-REOS83D,,,UNMATCHED,0,Insufficient keyword overlap,"odeon, thome, thika road"
NTSA/RSN-01757,Tikagi,NTR-00202108091426140,44G,44G (MEDIUM:59); 44K (MEDIUM:59); 45K (MEDIUM:59),MEDIUM,59,"Base number '44'; 2 waypoints (githurai, roysambu)","kiambu, tatu city ruiru tinganga roysambu ruaka githurai 44 kahawa westgithurai 45 mwiki gatundu thika ikinu, githunguri"
NTSA/RSN-01757,Tikagi,NTR-00201909131535550,,,UNMATCHED,0,Insufficient keyword overlap,"Tinganga, KiambuRuakaTatu cityRoysambu RuiruGatunduThikaGithurai45Githurai44, Mwiki"
NTSA/RSN-01757,Tikagi,ADR-7WRSVDA,,,UNMATCHED,0,Insufficient keyword overlap,"kiambu, ikunu, GITHUNGURI"
NTSA/RSN-01757,Tikagi,ADR-BQ9S5JK,44G,44G (MEDIUM:59); 44K (MEDIUM:59); 120 (MEDIUM:48),MEDIUM,59,"Base number '44'; 2 waypoints (githurai, roysambu)","kiambu, tatu city ruiru tinganga roysambu ruaka githurai 44 githurai 45 mwiki gatundu thika ikinu, githunguri"
NTSA/RSN-01757,Tikagi,ADR-REOSRW5,,,UNMATCHED,0,Insufficient keyword overlap,"tinganga, kiambu,tatu city,ruiru,gatundu,thika,githurai45,githurai44, mwiki"
NTSA/RSN-01757,Tikagi,ADR-MDMSQYP,,,UNMATCHED,0,Insufficient keyword overlap,"tinganga, thika, githurai45, githurai44, mwiki"
NTSA/RSN-0610,Transnomics Company,NTR-00202002271055550,,,UNMATCHED,0,Insufficient keyword overlap,"Limuru, kikuyuWangigebananaRwakaWestlandsRedhill link rdPeponi rdNorthern bypassKiambuRuiru, Thika"
NTSA/RSN-0610,Transnomics Company,NTR-00201909251519230,116,116 (LOW:36); 118 (LOW:36); 119 (LOW:36),LOW,36,"3 waypoints (redhill, limuru, banana)","limuru, banana,rwaka,westlands,redhill link road,peponi rd,northen bypass,ruiru, thika"
NTSA/RSN-0610,Transnomics Company,ADR-YM3SV52,,,UNMATCHED,0,Insufficient keyword overlap,"nairobi, limuru bypass, ruiru, thika"
NTSA/RSN-0610,Transnomics Company,ADR-8LMSJ93,,,UNMATCHED,0,Insufficient keyword overlap,"nairobi, thika,limuru bypass, ruiru"
NTSA/RSN-0610,Transnomics Company,ADR-ZZJS9RE,,,UNMATCHED,0,Insufficient keyword overlap,"limuru bypass, ruiru, thika"
NTSA/RSN-01718,Transworld Transport,NTR-00201910291107300,118,118 (LOW:39); 119 (LOW:39); 119A (LOW:39),LOW,39,"2 waypoints (westlands, wangige); Terminal 'koja'","Khoja, Westlands,Wangige,Kikuyu,Southern by pass,Karen,Ngong, Kiserian"
NTSA/RSN-01718,Transworld Transport,NTR-00202012151514130,115,115 (LOW:39); 118 (LOW:39); 119 (LOW:39),LOW,39,"2 waypoints (westlands, limuru); Terminal 'koja'","Khoja, Thika Westlands Wangige GachieKiambu Limuru KikuyuKaren Ngong, Kiserian"
NTSA/RSN-01718,Transworld Transport,NTR-00612,,,UNMATCHED,0,Insufficient keyword overlap,"Khoja, WestlandsWangigeBypassThika Makongeni, Kerugoya"
NTSA/RSN-01718,Transworld Transport,ADR-537H2ZQ,118,118 (MEDIUM:51); 119 (MEDIUM:51),MEDIUM,51,"3 waypoints (westlands, bypass, wangige); Terminal 'koja'","Khoja, Westlands,Wangige,Bypass, Thika"
NTSA/RSN-01718,Transworld Transport,ADR-A5ACVEL,119,119 (LOW:39),LOW,39,"2 waypoints (kiambu, wangige); Terminal 'koja'","Kiserian, Ngong Karen Khoja WestlandsKikuyu Wangige Gachie Kiambu Limuru Thika Makongeni, Kerugoya"
NTSA/RSN-01718,Transworld Transport,ADR-9AKF83J,118,118 (MEDIUM:51); 119 (MEDIUM:51),MEDIUM,51,"3 waypoints (westlands, bypass, wangige); Terminal 'koja'","khoja, westlands,wangige,bypass, thika"
NTSA/RSN-01718,Transworld Transport,ADR-DB3T8P3,118,118 (MEDIUM:51); 119 (MEDIUM:51),MEDIUM,51,"3 waypoints (westlands, bypass, wangige); Terminal 'koja'","khoja, thika,westlands,wangige, bypass"
NTSA/RSN-0613,Travel Mart,NTR-00202006052036480,,,UNMATCHED,0,Insufficient keyword overlap,"Luthuli, KariakorGikombaNgaraJuja rdEastleighThika rdMathare northOuteringFedhaEastern bypass, Kangundo rd underpass"
NTSA/RSN-0613,Travel Mart,ADR-2DVS57B,7,7 (LOW:39),LOW,39,"2 waypoints (luthuli, kariokor); Terminal 'gikomba'","luthuli avenue, kariokor, eastleigh"
NTSA/RSN-0613,Travel Mart,ADR-K9BFVDL,7,7 (LOW:39),LOW,39,"2 waypoints (luthuli, kariokor); Terminal 'gikomba'","luthuli avenue, eastleigh, kariokor"
NTSA/RSN-01750,Ukakina Society,ADR-7WRSV8A,,,UNMATCHED,0,Insufficient keyword overlap,"kenyatta hospital, kawangware, uthiru, kinoo"
NTSA/RSN-5948,Ummoinner Class,NTR-00202007021338420,04SK,04SK (MEDIUM:63); 35/60 (MEDIUM:63); 14 (MEDIUM:51),MEDIUM,63,"4 waypoints (ronald, umoja, ngala); Terminal 'otc'","Ronald Ngala, Juja rd Thika rdOutering rd jogoo rd Umoja InnercoreKomarockKangundo rd Mombasa rd Ruai, Kamulu"
NTSA/RSN-5948,Ummoinner Class,NTR-00876,04SK,04SK (MEDIUM:63); 35/60 (MEDIUM:63); 14 (MEDIUM:51),MEDIUM,63,"6 waypoints (ronald, jogoo, umoja); Terminal 'otc'","Ronald Ngala, Tom Mboya Juja Rd Thika Rd Outering Rd Jogoo Rd Umoja Innercore Komarock Kangundo Rd Ruai Kamulu Mombasa Rd, Greatwall"
NTSA/RSN-5948,Ummoinner Class,ADR-7WRSOLO,04SK,04SK (MEDIUM:51); 35/60 (MEDIUM:51); 14 (LOW:39),MEDIUM,51,"3 waypoints (ronald, ngala, jogoo); Terminal 'otc'","Ronald Ngala, Jogoo rdOutering rdUmoja innercoreKomarockKangundo rdRuai, Kamulu"
NTSA/RSN-0620,Umoinner,NTR-00201909161142390,04SK,04SK (MEDIUM:63); 35/60 (MEDIUM:63); 1960 (MEDIUM:51),MEDIUM,63,"7 waypoints (ronald, jogoo, saika); Terminal 'otc'","Ronald Ngala, Jogoo road Shauri Moyo Outering road Kangundo road Saika, Ruia"
NTSA/RSN-0620,Umoinner,NTR-00202007021301330,1960,1960 (MEDIUM:63); 04SK (MEDIUM:63); 1961K (MEDIUM:63),MEDIUM,63,"5 waypoints (jogoo, moyo, shauri); Terminal 'otc'","Ronald Ngala, Shauri Moyo Jogoo road Donholm Tajmall Utawala Kangundo road Komarock Umoja-Innercore Outering road, Allsops"
NTSA/RSN-0620,Umoinner,NTR-00397,04SK,04SK (MEDIUM:63); 35/60 (MEDIUM:63); 19C (MEDIUM:48),MEDIUM,63,"4 waypoints (ronald, umoja, ngala); Terminal 'otc'","ronald ngala, jogoo road,umoja, innercore"
NTSA/RSN-0620,Umoinner,NTR-00125,04SK,04SK (MEDIUM:63); 35/60 (MEDIUM:51); 14 (LOW:39),MEDIUM,63,"4 waypoints (ronald, ngala, kangundo); Terminal 'otc'","ronald ngala, jogoo road,buru buru,kangundo road, moulem"
NTSA/RSN-0620,Umoinner,ADR-8LMSV59,04SK,04SK (MEDIUM:51); 35/60 (MEDIUM:51); 14 (LOW:39),MEDIUM,51,"3 waypoints (ronald, ngala, jogoo); Terminal 'otc'","Ronald Ngala, Jogoo rdDonholmTajmallUtawalaKangundo rdKomarockUmoja-InnercoreOutering rd, Allsops"
NTSA/RSN-0620,Umoinner,ADR-ZZJS2V8,04SK,04SK (MEDIUM:51); 35/60 (MEDIUM:51); 14 (LOW:39),MEDIUM,51,"3 waypoints (ronald, ngala, jogoo); Terminal 'otc'","ronald ngala, jogoo road, buruburu, kagundo road, moulem"
NTSA/RSN-0620,Umoinner,ADR-LZRS36M,04SK,04SK (MEDIUM:63); 35/60 (MEDIUM:63); 19C (MEDIUM:48),MEDIUM,63,"4 waypoints (ronald, umoja, ngala); Terminal 'otc'","ronald ngala, jogoo road, umoja innercore"
NTSA/RSN-0620,Umoinner,ADR-O68ILBR,04SK,04SK (MEDIUM:63); 35/60 (MEDIUM:51); 14 (LOW:39),MEDIUM,63,"4 waypoints (ronald, ngala, kangundo); Terminal 'otc'","ronald ngala, moulem,jogoo road,buru buru, kangundo road"
NTSA/RSN-0620,Umoinner,ADR-6DBSDKP,04SK,04SK (MEDIUM:63); 35/60 (MEDIUM:63); 19C (MEDIUM:48),MEDIUM,63,"4 waypoints (ronald, umoja, ngala); Terminal 'otc'","ronald ngala, innercore,jogoo road, umoja"
NTSA/RSN-0620,Umoinner,ADR-WZ9S3D6,04SK,04SK (MEDIUM:63); 35/60 (MEDIUM:63); 19C (MEDIUM:48),MEDIUM,63,"4 waypoints (ronald, umoja, ngala); Terminal 'otc'","ronald ngala, umoja innercore, jogoo road"
NTSA/RSN-0620,Umoinner,ADR-537HOQA,04SK,04SK (MEDIUM:63); 35/60 (MEDIUM:51); 14 (LOW:39),MEDIUM,63,"5 waypoints (ronald, jogoo, saika); Terminal 'otc'","ronald ngala, jogoo rd,outering rd,kangundo rd,saika, ruia"
NTSA/RSN-0620,Umoinner,ADR-A5AC7LA,04SK,04SK (MEDIUM:51); 35/60 (MEDIUM:51); 14 (LOW:39),MEDIUM,51,"3 waypoints (ronald, ngala, jogoo); Terminal 'otc'","ronald ngala, moulem,jogoo road, buruburu, kagundo road"
NTSA/RSN-0621,Umoja Innercore Tena,NTR-00502,,,UNMATCHED,0,Insufficient keyword overlap,"mfangano, jogoo road, umoja"
NTSA/RSN-0621,Umoja Innercore Tena,NTR-00201910041031520,04SK,04SK (LOW:36); 38/39 (LOW:36),LOW,36,"3 waypoints (kangundo, umoja, jogoo)","mfangano, jogoo rd,umoja,outering rd,kangundo rd, malaa"
NTSA/RSN-0621,Umoja Innercore Tena,ADR-BQ9S5WK,10,10 (MEDIUM:63); 33DP (MEDIUM:63); 38/39 (MEDIUM:63),MEDIUM,63,"4 waypoints (shauri, muthurwa, jogoo); Terminal 'muthurwa'","Mfangano, Bus Station Muthurwa Jogoo Rd Shauri Moyo Umoja Innercore Outering Rd Eastleigh Section 3 Utawala Malaa Eastern Bypass Katani Syokimau Mlolongo Kitengela Kangundo Rd Ruai Juja Rd Eastleigh Forest Rd Thika Rd Alsops Donholm Savanna Komarock Industrial area Manyanja Rd, Enterprise Rd"
NTSA/RSN-0621,Umoja Innercore Tena,ADR-REOSR75,04SK,04SK (MEDIUM:63); 35/60 (MEDIUM:63); 19C (MEDIUM:48),MEDIUM,63,"4 waypoints (ronald, umoja, ngala); Terminal 'otc'","ronald ngala, umoja innercore, jogoo road"
NTSA/RSN-0621,Umoja Innercore Tena,ADR-MDMSQDP,,,UNMATCHED,0,Insufficient keyword overlap,"mfangano, umoja, jogoo road"
NTSA/RSN-0621,Umoja Innercore Tena,ADR-YM3S6K3,,,UNMATCHED,0,Insufficient keyword overlap,"mfangano, luthuli avenue, eastleigh section 3"
NTSA/RSN-0623,Unified International,NTR-00202009281541460,,,UNMATCHED,0,Insufficient keyword overlap,"Tom mboya, Thika roadOuteringEastern BypassRuiru Thika, Kenol"
NTSA/RSN-0623,Unified International,NTR-00201903261429260,,,UNMATCHED,0,Insufficient keyword overlap,"githurai, mwihoko, ruiru"
NTSA/RSN-0623,Unified International,NTR-00201901041326070,,,UNMATCHED,0,Insufficient keyword overlap,"githurai, githurai, mwihoko"
NTSA/RSN-0623,Unified International,ADR-537HYVM,24,24 (MEDIUM:51); 24C (MEDIUM:51); 32A (MEDIUM:51),MEDIUM,51,"3 waypoints (kenyatta, ngong, kenol); Terminal 'kencom'","Mombasa rd, Outering rd Juja rd Eastleigh Tom mboya Kenyatta av GPO Community Knh Ngong rd Kawangware Kikuyu Kiambu rd bypass thika rd Githurai Ruiru Thika, kenol"
NTSA/RSN-0623,Unified International,ADR-A5AC2AY,24,24 (MEDIUM:63); 24C (MEDIUM:63); 32A (MEDIUM:51),MEDIUM,63,"4 waypoints (kenyatta, ngong, kenol); Terminal 'kencom'","Mombasa rd, Outering rd Juja rd Eastleigh Tom mboya Kenyatta av GPO Community Knh Ngong rd Kawangware Kikuyu waiyaki way forest rd Kiambu rd bypass thika rd Githurai mwiki Ruiru Thika, kenol"
NTSA/RSN-0623,Unified International,ADR-9AKFOPZ,24,24 (MEDIUM:63); 24C (MEDIUM:63); 32A (MEDIUM:51),MEDIUM,63,"4 waypoints (kenyatta, ngong, kenol); Terminal 'kencom'","Mombasa rd, Outering rd Juja rd Eastleigh Tom mboya Kenyatta av GPO Community Knh Ngong rd Kawangware Kikuyu waiyaki way Westlands Limuru Rd forest rd Kiambu rd bypass thika rd Githurai mwiki Ruiru Thika, kenol"
NTSA/RSN-0623,Unified International,ADR-DB3TQR7,24,24 (MEDIUM:63); 24C (MEDIUM:63); 32A (MEDIUM:51),MEDIUM,63,"4 waypoints (kenyatta, ngong, kenol); Terminal 'kencom'","Mombasa rd, Outering rd Juja rd Eastleigh Tom mboya Kenyatta av GPO Community Knh Ngong rd Kawangware Kikuyu waiyaki way Westlands Limuru Rd forest rd Kiambu rd bypass thika rd Githurai mwiki Ruiru Thika, kenol"
NTSA/RSN-0623,Unified International,ADR-3ZQSOD7,33C,33C (LOW:39); 33FED (LOW:39); 33GTB (LOW:39),LOW,39,"2 waypoints (commercial, mboya); Terminal 'commercial'","commercial, tom mboya,thika road, githurai"
NTSA/RSN-0623,Unified International,ADR-JY7SEYP,237,237 (LOW:36),LOW,36,"3 waypoints (githurai, thika, ruiru)","tom mboya, thika road, githurai, ruiru"
NTSA/RSN-1901,Unimax Classic,NTR-00340,116,116 (LOW:39),LOW,39,"2 waypoints (limuru, banana); Terminal 'koja'","khoja, banana, limuru"
NTSA/RSN-1901,Unimax Classic,NTR-00202107121421300,114R,114R (LOW:36),LOW,36,"3 waypoints (ndenderu, limuru, banana)","limuru, banana ndenderu northern bypass eastern bypass cabanas athi river, Machakos"
NTSA/RSN-1901,Unimax Classic,ADR-K9BFLY5,119,119 (LOW:36); 107D (LOW:36); 114R (LOW:36),LOW,36,"3 waypoints (westlands, kiambu, bypass)","Banana, kiambu wangari maathai rd westlands ndenderu via waiyaki way limuru njabini wanjohi northern bypass eastern bypass cabanas athi river, machakos"
NTSA/RSN-1901,Unimax Classic,ADR-7WRSVRR,11_2,11_2 (LOW:39),LOW,39,"2 waypoints (machakos, railways); Terminal 'railways'","banana, railways,athi river, machakos"
NTSA/RSN-0625,Utawala By-pass,NTR-0024,38/39,38/39 (MEDIUM:48); 10 (LOW:39); 33DP (LOW:39),MEDIUM,48,"5 waypoints (koma, jogoo, muthurwa)","Muthurwa, likoni rd jogoo rd outering rd alsops ruiru eastern bypass kangundo rd joska malaa koma machakos mombasa rd cabanas utawala githunguri airwayskatani, mlolongo"
NTSA/RSN-0625,Utawala By-pass,NTR-0019,38/39,38/39 (MEDIUM:48); 10 (LOW:39); 33DP (LOW:39),MEDIUM,48,"5 waypoints (ruai, jogoo, muthurwa)","muthurwa, jogoo road,kangundo road,ruai, joska"
NTSA/RSN-0625,Utawala By-pass,NTR-00510,70/71,70/71 (MEDIUM:51); 10 (LOW:39); 69 (LOW:39),MEDIUM,51,"3 waypoints (likoni, muthurwa, city); Terminal 'muthurwa'","muthurwa, likoni road,mombasa road,city cabanas,eastern bypass,utawala,githunguri, kangundo road"
NTSA/RSN-0625,Utawala By-pass,NTR-00201901181546510,110,110 (LOW:36); 107D (LOW:36); 110ATH (LOW:36),LOW,36,"3 waypoints (mombasa, cabanas, mlolongo)","ruiru, eastern bypass,utawala,cabanas,mombasa rd,mlolongo,makutano, machakos"
NTSA/RSN-0625,Utawala By-pass,ADR-JY7SEB2,38/39,38/39 (MEDIUM:48); 10 (LOW:39); 33DP (LOW:39),MEDIUM,48,"5 waypoints (koma, jogoo, muthurwa)","Muthurwa, likoni rd jogoo rd outering rd alsops thika rd ruiru eastern bypass kangundo rd joska malaa koma machakos mombasa rd utawala githunguri airwayskatani, mlolongo"
NTSA/RSN-0625,Utawala By-pass,ADR-POKS79A,70/71,70/71 (LOW:39); 107D (LOW:36); 33H (LOW:36),LOW,39,"2 waypoints (likoni, muthurwa); Terminal 'muthurwa'","muthurwa, likoni road, mombasa road, cabanas, eastern bypass, utawala, ruiru"
NTSA/RSN-0625,Utawala By-pass,ADR-VYASZ2E,107D,107D (LOW:36),LOW,36,"3 waypoints (bypass, eastern, ruiru)","city cabanas, ruiru, eastern bypass"
NTSA/RSN-0625,Utawala By-pass,ADR-Q5LCBWP,107D,107D (LOW:36),LOW,36,"3 waypoints (bypass, eastern, ruiru)","city cabanas, eastern bypass, ruiru"
NTSA/RSN-01745,Virginia Coach Enterprise,NTR-00415,237,237 (MEDIUM:48); 46B (LOW:39),MEDIUM,48,"4 waypoints (ronald, thika, ngara)","ronald ngara, thika road, githurai"
NTSA/RSN-01745,Virginia Coach Enterprise,NTR-00202107071449000,,,UNMATCHED,0,Insufficient keyword overlap,"Nairobi, joska malaa koma athi river, Mlolongo"
NTSA/RSN-01745,Virginia Coach Enterprise,ADR-7WRSVPR,237,237 (MEDIUM:48); 14 (LOW:39); 04SK (LOW:39),MEDIUM,48,"4 waypoints (ronald, thika, ngala)","ronald ngala, githurai, thika, mwingi"
NTSA/RSN-0632,Wakimali CO,NTR-00201910041505590,,,UNMATCHED,0,Insufficient keyword overlap,"Ngong, KarenDagoretti cornerUthiruKikuyuNdeiya(kamangu)KahuhoNduma, Limuru"
NTSA/RSN-0632,Wakimali CO,NTR-00616,,,UNMATCHED,0,Insufficient keyword overlap,"Kikuyu, Ndumbuini, Ndeiya(kamangu), Muguga, Limuru"
NTSA/RSN-0632,Wakimali CO,NTR-00673,,,UNMATCHED,0,Insufficient keyword overlap,"kikuyu, karen, ngong"
NTSA/RSN-0632,Wakimali CO,ADR-WZ9S9PL,2,2 (MEDIUM:48); 102 (MEDIUM:48); 103 (MEDIUM:48),MEDIUM,48,"4 waypoints (waithaka, corner, ngong)","kiserian, ngong karen dagoretti corner waithaka uthiru kikuyu nduma kahuho ngecha ndeiya (kamangu) limuru tigoni wangige ndenderu, kiambu"
NTSA/RSN-0632,Wakimali CO,ADR-537HW92,2,2 (MEDIUM:48); 24 (MEDIUM:48); 102 (MEDIUM:48),MEDIUM,48,"4 waypoints (waithaka, corner, ngong)","kiserian, ngong Bomas karen dagoretti corner waithaka uthiru kikuyu nduma kahuho ngecha ndeiya (kamangu) limuru tigoni wangige ndenderu Ruiru, kiambu"
NTSA/RSN-0632,Wakimali CO,ADR-A5AC8OM,,,UNMATCHED,0,Insufficient keyword overlap,"kikuyu, ndumbuini, ndeiya, muguga, limuru"
NTSA/RSN-0632,Wakimali CO,ADR-9AKFR99,,,UNMATCHED,0,Insufficient keyword overlap,"kikuyu, ndumboini,ndaiya, limuru"
NTSA/RSN-0632,Wakimali CO,ADR-DB3TOZV,,,UNMATCHED,0,Insufficient keyword overlap,"kikuyu, limuru,ndumboini, ndaiya"
NTSA/RSN-0632,Wakimali CO,ADR-3ZQS2MK,,,UNMATCHED,0,Insufficient keyword overlap,"kikuyu, ngong, karen"
NTSA/RSN-0632,Wakimali CO,ADR-JY7S76R,102,102 (MEDIUM:48); 2 (LOW:36); 24 (LOW:36),MEDIUM,48,"4 waypoints (corner, ngong, dagoretti)","ngong, karen,dagoretti corner,uthiru,kikuyu,kahuho,nduma, limuru"
NTSA/RSN-0633,Walokana,ADR-7WRS9R9,,,UNMATCHED,0,Insufficient keyword overlap,"Khoja, WestlandsPeponi rdWangigeNgechaKikuyuWestern bypassNorthern bypass Thika, Naivasha, Nakuru"
NTSA/RSN-0633,Walokana,ADR-BQ9SQ23,118,118 (MEDIUM:51); 119 (MEDIUM:51); 119A (LOW:39),MEDIUM,51,"3 waypoints (westlands, peponi, wangige); Terminal 'koja'","khoja, westlands,wangige,ngecha, peponi rd"
NTSA/RSN-0633,Walokana,ADR-REOSZQO,118,118 (LOW:39); 119 (LOW:39),LOW,39,"2 waypoints (westlands, wangige); Terminal 'koja'","khoja, wangige, westlands"
NTSA/RSN-0633,Walokana,ADR-MDMSJZQ,118,118 (MEDIUM:51); 119 (MEDIUM:51); 119A (LOW:39),MEDIUM,51,"3 waypoints (westlands, peponi, wangige); Terminal 'koja'","khoja, peponi rd,westlands,wangige, ngecha, khoja"
NTSA/RSN-0633,Walokana,,118,118 (MEDIUM:63); 119 (MEDIUM:63); 115 (LOW:39),MEDIUM,63,"4 waypoints (westlands, bypass, peponi); Terminal 'koja'","Westlands,Peponi rd,Wangige via limuru rd,Ngecha,Kikuyu,Western bypass,Northern bypass,Thika rd,Thika,Limuru,Naivasha - Nakuru and back- khoja - Westlands,Peponi rd,Wangige via limuru rd,Ngecha,Kikuyu,Western bypass,Northern bypass,Thika rd,Thika,Limuru,Naivasha - Nakuru and back - khoja - Westlands,Peponi rd,Wangige via limuru rd,Ngecha,Kikuyu,Western bypass,Northern bypass,Thika rd,Thika,Limuru,Naivasha - Nakuru and back"
NTSA/RSN-02044,Wanjo Patrames Travel Company,NTR-00202106181630480,237,237 (LOW:36),LOW,36,"3 waypoints (juja, thika, ruiru)","Nairobi, Eastleigh thika road ruiru nyanduma, Juja"
NTSA/RSN-02044,Wanjo Patrames Travel Company,ADR-POKSRJ8,24,24 (MEDIUM:48); 111 (MEDIUM:48); 125 (MEDIUM:48),MEDIUM,48,"4 waypoints (nairobi, bomas, ngong)","Thika rd, juja Ruiru nyanduma eastleigh Nairobi ladhies rd lusaka rd langata rd mbagathi rd bomas magadi rd ngong rd karen gataka rd ongata rongai ngong town kiserian, kajiado"
NTSA/RSN-02044,Wanjo Patrames Travel Company,ADR-VYAS9MY,24,24 (MEDIUM:48); 111 (MEDIUM:48); 125 (MEDIUM:48),MEDIUM,48,"4 waypoints (nairobi, bomas, ngong)","Nairobi, Lusaka Rd Via Mombasa Rd Langata Rd Mbagathi Rd Langata Link Rd Bomas Magadi Rd Ngong Rd Kabiria Karen Gataka Rd Ongata Rongai Ngong Town Kiserian Kitengela, Kajiado"
NTSA/RSN-0716,Welkan 48 Society,NTR-00201910041453230,48K,48K (HIGH:71); 48A (MEDIUM:47); 48B (MEDIUM:47),HIGH,71,"Base number '48'; 3 waypoints (kawangware, westlands, lavington)","westlands, lavington,kawangware,riruta,naivas,gatina,redhill rd,nyari estate, kangemi"
NTSA/RSN-0716,Welkan 48 Society,ADR-ZZJSZA9,48K,48K (HIGH:71); 48A (MEDIUM:47); 48B (MEDIUM:47),HIGH,71,"Base number '48'; 3 waypoints (kawangware, westlands, lavington)","westlands, lavington, kawangware"
NTSA/RSN-0716,Welkan 48 Society,ADR-LZRSRM7,48K,48K (HIGH:71); 48A (MEDIUM:47); 48B (MEDIUM:47),HIGH,71,"Base number '48'; 3 waypoints (kawangware, westlands, lavington)","westlands, kawangware, lavington"
NTSA/RSN-02057,Welkan,NTR-00201910041453230,48K,48K (LOW:36),LOW,36,"3 waypoints (kawangware, westlands, lavington)","Westlands, Lavington,Kawangware,Riruta,Naivas,Gatina,Redhill rd,Nyari estate, Kangemi"
NTSA/RSN-02057,Welkan,ADR-VYAS92A,,,UNMATCHED,0,Insufficient keyword overlap,"Kawangware, GatinaLavingtonYayaFig TreeWestlandsWaiyaki WayLimuru RdPeponi RdRed Hill RdRed Hill Link RdGachieGitaruGathigaKaruraWangige Kinoo RegenUthiruRiruta, Kangemi"
NTSA/RSN-0641,West Madaraka Route 14 Cooperative,NTR-0016,14A,14A (HIGH:74); 14B (HIGH:74); 15 (MEDIUM:51),HIGH,74,"Base number '14'; 2 waypoints (madaraka, west); Terminal 'bus station'","Bus station, NRB West Madaraka Mombasa RD, Langata RD, Lusaka RDCity Standium, Jogoo RD Donholm, OuterRing Rd AllsopsThika RD, UtawalaEastern BypassRuiru, RuakaWangige Kawangware, Ngong rd"
NTSA/RSN-0641,West Madaraka Route 14 Cooperative,ADR-BQ9SQ86,14A,14A (HIGH:86); 14B (HIGH:74); 15 (MEDIUM:51),HIGH,86,"Base number '14'; 3 waypoints (strathmore, madaraka, west); Terminal 'bus station'","bus station, west madaraka, langata rd, strathmore"
NTSA/RSN-0641,West Madaraka Route 14 Cooperative,ADR-REOSZ5E,14B,14B (HIGH:86); 14A (HIGH:74); 15 (MEDIUM:63),HIGH,86,"Base number '14'; 3 waypoints (estate, madaraka, west); Terminal 'bus station'","bus station, madaraka estate,west madaraka, langata rd"
NTSA/RSN-0641,West Madaraka Route 14 Cooperative,ADR-MDMSJ2R,14A,14A (HIGH:86); 14B (HIGH:74); 15 (MEDIUM:51),HIGH,86,"Base number '14'; 3 waypoints (strathmore, madaraka, west); Terminal 'bus station'","bus station, strathmore,west madaraka, langata rd"
NTSA/RSN-2704,ZAM ZAM Fourty Five,NTR-00202107221159520,04SK,04SK (MEDIUM:51); 35/60 (MEDIUM:51); 14 (LOW:39),MEDIUM,51,"3 waypoints (ronald, makongeni, ngala); Terminal 'otc'","Commercial, Ronald ngala Zimmermankiambugithuraikahawa westoutering roadnorthern bypasseastern bypassruiruthika, Makongeni"
NTSA/RSN-2704,ZAM ZAM Fourty Five,NTR-00202007081106410,,,UNMATCHED,0,Insufficient keyword overlap,"Nairobi, Thika rdGithurairuiru, Thika(Makongeni)"
NTSA/RSN-2704,ZAM ZAM Fourty Five,NTR-00202012111556180,237,237 (LOW:36); 107D (LOW:36),LOW,36,"3 waypoints (githurai, thika, ruiru)","Nairobi, Thika rd Outering rd Kangundo rd Eastern Bypass Ruiru Thika(Makongeni), Githurai"
NTSA/RSN-2704,ZAM ZAM Fourty Five,NTR-00201905271349100,,,UNMATCHED,0,Insufficient keyword overlap,"Nairobi, Thika Rd Githurai Thika Isiolo Marsabit, Moyale"
NTSA/RSN-2704,ZAM ZAM Fourty Five,NTR-00202211011812570,44G,44G (MEDIUM:59); 44K (MEDIUM:59),MEDIUM,59,"Base number '44'; 2 waypoints (githurai, west)","Nairobi, Zimmerman Kahwa West, Githurai 44"
NTSA/RSN-2704,ZAM ZAM Fourty Five,NTR-00201909131137050,237,237 (MEDIUM:48); 14 (LOW:39); 04SK (LOW:39),MEDIUM,48,"5 waypoints (ronald, thika, githurai)","ronald ngala, thika rd,githurai,ruiru, thika (makongeni)"
NTSA/RSN-2704,ZAM ZAM Fourty Five,ADR-VYASZQM,,,UNMATCHED,0,Insufficient keyword overlap,"nairobi, thika road, githurai"
NTSA/RSN-2704,ZAM ZAM Fourty Five,ADR-Q5LCB9Q,237,237 (MEDIUM:48); 14 (LOW:39); 04SK (LOW:39),MEDIUM,48,"4 waypoints (ronald, thika, ngala)","ronald ngala, thika road,githurai, thika (makongeni)"
NTSA/RSN-0655,Zuri Genesis,NTR-00202202211203420,237,237 (MEDIUM:48); 107D (MEDIUM:48); 16 (LOW:39),MEDIUM,48,"4 waypoints (juja, kahawa, thika)","Bus Station, Tom Mboya Thika Rd Kahawa West Kenyatta University Hospital Northern Bypass Ruiru Mwihoko Kahawa Sukari Alsops Outering Rd Eastern Bypass Kangund rd Jogoo Rd Juja Rd Wangari Maathai Rd Kiambu Rd Kikuyu Wangige Gachie, Thika"
NTSA/RSN-0655,Zuri Genesis,NTR-00704,,,UNMATCHED,0,Insufficient keyword overlap,"kahawa west, thika road, tommboya, bus station"
NTSA/RSN-0655,Zuri Genesis,NTR-00201909131145270,16,16 (LOW:39); 14A (LOW:39); 24 (LOW:36),LOW,39,"2 waypoints (kenyatta, west); Terminal 'bus station'","bus station, tom mboya,thika rd,kahawa west,kenyatta university hospital,bypass,ruiru, thika"
NTSA/RSN-0655,Zuri Genesis,ADR-6DBSKDA,44G,44G (LOW:39),LOW,39,"2 waypoints (githurai, west); Terminal 'odeon'","tommboya, kahawa west,zimmerma, githurai"
NTSA/RSN-0655,Zuri Genesis,ADR-WZ9SD3A,,,UNMATCHED,0,Insufficient keyword overlap,"tommboya, kahawa west, thika road"
NTSA/RSN-0655,Zuri Genesis,ADR-537HQOM,,,UNMATCHED,0,Insufficient keyword overlap,"kahawa west, bus station,thika road, tommboya"
NTSA/RSN-0655,Zuri Genesis,ADR-A5ACP7Y,44G,44G (LOW:39); 237 (LOW:36),LOW,39,"2 waypoints (west, odeon); Terminal 'odeon'","odeon, thika road, zimmerman, kahawa west"
