pto_no,pto_name,permit_id,is_intercity,route_text
NTSA/RSN-0004,2B TRAVELLERS SACCO LTD,NTR-00539,False,"kikuyu, dagoreti, gikambura"
NTSA/RSN-0004,2B TRAVELLERS SACCO LTD,NTR-00201912130944110,False,"Kikuyu, GikamburaKamanguMutarakwaLimuruNorthern bypassRuiruThika rd, Thika (MAKONGENI)"
NTSA/RSN-0004,2B TRAVELLERS SACCO LTD,NTR-001144,False,"Railways, Waiyaki way Uthiru kawangware Kikuyu gikambura kamangu mutarakwa limuru northern bypass thika Rd thika, Thika(makongeni)"
NTSA/RSN-0004,2B TRAVELLERS SACCO LTD,NTR-00667,False,"railways, kawangware,dagorretti,kikuyu, gikambura"
NTSA/RSN-0004,2B TRAVELLERS SACCO LTD,NTR-00201901141024040,False,"knh, kawangware,dagoreti,kikuyu, gikambura"
NTSA/RSN-0004,2B TRAVELLERS SACCO LTD,NTR-00201901141021120,False,"knh, dagoreti,kikuyu, limuru"
NTSA/RSN-0004,2B TRAVELLERS SACCO LTD,ADR-YM3SEOK,False,"Railways, Karen via bomas kawangwarekabiria dagoretti Kikuyu Muslim gikambura waiyaki way, Uthiru"
NTSA/RSN-0004,2B TRAVELLERS SACCO LTD,ADR-8LMSVDD,False,"railways, kawangware,dagorretti,kikuyu, gikambura"
NTSA/RSN-0004,2B TRAVELLERS SACCO LTD,ADR-ZZJS27K,False,"railways, dagoretti,kawangware, kikuyu"
NTSA/RSN-0007,2KR ROUTE 105 MULTIPURPOSE COOPERATIVE SOCIETY LIMITED,NTR-00202008120851300,False,"Kikuyu, Wangige Kiambu Ruiru Thika road Juja, Makongeni"
NTSA/RSN-0007,2KR ROUTE 105 MULTIPURPOSE COOPERATIVE SOCIETY LIMITED,NTR-00346,False,"Tommboya, KawangwarekikuyuwestlandsThika RdMakongeniruirukiambuwangige, Limuru"
NTSA/RSN-0007,2KR ROUTE 105 MULTIPURPOSE COOPERATIVE SOCIETY LIMITED,NTR-00341,False,"odeon, westlands,kinoo, kikuyu"
NTSA/RSN-0007,2KR ROUTE 105 MULTIPURPOSE COOPERATIVE SOCIETY LIMITED,ADR-O68ILQB,False,"odeon, westlands,kinoo, kikuyu"
NTSA/RSN-0007,2KR ROUTE 105 MULTIPURPOSE COOPERATIVE SOCIETY LIMITED,ADR-6DBSD6W,False,"odeon, westlands, kinoo, kikuyu, thogoto, kanyariri, mutarakwa, city cabanas"
NTSA/RSN-0007,2KR ROUTE 105 MULTIPURPOSE COOPERATIVE SOCIETY LIMITED,ADR-WZ9S3ZE,False,"tommboya, westlands,kinoo,kikuyu,kamangu, limuru"
NTSA/RSN-0007,2KR ROUTE 105 MULTIPURPOSE COOPERATIVE SOCIETY LIMITED,ADR-537HODO,False,"odeon, kikuyu,westlands, kinoo"
NTSA/RSN-0008,2KW SAVINGS AND CREDIT CO-OPERATIVE SOCIETY LTD,NTR-00494,True,"nairobi, limuru, nakuru"
NTSA/RSN-0008,2KW SAVINGS AND CREDIT CO-OPERATIVE SOCIETY LTD,NTR-00202009011729160,False,"Wangige Market, Ngecha Nduma Kamangu Gikambura Muguga Zambezi, Kahuho"
NTSA/RSN-0008,2KW SAVINGS AND CREDIT CO-OPERATIVE SOCIETY LTD,NTR-00201901101111320,True,"Dagoretti Corner, UthiruWangigeKahawa west KU Hospital Ruiru Limuru, Nakuru"
NTSA/RSN-0008,2KW SAVINGS AND CREDIT CO-OPERATIVE SOCIETY LTD,NTR-00202107221145140,True,"suswa, kimuka ngong dagoretti corner kawangware uthiru Kikuyu kamangu thigio ngecha wangige kahawa west via Kiambu KU hospital ruiru limuru, nakuru"
NTSA/RSN-0008,2KW SAVINGS AND CREDIT CO-OPERATIVE SOCIETY LTD,ADR-9AKFJOA,False,"wangige, kahawa west KU Hospital, Ruiru"
NTSA/RSN-0008,2KW SAVINGS AND CREDIT CO-OPERATIVE SOCIETY LTD,ADR-DB3TYQY,True,"suswa, kimuka ngong dagoretti centre kamangu thigio ngecha wangige kahawa west KU hospital ruiru limuru, nakuru"
NTSA/RSN-0008,2KW SAVINGS AND CREDIT CO-OPERATIVE SOCIETY LTD,ADR-3ZQSJOA,True,"suswa, kimuka ngong dagoretti corner kawangware uthiru Kikuyu kamangu thigio ngecha wangige kahawa west KU hospital ruiru limuru, nakuru"
NTSA/RSN-0008,2KW SAVINGS AND CREDIT CO-OPERATIVE SOCIETY LTD,ADR-JY7SZE7,False,"bus station, ngong road, kawagware, uthiru, wangige"
NTSA/RSN-0008,2KW SAVINGS AND CREDIT CO-OPERATIVE SOCIETY LTD,ADR-POKSY77,False,"bus station, wangige,ngong road, kawagware, uthiru"
NTSA/RSN-0008,2KW SAVINGS AND CREDIT CO-OPERATIVE SOCIETY LTD,ADR-VYASWZP,True,"dagoretti corner, uthiru,wangige,limuru, nakuru"
NTSA/RSN-01907,61 BUS LIMITED,NTR-001280,False,"Bus station, Muthurwa gikomba , Jogoo road juja rd outering rd , Kayole kangundo rd , Eastern bypass, Utawala City cabanas ruai, Kamulu"
NTSA/RSN-01907,61 BUS LIMITED,ADR-K9BFZR3,False,"Bus station, Muthurwa, Jogoo road, Kayole, Eastern bypass, Utawala, City cabanas"
NTSA/RSN-01907,61 BUS LIMITED,ADR-7WRSODM,False,"Bus station, Muthurwa, Jogoo road, Kayole, Eastern bypass, Utawala, City cabanas"
NTSA/RSN-0657,8B SAVINGS AND CREDIT CO-OPERATIVE SOCIETY LTD,NTR-00202101181143450,False,"Fig tree, Thika rd Kariokor Gikomba Juja rd Eastleigh KiambiuJericho Jogoo rd Buruburu Outering rd Donholm(caltex) Cabanas Likoni rd Lungalunga rd Kariobangi south, Kangundo rd"
NTSA/RSN-0657,8B SAVINGS AND CREDIT CO-OPERATIVE SOCIETY LTD,NTR-00201909131211180,False,"kariokor, gikomba,eastleigh,jericho,buruburu,outering rd,donholm(caltex), cabanas"
NTSA/RSN-0657,8B SAVINGS AND CREDIT CO-OPERATIVE SOCIETY LTD,ADR-POKSKYO,False,"jericho, eastleigh, kariokor, gikomba"
NTSA/RSN-0657,8B SAVINGS AND CREDIT CO-OPERATIVE SOCIETY LTD,ADR-VYASAWA,False,"jericho, gikomba,eastleigh section3, kariokor"
NTSA/RSN-0657,8B SAVINGS AND CREDIT CO-OPERATIVE SOCIETY LTD,ADR-Q5LCL8B,False,"jericho, gikomba,eastleigh, kariokor"
NTSA/RSN/8384,AKILLA  TRANSPORTERS  LIMITED,ADR-ZZJSJEL,True,"bus station, mombasa road,south b, south c"
NTSA/RSN-01901,ALDANA SUPREME SERVICES LIMITED,NTR-00202008111559300,False,"Saika, Dandora Outering road Thika road, Thika"
NTSA/RSN-01901,ALDANA SUPREME SERVICES LIMITED,NTR-00202108060811330,False,"Malaa, ruai dandora outering rd cabanas juja rd kariokor ngara thika rd mwihoko eastern bypass ruiru gatundu juja thika, Muranga"
NTSA/RSN-01901,ALDANA SUPREME SERVICES LIMITED,ADR-A5ACPY5,False,"Ruai, Dandora, Outering rd, Cabanas, Juja rd, Kariokor Ngara, Ronald Ngala, Thika rd, Thika"
NTSA/RSN-01901,ALDANA SUPREME SERVICES LIMITED,,True,"Nairobi - Thika,Muranga,Sagana,Nyeri - Naivasha via Nyahururu and back"
NTSA/RSN-0023,ALDANA TRAVELLERS SACCO,NTR-00202003241145200,False,"Ronald ngala, Juja rdDandoraKariobangiAlsops Thika rd, Thika"
NTSA/RSN-0023,ALDANA TRAVELLERS SACCO,NTR-00418,True,"Ronald Ngala, Ngara Juja Rd Outering Rd Kangundo Rd Dandora Kariobangi Asops Thika Rd Thika, Nyeri"
NTSA/RSN-0023,ALDANA TRAVELLERS SACCO,NTR-00337,False,"ronald ngara, juja road, dandora"
NTSA/RSN-0023,ALDANA TRAVELLERS SACCO,NTR-00360,False,"dandora, kariobangi, alsolps"
NTSA/RSN-0023,ALDANA TRAVELLERS SACCO,NTR-00201909131231540,False,"dandora, kariobangi,alsops,thika rd, thika"
NTSA/RSN-0023,ALDANA TRAVELLERS SACCO,ADR-2DVSRKQ,False,"dandora, juja road, ronald ngala"
NTSA/RSN-0023,ALDANA TRAVELLERS SACCO,ADR-K9BF6RK,False,"ronald ngara, dandora, juja road"
NTSA/RSN-0023,ALDANA TRAVELLERS SACCO,ADR-7WRS9DE,False,"dandora, alsolps, kariobangi"
NTSA/RSN-0023,ALDANA TRAVELLERS SACCO,ADR-BQ9SQJ9,False,"dandora, juja road,kariokor, gikomba"
NTSA/RSN-7779,ARBAB VENTURES LIMITED,NTR-00201905131607200,True,"South c, iindustrial arealikoni rdjogoo rdeastleighoutering rd mombasa rd, machakos"
NTSA/RSN-7779,ARBAB VENTURES LIMITED,ADR-JY7SLOJ,True,"South c, South bLikoni rdindustrial areaeastleighjogoo rdoutering rddonholmfedha, machakos"
NTSA/RSN-7779,ARBAB VENTURES LIMITED,ADR-POKSRLV,True,"Machakos, SyokimauImara daimaSouth bSouth cNgumoLikoni rdIndustrial areaEastleighGikombaBusstationJogoo rdOutering rdDonholm Fedha juja rd thika rd kangundo rdutawala westlands parklands KNH nairobi west, langata"
NTSA/RSN-7779,ARBAB VENTURES LIMITED,ADR-VYAS9K2,True,"machakos, syokimau,imara daima,south b,south c,ngumo,likoni rd,industrial area,eastleigh,gikomba,busstation,jogoo rd,outering rd,donholm, fedha"
NTSA/RSN-7779,ARBAB VENTURES LIMITED,ADR-Q5LCMKD,True,"machakos, syokimau,imara daima,south b,south c,ngumo,likoni rd,industrial area,eastleigh,gikomba,busstation,jogoo rd,donholm, fedha"
NTSA/RSN-0030,BABA DOGO 25 TRAVELLERS SACCO,NTR-00201910081316170,False,"odeon, muranga rd terminus,thika rd,alsops,baba dogo,outering rd,caltex, donholm"
NTSA/RSN-0030,BABA DOGO 25 TRAVELLERS SACCO,ADR-BQ9S3MQ,False,"Odeon, Muranga rd terminus(via forest rd)thika rdalsopsbaba dogo outering rd caltex juja rd kariokor, donholm"
NTSA/RSN-0030,BABA DOGO 25 TRAVELLERS SACCO,ADR-REOSLYL,False,"Odeon, Muranga rd terminus(via forest rd) thika rdalsops roysambu lucky summer baba dogo outering rd caltex kangundo rd ruai junction utawala city cabanas donholm juja rd, kariokor"
NTSA/RSN-0030,BABA DOGO 25 TRAVELLERS SACCO,ADR-MDMSAEM,False,"odeon, thika road, babadogo"
NTSA/RSN-0030,BABA DOGO 25 TRAVELLERS SACCO,ADR-YM3SEJ6,False,"odeon, babadogo, thika road"
NTSA/RSN-0032,BAKAKI 101 TRAVELLERS SAVINGS AND CREDIT CO-OPERATIVE SOCIETY LIMITED,NTR-00201911291135300,False,"Kiambu, Bypass Ruaka Banana Ndenderu Wangige Kikuyu Rusingiti Kamangu Thigio Mutarakwa Limuru, Tigoni"
NTSA/RSN-0032,BAKAKI 101 TRAVELLERS SAVINGS AND CREDIT CO-OPERATIVE SOCIETY LIMITED,ADR-2DVSRWK,False,"Kiambu, BananaRuakaNdenderuWangigeKikuyuRusingitiKamanguThigioMutarakwaLimuru, Tigoni"
NTSA/RSN-0032,BAKAKI 101 TRAVELLERS SAVINGS AND CREDIT CO-OPERATIVE SOCIETY LIMITED,ADR-K9BF6JM,False,"kiambu, banana, limuru"
NTSA/RSN-0037,BANANA HILL MATATU SACCO LTD,NTR-00202107191137140,False,"Banana, Kiambu Nairobi thika rd ruiru thika, Soko mjinga via limuru"
NTSA/RSN-0037,BANANA HILL MATATU SACCO LTD,NTR-00202211011757100,False,"Thika, Ruiru Kiambu, Olkalou via Banana"
NTSA/RSN-0037,BANANA HILL MATATU SACCO LTD,ADR-7WRS96P,False,"banana, kiambu, nairobi, thika road, ruiru, thika"
NTSA/RSN-0037,BANANA HILL MATATU SACCO LTD,ADR-BQ9SQ6V,False,"banana, thika,commercial, kiambu"
NTSA/RSN-0037,BANANA HILL MATATU SACCO LTD,ADR-REOSZKQ,False,"banana, commercial, kiambu, thika"
NTSA/RSN-0039,BENJO( K) LTD,NTR-00833,True,"Embu, Kitui, Mwingi and Back"
NTSA/RSN-0039,BENJO( K) LTD,NTR-001425,True,"Busstation, jogoo rd,Muthurwa,Gikomba,Kariokor,Juja Rd,Outering Rd,Allsops,Kariobangi Roundabout,kangundo rd,ruai,joska,malaa,tala,Thika,kiskioni,donyosabuku,kilimambogo, Nyeri and Back"
NTSA/RSN-0039,BENJO( K) LTD,NTR-00741,True,"Bus Station, Jogoo rd Muthurwa Gikomba Kariokor Juja Rd OuteringRd Allsops Kariobangi dandora Moslem machakos mlolongo mombasa rd Cabanas EasternBypass Utawala Ruiru Roundabout kangundo rd ruai joska malaa tala Thika Makongeni kiskioni donyosabuk kilimambogo, Nyeri"
NTSA/RSN-0039,BENJO( K) LTD,ADR-537HOWE,True,"nairobi, matuu, kitui, mwingi"
NTSA/RSN-0039,BENJO( K) LTD,ADR-A5AC78Q,True,"nairobi, mwingi,thika,matuu, kitui"
NTSA/RSN-0050,BURUBURU 58 TRAVELLERS SAVINGS AND CREDIT CO-OPERATIVE SOCIETY LIMITED,ADR-K9BFLV9,False,"Commercial, muthurwaJogoo road Lusaka Likoni rd JerichoBuruburu Rabai rd Outering rdAlsops Kangundo rd Eastern bypass, Malaa"
NTSA/RSN-0050,BURUBURU 58 TRAVELLERS SAVINGS AND CREDIT CO-OPERATIVE SOCIETY LIMITED,ADR-7WRSVZ6,False,"Commercial, muthurwaJogoo road Lusaka Enterprise rd Likoni rd Jericho Buruburu Rabai rd Outering rd Alsops Kangundo rd Eastern bypass, Malaa"
NTSA/RSN-0050,BURUBURU 58 TRAVELLERS SAVINGS AND CREDIT CO-OPERATIVE SOCIETY LIMITED,ADR-BQ9S53D,False,"buruburu, jogoo rd accra, commercial"
NTSA/RSN-0050,BURUBURU 58 TRAVELLERS SAVINGS AND CREDIT CO-OPERATIVE SOCIETY LIMITED,ADR-REOSRLV,False,"buruburu, jogoo road, commercial"
NTSA/RSN-0050,BURUBURU 58 TRAVELLERS SAVINGS AND CREDIT CO-OPERATIVE SOCIETY LIMITED,ADR-MDMSQA8,False,"commercial, buruburu,muthurwa, jogoo road"
NTSA/RSN-0050,BURUBURU 58 TRAVELLERS SAVINGS AND CREDIT CO-OPERATIVE SOCIETY LIMITED,ADR-YM3S6EM,False,"buruburu, commercial, jogoo road"
NTSA/RSN-9870,BYBUSS TRANS LIMITED,NTR-00202007061248330,False,"Khoja via Ngara Rd, WestlandsWangige via Lower Kabete RdNyathunaNgechaKabukuLimuru Kikuyu Kiambu Ruiru, Thika(Makongeni)"
NTSA/RSN-9870,BYBUSS TRANS LIMITED,NTR-00202009081636350,False,"Kiserian, Ngong Dagoretti Wangige Khoja Thika Gatuanyaga Ruiru Kiambu, Limuru"
NTSA/RSN-9870,BYBUSS TRANS LIMITED,NTR-00202102051433520,False,"Khoja, Ngara Westlands kangemi wangige nyathuna gachie ngecha kabuku ruaka Kikuyu limuru kiambu ruiru Thika(makongeni), muranga"
NTSA/RSN-9870,BYBUSS TRANS LIMITED,NTR-00202102051436280,False,"Thika (makongeni), Kiambu ruaka gachie wangige nyathuna ngecha kabuku limuru kikuyu kangemi kawangware dagoretti corner& market karen bomas ngong, Kiserian"
NTSA/RSN-9870,BYBUSS TRANS LIMITED,ADR-BQ9SMJB,False,"Khoja via Ngara Rd, WestlandsWangige via Lower Kabete RdNyathunaNgechaKabuku, Limuru"
NTSA/RSN-9870,BYBUSS TRANS LIMITED,ADR-REOSYWM,False,"Khoja, Ngara Westlands kangemi wangige nyathuna gachie ngecha kabuku ruaka Kikuyu limuru kiambu ruiru, Thika(makongeni)"
NTSA/RSN-9870,BYBUSS TRANS LIMITED,ADR-MDMSEYL,False,"Thika (makongeni), Kiambu ruakagachie wangige nyathuna ngecha kabuku limuru kangemi Dagoretti ngong, Kiserian, 8Ngara;Westlands,Ruaka,Gachie,Ngecha,Banana,Kiambu,Limuru,Kikuyu,Kangemi,Dagoret,Karen,Boma,Ngong - Kiserian and back"
NTSA/RSN-0053,CBET SACCO,NTR-00202012111552070,False,"Gillhouse, Jogoo rd Buruburu Outering rd Kangundo rd, Koma bus park"
NTSA/RSN-0053,CBET SACCO,NTR-00202012111553240,True,"Gillhouse, Mombasa rd Athi river, Machakos"
NTSA/RSN-0053,CBET SACCO,NTR-00202104141523000,False,"kyumbi, malili, konza city"
NTSA/RSN-0053,CBET SACCO,NTR-00202104141524480,False,"kenol, njumbi murarandaia githiga, kiria-ini"
NTSA/RSN-0053,CBET SACCO,NTR-0063,True,"Gillhouse, MuthurwaJogoo roadBuruburu civil servant outering rd komarock bus park mombasa rd athi river machakos kyumbi malili murarandia githiga njumbi konza city kenol kangundo rd, kiria-ini"
NTSA/RSN-0053,CBET SACCO,ADR-A5AC86D,True,"gillhouse, muthurwa,jogoo road,buruburu,civil servant,Outering rd,Komarock Bus Park,Mombasa rd,Athiriver,Machakos,Kyumbi,Malili,Murarandi,Githiga, Kiria-ini"
NTSA/RSN-0053,CBET SACCO,ADR-9AKFR5P,False,"gillhouse, civilservant,muthurwa,jogoo road, buruburu"
NTSA/RSN-0053,CBET SACCO,ADR-DB3TOWP,False,"gillhouse, muthurwa,jogoo road,buruburu, civilservant"
NTSA/RSN-0064,CHANIA TRAVELLERS SACCO,NTR-0053,True,"nairobi, thika,matuu,kitui, mwingi"
NTSA/RSN-0064,CHANIA TRAVELLERS SACCO,NTR-00182,True,"nairobi, thika, nyeri"
NTSA/RSN-0064,CHANIA TRAVELLERS SACCO,NTR-00183,True,"nairobi, thika nyeri nyahururu, nakuru"
NTSA/RSN-0064,CHANIA TRAVELLERS SACCO,NTR-00236,True,"nairobi, thika,nyeri,nyahururu, nakuru"
NTSA/RSN-0064,CHANIA TRAVELLERS SACCO,NTR-00142,True,"nairobi, thika road,thika, nyeri"
NTSA/RSN-0064,CHANIA TRAVELLERS SACCO,NTR-00519,True,"nairobi, thika,matuu, mwingi"
NTSA/RSN-0064,CHANIA TRAVELLERS SACCO,NTR-00567,True,"Nairobi, Thika Gatura Olkalou Nyahururu Nakuru, Eldoret"
NTSA/RSN-0064,CHANIA TRAVELLERS SACCO,NTR-00917,True,"Nairobi, Thika Nyeri Nyahururu Nakuru, Eldoret"
NTSA/RSN-0064,CHANIA TRAVELLERS SACCO,NTR-001007,True,"Nairobi, Ruiru Thika Odonyo Sabuk Matuu Kitui Mwingi Igikiro gatura Flyover Olkalou Nyahururu Nyeri Embu Meru Nakuru, Eldoret"
NTSA/RSN-0064,CHANIA TRAVELLERS SACCO,NTR-001285,True,"Nairobi, Eastleigh Outering Rd Eastern Bypass Mombasa Rd Matuu Kitui Mwigi Oldonyo sabuk Thika Ruiru Igikiro Gatura Flyover Olkalou Nyahururu Nyeri Meru Nakuru, Eldoret"
NTSA/RSN-0064,CHANIA TRAVELLERS SACCO,NTR-001145,True,"nairobi, thika, nyeri, meru"
NTSA/RSN-0064,CHANIA TRAVELLERS SACCO,ADR-Q5LCLAM,True,"nairobi, thika, flyover, nakuru"
NTSA/RSN-0064,CHANIA TRAVELLERS SACCO,ADR-EPJSJ6A,True,"thika, flyover, nakuru"
NTSA/RSN-0064,CHANIA TRAVELLERS SACCO,ADR-2DVSB6R,True,"nairobi, mwingi,thika,matuu, kitui"
NTSA/RSN-0064,CHANIA TRAVELLERS SACCO,ADR-K9BFBOV,True,"nairobi, nyeri, thika"
NTSA/RSN-0064,CHANIA TRAVELLERS SACCO,ADR-7WRS2W2,True,"nairobi, thika,nyeri, embu"
NTSA/RSN-0064,CHANIA TRAVELLERS SACCO,ADR-BQ9SZE5,True,"nairobi, nyeri,thika road, thika"
NTSA/RSN-0064,CHANIA TRAVELLERS SACCO,ADR-REOSOMB,True,"nairobi, mwingi,thika, matuu"
NTSA/RSN-0064,CHANIA TRAVELLERS SACCO,ADR-MDMSM85,True,"thika, nakuru, flyover"
NTSA/RSN-0064,CHANIA TRAVELLERS SACCO,ADR-YM3SLQD,True,"nairobi, meru, embu"
NTSA/RSN-0064,CHANIA TRAVELLERS SACCO,ADR-8LMSOPW,True,"nairobi, thika, nyeri, nyahururu, nakuru"
NTSA/RSN-0064,CHANIA TRAVELLERS SACCO,ADR-ZZJSZDW,True,"nairobi, nakuru, nyeri"
NTSA/RSN-041811,CHELSEA TRANSPORTERS LIMITED,NTR-00202211011801400,False,"Commercial, Bus Station Thika Rd Zimmerman Githurai 44 Kahawa West Ruiru Ruaka Limuru Juja, Juja Farm"
NTSA/RSN-041811,CHELSEA TRANSPORTERS LIMITED,NTR-00202211071700350,False,"Commercial, Bus Station Thika Rd Zimmerman Githurai 44 Northern Bypass Ruiru Ruaka Kikuyu via Waiyaki Way Limuru Juja, Juja Farm"
NTSA/RSN-041811,CHELSEA TRANSPORTERS LIMITED,ADR-8LMS57A,False,"ngara(figtree), githurai44, kahawa west, Commercial"
NTSA/RSN-041811,CHELSEA TRANSPORTERS LIMITED,,False,"Bus station,Thika rd,Zimmerman,Githurai 44,Kahawa west,Northen Bypass,Ruiru,Ruaka,Kikuyu via Waiyaki way,Forest rd,Limuru,Juja - Juja farm and back"
NTSA/RSN-5013,CIRCULAR CLASSIC COMPANY LIMITED,NTR-00202009101604470,True,"Nairobi, Kangundo road Tala Kangundo, Machakos"
NTSA/RSN-5013,CIRCULAR CLASSIC COMPANY LIMITED,NTR-00202009101603390,True,"Nairobi, Machakos Masii Mwala Kithimani Garissa road, Ol donyo Sabuk"
NTSA/RSN-5013,CIRCULAR CLASSIC COMPANY LIMITED,NTR-00201910290905210,True,"Nairobi, EastleighPangani TerminusJuja Thika Garissa rd Mwala Kithiani Masii Machakos Tala, Kangundo rd"
NTSA/RSN-5013,CIRCULAR CLASSIC COMPANY LIMITED,NTR-00202111051642530,True,"eastleigh, northern bypass eastern bypass jogoo rd mombasa rd utawala, ruai"
NTSA/RSN-5013,CIRCULAR CLASSIC COMPANY LIMITED,NTR-00706,True,"Nairobi, eastleigh kahawa west muranga othaya nyeri mwea, embu"
NTSA/RSN-5013,CIRCULAR CLASSIC COMPANY LIMITED,NTR-00202111051643520,True,"kiambu via westlands, kikuyu ruiru limuru, naivasha"
NTSA/RSN-5013,CIRCULAR CLASSIC COMPANY LIMITED,NTR-00202111121600130,True,"eastleigh, jogoo rd mombasa rd utawala eastern bypass mwihoko kawaha west via mwiki northern bypass, ruiru"
NTSA/RSN-5013,CIRCULAR CLASSIC COMPANY LIMITED,NTR-00202009231508300,True,"Commercial, eastleigh jogoo rd manyanja rd umoja innercore komarock eastern bypass utawala mombasa rd westlands kikuyu kiambu northern bypass kahawa west ruiru mwihoko kasarani, mwiki"
NTSA/RSN-5013,CIRCULAR CLASSIC COMPANY LIMITED,ADR-WZ9SDA5,False,"Nairobi, Eastleigh,Pangani Terminus,Juja town, Thika"
NTSA/RSN-0069,city star shuttle limited,NTR-0020181211134410497,False,"bus station, kencom,gpo,knh,adams arcade,karen,ngong,matasia,kiseriani,rongai,bomas,langata road, kiserian"
NTSA/RSN-0069,city star shuttle limited,NTR-0020181211134054530,False,"kikuyu, kawangware,ngong road,yaya,icea,ambassadeur,bus station,jogoo road,kangundo road,utawala,ruai,joska, malaa"
NTSA/RSN-0069,city star shuttle limited,NTR-00202101251020460,True,"South B, Langata Ongata Rongai Kiserian Ngong Karen Kawangware Yaya KNH Ambassador Kencom Bus station Jogoo rd Buruburu Umoja Kangundo rd Ruai Malaa Kantafu Utawala Jkia Mombasa rd SGR Syokimau Athi river Kitengela, Isinya"
NTSA/RSN-0069,city star shuttle limited,NTR-00202101251031330,True,"Kangundo, Malaa Ruai Juja Ruiru Thika Kenyatta university Juja rdTom mboya Kencom Ambassador Bus station Gikomba Jogoo rd Buruburu Outering rd Umoja Kangundo rdUtawala JKIA Mombasa SGR Syokimau Athi river Kitengela, Isinya"
NTSA/RSN-0069,city star shuttle limited,NTR-00592,False,"kikuyu, kawangware,yaya,arkwings kodhek,yaya,ambassadour,jkia,utawala, joska"
NTSA/RSN-0069,city star shuttle limited,NTR-00591,False,"juja, ruiru,thika rd,tom mboya,bus station,buruburu,ruai,kangundo rd,joska, malaa"
NTSA/RSN-0069,city star shuttle limited,NTR-00596,False,"kikuyu, kawangware,ngong rd,yaya,icea,ambassadour,bus station,umoja,jkia, joska"
NTSA/RSN-0069,city star shuttle limited,ADR-DB3TQ92,True,"Isinya, Kitengela Athi river Syokimau SGR Mombasa rd JKIA Utawala Ruai Malaa Kantafu Kangundo rd Umoja Outering rd Juja rd Buruburu Jogoo rd South B Bus station Ambassador Kencom KNH Langata rd Ongata Rongai Kiserian Ngong Karen Hardy Kawangware Kikuyu, Waiyaki way"
NTSA/RSN-0069,city star shuttle limited,ADR-3ZQSO8Q,True,"Kantafu, Malaa Ruai Juja Ruiru Thika rd Kenyatta university Juja rdTom mboya Kencom Ambassador Bus station Jogoo rd Buruburu Outering rd Umoja Kangundo rdUtawala JKIA Mombasa SGR Syokimau Athi river Kitengela, Isinya"
NTSA/RSN-0069,city star shuttle limited,ADR-JY7SED8,True,"Isinya, Kitengela Athi river Syokimau SGR Mombasa rd JKIA Utawala Ruai Malaa Kantafu Kangundo rd Umoja Outering rd Juja rd Buruburu Jogoo rd South B Bus station Ambassador Kencom KNH Langata rd Ongata Rongai Kiserian Ngong Karen Hardy Kawangware Kikuyu Waiyaki way, Thika"
NTSA/RSN-0069,city star shuttle limited,ADR-POKS78J,False,"kikuyu, kawangware,yaya,arkwings kodhek,yaya,ambassadour,jkia,utawala , joska"
NTSA/RSN-0069,city star shuttle limited,ADR-VYASZ6M,False,"kikuyu, waiyaki way, ambassadeur, tom mboya, bus station, jogoo road, umoja, jkia, utawala, kangundo road, joska"
NTSA/RSN-0069,city star shuttle limited,ADR-Q5LCBRQ,True,"kikuyu, kawangware, ngong road, yaya, knh , ambassadour, bus station, jogoo road, jkia, utawala, mombasa road, athi river, kitengela, kajiado"
NTSA/RSN-0069,city star shuttle limited,ADR-EPJSQDR,False,"kikuyu, waiyaki way, ambassadeur, tom mboya, bus station, jogoo road, umoja, jkia, utawala, kangundo road, joska"
NTSA/RSN-0069,city star shuttle limited,ADR-2DVS2WZ,True,"kitengela, athi river,jkia,mombasa road, ambassador, kencom,juja,outering road, jkia, kitengela"
NTSA/RSN-0069,city star shuttle limited,ADR-K9BFLJ6,False,"umoja, jkia,sgr terminus nairobi, kencom, knh, kawangware, kikuyu, ambassadour, bus station"
NTSA/RSN-0069,city star shuttle limited,ADR-7WRSVBZ,False,"kiserian, ngong, yaya, icea, ambassadour, railways, bus station, south b, jkia"
NTSA/RSN-0069,city star shuttle limited,ADR-BQ9S5AZ,False,"kiserian, jkia,ngong, yaya, icea, ambassadour, railways, bus station, south b"
NTSA/RSN-0069,city star shuttle limited,ADR-REOSR9R,False,"kikuyu, kawangware, yaya, argwings kodhek, yaya, ambassadour, jkia, utawala"
NTSA/RSN-0069,city star shuttle limited,ADR-MDMSQLO,False,"kikuyu, kawangware, ngong road, yaya, icea, ambassadour, bus station, jogoo road, kangudo road, ruai, joska, malaa"
NTSA/RSN-0069,city star shuttle limited,ADR-YM3S6M9,False,"bus station, tom mboya, juja road, jogoo road, buruburu, outering road, umoja, kangundo road, kantafu market"
NTSA/RSN-0069,city star shuttle limited,ADR-8LMSELZ,False,"kikuyu, joska,waiyaki way, ambassadeur, tom mboya, bus station, jogoo road, umoja, jkia, utawala, kangundo road"
NTSA/RSN-0069,city star shuttle limited,ADR-ZZJSQ65,False,"kikuyu, kawangware, ngong road, yaya, icea, ambassadour, bus station, jogoo road, kangudo road, ruai, joska, maraa"
NTSA/RSN-0069,city star shuttle limited,ADR-LZRSW8V,True,"kikuyu, kajiado,kawangware, ngong road, yaya, knh , ambassadour, bus station, jogoo road, jkia, utawala, mombasa road, athi river, kitengela"
NTSA/RSN-0069,city star shuttle limited,ADR-O68I25W,False,"juja, malaa,ruiru,thika rd,tom mboya,bus station,buruburu,ruai,kangundo rd, joska"
NTSA/RSN-0069,city star shuttle limited,ADR-6DBS8MM,False,"kikuyu, waiyaki way, ambassadour, jkia, utawala"
NTSA/RSN-0069,city star shuttle limited,ADR-WZ9SVBB,False,"south b, uhuru,ambassadour,bus station,thika rd, kenyatta university"
NTSA/RSN-0069,city star shuttle limited,ADR-537H2VZ,False,"kikuyu, utawala,kawangware, yaya, argwings kodhek, yaya, ambassadour, jkia"
NTSA/RSN-0070,CITY TRAM SHUTTLE LIMITED,ADR-2DVS5R9,False,"bus station, tom mboya, juja road, jogoo road, buruburu, outering road, umoja, kangundo road, kantafu market"
NTSA/RSN-0070,CITY TRAM SHUTTLE LIMITED,ADR-K9BFV62,False,"bus station, tala market,tom mboya, jogoo road, buruburu, outering road, umoja, innercore, kangundo road"
NTSA/RSN-0070,CITY TRAM SHUTTLE LIMITED,ADR-7WRSZ93,False,"bus station, jogoo road, buruburu, outering road, kangundo road, kantafu market"
NTSA/RSN-0070,CITY TRAM SHUTTLE LIMITED,ADR-BQ9S3QE,False,"bus station, kantafu market,tom mboya, jogoo road, buruburu, outering road, umoja, innercore, kangundo road"
NTSA/RSN-0070,CITY TRAM SHUTTLE LIMITED,ADR-REOSLZ9,False,"bus station, kantafu market,jogoo road, buruburu, outering road, umoja, kangundo road"
NTSA/RSN-0070,CITY TRAM SHUTTLE LIMITED,ADR-MDMSAA9,False,"bus station, tom mboya, jogoo road, buruburu, umoja, outering road, kangundo road, tala market"
NTSA/RSN-0070,CITY TRAM SHUTTLE LIMITED,ADR-YM3SEEZ,False,"bus station, tom mboya, jogoo road, buruburu, outering road, umoja, kangundo road, tala"
NTSA/RSN-0070,CITY TRAM SHUTTLE LIMITED,ADR-8LMSVVQ,False,"bus station, tom mboya, jogoo road, buruburu, outering road, umoja, kangundo road, kantafu market"
NTSA/RSN-0079,COMPLIANT MOA,NTR-00495,False,"kiserian, ngong,karen,yaya,ambassdour,jogoo road, civil servant"
NTSA/RSN-0079,COMPLIANT MOA,NTR-00354,False,"mfangano, jogoo road,buruburu,civil servant,garage, eastleigh"
NTSA/RSN-0079,COMPLIANT MOA,NTR-00355,False,"luthuli, general waruinge,garage,eastleigh, kimathi"
NTSA/RSN-0079,COMPLIANT MOA,ADR-Q5LCMYK,False,"mfangano, jogoo road,buruburu,civil servant,garage, eastleigh"
NTSA/RSN-0079,COMPLIANT MOA,ADR-EPJSRA9,False,"ngong, yaya, kawangware, ambasdours, jogoo road, buruburu, civil servant"
NTSA/RSN-0079,COMPLIANT MOA,ADR-2DVSDZ7,False,"luthuli, kimathi,general waruinge,garage, eastleigh"
NTSA/RSN-0079,COMPLIANT MOA,ADR-K9BFZEP,False,"ngong, karen, yaya, ambassadours, jogoo road, buruburu, civil servant"
NTSA/RSN-0079,COMPLIANT MOA,ADR-7WRSO7D,False,"ngong, civil servant,karen, yaya, ambassadours, jogoo road, buruburu"
NTSA/RSN-0079,COMPLIANT MOA,ADR-BQ9SM7W,False,"mfangano, eastleigh,jogoo road,buruburu,civil servant, garage"
NTSA/RSN-0079,COMPLIANT MOA,ADR-REOSY8J,False,"ngong, karen, yaya, kileleshwa, westlands, ambassador"
NTSA/RSN-0079,COMPLIANT MOA,ADR-MDMSEK6,False,"kiserian, civil servant,ngong,karen,yaya,ambassdour, jogoo road"
NTSA/RSN-0079,COMPLIANT MOA,ADR-YM3SJV8,False,"mfangano, civil servant,jogoo road, buruburu"
NTSA/RSN-0081,COSY TRAVEL LIMITED,NTR-0078,False,"odeon, westlands, kangemi"
NTSA/RSN-0081,COSY TRAVEL LIMITED,ADR-3ZQSAW5,False,"odeon, westlandsuthiru, kinoo"
NTSA/RSN-0081,COSY TRAVEL LIMITED,ADR-JY7S3P6,False,"odeon, westlands, kangemi, uthiru, kinoo"
NTSA/RSN-0081,COSY TRAVEL LIMITED,ADR-POKSOJD,False,"odeon, westlandsuthiru, kinoo"
NTSA/RSN-0081,COSY TRAVEL LIMITED,ADR-VYASL7Q,False,"odeon, kinoo, westlandsuthiru"
NTSA/RSN-0081,COSY TRAVEL LIMITED,ADR-Q5LC6JA,False,"odeon, kangemi, westlands"
NTSA/RSN-0082,COUNTY LINK SAVINGS AND CREDIT CO-OPERATIVE SOCIETY LTD,NTR-00202011241151430,True,"Bus Station, Hazina Kangundo rd Ruai Kamulu Utawala Mombasa rd Mlolongo, Katani"
NTSA/RSN-0082,COUNTY LINK SAVINGS AND CREDIT CO-OPERATIVE SOCIETY LTD,NTR-00202211011653270,True,"Bus Station, Jogoo Rd Industrial Area Buruburu Hazina Donholm Manyanja Rd Outering Rd Kangundo Rd Eastern Bypass Ruai Kamulu Utawala Mombasa Rd Mlolongo via Syokimau, Katani"
NTSA/RSN-0082,COUNTY LINK SAVINGS AND CREDIT CO-OPERATIVE SOCIETY LTD,ADR-JY7S3W6,False,"Bus Station, Kangundo rd Ruai Kamulu Utawala, Katani"
NTSA/RSN-0082,COUNTY LINK SAVINGS AND CREDIT CO-OPERATIVE SOCIETY LTD,ADR-POKSOVD,False,"Bus Station, Kangundo rd Ruai Kamulu Utawala, Katani"
NTSA/RSN-0082,COUNTY LINK SAVINGS AND CREDIT CO-OPERATIVE SOCIETY LTD,ADR-VYASL5Q,True,"bus station, mombasa road, hazina, citycabanas, syokimau, katani, mlolongo"
NTSA/RSN-0082,COUNTY LINK SAVINGS AND CREDIT CO-OPERATIVE SOCIETY LTD,ADR-Q5LC67A,True,"bus station, mombasa road, bunyala road, likoni road, balozi, diamond park"
NTSA/RSN-0082,COUNTY LINK SAVINGS AND CREDIT CO-OPERATIVE SOCIETY LTD,ADR-EPJSYOD,True,"bus station, diamond park,mombasa road, bunyala road, likoni road, balozi"
NTSA/RSN-0085,DABUMATO COMMUTER SERVICE SAVINGS & CREDIT CO-OPERATIVE SOCIETY LTD,NTR-0040,False,"dandora, buru buru, city stadium"
NTSA/RSN-0085,DABUMATO COMMUTER SERVICE SAVINGS & CREDIT CO-OPERATIVE SOCIETY LTD,ADR-MDMSJLB,False,"city stadium, jogoo road,buru buru, dandora"
NTSA/RSN-0085,DABUMATO COMMUTER SERVICE SAVINGS & CREDIT CO-OPERATIVE SOCIETY LTD,ADR-YM3SBMA,False,"city stadium, dandora,jogoo road, buru buru"
NTSA/RSN-0085,DABUMATO COMMUTER SERVICE SAVINGS & CREDIT CO-OPERATIVE SOCIETY LTD,ADR-8LMSYLP,False,"dandora, city stadium, buruburu"
NTSA/RSN-01723,DAKABO SACCO LIMITED,ADR-2DVS88Q,False,"dagoretti market, karen, bomas"
NTSA/RSN-01723,DAKABO SACCO LIMITED,ADR-EPJSLLM,False,"bomas, karen, kabiria, dagoretti market"
NTSA/RSN-0087,DAKIKA MATATU OWNERS SACCO,NTR-00126,False,"railways, dagoreti, kikuyu"
NTSA/RSN-0087,DAKIKA MATATU OWNERS SACCO,NTR-00104,False,"railways, kikuyu, dagoretti"
NTSA/RSN-0087,DAKIKA MATATU OWNERS SACCO,ADR-MDMSA9B,False,"railways, dagoreti, kikuyu"
NTSA/RSN-0087,DAKIKA MATATU OWNERS SACCO,ADR-YM3SEWA,False,"railways, kikuyu, dagoreti"
NTSA/RSN-0087,DAKIKA MATATU OWNERS SACCO,ADR-8LMSVRP,False,"railways, ngong road, dagoretti, kikuyu"
NTSA/RSN-0087,DAKIKA MATATU OWNERS SACCO,ADR-ZZJS236,False,"kikuyu, railways,kinoo, uthiru, westlands, ambassadours"
NTSA/RSN-0087,DAKIKA MATATU OWNERS SACCO,ADR-LZRS3A9,False,"railways, kawangware,kikuyu, dagoretti"
NTSA/RSN-0087,DAKIKA MATATU OWNERS SACCO,ADR-O68ILAA,False,"railways, uthiru,kamangu, limuru"
NTSA/RSN-0088,DANDORA USAFIRI TRAVELLERS SACCO,NTR-00357,False,"dandora, kariobangi round about,alsolps,thika road, ronald ngara"
NTSA/RSN-0088,DANDORA USAFIRI TRAVELLERS SACCO,NTR-0040,False,"dandora, buru buru, city stadium"
NTSA/RSN-0088,DANDORA USAFIRI TRAVELLERS SACCO,NTR-00337,False,"ronald ngara, juja road, dandora"
NTSA/RSN-0088,DANDORA USAFIRI TRAVELLERS SACCO,NTR-00360,False,"dandora, kariobangi, alsolps"
NTSA/RSN-0088,DANDORA USAFIRI TRAVELLERS SACCO,NTR-00356,False,"Dandora, juja rd thika rdring rd komarock rd baraka slip rd kangundo rd outering rd jogoo rd heshima rd ambira gikomba, ronald ngala"
NTSA/RSN-0088,DANDORA USAFIRI TRAVELLERS SACCO,NTR-00201901101405390,True,"gikomba, dandora baraka slip rd kangundo rd outering rd heshima rd ambira rd likoni rd enterprise rd lusaka, enterprise via mombasa rd"
NTSA/RSN-0088,DANDORA USAFIRI TRAVELLERS SACCO,ADR-A5AC77Q,False,"dandora, juja road, gikomba"
NTSA/RSN-0088,DANDORA USAFIRI TRAVELLERS SACCO,ADR-9AKFWW2,False,"dandora, thika road, ngara, ronald ngara"
NTSA/RSN-0088,DANDORA USAFIRI TRAVELLERS SACCO,ADR-DB3T33B,False,"dandora, gikomba, juja road"
NTSA/RSN-0088,DANDORA USAFIRI TRAVELLERS SACCO,ADR-3ZQSAAJ,False,"ronald ngara, dandora, juja road"
NTSA/RSN-0088,DANDORA USAFIRI TRAVELLERS SACCO,ADR-JY7S333,False,"dandora, city stadium, buru buru"
NTSA/RSN-0088,DANDORA USAFIRI TRAVELLERS SACCO,ADR-POKSOOK,False,"dandora, juja road, ronald ngala"
NTSA/RSN-0088,DANDORA USAFIRI TRAVELLERS SACCO,ADR-VYASLLZ,False,"dandora, buruburu, city stadium"
NTSA/RSN-0088,DANDORA USAFIRI TRAVELLERS SACCO,ADR-Q5LC66E,False,"city stadium, jogoo road,buru buru, dandora"
NTSA/RSN-0088,DANDORA USAFIRI TRAVELLERS SACCO,ADR-EPJSYY3,False,"dandora, city stadium, buruburu"
NTSA/RSN-0088,DANDORA USAFIRI TRAVELLERS SACCO,ADR-2DVS559,False,"dandora, ronald ngara,kariobangi round about,alsolps, thika road"
NTSA/RSN-0088,DANDORA USAFIRI TRAVELLERS SACCO,ADR-K9BFVV2,False,"muthurwa, jogoo road,maringo,jericho,bururburu, dandora"
NTSA/RSN-6534,DIGITAL LUXURY TRAVELLERS LIMITED,NTR-00201810020854450,False,"Odeon, NgaraMuseum HillKangemiUthiruKawangware, Knh via kenyatta avenue"
NTSA/RSN-6534,DIGITAL LUXURY TRAVELLERS LIMITED,NTR-00202104141031560,False,"Uthiru, muhuri rd dagoretti market kikuyu zambezi nduma buroti mutarakwa kwambira limuru rironi muguga, kinoo"
NTSA/RSN-6534,DIGITAL LUXURY TRAVELLERS LIMITED,NTR-00202104161732330,False,"Odeon, NgaraMuseum HillKangemiUthiruKawangwareKNH back to odeon via kenyatta AvenueUthirumuhuri rd dagoretti market kikuyu zambezi nduma buroti mutarakwa kwambira limuru rironi muguga, Kinoo"
NTSA/RSN-6534,DIGITAL LUXURY TRAVELLERS LIMITED,ADR-6DBSZO5,False,"ngara, museum hill,kangemi,uthiru,kawangware, knh"
NTSA/RSN-6534,DIGITAL LUXURY TRAVELLERS LIMITED,ADR-WZ9SVOQ,False,"odeon, ngara,museum hill,kangemi,uthiru,kawangware, knh"
NTSA/RSN-0092,DIX-HULT MATATU OWNER SACCO,ADR-A5AC8Z7,False,"kayole, komarocksmolemjuja road, eastleigh"
NTSA/RSN-0092,DIX-HULT MATATU OWNER SACCO,ADR-9AKFR6R,False,"kayole, eastleigh, komarocksmolemjuja road"
NTSA/RSN-0092,DIX-HULT MATATU OWNER SACCO,,False,"Eastliegh - Jogoo rd,Lunga Lunga rd,Buru buru,Umoja,Kayole Junction,Bee centre,Savannah,Cabanas,Taj Mall,Ruai,Utawala,Kangundo rd,Eastern Bypass,Alsops - Githurai and back"
NTSA/RSN-0092,DIX-HULT MATATU OWNER SACCO,,False,"Eastleigh - Juja rd,Jogoo rd,lungalunga,Buruburu,umoja,Kayole junction,Bee centre,Savannah,Kayole,Kamarock,Mowlem,Cabanas,Taj mall,Kangundo rd,Eastern bypass,Alsop - Githurai and back"
NTSA/RSN/9253,DOMANN ENTERPRISES,NTR-00201909271238580,True,"Embakasi, Mombasa rd,South b,South c,Langata rd,Westlands,,Wangari maathai rd,Thika rd,Outering rd, Embakasi"
NTSA/RSN/9253,DOMANN ENTERPRISES,ADR-2DVSDYJ,False,"WITHIN NAIROBI, WITHIN NAIROBI, WITHIN NAIROBI"
NTSA/RSN/9253,DOMANN ENTERPRISES,ADR-K9BFZK3,True,"embakasi, mombasa rd,south b,south c,langata rd,westlands,wangari maathai rd,thika rd,outering rd, embakasi"
NTSA/RSN-01859,DREPEJA ROUTE LIMITED,NTR-00202002270910280,False,"Saika, Kangundo rdDandoraOuteringBuruburuJerichoMaringoJogoo rdOtc, Temple rd"
NTSA/RSN-01859,DREPEJA ROUTE LIMITED,NTR-00109,False,"Jericho, Maringo,Jogoo road,, Temple road"
NTSA/RSN-01859,DREPEJA ROUTE LIMITED,ADR-6DBSK32,False,"kangundo rd, Saika Dandora Kariobangi Alsops Outering Rd Utawala Buruburu Jericho Maringo Bahati Jogoo Rd Likoni Rd Donholm(sinai) juja rd OTC, temple rd"
NTSA/RSN-01859,DREPEJA ROUTE LIMITED,ADR-WZ9SD87,False,"kangundo rd, Saika Dandora Kariobangi Alsops Outering Rd Utawala Buruburu Jericho Maringo Bahati Jogoo Rd Likoni Rd Donholm(sinai) juja rd OTC, temple rd"
NTSA/RSN-02051,EASTERN BYPASS SAFARIS LTD,NTR-00202108061008520,False,"ruiru, eastern bypass utawala kangundo rd githunguri ruai mihango outering rd jogoo rd, cabanas"
NTSA/RSN-0095,EASTERN BYPASS SAVINGS AND CREDIT CO-OPERATIVE SOCIETY LIMITED,NTR-00741,True,"Bus Station, Jogoo rd Muthurwa Gikomba Kariokor Juja Rd OuteringRd Allsops Kariobangi dandora Moslem machakos mlolongo mombasa rd Cabanas EasternBypass Utawala Ruiru Roundabout kangundo rd ruai joska malaa tala Thika Makongeni kiskioni donyosabuk kilimambogo, Nyeri"
NTSA/RSN-0095,EASTERN BYPASS SAVINGS AND CREDIT CO-OPERATIVE SOCIETY LIMITED,NTR-0019,False,"muthurwa, jogoo road,kangundo road,ruai, joska"
NTSA/RSN-0095,EASTERN BYPASS SAVINGS AND CREDIT CO-OPERATIVE SOCIETY LIMITED,NTR-00202008120908210,True,"Cabanas, Eastern Bypass Ruai Ruiru, Nyeri"
NTSA/RSN-0095,EASTERN BYPASS SAVINGS AND CREDIT CO-OPERATIVE SOCIETY LIMITED,NTR-00202202240934310,True,"Nyeri, Karatina Sagana Thika Nairobi Machakos Wote Kibwezi Voi, Mombasa"
NTSA/RSN-0095,EASTERN BYPASS SAVINGS AND CREDIT CO-OPERATIVE SOCIETY LIMITED,NTR-00437,False,"bus station, jogoo road,kangundo road,ruai,joska, malaa"
NTSA/RSN-0095,EASTERN BYPASS SAVINGS AND CREDIT CO-OPERATIVE SOCIETY LIMITED,NTR-00723,False,"bus station, jogoo rd,kangundo rd,ruai,joska, malaa"
NTSA/RSN-0095,EASTERN BYPASS SAVINGS AND CREDIT CO-OPERATIVE SOCIETY LIMITED,ADR-BQ9S55J,False,"mlolongo, cabanas tajmall alsops ruiru, makongeni(thika)"
NTSA/RSN-0095,EASTERN BYPASS SAVINGS AND CREDIT CO-OPERATIVE SOCIETY LIMITED,ADR-REOSRR7,True,"Bus Station, Jogoo rdMuthurwaGikombaKariokorJuja RdOuteringRdAllsopsKariobangi dandoraMoslemmlolongomombasa rdCabanasEasternBypassUtawalaRuiruRoundaboutkangundordruaijoskamalaatalaThikaMakongenikiskionidonyosabukukilimambogo, Nyeri"
NTSA/RSN-0095,EASTERN BYPASS SAVINGS AND CREDIT CO-OPERATIVE SOCIETY LIMITED,ADR-MDMSQQ3,True,"Bus Station, Jogoo rdMuthurwaGikombaKariokorJuja RdOuteringRdAllsopsKariobangi dandoraMoslemmlolongomombasa rdCabanasEasternBypassUtawalaRuiruRoundaboutkangundordruaijoskamalaatalaThikaMakongenikiskionidonyosabukukilimambogo, Nyeri"
NTSA/RSN-0095,EASTERN BYPASS SAVINGS AND CREDIT CO-OPERATIVE SOCIETY LIMITED,ADR-YM3S66R,False,"malaa, joska, ruai, saika, mowlem, kariobangi round about, juja road, kariokor, hakati"
NTSA/RSN-0095,EASTERN BYPASS SAVINGS AND CREDIT CO-OPERATIVE SOCIETY LIMITED,ADR-8LMSEEM,True,"busstation, Jogoo rd,Muthurwa,Gikomba,Kariokor,Juja Rd,Outering Rd,Allsops,Kariobangi,Moslem,mlolongo,Cabanas,Eastern Bypass,Utawala,Ruiru,Roundabout,kangundo rd,ruai,joska,malaa,tala,Thika,Makongeni,kiskioni,donyosabuku,kilimambogo, Nyeri"
NTSA/RSN-0095,EASTERN BYPASS SAVINGS AND CREDIT CO-OPERATIVE SOCIETY LIMITED,ADR-ZZJSQQV,False,"bus station, jogoo road, kangundo road, ruai, joska"
NTSA/RSN-0095,EASTERN BYPASS SAVINGS AND CREDIT CO-OPERATIVE SOCIETY LIMITED,ADR-LZRSWWO,False,"muthurwa, joska,jogoo road,kangundo road, ruai"
NTSA/RSN-0095,EASTERN BYPASS SAVINGS AND CREDIT CO-OPERATIVE SOCIETY LIMITED,ADR-O68I22M,False,"bus station, malaa,jogoo road,kangundo road,ruai, joska"
NTSA/RSN-0095,EASTERN BYPASS SAVINGS AND CREDIT CO-OPERATIVE SOCIETY LIMITED,ADR-6DBS88D,False,"ruiru, eastern bypass, kangundo road, utawala, cabanas, mlolongo"
NTSA/RSN-0095,EASTERN BYPASS SAVINGS AND CREDIT CO-OPERATIVE SOCIETY LIMITED,ADR-WZ9SLL9,False,"joska, gikomba,kamulu,ruai,dandora, kariobangi"
NTSA/RSN-0095,EASTERN BYPASS SAVINGS AND CREDIT CO-OPERATIVE SOCIETY LIMITED,ADR-537HYYY,False,"malaa, joska, ruai, jogoo road, muthurwa, bus station"
NTSA/RSN-0095,EASTERN BYPASS SAVINGS AND CREDIT CO-OPERATIVE SOCIETY LIMITED,ADR-A5AC22V,False,"bus station, joska,jogoo road, kangundo road, ruai"
NTSA/RSN-0095,EASTERN BYPASS SAVINGS AND CREDIT CO-OPERATIVE SOCIETY LIMITED,,True,"Mombasa - Voi,Kibwezi,Narobi - Busia and back- Mombasa - Voi,Kibwezi,Narobi - Busia and back - Mombasa - Voi,Kibwezi,Narobi - Busia and back"
NTSA/RSN-0096,eastern bypass traverlers investment co. limited,NTR-00201911140919120,True,"Nairobi, RuaiThikaKamwangiFlyover, Nakuru"
NTSA/RSN-0096,eastern bypass traverlers investment co. limited,NTR-00201908131524330,True,"Bus Station, Gikomba Juja Rd Jogoo Rd Outering Rd Mombasa rd Kariobangi Komarock Kangundo Rd Eastern Bypass Ruiru Thika Makongeni Kangundo, Machakos"
NTSA/RSN-0096,eastern bypass traverlers investment co. limited,NTR-0023,True,"ruiru, mlolongo, machakos"
NTSA/RSN-0096,eastern bypass traverlers investment co. limited,NTR-00374,True,"thika, ruiru, ruai, kagundo, machakos"
NTSA/RSN-0096,eastern bypass traverlers investment co. limited,NTR-00375,False,"thika, ruiru, ruai, mlologo, kitegela, kajiado, namaga"
NTSA/RSN-0096,eastern bypass traverlers investment co. limited,NTR-00376,False,"kangundo, ruai, easternbypass, mlolongo, emali, loitoktok, ellasit"
NTSA/RSN-0096,eastern bypass traverlers investment co. limited,NTR-0027,False,"ruiru, ruai,joska, kangundo"
NTSA/RSN-0096,eastern bypass traverlers investment co. limited,NTR-00201908221405250,True,"thika, ruiru,ruai,nairobi,machakos,mlolongo,emali,loitoktok, elasit"
NTSA/RSN-0096,eastern bypass traverlers investment co. limited,ADR-POKSRQ8,True,"thika, ruiru, ruai, mlolongo, machakos, kangundo"
NTSA/RSN-0096,eastern bypass traverlers investment co. limited,ADR-VYAS99Y,True,"nairobi, ruai, ruiru, kagundo, machakos"
NTSA/RSN-0096,eastern bypass traverlers investment co. limited,ADR-Q5LCMMK,True,"nairobi, kariobangi, ruai, kangundo, machakos"
NTSA/RSN-0096,eastern bypass traverlers investment co. limited,ADR-EPJSRR9,False,"kagundo, joska, kamulu, ruai, dandora, kariobagi, alslops"
NTSA/RSN-0096,eastern bypass traverlers investment co. limited,ADR-2DVSDD7,False,"huruma, jonsaga, kariokor, ronald ngala"
NTSA/RSN-0096,eastern bypass traverlers investment co. limited,ADR-K9BFZZP,True,"machakos, mlolongo, outrering road, kariobangi, alslops, thika, kenol"
NTSA/RSN-0096,eastern bypass traverlers investment co. limited,ADR-7WRSOOD,False,"huruma, joskasaga, kariokor, ronald ngala"
NTSA/RSN-0096,eastern bypass traverlers investment co. limited,ADR-BQ9SMMW,True,"nairobi, machakos,ruai, ruiru, kagundo"
NTSA/RSN-0096,eastern bypass traverlers investment co. limited,ADR-REOSYYJ,True,"thika, machakos,ruiru, ruai, kagundo"
NTSA/RSN-0096,eastern bypass traverlers investment co. limited,ADR-MDMSEE6,False,"thika, kitengela,ruiru, ruai, mlolongo"
NTSA/RSN-0096,eastern bypass traverlers investment co. limited,ADR-YM3SJJ8,False,"kangundo, ruai, easternbypass, mlolongo, emali, loitoktok, ellasri"
NTSA/RSN-0096,eastern bypass traverlers investment co. limited,ADR-8LMS555,True,"nairobi, machakos,kariobagi, ruai, kagundo"
NTSA/RSN-0096,eastern bypass traverlers investment co. limited,ADR-ZZJSVV9,False,"mlolongo, outerring road, kariobagi, alsops, thika road, kenol"
NTSA/RSN-0096,eastern bypass traverlers investment co. limited,ADR-LZRS667,True,"machakos, mlolongo, outerring road, kariobagi, thika, kenol"
NTSA/RSN-0096,eastern bypass traverlers investment co. limited,ADR-O68IBBL,False,"ruiru, kangundo,ruai, joska"
NTSA/RSN-0096,eastern bypass traverlers investment co. limited,ADR-6DBSKKL,False,"thika, namaga,ruiru, ruai, mlologo, kitegela, kajiado"
NTSA/RSN-0096,eastern bypass traverlers investment co. limited,ADR-WZ9SDDL,True,"nairobi, ruiru,ruai,kangundo, machakos"
NTSA/RSN-0096,eastern bypass traverlers investment co. limited,ADR-537HQQ2,True,"nairobi, machakos, makueni, kitui, mutomo, kibwezi, ikutha, voi, mombasa"
NTSA/RSN-0096,eastern bypass traverlers investment co. limited,ADR-A5ACPPM,True,"nairobi, machakos, wote, makindu, kitui, mutomo, kibwezi, mtito andei, ikutha, voi, mombasa"
NTSA/RSN-2808,EASTERN KUBAMBA LIMITED,NTR-00202006091049440,False,"Gikomba, Jogoo rdOutering rdMowlemKangundo rdEastern bypassRuiru, Thika-Makongeni"
NTSA/RSN-2808,EASTERN KUBAMBA LIMITED,NTR-00202007021019530,True,"GIKOMBA, JOGOO RDOUTERING RDMOWLEM KANGUNDO RDEASTERN BYPASS RUIRUTHIKAMAKONGENINGOLIBA Matuu Mwingi Kitui Machakos, Kangundo"
NTSA/RSN-2808,EASTERN KUBAMBA LIMITED,NTR-001395,True,"Muthurwa, RuaiKangundo Machakos Kitui Makindu Kibwezi, Voi"
NTSA/RSN-2808,EASTERN KUBAMBA LIMITED,NTR-00202101181006500,True,"Muthurwa, Mombasa rd Athi river Machakos Kitui Mutomo Ikutha, Voi"
NTSA/RSN-2808,EASTERN KUBAMBA LIMITED,NTR-00202104141559120,False,"kajiado, isinya kiserian ongata rongai gataka langata rd mbagathi way knh railways bus station gekomba juja rd jogoo rd outereing rd kangundo rd eastern bypass ruai kangundo, Machakos"
NTSA/RSN-2808,EASTERN KUBAMBA LIMITED,NTR-00202104141601500,True,"Bus Station, gikomba jogoo rd juja rd ouering rd mombasa rd kariobangi komarock rd kangundo rd eastern by pass ruiru thika makongenikangundo machakos kitui mwingi mutomo kibwezi, Voi"
NTSA/RSN-2808,EASTERN KUBAMBA LIMITED,ADR-3ZQSOJ3,False,"GIKOMBA, JOGOO RDOUTERING RDMOWLEM KANGUNDO RDEASTERN BYPASS RUIRUTHIKAMAKONGENI, NGOLIBA"
NTSA/RSN-2808,EASTERN KUBAMBA LIMITED,ADR-JY7SEZQ,False,"Gikomba, Nyayo stadium Langata rd Ongata Rongai Kiserian, Isinya"
NTSA/RSN-2808,EASTERN KUBAMBA LIMITED,ADR-POKS7YY,True,"Machakos, Kangundo Ruai Gikomba Railways KNH Mbagathi way Langata rd Ongata Rongai Kiserian Isinya, Kajiado"
NTSA/RSN-2808,EASTERN KUBAMBA LIMITED,ADR-VYASZWL,True,"muthurwa, ruai,kangundo, machakos"
NTSA/RSN-2808,EASTERN KUBAMBA LIMITED,ADR-Q5LCB8L,True,"ruai, ruiru,allsops,kariobangi,cabanas, machakos"
NTSA/RSN-0097,EASTLANDS EAGLES LIMITED,NTR-0040,False,"dandora, buru buru, city stadium"
NTSA/RSN-0097,EASTLANDS EAGLES LIMITED,NTR-00288,False,"Muthurwa, Jogoo RoadLikoni Road Industrial area, Enterprise rd"
NTSA/RSN-0097,EASTLANDS EAGLES LIMITED,NTR-00202109101404550,False,"city stadium, jogoo rd likoni rd lungalunga kangundo rd eastern bypass outering rd donholm saika dandora kariobangi roundabout buruburu, bahati"
NTSA/RSN-0097,EASTLANDS EAGLES LIMITED,ADR-DB3T3R6,False,"city stadium, jogoo road,buru buru, dandora"
NTSA/RSN-0097,EASTLANDS EAGLES LIMITED,ADR-3ZQSADR,False,"city stadium, dandora,jogoo road, buru buru"
NTSA/RSN-0097,EASTLANDS EAGLES LIMITED,ADR-JY7S3YM,False,"dandora, buruburu, city stadium"
NTSA/RSN-0098,EASTLEIGH COMMUTER SERVICES LIMITED,NTR-0034,False,"eastleigh, juja road,luthuli, commercial"
NTSA/RSN-0098,EASTLEIGH COMMUTER SERVICES LIMITED,NTR-00201903271302260,False,"Commercial, Thika rdKosovoEastleighPnganiJuja rdOutering rdfedha donholm Kangundo rd eastern bypass githunguri baba dogo lucky summer alsops, Kamulu"
NTSA/RSN-0098,EASTLEIGH COMMUTER SERVICES LIMITED,ADR-O68ILZA,False,"commercial, thika road, kosovo, juja road, eastleigh"
NTSA/RSN-0098,EASTLEIGH COMMUTER SERVICES LIMITED,ADR-6DBSD3O,False,"eastleigh, commercial,juja road, luthuli"
NTSA/RSN-0098,EASTLEIGH COMMUTER SERVICES LIMITED,ADR-WZ9S388,False,"eastleigh, mathare valley, kosovo, utalii drift, commercial"
NTSA/RSN-0099,EASTLEIGH ROUTE SACCO,NTR-0034,False,"eastleigh, juja road,luthuli, commercial"
NTSA/RSN-0099,EASTLEIGH ROUTE SACCO,ADR-Q5LC85R,False,"commercial, thika road, kosovo, juja road, eastleigh"
NTSA/RSN-0099,EASTLEIGH ROUTE SACCO,ADR-EPJSE7M,False,"eastleigh, commercial,juja road, luthuli"
NTSA/RSN-0099,EASTLEIGH ROUTE SACCO,ADR-2DVSRPQ,False,"commercial, thika rd,kosovo,eastleigh,pngani,juja rd,outering rd,kangundo rd, kamulu"
NTSA/RSN-0102,ECOSA TRAVELLERS SACCO,NTR-00360,False,"dandora, kariobangi, alsolps"
NTSA/RSN-0102,ECOSA TRAVELLERS SACCO,NTR-00202009231508320,False,"Ronald Ngala, Kariokor Gikomba Dandora Juja Rd Outering Rd Kangundo Rd Saika Komarock Rd Kariobangi Alsops Thika Rd, Thika"
NTSA/RSN-0102,ECOSA TRAVELLERS SACCO,NTR-00359,False,"ronald ngara, juja road,kariobangi, dandora"
NTSA/RSN-0102,ECOSA TRAVELLERS SACCO,NTR-00114,False,"ronald ngala, kariobangi, dandora"
NTSA/RSN-0102,ECOSA TRAVELLERS SACCO,ADR-9AKFJD8,False,"dandora, juja road, ronald ngala"
NTSA/RSN-0102,ECOSA TRAVELLERS SACCO,ADR-DB3TY6K,False,"ronald ngara, dandora,juja road, kariobangi"
NTSA/RSN-0102,ECOSA TRAVELLERS SACCO,ADR-3ZQSJWM,False,"city stadium, jogoo road,buru buru, dandora"
NTSA/RSN-0102,ECOSA TRAVELLERS SACCO,ADR-JY7SZPV,False,"dandora, gikomba, juja road"
NTSA/RSN-0102,ECOSA TRAVELLERS SACCO,ADR-POKSYJ3,False,"dandora, juja road, gikomba"
NTSA/RSN-0102,ECOSA TRAVELLERS SACCO,ADR-VYASW7J,False,"dandora, buruburu, city stadium"
NTSA/RSN-0102,ECOSA TRAVELLERS SACCO,ADR-Q5LC8JR,False,"ronald ngara, dandora, juja road"
NTSA/RSN-0102,ECOSA TRAVELLERS SACCO,ADR-EPJSEZM,False,"dandora, juja road,kariokor, gikomba"
NTSA/RSN-0113,ELEVENTH HOUR TRANSPORT SACCO,NTR-00138,False,"kiserian, magadi road,langata road,mbagathi road,knh, railways"
NTSA/RSN-0113,ELEVENTH HOUR TRANSPORT SACCO,ADR-O68IO56,False,"railways, knh,mbagathi way,rongai, kiserian"
NTSA/RSN-0113,ELEVENTH HOUR TRANSPORT SACCO,ADR-6DBSBMV,False,"kiserian, railways,magadi road,langata road,mbagathi road, knh"
NTSA/RSN-0113,ELEVENTH HOUR TRANSPORT SACCO,ADR-WZ9SQJ5,False,"railways, kiserian,knh,mbagathi way, rongai"
NTSA/RSN-0113,ELEVENTH HOUR TRANSPORT SACCO,ADR-537H7AK,False,"railways, mbagathi way,ongata rongai, kiserian"
NTSA/RSN-0151,EMAAR CITY BUS LIMITED,NTR-00138,False,"kiserian, magadi road,langata road,mbagathi road,knh, railways"
NTSA/RSN-0151,EMAAR CITY BUS LIMITED,NTR-00202001241343230,False,"Ruai, KayoleDonholmUmojaBuruburuCbdKnhNgong rdKikuyu, Westlands"
NTSA/RSN-0151,EMAAR CITY BUS LIMITED,NTR-00202001241345310,True,"Machakos, KitengelaSyokimauImara daimaKnhNgong rdKikuyuWestlands, Cbd"
NTSA/RSN-0151,EMAAR CITY BUS LIMITED,NTR-00202002271026150,False,"Ngong, KiserianRongaiLangataMbagathi wayKnhCbdWestlandsKikuyuRuaka, Limuru"
NTSA/RSN-0151,EMAAR CITY BUS LIMITED,NTR-00202001201200040,False,"Thika, Kiambu KasaraniKnh Ngong rd Kikuyu, Westlands"
NTSA/RSN-0151,EMAAR CITY BUS LIMITED,NTR-0081,False,"rongai, langata,mbagathi way,community, bustation"
NTSA/RSN-0151,EMAAR CITY BUS LIMITED,NTR-0076,False,"bustation, knh,mbagathi way,langata, rongai"
NTSA/RSN-0151,EMAAR CITY BUS LIMITED,ADR-YM3SEZA,False,"Thika, KiambuKasaraniCbdKnhNgong rdKikuyu, Westlands"
NTSA/RSN-0151,EMAAR CITY BUS LIMITED,ADR-8LMSVAP,False,"railways, knh,mbagathi way,rongai, kiserian"
NTSA/RSN-0151,EMAAR CITY BUS LIMITED,ADR-ZZJS2P6,False,"bustation, rongai,knh,mbagathi way, langata"
NTSA/RSN-0151,EMAAR CITY BUS LIMITED,ADR-LZRS3B9,False,"railways, mbagathi way,ongata rongai, kiserian"
NTSA/RSN-0115,EMBASSAVA COOPERATIVE SAVINGS AND CREDIT SOCIETY LTD,NTR-00201909271127470,False,"KITENGELA, MLOLONGOEMBAKASIJOGOO RDMOMBASA ROADOUTERING ROADSAVANNAH ROUTEALSOPS, ACCRA RD"
NTSA/RSN-0115,EMBASSAVA COOPERATIVE SAVINGS AND CREDIT SOCIETY LTD,NTR-00202101270939490,False,"Malaa, Kangundo rd Eastern bypass Utawala Tajmall Enterprise rd Likoni rd Gikomba Eastleigh Juja rd, Thika rd"
NTSA/RSN-0115,EMBASSAVA COOPERATIVE SAVINGS AND CREDIT SOCIETY LTD,NTR-00465,False,"embakasi, jogoo road, msa road, outereing road,all sops, accra road"
NTSA/RSN-0115,EMBASSAVA COOPERATIVE SAVINGS AND CREDIT SOCIETY LTD,NTR-00259,False,"embakasi, jogoo road, muthurwa"
NTSA/RSN-0115,EMBASSAVA COOPERATIVE SAVINGS AND CREDIT SOCIETY LTD,NTR-0039,False,"muthurwa, jogoo road, embakasi"
NTSA/RSN-0115,EMBASSAVA COOPERATIVE SAVINGS AND CREDIT SOCIETY LTD,ADR-BQ9S52M,True,"Accra, Mombasa rdJogoo rdEmbakasiMlolongo, Kitengela"
NTSA/RSN-0115,EMBASSAVA COOPERATIVE SAVINGS AND CREDIT SOCIETY LTD,ADR-REOSRQ8,True,"Kitengela, Mlolongo Mombasa rd Embakasi Savannah Utawala Kangundo rd MalaaJogoo rd Likoni rd Enterprise rd Eastleigh Outering rd Alsops Thika rd, Accra rd"
NTSA/RSN-0115,EMBASSAVA COOPERATIVE SAVINGS AND CREDIT SOCIETY LTD,ADR-MDMSQZJ,True,"Kitengela, Mlolongo Mombasa rd Embakasi tajmall Savannah Utawala Eastern bypass Kangundo rd MalaaJogoo rd Likoni rd Enterprise rd Gikomba Eastleigh Juja rd Outering rd Alsops Thika rd, Accra rd"
NTSA/RSN-0115,EMBASSAVA COOPERATIVE SAVINGS AND CREDIT SOCIETY LTD,ADR-YM3S68E,True,"Machakos, Tala Kangundo Kitengela Mombasa rd Embakasi tajmall Savannah Utawala Eastern bypass Kangundo rd MalaaJogoo rd Likoni rd Enterprise rd Gikomba Eastleigh Juja rd Outering rd Alsops Thika rd, Accra rd"
NTSA/RSN-0115,EMBASSAVA COOPERATIVE SAVINGS AND CREDIT SOCIETY LTD,ADR-8LMSEMO,True,"Machakos, Tala Kangundo Kitengela Mlolongo Mombasa rd Embakasi tajmall Savannah Utawala Eastern bypass Kangundo rd MalaaJogoo rd Likoni rd Enterprise rd Gikomba Eastleigh Juja rd Outering rd Alsops Thika rd, Accra rd"
NTSA/RSN-0115,EMBASSAVA COOPERATIVE SAVINGS AND CREDIT SOCIETY LTD,ADR-ZZJSQLQ,True,"Machakos, Tala Kangundomombasa rd Kitengela A. rivergreatwall Mlolongo Embakasi tajmall imara daima Savannah mananja rd Utawala Eastern bypass Kangundo rd MalaaJogoo rd Likoni rd lungalunga rd Enterprise rd Gikomba Eastleigh Juja rd Outering rd Alsops Thika rd KU ruiru kihunguro juja thika makongenimuranga rd forest rd globe r. about, Accra rd"
NTSA/RSN-0115,EMBASSAVA COOPERATIVE SAVINGS AND CREDIT SOCIETY LTD,ADR-LZRSWEY,True,"embkasi, mombasa road, accra"
NTSA/RSN-0115,EMBASSAVA COOPERATIVE SAVINGS AND CREDIT SOCIETY LTD,ADR-O68I2OK,False,"emabakasi, jogoo road, accra road"
NTSA/RSN-0115,EMBASSAVA COOPERATIVE SAVINGS AND CREDIT SOCIETY LTD,ADR-6DBS8BR,False,"emabakasi, jogoo road, accra road"
NTSA/RSN-0115,EMBASSAVA COOPERATIVE SAVINGS AND CREDIT SOCIETY LTD,ADR-WZ9SLQY,True,"accra road, embakasi, mombasa road"
NTSA/RSN-0115,EMBASSAVA COOPERATIVE SAVINGS AND CREDIT SOCIETY LTD,ADR-537HY73,False,"embakasi, muthurwa, jogoo road"
NTSA/RSN-0115,EMBASSAVA COOPERATIVE SAVINGS AND CREDIT SOCIETY LTD,ADR-A5AC2QB,True,"accra road, mombasa road, embakasi"
NTSA/RSN-0115,EMBASSAVA COOPERATIVE SAVINGS AND CREDIT SOCIETY LTD,ADR-9AKFOKE,True,"accra road, mombasa road, mlolongo, kitengela"
NTSA/RSN-0115,EMBASSAVA COOPERATIVE SAVINGS AND CREDIT SOCIETY LTD,ADR-DB3TQ5R,False,"emabakasi, accra road, jogoo road"
NTSA/RSN-0115,EMBASSAVA COOPERATIVE SAVINGS AND CREDIT SOCIETY LTD,ADR-3ZQSO3Y,False,"alsolps, outering road, city cabanas"
NTSA/RSN-0115,EMBASSAVA COOPERATIVE SAVINGS AND CREDIT SOCIETY LTD,ADR-JY7SELA,False,"accra rd, jogoo rd, embakasi"
NTSA/RSN-0115,EMBASSAVA COOPERATIVE SAVINGS AND CREDIT SOCIETY LTD,ADR-POKS7R6,True,"embakasi, jogoo rd,mombasa road,outerind road,savannah route,alsops, accra rd"
NTSA/RSN-0115,EMBASSAVA COOPERATIVE SAVINGS AND CREDIT SOCIETY LTD,,True,"Tala - Kangundo,Mombasa rd,Kitengela,Athi river,Greatwall,Syokimau,Embakasi,Tajmall,Imara Daima,Savannah,Manyaja rd,Spine rd,Kayole,Komarock,Utawala,Eastern Bypass,Kangundo rd,Malaa,Jogoo rd, Entreprise rd,Heshima rd,Buruburu,Gikomba,Eastleigh,Juja rd,Outering rd,Alsop,Thika rd,KU,Ruiru,Kihunguro,Juja,Thika,Mokengeni - Globe R. About and back- Tala - Kangundo,Mombasa rd,Kitengela,Athi river,Greatwall,Syokimau,Embakasi,Tajmall,Imara Daima,Savannah,Manyaja rd,Spine rd,Kayole,Komarock,Utawala,Eastern Bypass,Kangundo rd,Malaa,Jogoo rd, Entreprise rd,Heshima rd,Buruburu,Gikomba,Eastleigh,Juja rd,Outering rd,Alsop,Thika rd,KU,Ruiru,Kihunguro,Juja,Thika,Mokengeni - Globe R. About and back - Tala - Kangundo,Mombasa rd,Kitengela,Athi river,Greatwall,Syokimau,Embakasi,Tajmall,Imara Daima,Savannah,Manyaja rd,Spine rd,Kayole,Komarock,Utawala,Eastern Bypass,Kangundo rd,Malaa,Jogoo rd, Entreprise rd,Heshima rd,Buruburu,Gikomba,Eastleigh,Juja rd,Outering rd,Alsop,Thika rd,KU,Ruiru,Kihunguro,Juja,Thika,Mokengeni - Globe R. About and back"
NTSA/RSN-01756,EXPRESO LIMITED,NTR-00202002051557030,False,"Kiserian, RongaiDagoretti marketAmbassadorTom mboyaThika rdJuja rdOutering rdKangundo rdKomarocks rdInfinityMwiki, Kasarani"
NTSA/RSN-01756,EXPRESO LIMITED,NTR-00201901221600550,False,"NDEIYA, NDUMAONDIRIKIKUYUKABIRIADAGORETTI MARKETKARENBOMASRONGAI, KISERIAN"
NTSA/RSN-01756,EXPRESO LIMITED,NTR-00201901041415180,False,"Ndeiya, Nduma (via Zambezi)KikuyuDagoreti MarketKabiriaBomasRongai, Kiserian"
NTSA/RSN-01756,EXPRESO LIMITED,NTR-00202011171152220,False,"Ndeiya, Nduma (via Zambezi) Kikuyu Dagoretti market Kawangware KNH Ambassador Tom Mboya Ngara Thika rd Outering rd Kangundo rd Kasarani, Mwiki"
NTSA/RSN-01756,EXPRESO LIMITED,NTR-00202012111036520,False,"Railways, Ngong rd Kawangware Kabiria Waithaka Dagoretti market Karen Ngong Kikuyu Lusigetti, Kamangu"
NTSA/RSN-01756,EXPRESO LIMITED,NTR-00202012311422330,False,"Kimende, Limuru Muguga Kikuyu Nduma Ndeiya Dagoretti Market Kawangware KNH Karen Bomas Ongata Rongai, Kiserian"
NTSA/RSN-01756,EXPRESO LIMITED,NTR-00201811260931410,False,"kiserian, rongai,langata rd,kabiria,knh,ambassador, railways"
NTSA/RSN-01756,EXPRESO LIMITED,NTR-00201810080909530,False,"ndeiya, kikuyu,tom mboya,ngara,thika rd,juja rd,outering rd,kangundo rd,komarocks rd,choka,kasarani,mwiki, infinity"
NTSA/RSN-01756,EXPRESO LIMITED,ADR-WZ9S9JA,False,"Kiserian, RongaiDagoretti marketAmbassadorTom mboyaThika rdJuja rdOutering rdKomarocks rdKangundo rdInfinityMwiki, Kasarani"
NTSA/RSN-01756,EXPRESO LIMITED,ADR-537HWAM,False,"limuru, kikuyu dagoretti mrktkabiria kawangware knh ambassador moi service lane tom mboya rongai gataka karen ngong kiserian isinya katani cabanas outering rd juja rd eastleigh gikomba thika rd mwiki lucky summer komarocks rd kangundo rd eastern bypass infinity kenol kiambu ruaka, western bypass"
NTSA/RSN-01756,EXPRESO LIMITED,ADR-A5AC8DY,False,"Limuru, kikuyu dagoretti market kabiria kawangware knh ambassador moi service lane tom mboya rongai gataka karen ngong kiserian isinya katani cabanas outering rd juja rd eastleigh gikomba thika rd mwiki lucky summer komarocks rd kangundo rd eastern bypass infinity Thika Makongeni kenol kiambu ruaka, Western bypass"
NTSA/RSN-01756,EXPRESO LIMITED,ADR-9AKFREZ,False,"ndeiya, kikuyu, waiyaki way, westlands, tommboya, thika road, mwiki"
NTSA/RSN-01756,EXPRESO LIMITED,ADR-DB3TO97,False,"ndeiya, kikuyu,tom mboya,ngara,thika rd,juja rd,outering rd,kangundo rd,komarocks rd,mwiki, infinity"
NTSA/RSN-01756,EXPRESO LIMITED,ADR-3ZQS287,False,"ndeiya, kikuyu,tom mboya,ngara,thika rd,juja rd,outering rd,kangundo rd,komarocks rd,kasarani,mwiki, infinity"
NTSA/RSN-01756,EXPRESO LIMITED,ADR-JY7S7DP,False,"ndeiya, kikuyu,dagoreti market,kabiria,bomas,rongai, kiserian"
NTSA/RSN-01756,EXPRESO LIMITED,ADR-POKSK8P,False,"railways, knh,mbagathi way,rongai, kiserian"
NTSA/RSN-01756,EXPRESO LIMITED,ADR-VYASA63,False,"ndeiya, kikuyu,kabiria,dagoretti market,karen,bomas,rongai, kiserian"
NTSA/RSN-0122,EXPRESS CONNECTIONS LTD,NTR-00181,False,"eastlands, ladhies road,bustation,ambassador,kencom,gpo,knh,upper hill,jamhuri,karen,kawangware, kawangware"
NTSA/RSN-0122,EXPRESS CONNECTIONS LTD,NTR-00178,True,"jkia, mombasa road, bus station, gpo, knh, ngumo, kibera, yaya, kawangware, satelite, jamuhuri, karen, hardy"
NTSA/RSN-0122,EXPRESS CONNECTIONS LTD,NTR-00176,False,"jkia, umoja, buru, jogoo road, gpo, knh, yaya, kawangware, setlite"
NTSA/RSN-0122,EXPRESS CONNECTIONS LTD,ADR-A5AC7EZ,True,"jkia, hardy, mombasa road, bus station, gpo, knh, ngumo, kibera, yaya, kawangware, satelite, jamuhuri, karen"
NTSA/RSN-0122,EXPRESS CONNECTIONS LTD,ADR-9AKFW3M,False,"eastlands, ladhies road,bustation,ambassador,kencom,gpo,knh,upper hill,jamhuri,karen,kawangware, kawangware"
NTSA/RSN-0122,EXPRESS CONNECTIONS LTD,ADR-DB3T3P6,False,"komarock, buru buru, gogoo road, bustation, kencom, knh, kawangware, jamhuri"
NTSA/RSN-0122,EXPRESS CONNECTIONS LTD,ADR-3ZQSAYR,False,"jkia, utawala, umoja, bururu, kencom, knh, ngumo, kibera, kawangware, satellite, karen, langata road, waiyaki way, hardy"
NTSA/RSN-0122,EXPRESS CONNECTIONS LTD,ADR-JY7S3OM,True,"jkia, hardy,mombasa road, bus station, gpo, knh, ngumo, kibera, yaya, kawangware, satelite, jamuhuri, karen"
NTSA/RSN-0122,EXPRESS CONNECTIONS LTD,ADR-POKSOLR,False,"komarock, buru buru,gogoo road,bustation,kencom,knh,kawangware, jamhuri"
NTSA/RSN-0122,EXPRESS CONNECTIONS LTD,ADR-VYASLKV,False,"eastlands, kawangware,ladhies road,bustation,ambassador,kencom,gpo,knh,upper hill,jamhuri,karen, kawangware"
NTSA/RSN-0122,EXPRESS CONNECTIONS LTD,ADR-Q5LC6K8,False,"jkia, setlite,umoja, buru, jogoo road, gpo, knh, yaya, kawangware"
NTSA/RSN-0122,EXPRESS CONNECTIONS LTD,ADR-EPJSYPY,False,"githunguri, ngong,utawala, jkia, umoja, buruburu, jogoo road, bus station, knh, langata, karen, hardy"
NTSA/RSN-0122,EXPRESS CONNECTIONS LTD,ADR-2DVS5QB,False,"komarock, jamhuri,buru buru,gogoo road,bustation,kencom,knh, kawangware"
NTSA/RSN-0122,EXPRESS CONNECTIONS LTD,ADR-K9BFVAL,False,"hardy, karen, kawangware, yaya, kibera, knh, bus station, jogoo road, jkia"
NTSA/RSN-0127,FASTRACK UNITED AND CREDIT COOPERATIVE SOCIETY,NTR-00202202221453100,False,"Railways, Community Jamhuri via Ngong Rd Wanyee Satelite Kabiria Kawangware Othaya Rd via Lavington Uthiru via WestlandsDagoretti Market, Kawangware"
NTSA/RSN-0127,FASTRACK UNITED AND CREDIT COOPERATIVE SOCIETY,NTR-0042,False,"railways, yaya, kawangware"
NTSA/RSN-0127,FASTRACK UNITED AND CREDIT COOPERATIVE SOCIETY,ADR-3ZQS3MO,False,"railways, kawangware, yaya"
NTSA/RSN-0129,FIG KOMBA,NTR-00201812211059020,False,"mathare north, ngara,figtree,gikomba, kiambio"
NTSA/RSN-0129,FIG KOMBA,NTR-0044,False,"figtree, ngara,gikomba, kiambio"
NTSA/RSN-0129,FIG KOMBA,ADR-2DVSRRD,False,"mathare north, ngara, gikomba, kiambio"
NTSA/RSN-0129,FIG KOMBA,ADR-K9BF66E,False,"mathare north, ngara, gikomba, kiambio"
NTSA/RSN-0129,FIG KOMBA,ADR-7WRS999,False,"figtree, kiambio,ngara, gikomba"
NTSA/RSN-0129,FIG KOMBA,ADR-BQ9SQQ3,False,"dandora, juja road, gikomba"
NTSA/RSN-7695,FIG PRESTIGE MANAGEMENT COMPANY LIMITED,NTR-00202104150827230,True,"Commercial, Jogoo rd Eastleigh Jericho Outering rd Kariobangi ound about Juja rd Cabanas Koma Kenol, Machakos"
NTSA/RSN-7695,FIG PRESTIGE MANAGEMENT COMPANY LIMITED,NTR-00202211011743410,True,"Commercial, Ngara Fig Tree Gikomba Muthurwa Eastleigh Thika Rd Kiambio Jericho Outering Rd Kariobangi Round About Mathare North Jogoo Rd Cabanas Kangundo Rd Ruai Tala Kantafu Koma Ruiru Ndani Kwa Maiko Juja Thika Kabati Kenol, Machakos"
NTSA/RSN-7695,FIG PRESTIGE MANAGEMENT COMPANY LIMITED,NTR-00201812211059020,False,"mathare north, ngara,figtree,gikomba, kiambio"
NTSA/RSN-7695,FIG PRESTIGE MANAGEMENT COMPANY LIMITED,ADR-537HQZK,False,"mathare north, ngara, gikomba, kiambio"
NTSA/RSN-01899,FIVE FRIENDS INVESTMENT COMPANY LIMITED,NTR-00202008111555100,False,"Huruma, DandoraMolem roadKangundo road, Malaa"
NTSA/RSN-01899,FIVE FRIENDS INVESTMENT COMPANY LIMITED,NTR-00202008111557230,False,"Huruma, Outering road, Mlolongo"
NTSA/RSN-01899,FIVE FRIENDS INVESTMENT COMPANY LIMITED,ADR-YM3SJA3,False,"Ngara, Huruma Dandora Molem road Kangundo road, Malaa"
NTSA/RSN-01899,FIVE FRIENDS INVESTMENT COMPANY LIMITED,ADR-8LMS562,False,"Ngara, Huruma Dandora Molem road Kangundo roadMalaauUtawala Mlolongo Outering rd Thika rd Gikomba Jogoo rd Savannah, Kayole"
NTSA/RSN-01899,FIVE FRIENDS INVESTMENT COMPANY LIMITED,ADR-ZZJSVWM,False,"Ngara, Huruma via Ronald Ngala Dandora Kariobangi Alsops Thika rd Mowlem rdJogoo rd Gikomba Kagundo rd Malaa Savannah Kayole Utawala Outering rd cabanas, Mlolongo"
NTSA/RSN-01899,FIVE FRIENDS INVESTMENT COMPANY LIMITED,ADR-2DVSDOA,False,"Ngara, Huruma via Ronald Ngala Dandora Kariobangi AlsopsThika rd Mowlem rd Jogoo rd Gikomba Soweto Spine Rd Manyanja Rd Kagundo rd Malaa Savannah Kayole Utawala Outering rd cabanas, Mlolongo"
NTSA/RSN-0134,FORWARD TRAVELLERS SACCO LTD,NTR-00246,True,"nairobi, emali,oloitoktok, taveta"
NTSA/RSN-0134,FORWARD TRAVELLERS SACCO LTD,NTR-00117,False,"kayole, juja road, gikomba"
NTSA/RSN-0134,FORWARD TRAVELLERS SACCO LTD,NTR-0047,False,"kayole, jogoo road,muthurwa, otc"
NTSA/RSN-0134,FORWARD TRAVELLERS SACCO LTD,NTR-00202002041321020,False,"O.t.c, Jogoo rdUmojaKayoleMihangoEastern by pass, Ruiru"
NTSA/RSN-0134,FORWARD TRAVELLERS SACCO LTD,NTR-00202002041322540,False,"Kayole, KomarocksMowlemJuja rdEastleigh, Alsops"
NTSA/RSN-0134,FORWARD TRAVELLERS SACCO LTD,NTR-00202002041322120,False,"Malaa, KayoleJoskaKamuluRuaiSaikaMowlemjogooroad, Bus station"
NTSA/RSN-0134,FORWARD TRAVELLERS SACCO LTD,NTR-00202012161512240,False,"Kayole, Gikombe Alsops Mihango, Cabanas"
NTSA/RSN-0134,FORWARD TRAVELLERS SACCO LTD,NTR-00202102051741120,True,"KANGEMA, MURANGA-THIKA-RUIRU-E BYPASS-KANGUNDO RD-JOGOO RD-JUJA RD-EASTLIEGH-GIKOMBA-ALSOLPS-NGARA-MFANGANO STREET-BUS STATION-MUTHURWA-KAYOLE-KOMAROCKS-UMOJA-MOWLEM-SAVVANNAH-CABANAS-UTAWALA-MIHANGO-TASSIA LINK RD-MALAA-MOMBASA RD-EMALI, LOITOKTOK"
NTSA/RSN-0134,FORWARD TRAVELLERS SACCO LTD,NTR-00202211180859400,True,"Voi, Ikutha Kibwezi Mwingi Mutomo Kitui Makueni Kilimambogo Nairobi Narok Kisii Nyamira Kisumu Siaya, Bungoma"
NTSA/RSN-0134,FORWARD TRAVELLERS SACCO LTD,NTR-00206,False,"kayole, umoja, outering, juja road, gikomba"
NTSA/RSN-0134,FORWARD TRAVELLERS SACCO LTD,NTR-00207,False,"kayole, mihango, eastern bypass, juja road, bus station"
NTSA/RSN-0134,FORWARD TRAVELLERS SACCO LTD,NTR-0052,False,"kayole, umoja,outering,juja road, gikomba"
NTSA/RSN-0134,FORWARD TRAVELLERS SACCO LTD,NTR-0048,False,"kayole, juja road,eastleigh, gikomba"
NTSA/RSN-0134,FORWARD TRAVELLERS SACCO LTD,NTR-0049,False,"kayole, juja road,muthurwa,otc, bustation"
NTSA/RSN-0134,FORWARD TRAVELLERS SACCO LTD,ADR-O68IMM7,False,"Malaa, KayoleJoskaKamuluRuaiSaikaMowlemKariobangiGikomba, Bus station"
NTSA/RSN-0134,FORWARD TRAVELLERS SACCO LTD,ADR-6DBS997,False,"Nairobi, ThikaMuranga, Kangema"
NTSA/RSN-0134,FORWARD TRAVELLERS SACCO LTD,ADR-WZ9SEEJ,False,"OTC, Jogoo rd Donholm Umoja Kayole Mihango Eastern Bypass, Ruiru"
NTSA/RSN-0134,FORWARD TRAVELLERS SACCO LTD,ADR-537HBOV,True,"Kangema, Muranga Thika Ruiru Estern Bypass Kangundo Rd Jogoo Rd Juja Rd Gikomba Alsops Ngara Mfangano Street Bus station Kayole Komarock Rd Umoja Morlem Savannah Cabanas Utawala-Mihango Northern Bypass Tassia Rd Malaa Mombasa Rd Mwiki Mwihoko Katani Emali Loitoktok, Nyahururu"
NTSA/RSN-0134,FORWARD TRAVELLERS SACCO LTD,ADR-A5ACK7E,False,"kayole, juja road, eastern bypass, bus station"
NTSA/RSN-0134,FORWARD TRAVELLERS SACCO LTD,ADR-9AKFJWV,False,"kayole, jogoo road, muthurwa, otc, mfangano"
NTSA/RSN-0134,FORWARD TRAVELLERS SACCO LTD,ADR-DB3TY3L,True,"nairobi, emali, loitoktok, taveta"
NTSA/RSN-0134,FORWARD TRAVELLERS SACCO LTD,ADR-3ZQSJAZ,False,"kayole, mfangano,jogoo road, muthurwa, otc"
NTSA/RSN-0134,FORWARD TRAVELLERS SACCO LTD,ADR-JY7SZ3B,False,"kayole, gikomba,umoja,outering, juja road"
NTSA/RSN-0134,FORWARD TRAVELLERS SACCO LTD,ADR-POKSYOW,False,"kayole, bus station,mihango, eastern bypass, juja road"
NTSA/RSN-0134,FORWARD TRAVELLERS SACCO LTD,ADR-VYASWL7,False,"kayole, gikomba,umoja, outering, juja road"
NTSA/RSN-0134,FORWARD TRAVELLERS SACCO LTD,ADR-Q5LC865,False,"kayole, bus station,juja road, eastern bypass"
NTSA/RSN-0134,FORWARD TRAVELLERS SACCO LTD,ADR-EPJSEY7,True,"nairobi, taveta,emali, oloitoktok"
NTSA/RSN-0134,FORWARD TRAVELLERS SACCO LTD,ADR-2DVSR5D,False,"bus station, jogoo road, kayole, utawala"
NTSA/RSN-0134,FORWARD TRAVELLERS SACCO LTD,ADR-K9BF6VE,False,"nairobi, thika, muranga"
NTSA/RSN-0134,FORWARD TRAVELLERS SACCO LTD,ADR-7WRS9Z9,False,"kayole, jogoo road, otc"
NTSA/RSN-0134,FORWARD TRAVELLERS SACCO LTD,ADR-BQ9SQ33,False,"kayole, mfangano street, otc"
NTSA/RSN-0134,FORWARD TRAVELLERS SACCO LTD,ADR-REOSZLO,False,"kayole, gikomba,allsops,, juja road"
NTSA/RSN-0134,FORWARD TRAVELLERS SACCO LTD,ADR-MDMSJAQ,False,"kayole, otc,kangundo,tala, jogoo road"
NTSA/RSN-0134,FORWARD TRAVELLERS SACCO LTD,ADR-YM3SBE5,True,"nairobi, taveta,emali, loitoktok"
NTSA/RSN-0134,FORWARD TRAVELLERS SACCO LTD,ADR-8LMSYVK,False,"kayole, komarocksmolemjuja road, eastleigh"
NTSA/RSN-0134,FORWARD TRAVELLERS SACCO LTD,ADR-ZZJSJ2A,False,"kayole, gikomba,juja road, eastleigh"
NTSA/RSN-0134,FORWARD TRAVELLERS SACCO LTD,ADR-2DVSR5M,False,"bus station, muthurwa, jogoo road, kayole, eastern bypass, utawala"
NTSA/RSN-0134,FORWARD TRAVELLERS SACCO LTD,ADR-K9BF6V8,False,"kariobangi south, outering road, thika road, gikomba, commercial"
NTSA/RSN-0134,FORWARD TRAVELLERS SACCO LTD,ADR-7WRS9ZW,False,"kayole, gikomba, juja road"
NTSA/RSN-0134,FORWARD TRAVELLERS SACCO LTD,ADR-BQ9SQ3A,False,"otc, jogoo rd, kayole, mihango, eastern bypass, ruiru underpass"
NTSA/RSN-0136,FOURTY FOUR OWNERS COMPANY LIMITED,NTR-00201901151029270,False,"tom mboya, zimmerman,githurai,kahawa west,ruiru,juja,thika road, makongenithika"
NTSA/RSN-0136,FOURTY FOUR OWNERS COMPANY LIMITED,NTR-00202103091438110,False,"Commercial, Alsops Outering rd Juja rd Jogoo rd Kangundo rd Eastleigh Gikomba Thika rd Githurai Kahawa west Bypass Ruiru, Thika(makongeni)"
NTSA/RSN-0136,FOURTY FOUR OWNERS COMPANY LIMITED,NTR-0066,False,"commercial, zimmerman,kahawa west, githurai"
NTSA/RSN-0136,FOURTY FOUR OWNERS COMPANY LIMITED,NTR-00201909171049330,False,"commercial, thika rd,githurai,kahawa west,bypass,ruiru, thika (makongeni)"
NTSA/RSN-0136,FOURTY FOUR OWNERS COMPANY LIMITED,ADR-YM3SB85,False,"commercial, gikombajuja rd eastleigh jogoo rd kangundo rdoutering rd thka rd alsops githurai kahawa westbypass ruiru kahawa sukari kahawa wendanimwihoko, thika(makongeni)"
NTSA/RSN-0136,FOURTY FOUR OWNERS COMPANY LIMITED,ADR-8LMSYMK,False,"tom mboya, thika road, githurai, ruiru"
NTSA/RSN-0136,FOURTY FOUR OWNERS COMPANY LIMITED,ADR-ZZJSJLA,False,"commercial, githurai,zimmerman, kahawa west"
NTSA/RSN-0136,FOURTY FOUR OWNERS COMPANY LIMITED,ADR-LZRS7E5,False,"tom mboya, thika road, githurai 44, bypass, ruiru"
NTSA/RSN-0136,FOURTY FOUR OWNERS COMPANY LIMITED,ADR-O68IMO7,False,"ronald ngala, kahawa west, zimmerman"
NTSA/RSN-8282,GARAMU TRAVEL SOLUTIONS LIMITED,NTR-00201908300830460,False,"Railways, Ngong rdHurlinghamYayaKorosho/MbaaziKawangwareRiruta sateliteWaithakaDagoretti MarketKikuyuKarenNgong Langata Kibera Kileleshwa Lavington Uthiru, Wangige"
NTSA/RSN-8282,GARAMU TRAVEL SOLUTIONS LIMITED,NTR-00202101201303380,False,"Ngong, Karen Dagoretti corner Kawangware Kikuyu Wangige, Limuru"
NTSA/RSN-8282,GARAMU TRAVEL SOLUTIONS LIMITED,ADR-8LMS5QE,False,"railways, ngong rd,hurlingham,yaya,korosho/mbaazi,kawanware,riruta satelite,waithaka,dagoretti market, kikuyu"
NTSA/RSN-8282,GARAMU TRAVEL SOLUTIONS LIMITED,ADR-ZZJSVOR,False,"railways, ngong rd,hurlingham,yaya,korosho/mbaazi,kawangware,riruta satelite,waithaka,dagoretti market, kikuyu"
NTSA/RSN-0146,GATANGA SHUTTLE LIMITED,NTR-00414,True,"Nairobi, Thika Nyokanyoka Rd Muranga Kangema Nyeri Nanyuki Nyahururu Nakuru Naivasha Njabini Olkalou Maumau Rd, Mugoiri"
NTSA/RSN-0146,GATANGA SHUTTLE LIMITED,NTR-00183,True,"nairobi, thika nyeri nyahururu, nakuru"
NTSA/RSN-0146,GATANGA SHUTTLE LIMITED,NTR-00236,True,"nairobi, thika,nyeri,nyahururu, nakuru"
NTSA/RSN-0146,GATANGA SHUTTLE LIMITED,NTR-00142,True,"nairobi, thika road,thika, nyeri"
NTSA/RSN-0146,GATANGA SHUTTLE LIMITED,ADR-VYASAD8,True,"nairobi, nakuru, thika nyeri nyahururu"
NTSA/RSN-0146,GATANGA SHUTTLE LIMITED,ADR-Q5LCLD9,True,"nairobi, thika, nyeri, nyahururu, nakuru"
NTSA/RSN-0147,GATANGA TRAVELLERS SAVINGS AND CREDIT CO-OPERATIVE SOCIETY LTD,NTR-00183,True,"nairobi, thika nyeri nyahururu, nakuru"
NTSA/RSN-0147,GATANGA TRAVELLERS SAVINGS AND CREDIT CO-OPERATIVE SOCIETY LTD,NTR-00236,True,"nairobi, thika,nyeri,nyahururu, nakuru"
NTSA/RSN-0147,GATANGA TRAVELLERS SAVINGS AND CREDIT CO-OPERATIVE SOCIETY LTD,NTR-00250,True,"nairobi, nakuru, nyahururu"
NTSA/RSN-0147,GATANGA TRAVELLERS SAVINGS AND CREDIT CO-OPERATIVE SOCIETY LTD,ADR-WZ9SWJP,True,"nairobi, thika, nyeri, nyahururu, nakuru"
NTSA/RSN-0147,GATANGA TRAVELLERS SAVINGS AND CREDIT CO-OPERATIVE SOCIETY LTD,ADR-537H6AJ,True,"nairobi, nakuru, thika nyeri nyahururu"
NTSA/RSN-0148,GATHIMA TRAVELLERS SAVINGS AND CREDIT CO-OPERATIVE SOCIETY.,NTR-00201911141534530,False,"Thika, Thika rdJujaGatunduKangoo, Kamwangi"
NTSA/RSN-0148,GATHIMA TRAVELLERS SAVINGS AND CREDIT CO-OPERATIVE SOCIETY.,ADR-537HORO,False,"thika, gatundu, kiambu"
NTSA/RSN-0148,GATHIMA TRAVELLERS SAVINGS AND CREDIT CO-OPERATIVE SOCIETY.,ADR-A5AC7R8,False,"thika, kiambu, gatundu"
NTSA/RSN-7402,GEOBEAT MAOKA TRAVELLERS LIMITED,NTR-00202010291101240,False,"Alsops, lLucky SummerBaba Dogo Outering rd via Rabai rd Makadara City Stadium Kangundo rd, Koma bus Park"
NTSA/RSN-7402,GEOBEAT MAOKA TRAVELLERS LIMITED,ADR-EPJSRP5,False,"Allsops, Outering road,Mumias rd,Makadara, City Stadium"
NTSA/RSN-7402,GEOBEAT MAOKA TRAVELLERS LIMITED,ADR-2DVSDQ3,True,"Ngara, Juja Rd Outering Rd Eastern Bypass Cabanas Mombasa Rd GM Lusaka Rd City Stadium Jogoo Rd Makadara via Rabai Rd Lucky Summer, Muthurwa"
NTSA/RSN-7402,GEOBEAT MAOKA TRAVELLERS LIMITED,ADR-K9BFZAY,True,"Ngara, Juja Rd Outering Rd Eastern Bypass Cabanas Mombasa Rd GM Lusaka Rd City Stadium Jogoo Rd Makadara via Rabai Rd Lucky Summer, Muthurwa"
NTSA/RSN-7402,GEOBEAT MAOKA TRAVELLERS LIMITED,ADR-7WRSOQO,True,"Ngara, Juja Rd Outering Rd Eastern Bypass Cabanas Mombasa Rd GM Lusaka Rd City Stadium Jogoo Rd Makadara via Rabai Rd Lucky Summer, Muthurwa"
NTSA/RSN-7402,GEOBEAT MAOKA TRAVELLERS LIMITED,ADR-BQ9SMK7,True,"Ngara, Juja Rd Outering Rd Eastern Bypass Cabanas Mombasa Rd GM Lusaka Rd City Stadium Jogoo Rd Makadara via Rabai Rd Lucky Summer, Muthurwa"
NTSA/RSN-01728,GIKAKI SACCO SOCIETY LIMITED,NTR-00813,False,"Githunguri, Kagwe Kimende Limuru uplands kwamaiko ruiru, nyanduma"
NTSA/RSN-01728,GIKAKI SACCO SOCIETY LIMITED,NTR-00202211011816190,True,"Githunguri, Kagwe Kimende Limuru Uplands Kwa Maiko Ruiru Nyanduma Kibichoi Gathugu Gachika Gatundu Thika Mai-Mahiu, Naivasha"
NTSA/RSN-01728,GIKAKI SACCO SOCIETY LIMITED,ADR-O68I2YK,False,"githunguri, kagwe, kimende, ruiru"
NTSA/RSN-01728,GIKAKI SACCO SOCIETY LIMITED,ADR-6DBS8ER,False,"githunguri, kagwe, kimende"
NTSA/RSN-01728,GIKAKI SACCO SOCIETY LIMITED,ADR-WZ9SL7Y,False,"githunguri, kagwe,kimende,nyanduma, ruiru"
NTSA/RSN/8047,GIKAKURU TRAVELLERS SACCO,NTR-00820,False,"githurai 45, mwihoko eastern bypass ruiru githunguri limuru kimende kijabe hospital wangige kiambu, kahawa west"
NTSA/RSN/8047,GIKAKURU TRAVELLERS SACCO,ADR-537HQP8,False,"githurabypass, ku referral hospital,ruiru,thika, gatuanyanga"
NTSA/RSN-1626,GIKIMWI BYPASS TRANSPORTERS SACCO,NTR-001337,False,"githurai, mumbi, mwihoko"
NTSA/RSN-1626,GIKIMWI BYPASS TRANSPORTERS SACCO,NTR-00201905161413340,False,"githurai, mumbi,mwihoko,kahawa sukari,ruiru, makongenithika"
NTSA/RSN-1626,GIKIMWI BYPASS TRANSPORTERS SACCO,ADR-WZ9SVAQ,False,"githurai, mwihoko, kahawa sukari, bypass, ruiru"
NTSA/RSN-0152,GINYALI COOPERATIVE SAVINGS & CREDIT SOCIETY LTD,NTR-00202101211540210,True,"Thika(Makongeni), Ruiru Githunguri Githiga Limuru via Kabuku Ngecha Kikuyu via Kamandura Naivasha, Nakuru"
NTSA/RSN-0152,GINYALI COOPERATIVE SAVINGS & CREDIT SOCIETY LTD,NTR-00828,True,"Thika(makongeni), Ruiru kiambu githiga githunguri kagwe via gatundu mau mau rd matimbei kagaa mathanja gatina limuru kimende matathia kijabe maimahiu naivasha via njabini engineer nyahururu, nakuru"
NTSA/RSN-0152,GINYALI COOPERATIVE SAVINGS & CREDIT SOCIETY LTD,NTR-0088,True,"githunguri, kambaa,kagaa,kimende,limuru,naivasha, nakuru"
NTSA/RSN-0152,GINYALI COOPERATIVE SAVINGS & CREDIT SOCIETY LTD,NTR-00201909161408460,True,"thika(makongeni), ruiru,githunguri,kambaa,kagaa,kimende,limuru,naivasha, nakuru"
NTSA/RSN-0152,GINYALI COOPERATIVE SAVINGS & CREDIT SOCIETY LTD,ADR-VYASAV2,True,"Thika(Makongeni), Ruiru Githunguri Githiga Limuru via Kabuku Ngecha Kikiyu via Kamandura Naivasha, Nakuru"
NTSA/RSN-0152,GINYALI COOPERATIVE SAVINGS & CREDIT SOCIETY LTD,ADR-Q5LCLYD,True,"nairobi, githunguri,nyambari,limuru, naivasha"
NTSA/RSN-0152,GINYALI COOPERATIVE SAVINGS & CREDIT SOCIETY LTD,ADR-EPJSJA5,True,"nairobi, guthunguri, kambaa, kagaa, kimende, limuru, naivasha, nakuru"
NTSA/RSN-0152,GINYALI COOPERATIVE SAVINGS & CREDIT SOCIETY LTD,ADR-2DVSBZ3,True,"githunguri, nakuru,kambaa,kagaa,kimende,limuru, naivasha"
NTSA/RSN-0153,GITHIGA TRAVELLERS SACCO,NTR-00201902261346190,True,"ngara, kiambu,githiga,githunguri,limuru, nakuru"
NTSA/RSN-0153,GITHIGA TRAVELLERS SACCO,ADR-A5ACLDJ,True,"St peters, GithunguriLimuru, Nakuru"
NTSA/RSN-0153,GITHIGA TRAVELLERS SACCO,ADR-9AKFAEY,True,"St peters, kiambugithiga Githunguri kambaa via uplands nyambari Limuru, Nakuru"
NTSA/RSN-0153,GITHIGA TRAVELLERS SACCO,ADR-DB3TB99,False,"st.peters, kiambu, limuru, githuguri"
NTSA/RSN-0153,GITHIGA TRAVELLERS SACCO,ADR-3ZQSJDD,False,"st.peters, githiga, githunguri, limuru"
NTSA/RSN-0153,GITHIGA TRAVELLERS SACCO,ADR-JY7SZYO,False,"tommboya, githunguri,kiambu road, kiambu"
NTSA/RSN-0153,GITHIGA TRAVELLERS SACCO,ADR-POKSY2B,False,"st.peters, githuguri,kiambu, limuru"
NTSA/RSN-0153,GITHIGA TRAVELLERS SACCO,ADR-VYASWYR,False,"st peters, githunguri, kiambu"
NTSA/RSN-0153,GITHIGA TRAVELLERS SACCO,ADR-Q5LC827,False,"st peters, kiambu, githunguri"
NTSA/RSN-0153,GITHIGA TRAVELLERS SACCO,ADR-EPJSEMV,False,"ngara, kiambu,githiga,githunguri, limuru"
NTSA/RSN-0154,GITHURAI 45 SACCO,NTR-00415,False,"ronald ngara, thika road, githurai"
NTSA/RSN-0154,GITHURAI 45 SACCO,NTR-00202102161130010,True,"Ronald Ngala, Thika rd Outering rd Juja rd Cabanas Eastern bypass Ruai Mwihoko Githurai Thika(Makongeni), Mwingi"
NTSA/RSN-0154,GITHURAI 45 SACCO,ADR-537HYWR,True,"nairobi, thika road, githurai, mwingi"
NTSA/RSN-0154,GITHURAI 45 SACCO,ADR-A5AC286,True,"ronald ngala, githurai, mwingi"
NTSA/RSN-0154,GITHURAI 45 SACCO,ADR-9AKFOR5,True,"ronald ngala, mwingi, githurai"
NTSA/RSN-0154,GITHURAI 45 SACCO,ADR-DB3TQOD,True,"nairobi, mwingi,thika road, githurai"
NTSA/RSN-0154,GITHURAI 45 SACCO,ADR-3ZQSO23,True,"railways, mwingi,thika road, githurai"
NTSA/RSN-0154,GITHURAI 45 SACCO,ADR-JY7SE7Q,False,"ronald ngara, githurai, thika road"
NTSA/RSN-0154,GITHURAI 45 SACCO,ADR-POKS7KY,False,"ronald ngala, thika road,githurai, thika (makongeni)"
NTSA/RSN-1824,GIWA SAVINGS AND CREDIT COOPERATIVE SOCIETY LIMITED,ADR-7WRSOLM,False,"Wangige, GikuniGathiga, St mathews"
NTSA/RSN-1824,GIWA SAVINGS AND CREDIT COOPERATIVE SOCIETY LIMITED,ADR-BQ9SM8B,False,"Wangige, Gikuni Gathiga St mathews ngecha mwamto kikuyu dagoretti kamangu limurukahuho gachie, river lori"
NTSA/RSN-8143,GMK SACCO LIMITED,NTR-00202009021508060,True,"Nyeri, KaratinaEmbuMurangaKiriainiNgara(NRB), Voi"
NTSA/RSN-8143,GMK SACCO LIMITED,NTR-00202202241345360,True,"Ngara, Outering Rd Kayole Eastern Bypass Kangundo Rd Ruai Northern Bypass Mwihoko via Thika Muranga Karatina Kiriaini NyeriEmbu, Voi"
NTSA/RSN-8143,GMK SACCO LIMITED,ADR-LZRSW7B,True,"ngara, ruai outering rd northern bypass mwihoko via thika muranga karatina kiriaini nyeri embu, voi"
NTSA/RSN-8143,GMK SACCO LIMITED,ADR-O68I2MZ,False,"githurai, muranga, kiriaini"
NTSA/RSN-8143,GMK SACCO LIMITED,ADR-6DBS896,True,"ngara, muranga,kiriaini,nyeri, karatina"
NTSA/RSN-02023,GUCHA EXPRESS LIMITED,NTR-00202101261102060,True,"Railways, Mlolongo Kitengela, Machakos"
NTSA/RSN-02023,GUCHA EXPRESS LIMITED,ADR-LZRS6J7,False,"Railways, Jogoo Rd Outering Rd Kangundo Rd Ruai Katani Mlolongo Kitengela\tMachakos, Isinya"
NTSA/RSN-02052,HANNOVER SWIFT TRANS LIMITED,NTR-0025,False,"Kikuyu, Waiyaki Way,Westlands,Tom Mboya,Thika road, Kasarani , Mwiki"
NTSA/RSN-02052,HANNOVER SWIFT TRANS LIMITED,NTR-00749,False,"Kikuyu, Waiyaki Way Westlands Tom Mboya Thika Rd Kasarani Mwiki Komarock |Kangundo Rd Ruai Outering Rd Donholm Juja Rd GPO Kabiria Dagoreti Kamangu Limuru Kiambu Ruiru Thika, Makongeni"
NTSA/RSN-02052,HANNOVER SWIFT TRANS LIMITED,ADR-BQ9SMWB,False,"Kikuyu, Waiyaki way Westlands Tom Mboya Thika rd Kasarani Mwiki Komarocks Kangundo rd Outering rd Juja rd, Tom mboya, Thika(Makongeni)"
NTSA/RSN-02052,HANNOVER SWIFT TRANS LIMITED,,False,"Thika(Makongeni) - Ruiru,Mwiki,Ruai,Utawala,Donholm,Bus station,Gpo,Westlands,Dagoretti,Kabiria,Kikuyu,Kamangu,Limuru - Kiambu and back"
NTSA/RSN-0165,HIGHRISE KIBERA SACCO,NTR-00202110191626020,False,"Bus Station, enterprise rd via lusaka langata rd highrise upperhill memorial link rd KNH community valley rd soweto sunday studio silanga, yaya centre via ngong rd"
NTSA/RSN-0165,HIGHRISE KIBERA SACCO,ADR-9AKFJ77,False,"bus station, nyayo, highrise, knh, kibera"
NTSA/RSN-0165,HIGHRISE KIBERA SACCO,ADR-DB3TYAM,False,"bus station, kibera,nyayo, highrise, knh"
NTSA/RSN-0166,HIGHWAY TRAVELLERS LIMITED,NTR-00796,True,"nakuru, gilgil, naivasha"
NTSA/RSN-0166,HIGHWAY TRAVELLERS LIMITED,ADR-A5ACLLW,True,"nakuru, naivasha, gilgil"
NTSA/RSN-0169,HOME SACCO LIMITED,NTR-00471,False,"Limuru, Ngecha, Uplands"
NTSA/RSN-0169,HOME SACCO LIMITED,NTR-00201807271239220,False,"Wangige, Kikuyu Gachie Gathiga Ruaka Kiambu Ruiru, Kenol"
NTSA/RSN-0169,HOME SACCO LIMITED,NTR-00202001071446410,False,"Khoja, Westlands Wangige Peponi Rd Ngecha Limuru Uplands Kikuyu Gachie Gathiga Ruaka Kiambu Ruiru, Kenol"
NTSA/RSN-0169,HOME SACCO LIMITED,ADR-MDMSQ73,False,"khoja, westlands,wangige,ngecha, peponi rd"
NTSA/RSN-0169,HOME SACCO LIMITED,ADR-YM3S6DR,False,"khoja, westlands, wangige"
NTSA/RSN-0169,HOME SACCO LIMITED,ADR-8LMSEZM,False,"odeon, thome, thika road"
NTSA/RSN-0169,HOME SACCO LIMITED,ADR-ZZJSQAV,False,"khoja, wangige, westlands"
NTSA/RSN-0169,HOME SACCO LIMITED,ADR-LZRSWMO,False,"khoja, peponi rd,westlands,wangige, ngecha"
NTSA/RSN-0172,HURUMA MINI-BUS SACCO LTD,NTR-00202012151628260,True,"City cabanas via outering rd, Kangundo rd Thika rd Mombasa rd, Eastleigh"
NTSA/RSN-0172,HURUMA MINI-BUS SACCO LTD,ADR-REOSZB2,False,"huruma, pangani,kariokor, tusker"
NTSA/RSN-0172,HURUMA MINI-BUS SACCO LTD,ADR-MDMSJOW,False,"huruma, tusker,pangani, kariokor"
NTSA/RSN-0172,HURUMA MINI-BUS SACCO LTD,,True,"Huruma - Pangani,Muranga rd,Ngara,Thika rd,Kariokor,Gikomba,Jogoo rd,Likoni rd,Eastleigh,Outering rd,Kangundo rd,Mombasa rd - Tusker and back"
NTSA/RSN-0174,Inagi Travellers Sacco,NTR-00202003111620510,True,"Githunguri, NairobiMachakos via outering rd, Kitui"
NTSA/RSN-0174,Inagi Travellers Sacco,NTR-00385,True,"githunguri, nairobi, nakuru"
NTSA/RSN-0174,Inagi Travellers Sacco,ADR-A5ACPED,True,"Githunguri, NairobiMachakos, Kitui"
NTSA/RSN-0174,Inagi Travellers Sacco,ADR-9AKF2VP,True,"githunguri, nakuru, nairobi"
NTSA/RSN-0176,INDIMA (NJE) SACCO,NTR-00487,True,"Bus station, Mombasa roadLusaka road Industrial AreaKwa Njenga Outering rd Kangundo rd Ruai, Kamulu"
NTSA/RSN-0176,INDIMA (NJE) SACCO,NTR-00563,False,"bus station, lusaka road,enterprise road,industrial area,general motors, mukuru kwa njenga"
NTSA/RSN-0176,INDIMA (NJE) SACCO,NTR-0017,True,"Bus station, muthurwa mombasa rd lusaka rd industrial area enterprise rd likoni rd imara daima kwa njenga jogoo rd outering rd kangundo rd ruai kamulu eastern bypass, alsops"
NTSA/RSN-0176,INDIMA (NJE) SACCO,NTR-00202203171440590,True,"Bus Station, Mombasa Rd Syokimau Athi River, Kitengela"
NTSA/RSN-0176,INDIMA (NJE) SACCO,NTR-00564,True,"muthurwa, enterprise road,industrial area,general motors,mombasa road, mukuru kwa njenga"
NTSA/RSN-0176,INDIMA (NJE) SACCO,ADR-JY7SQRO,True,"Bus station, muthurwa mombasa rd lusaka rd industrial area enterprise rd likoni rd imara daima kwa njenga jogoo rd outering rd kangundo rdruai eastern bypass, alsops"
NTSA/RSN-0176,INDIMA (NJE) SACCO,ADR-POKSMZB,False,"bus station, mukuru kwa njenga, lusaka road,enterprise road,industrial area, general motors"
NTSA/RSN-0176,INDIMA (NJE) SACCO,ADR-VYASVJR,True,"bus station, mombasa road, lusaka road, industrial area, kwa njenga"
NTSA/RSN-0176,INDIMA (NJE) SACCO,ADR-Q5LCYA7,True,"muthurwa, lusaka road, industrial area, enterprise road, hillocks, mombasa road, kwa njenga"
NTSA/RSN-0176,INDIMA (NJE) SACCO,ADR-EPJSA6V,False,"muthurwa, jogoo road,likoni road, industrial area"
NTSA/RSN-0176,INDIMA (NJE) SACCO,ADR-2DVSZ6L,False,"muthurwa, kwa njenga,enterprise road, lusaka road"
NTSA/RSN-0176,INDIMA (NJE) SACCO,ADR-K9BFEO7,False,"bus station, kwa njenga,lusaka road, industrial area, general motors"
NTSA/RSN-0176,INDIMA (NJE) SACCO,ADR-7WRS7WJ,False,"bus station, mukuru kwa njenga,lusaka road,enterprise road,industrial area, general motors"
NTSA/RSN-0176,INDIMA (NJE) SACCO,ADR-BQ9S7E2,True,"muthurwa, kwa njenga,lusaka road, industrial area, enterprise road, hillocks, mombasa road"
NTSA/RSN-0176,INDIMA (NJE) SACCO,ADR-REOS8MY,True,"muthurwa, mukuru kwa njenga,enterprise road,industrial area,general motors, mombasa road"
NTSA/RSN-0176,INDIMA (NJE) SACCO,ADR-MDMSK8K,True,"bus station, kwa njenga ,mombasa road, lusaka road, industrial area"
NTSA/RSN-0176,INDIMA (NJE) SACCO,,True,"Bus station - Muthurwa,Mombasa rd,Lusaka rd,Industrial area,Entreprise rd,Likoni rd,Imara daima,Kwa njenga,Jogoo rd,Outering rd,Kangundo rd,Ruai,Kamulu,Eastern Bypass,Alsops,Syokimau,Athi river - Kitengela and back- Bus station - Muthurwa,Mombasa rd,Lusaka rd,Industrial area,Entreprise rd,Likoni rd,Imara daima,Kwa njenga,Jogoo rd,Outering rd,Kangundo rd,Ruai,Kamulu,Eastern Bypass,Alsops,Syokimau,Athi river - Kitengela and back - Bus station - Muthurwa,Mombasa rd,Lusaka rd,Industrial area,Entreprise rd,Likoni rd,Imara daima,Kwa njenga,Jogoo rd,Outering rd,Kangundo rd,Ruai,Kamulu,Eastern Bypass,Alsops,Syokimau,Athi river - Kitengela and back"
NTSA/RSN-01742,INDO STAR SACCO,ADR-BQ9S58K,True,"Muthurwa, Industrial AreaImara Njenga Likoni Road Lungalunga rdFirst Avenue Jogoo rd Outering rd Eastern bypass Mombasa rd, Mlolongo"
NTSA/RSN-01742,INDO STAR SACCO,ADR-REOSR55,True,"Muthurwa, Industrial Area Imara Njenga Likoni Road Lungalunga rd First Avenue Jogoo rd Outering rd Kangundo rdEastern bypass Mombasa rd, Mlolongo"
NTSA/RSN-01742,INDO STAR SACCO,ADR-MDMSQ2P,True,"Muthurwa, Industrial Area Imara Njenga Likoni Road Lungalunga rd First Avenue Jogoo rd Outering rd Kangundo rd kayole spine rd manyanja rd Eastern bypass langata rd bomas Mombasa rd, Mlolongo"
NTSA/RSN-01742,INDO STAR SACCO,ADR-YM3S6Y3,True,"muthurwa, industrial area, likoni road, mombasa raod, jogoo road, mlolongo"
NTSA/RSN-5041,INTEGRITY INTERCITY LIMITED,NTR-00201911081554190,False,"Khoja, Thika rd outering rd Ngumba eastern bypass juja farm Forest roadMuseum roadWaiyaki wayKinoo kikuyu wangige ndenderu rironi, Limuru"
NTSA/RSN-5041,INTEGRITY INTERCITY LIMITED,NTR-00725,False,"khoja, thika road, ngumba"
NTSA/RSN-5041,INTEGRITY INTERCITY LIMITED,ADR-MDMSZLA,False,"Khoja, Thika rd,Ngumba,Forest road,Museum road,Waiyaki way,Kinoo, Rironi"
NTSA/RSN-0177,INTER COUNTIES TRAVELLERS SACCO,NTR-00202104150815260,True,"Muthurwa, jogoo rd likoni rd lungalunga donholm mombasa rd Cabanas Eastern bypass Ruai, Alsops"
NTSA/RSN-0177,INTER COUNTIES TRAVELLERS SACCO,ADR-K9BFYJY,False,"muthurwa, jogoo road,likoni road,lungalunga, donholm"
NTSA/RSN-0177,INTER COUNTIES TRAVELLERS SACCO,ADR-7WRSRBO,False,"muthurwa, donholm,jogoo road,likoni road, lungalunga"
NTSA/RSN-0715,INTER-COUNTY TRAVELLERS SACCO,NTR-00231,False,"nairobi, thika, kangari"
NTSA/RSN-0715,INTER-COUNTY TRAVELLERS SACCO,ADR-VYASZ35,False,"nairobi, kangari, thika"
NTSA/RSN-0181,ISKA INVESTMENTS COMPANY LTD.,NTR-00202107221159520,False,"Commercial, Ronald ngala Zimmermankiambugithuraikahawa westoutering roadnorthern bypasseastern bypassruiruthika, Makongeni"
NTSA/RSN-0181,ISKA INVESTMENTS COMPANY LTD.,NTR-00579,False,"nairobi, thika road, thika"
NTSA/RSN-0181,ISKA INVESTMENTS COMPANY LTD.,ADR-K9BFVB2,False,"nairobi, thika, thika road"
NTSA/RSN-0181,ISKA INVESTMENTS COMPANY LTD.,ADR-7WRSZ23,False,"nairobi, thika, ruiru"
NTSA/RSN-0181,ISKA INVESTMENTS COMPANY LTD.,,False,"Nairobi - Mathare North,Thika rd - Thika and back- Nairobi - Mathare North,Thika rd - Thika and back - Nairobi - Mathare North,Thika rd - Thika and back"
NTSA/RSN-0183,ITHANGA TRAVELLERS SACCO,NTR-00565,False,"ithanga, thika, nairobi"
NTSA/RSN-0183,ITHANGA TRAVELLERS SACCO,ADR-LZRSYQL,False,"ithanga, nairobi, thika"
NTSA/RSN-0184,JESMAT TRAVELLERS CO-OPRATIVE,NTR-00202102021255020,False,"Mfangano street, Kariokor Gikomba Ngara fig Juja rd Eastleigh Kiambiu Thika rd Mathare North Outering rd Eastern bypass, Kangundo rd"
NTSA/RSN-0184,JESMAT TRAVELLERS CO-OPRATIVE,ADR-EPJSE9J,False,"mfangano street, gikomba, majengo"
NTSA/RSN-0184,JESMAT TRAVELLERS CO-OPRATIVE,ADR-2DVSRY2,False,"mfangano street, highrise,gikomba, majengo"
NTSA/RSN-0184,JESMAT TRAVELLERS CO-OPRATIVE,ADR-K9BF6KW,False,"mfangano street, gikomba,majengo, highrise"
NTSA/RSN-0184,JESMAT TRAVELLERS CO-OPRATIVE,ADR-7WRS9L5,False,"mfangano, eastleigh section 3, luthuli avenue"
NTSA/RSN-0185,JONSAGA FLATS SACCO,ADR-7WRS29M,False,"Ronald Ngala, NgaraJujardHuruma Round aboutOutering rdKangundo rd, Ruai"
NTSA/RSN-0185,JONSAGA FLATS SACCO,NTR-00202104161338180,True,"Mowlem, Kariokor Gikomba cabanas Mombasa Rd athi River thika rd forest rd, Limuru rd"
NTSA/RSN-0185,JONSAGA FLATS SACCO,NTR-00202002071549350,True,"Ronald Ngala, Ngara Juja rd Huruma Round about Outering rd Kangundo rd Ruai Mowlem Kariokor Gikomba Cabanas Mombasa rd Athi river Forest rd Thika rd, Limuru"
NTSA/RSN-0185,JONSAGA FLATS SACCO,ADR-BQ9SZQB,True,"Ronald Ngala, Ngara Juja Rd Huruma Round About Outering Rd Kangundo Rd Ruai Utawala Cabanas Mombasa Rd, Athi River"
NTSA/RSN-0185,JONSAGA FLATS SACCO,ADR-REOSOZM,False,"Ronald Ngala, Race Course Rd Ngara Forest Rd Ojijo Rd Parklands via Westlands Limuru Rd Thika Rd Githurai, Juja Town"
NTSA/RSN-0185,JONSAGA FLATS SACCO,ADR-MDMSMJL,False,"huruma, juja road, ngara, ronald ngara"
NTSA/RSN-0185,JONSAGA FLATS SACCO,ADR-YM3SLEW,False,"huruma, juja,ngara, ronald ngala"
NTSA/RSN-0185,JONSAGA FLATS SACCO,ADR-YM3SLVL,False,"huruma, ronald ngala,juja, ngara"
NTSA/RSN-0185,JONSAGA FLATS SACCO,ADR-ZZJSZ2O,False,"huruma, ronald ngara,juja road, ngara"
NTSA/RSN-2074,JUJA ATHI TRAVELLERS SACCO.,NTR-00201906201608210,False,"juja, juja farm, athi"
NTSA/RSN-2074,JUJA ATHI TRAVELLERS SACCO.,ADR-DB3T5EP,False,"athi, makongeni thika ruiru juja juja farm gatundu, muranga"
NTSA/RSN-2074,JUJA ATHI TRAVELLERS SACCO.,ADR-3ZQS3EE,False,"athi, makongeni thika ruiru juja juja farm gatundu, muranga"
NTSA/RSN/6973,JUPITERLINE INVESTMENTS CAPITAL LIMITED,NTR-00477,False,"nairobi, thika road, ruiru"
NTSA/RSN/6973,JUPITERLINE INVESTMENTS CAPITAL LIMITED,NTR-00201906141322300,False,"ngara, thika road, nanyuki"
NTSA/RSN/6973,JUPITERLINE INVESTMENTS CAPITAL LIMITED,ADR-Q5LCBAQ,False,"ngara, thika rd, ruiru"
NTSA/RSN-01730,KADANA TRAVELLERS SAVINGS AND CREDIT CO-OPERATIVE SOCIETY LIMITED,NTR-00202012111036520,False,"Railways, Ngong rd Kawangware Kabiria Waithaka Dagoretti market Karen Ngong Kikuyu Lusigetti, Kamangu"
NTSA/RSN-01730,KADANA TRAVELLERS SAVINGS AND CREDIT CO-OPERATIVE SOCIETY LIMITED,NTR-00202012111031250,False,"Kamangu, Kikuyu Waithaka Kawangware Kabiria Dagoretti market Karen, Ngong"
NTSA/RSN-01730,KADANA TRAVELLERS SAVINGS AND CREDIT CO-OPERATIVE SOCIETY LIMITED,ADR-MDMSQK8,False,"kikuyu, dagoreti, karen, ngong road, railways"
NTSA/RSN-01730,KADANA TRAVELLERS SAVINGS AND CREDIT CO-OPERATIVE SOCIETY LIMITED,ADR-YM3S6VM,False,"kikuyu, dagoreti, karen, ngong road, railways"
NTSA/RSN-01730,KADANA TRAVELLERS SAVINGS AND CREDIT CO-OPERATIVE SOCIETY LIMITED,ADR-8LMSEYR,False,"railways, ngong rd,kawangware,kabiria,waithaka,dagoretti,karen,kikuyu,lusingeti, kamangu"
NTSA/RSN-01730,KADANA TRAVELLERS SAVINGS AND CREDIT CO-OPERATIVE SOCIETY LIMITED,ADR-ZZJSQJP,False,"knh, ngong road,karen,dagoretti, kikuyu"
NTSA/RSN-0193,KAKA TRAVELLERS SACCO LIMITED,NTR-00201907241046260,False,"KAGWE, NAIROBINAKURUNYAHURURUNANYUKI RUIRU, GITHUNGURI"
NTSA/RSN-0193,KAKA TRAVELLERS SACCO LIMITED,NTR-00498,True,"Nairobi, Githunguri kagwe Ruiru maumau Rd Nakuru Nyahururu, Nanyuki"
NTSA/RSN-0193,KAKA TRAVELLERS SACCO LIMITED,NTR-00408,True,"kagwe, nairobi, nakuru"
NTSA/RSN-0193,KAKA TRAVELLERS SACCO LIMITED,ADR-WZ9SEM3,True,"kagwenairobinakuru ,, KAGWE - GITHUNGURI - NAIROBI,NAKURU,NYAHURURU,NANYUKI,MAKONGENI,RUIRU- KAGWE - GITHUNGURI - NAIROBI,NAKURU,NYAHURURU,NANYUKI,MAKONGENI,RUIRU - KAGWE - GITHUNGURI - NAIROBI,NAKURU,NYAHURURU,NANYUKI,MAKONGENI,RUIRU"
NTSA/RSN-0197,KAM TRANSPORTERS SACCO LTD,NTR-00717,True,"nairobi, kangundo, machakos"
NTSA/RSN-0197,KAM TRANSPORTERS SACCO LTD,NTR-00202101251001560,True,"Nairobi, Kithimani Matuu Kitui Mwingi Mutomo, Kangundo"
NTSA/RSN-0197,KAM TRANSPORTERS SACCO LTD,NTR-00201903291451040,True,"nairobi, kangundo,mwala,makutano, kitui"
NTSA/RSN-0197,KAM TRANSPORTERS SACCO LTD,NTR-00201904081413120,True,"nairobi, tala,kangundo,machakos, wote"
NTSA/RSN-0197,KAM TRANSPORTERS SACCO LTD,ADR-7WRS79Z,True,"Nairobi, Tala Donyo sabuk Matuu Mwala, Machakos"
NTSA/RSN-0197,KAM TRANSPORTERS SACCO LTD,ADR-BQ9S7QZ,True,"nairobi, tala,kangundo, machakos"
NTSA/RSN-0197,KAM TRANSPORTERS SACCO LTD,ADR-REOS8ZR,True,"nairobi, machakos, makueni, kitui, mutomo, kibwezi, ikutha, voi, mombasa"
NTSA/RSN-0197,KAM TRANSPORTERS SACCO LTD,ADR-MDMSKJO,True,"nairobi, machakos,makueni,kibwezi, mtitoandei"
NTSA/RSN-0197,KAM TRANSPORTERS SACCO LTD,ADR-YM3SVB9,True,"nairobi, machakos,tala, kangundo"
NTSA/RSN-0197,KAM TRANSPORTERS SACCO LTD,ADR-8LMSJYZ,True,"nairobi, mtitoandei,machakos,makueni, kibwezi"
NTSA/RSN-0197,KAM TRANSPORTERS SACCO LTD,ADR-ZZJS9J5,True,"nairobi, mombasa,machakos, makueni, kitui, mutomo, kibwezi, ikutha, voi"
NTSA/RSN-0197,KAM TRANSPORTERS SACCO LTD,ADR-LZRSO7V,True,"nairobi, machakos, kitui, mutomo, ikutha, kibwezi, mtito andei, mombasa"
NTSA/RSN-0197,KAM TRANSPORTERS SACCO LTD,ADR-O68IVMW,False,"nairobi, mtitoandei, wote"
NTSA/RSN-0197,KAM TRANSPORTERS SACCO LTD,ADR-6DBSW9M,True,"nairobi, mombasa, wote"
NTSA/RSN-0197,KAM TRANSPORTERS SACCO LTD,ADR-WZ9SW3B,True,"nairobi, machakos, wote, makindu, kitui, mutomo, kibwezi, mtito andei, ikutha, voi, mombasa"
NTSA/RSN-0203,KANDARA SOUTH TRAVELLERS SACCO (K.S.T),NTR-00231,False,"nairobi, thika, kangari"
NTSA/RSN-0203,KANDARA SOUTH TRAVELLERS SACCO (K.S.T),NTR-00268,False,"Nyahururu, Olkalou Engineer Njambini Maumau Rd Nyoka Rd, Muranga"
NTSA/RSN-0203,KANDARA SOUTH TRAVELLERS SACCO (K.S.T),NTR-00202202281223180,False,"Nairobi, Thika KihumbuiniGitiri kangari Muranga Nyoka Rd Mau Mau Rd Njambini Engineer, Olkalou"
NTSA/RSN-0203,KANDARA SOUTH TRAVELLERS SACCO (K.S.T),ADR-6DBS8QA,False,"thika, kiunyu, kihumbuini"
NTSA/RSN-0203,KANDARA SOUTH TRAVELLERS SACCO (K.S.T),ADR-WZ9SLAA,False,"nairobi, kangari, thika"
NTSA/RSN-0208,KANGEMI MATATU OWNERS SACCO,NTR-00201910041038480,False,"odeon, westlands,kangemi,stage 87,muhuri rd,dagoretti market junction,thogoto,kamangu,thigio,kmandura,rironi,kiambaa, kinoo 87"
NTSA/RSN-0208,KANGEMI MATATU OWNERS SACCO,NTR-00202009041256260,False,"Odeon, WestlandsKangemiUthiruStage 87Muhuri RdDagoretti Market JunctionThogotoKamanguThigioKamanduraLimuruRironiKiambaa, Kinoo 87"
NTSA/RSN-0208,KANGEMI MATATU OWNERS SACCO,NTR-0078,False,"odeon, westlands, kangemi"
NTSA/RSN-0208,KANGEMI MATATU OWNERS SACCO,ADR-K9BF6AW,False,"odeon, westlands, kangemi"
NTSA/RSN-0208,KANGEMI MATATU OWNERS SACCO,ADR-7WRS9Q5,False,"odeon, kangemi, stage87, muhuri road, dagoretti market junction"
NTSA/RSN-0208,KANGEMI MATATU OWNERS SACCO,ADR-BQ9SQK6,False,"odeon, kangemi, westlands"
NTSA/RSN-0208,KANGEMI MATATU OWNERS SACCO,ADR-REOSZDE,False,"busstation, Jogoo rd,kangundo rd, ruai, joska, malaa, tala, Thika, kiskioni, donyosabuku, kilimambogo, Makongeni,Thika Twn, Thika Rd, Odeon, Westland, Kangemi, Uthiru, Stage87, Muhurird, Dagoretti Market,Thogoto, Kamangu, Thigio, Kamandura, Limuru, Rironi, Kiambaa, Kikuyu, Kinoo 87"
NTSA/RSN-0209,KANI TRANSPORT SAVINGS AND CREDIT CO-OPERATIVE SOCIETY LIMITED,NTR-0047,False,"kayole, jogoo road,muthurwa, otc"
NTSA/RSN-0209,KANI TRANSPORT SAVINGS AND CREDIT CO-OPERATIVE SOCIETY LIMITED,NTR-00202211011230330,False,"Bus Station, Muthurwa Jogoo Rd Kayole Eastern Bypass Kangundo Rd Donholm Utawala City Cabanas, Joska"
NTSA/RSN-0209,KANI TRANSPORT SAVINGS AND CREDIT CO-OPERATIVE SOCIETY LIMITED,ADR-K9BF6YK,False,"Bus station, Muthurwa, Jogoo road, Kayole, Eastern bypass, Utawala, City cabanas"
NTSA/RSN-0209,KANI TRANSPORT SAVINGS AND CREDIT CO-OPERATIVE SOCIETY LIMITED,ADR-7WRS9RE,False,"bus station, muthurwa, jogoo road, kayole, eastern bypass, utawala"
NTSA/RSN-0209,KANI TRANSPORT SAVINGS AND CREDIT CO-OPERATIVE SOCIETY LIMITED,ADR-BQ9SQ29,False,"bus station, jogoo road, kayole, utawala"
NTSA/RSN-0209,KANI TRANSPORT SAVINGS AND CREDIT CO-OPERATIVE SOCIETY LIMITED,ADR-REOSZQW,False,"muthurwa, utawala,jogoo road, kayole"
NTSA/RSN-0209,KANI TRANSPORT SAVINGS AND CREDIT CO-OPERATIVE SOCIETY LIMITED,ADR-MDMSJZD,False,"bus station, utawala,jogoo road, kayole"
NTSA/RSN-0209,KANI TRANSPORT SAVINGS AND CREDIT CO-OPERATIVE SOCIETY LIMITED,ADR-YM3SB8O,False,"kayole, jogoo road, otc"
NTSA/RSN-0209,KANI TRANSPORT SAVINGS AND CREDIT CO-OPERATIVE SOCIETY LIMITED,ADR-8LMSYMB,False,"kayole, otc,jogoo road, muthurwa"
NTSA/RSN-0215,KARIOBANGI MATATU OWNERS SAVINGS AND CREDIT CO-OPERATIVE SOCIETY LIMITED,NTR-00202101251614210,False,"Kariobangi, Juja rd Gikomba Kariokor Ronald ngala Commercial Thika rd Alsops Outering rd, Kariobangi south"
NTSA/RSN-0215,KARIOBANGI MATATU OWNERS SAVINGS AND CREDIT CO-OPERATIVE SOCIETY LIMITED,NTR-00349,False,"ronald ngara, thika road,alsolps, kariobangi"
NTSA/RSN-0215,KARIOBANGI MATATU OWNERS SAVINGS AND CREDIT CO-OPERATIVE SOCIETY LIMITED,NTR-00348,False,"ronald ngara, juja road, kariobangi"
NTSA/RSN-0215,KARIOBANGI MATATU OWNERS SAVINGS AND CREDIT CO-OPERATIVE SOCIETY LIMITED,ADR-WZ9SWPQ,True,"Kamulu, Kangundo rd Eastern bypass Mombasa rd Likoni rd Lungalunga rd Outering rd Kariobangi North Lucky Summer Baba dogo Kariobangi South Juja rd Easthleigh 1st avenueJogoo rd Gikomba Kariokor Ronald NgalaCommercial Globe round aboutWestlands Forest rd Thika rd Juja, Thika(Makongeni)"
NTSA/RSN-0215,KARIOBANGI MATATU OWNERS SAVINGS AND CREDIT CO-OPERATIVE SOCIETY LIMITED,ADR-537H69Q,True,"Kamulu, Kangundo rd Eastern bypass Mombasa rd Enterprise rd Likoni rd Lungalunga rd Outering rd Kariobangi North Lucky Summer Baba dogo Kariobangi South Juja rd Easthleigh 1st avenueJogoo rd Gikomba Kariokor Ronald NgalaCommercial Globe round aboutWestlands Forest rd Thika rd Juja, Thika(Makongeni)"
NTSA/RSN-0215,KARIOBANGI MATATU OWNERS SAVINGS AND CREDIT CO-OPERATIVE SOCIETY LIMITED,ADR-A5ACLOL,False,"gikomba, juja road, kariobangi"
NTSA/RSN-0215,KARIOBANGI MATATU OWNERS SAVINGS AND CREDIT CO-OPERATIVE SOCIETY LIMITED,ADR-9AKFA9J,False,"kariobangi south, outering road, thika road, gikomba, commercial"
NTSA/RSN-0215,KARIOBANGI MATATU OWNERS SAVINGS AND CREDIT CO-OPERATIVE SOCIETY LIMITED,ADR-DB3TBZ3,False,"ronald ngara, kariobangi, thika road"
NTSA/RSN-0215,KARIOBANGI MATATU OWNERS SAVINGS AND CREDIT CO-OPERATIVE SOCIETY LIMITED,ADR-3ZQSLM2,False,"ronald ngara, kariobangi, juja road"
NTSA/RSN-0215,KARIOBANGI MATATU OWNERS SAVINGS AND CREDIT CO-OPERATIVE SOCIETY LIMITED,ADR-JY7SQ6E,False,"kariobagi, juja road, eastleigh, gikomba"
NTSA/RSN-0215,KARIOBANGI MATATU OWNERS SAVINGS AND CREDIT CO-OPERATIVE SOCIETY LIMITED,ADR-POKSME5,False,"gikomba, kariobangi, juja road"
NTSA/RSN-0215,KARIOBANGI MATATU OWNERS SAVINGS AND CREDIT CO-OPERATIVE SOCIETY LIMITED,ADR-VYASVEO,False,"ronald ngara, kariobangi,thika road, alsolps"
NTSA/RSN-0215,KARIOBANGI MATATU OWNERS SAVINGS AND CREDIT CO-OPERATIVE SOCIETY LIMITED,ADR-Q5LCYZZ,False,"kariobangi, thika road, commercial"
NTSA/RSN-0215,KARIOBANGI MATATU OWNERS SAVINGS AND CREDIT CO-OPERATIVE SOCIETY LIMITED,ADR-EPJSABK,False,"kariobangi south, juja road, kariokor, ronald ngara"
NTSA/RSN-0217,KARURI COMMUTERS SERVICES SAVINGS AND CREDIT CO-OPERTAIVE SOCIETY LIMITED,NTR-00202009081636350,False,"Kiserian, Ngong Dagoretti Wangige Khoja Thika Gatuanyaga Ruiru Kiambu, Limuru"
NTSA/RSN-0217,KARURI COMMUTERS SERVICES SAVINGS AND CREDIT CO-OPERTAIVE SOCIETY LIMITED,NTR-00201910041052400,False,"Khoja, BananaLimuruKiambuTatucityNorthern bypassRuiruThika, Gatuanyaga"
NTSA/RSN-0217,KARURI COMMUTERS SERVICES SAVINGS AND CREDIT CO-OPERTAIVE SOCIETY LIMITED,NTR-00202105031016150,True,"Kiserian, Ngong Dagoretti Kikuyu Wangige ABC Drive Khoja Limuru Kijabe Naivasha Kiambu Ruiru Thika, Gatuanya"
NTSA/RSN-0217,KARURI COMMUTERS SERVICES SAVINGS AND CREDIT CO-OPERTAIVE SOCIETY LIMITED,NTR-00340,False,"khoja, banana, limuru"
NTSA/RSN-0217,KARURI COMMUTERS SERVICES SAVINGS AND CREDIT CO-OPERTAIVE SOCIETY LIMITED,NTR-00201812181042570,False,"khoja, limuru,banana,kiambu,tatu city, ruiru"
NTSA/RSN-0217,KARURI COMMUTERS SERVICES SAVINGS AND CREDIT CO-OPERTAIVE SOCIETY LIMITED,ADR-7WRSZYL,False,"Khoja, Thika, Gatuanyaga"
NTSA/RSN-0217,KARURI COMMUTERS SERVICES SAVINGS AND CREDIT CO-OPERTAIVE SOCIETY LIMITED,ADR-BQ9S3WL,True,"Kiserian, NgongkawangwareDagorettikikuyuwangigeABC drivewestlands Parklands Highridge Khojalimuru suswaKijabeNaivashaNorthern bypasseastern bypasskiambu roadkiamburuiruthikagatuanyagarailwaysathiriver, Machakos"
NTSA/RSN-0217,KARURI COMMUTERS SERVICES SAVINGS AND CREDIT CO-OPERTAIVE SOCIETY LIMITED,ADR-REOSL7A,True,"banana, railways,athi river, machakos"
NTSA/RSN-0217,KARURI COMMUTERS SERVICES SAVINGS AND CREDIT CO-OPERTAIVE SOCIETY LIMITED,ADR-MDMSADY,False,"khoja, limuru, banana"
NTSA/RSN-0217,KARURI COMMUTERS SERVICES SAVINGS AND CREDIT CO-OPERTAIVE SOCIETY LIMITED,ADR-YM3SEKK,True,"banana, machakos,railways, athi river"
NTSA/RSN-0217,KARURI COMMUTERS SERVICES SAVINGS AND CREDIT CO-OPERTAIVE SOCIETY LIMITED,ADR-8LMSV8D,False,"nairobi, limuru,kiambu, banana"
NTSA/RSN-0217,KARURI COMMUTERS SERVICES SAVINGS AND CREDIT CO-OPERTAIVE SOCIETY LIMITED,ADR-ZZJS2MK,False,"khoja, banana,limuru,kiambu,tatucity,ruiru,thika, gatuanyaga"
NTSA/RSN-0217,KARURI COMMUTERS SERVICES SAVINGS AND CREDIT CO-OPERTAIVE SOCIETY LIMITED,,True,"Kiserian - Ngong,Kawangware,Dagoretti,Ndeyia,Gachie,Kikuyu,Wangige,ABC drive,Red hill,Westlands,Parklands,Highridge,Khoja,Limuru,Suswa,Kijabe,Naivasha,Northern bypass,Eastern bypass,Kiambu road,Kiambu,Ruiru,Thika,Gatuanyaga,Railways,Athi river - Machakos and back- Kiserian - Ngong,Kawangware,Dagoretti,Ndeyia,Gachie,Kikuyu,Wangige,ABC drive,Red hill,Westlands,Parklands,Highridge,Khoja,Limuru,Suswa,Kijabe,Naivasha,Northern bypass,Eastern bypass,Kiambu road,Kiambu,Ruiru,Thika,Gatuanyaga,Railways,Athi river - Machakos and back - Kiserian - Ngong,Kawangware,Dagoretti,Ndeyia,Gachie,Kikuyu,Wangige,ABC drive,Red hill,Westlands,Parklands,Highridge,Khoja,Limuru,Suswa,Kijabe,Naivasha,Northern bypass,Eastern bypass,Kiambu road,Kiambu,Ruiru,Thika,Gatuanyaga,Railways,Athi river - Machakos and back"
NTSA/RSN-0223,KAWANGWARE MATATU SAVINGS AND CREDIT CO-OPERATIVE SOCIETY LIMITED,NTR-0042,False,"railways, yaya, kawangware"
NTSA/RSN-0223,KAWANGWARE MATATU SAVINGS AND CREDIT CO-OPERATIVE SOCIETY LIMITED,ADR-ZZJSJW2,False,"railways, kawangware, yaya"
NTSA/RSN-0224,kayo-line group company limited,NTR-00129,False,"Mwiki, Kayole kangundo rd kamulu via ruai Utawala Mihango Cabanas Outering rd Kariobangi, Kasarani"
NTSA/RSN-0224,kayo-line group company limited,ADR-JY7SZKY,False,"Mwiki, KayoleUtawala Mihango Cabanas Outering rd Kariobangi, Kasarani"
NTSA/RSN-0224,kayo-line group company limited,ADR-POKSY3L,False,"mwiki, utawala, cabanas, outering road, kayole"
NTSA/RSN-0224,kayo-line group company limited,ADR-VYASWQB,False,"mwiki, utawala, cabanas, kayole"
NTSA/RSN-0224,kayo-line group company limited,ADR-Q5LC893,False,"mwiki, utawala, kayole"
NTSA/RSN-0224,kayo-line group company limited,ADR-EPJSEWO,False,"kasarani, kayole, kariobangi"
NTSA/RSN-0228,KENYA BUS SERVICE MANAGEMENT LIMITED,NTR-0020181211134410497,False,"Bus station, Kencom,GPO,KNH,Adams arcade,Karen,Ngong,Matasia,Kiseriani,Rongai,Bomas,Langata road, Kiserian"
NTSA/RSN-0228,KENYA BUS SERVICE MANAGEMENT LIMITED,NTR-001152,False,"isinya, kitengela athi river syokimau jkia utawala ruai malaa kangundo rd kangundo umoja innercore outering rd dandora kariobangi huruma buruburu jogoo rdkencom rongai kiserian ngong hardy knh kibera kawangware kikuyu waiyaki way thika rd, thika"
NTSA/RSN-0228,KENYA BUS SERVICE MANAGEMENT LIMITED,NTR-0020181211132633916,False,"Karen, Dagoretti,Waithaka,Kawangware,Kibera,Knh,Bus Station,Njiru,Utawala,Ruai, Malaa"
NTSA/RSN-0228,KENYA BUS SERVICE MANAGEMENT LIMITED,NTR-00487,True,"Bus station, Mombasa roadLusaka road Industrial AreaKwa Njenga Outering rd Kangundo rd Ruai, Kamulu"
NTSA/RSN-0228,KENYA BUS SERVICE MANAGEMENT LIMITED,NTR-0035,True,"kikuyu, kawangware ngong rd yaya KNH ambassador langata rd lusaka rd jogoo rd JKIA utawala mombasa rd athi river kitengela, kajiado"
NTSA/RSN-0228,KENYA BUS SERVICE MANAGEMENT LIMITED,NTR-00202108060801500,True,"Bus Station, city stadium lusaka rd enterprise rd likoni rd jogoo rd kangundo rd via eastern bypass mombasa rd langata rd kungu karumba rd ngong rd karen dagoretti yaya centre limuru rd, Ruaka"
NTSA/RSN-0228,KENYA BUS SERVICE MANAGEMENT LIMITED,NTR-006,False,"JKIA, utawala, umoja, Umoja innercore, bururu, kencom, KNH, Ngumo, Kibera, Kawangware, satellite, Karen, Langata road, waiyaki way, Hardy"
NTSA/RSN-0228,KENYA BUS SERVICE MANAGEMENT LIMITED,NTR-00201910231055390,True,"kikuyu, kawangware ngong rd yaya knh ambasssador bus station lusaka rd outering rd jogoo rd jkia utawala mombasa rd athiriver kitengela, kajiado"
NTSA/RSN-0228,KENYA BUS SERVICE MANAGEMENT LIMITED,NTR-001346,False,"karen, kawangware,kibera,knh,utawala,ruai, malaa"
NTSA/RSN-0228,KENYA BUS SERVICE MANAGEMENT LIMITED,NTR-0020181211134054530,False,"kikuyu, kawangware,ngong road,yaya,icea,ambassadeur,bus station,jogoo road,kangundo road,utawala,ruai,joska, malaa"
NTSA/RSN-0228,KENYA BUS SERVICE MANAGEMENT LIMITED,NTR-0013,False,"karen, kawangware, kibera, knh, ngumo, bus station, buruburu, dandora"
NTSA/RSN-0228,KENYA BUS SERVICE MANAGEMENT LIMITED,ADR-EPJSARP,False,"JKIA, utawala, umoja, Umoja innercore, bururu, Lusaka road, Bunyala road, KNH, Ngumo, Kibera, Kawangware, satellite, Karen, Langata road, waiyaki way, Hardy"
NTSA/RSN-0228,KENYA BUS SERVICE MANAGEMENT LIMITED,ADR-2DVSZDY,False,"Bus station, Lusaka rd,Nyayo Stadium,Rongai,Kiserian,Ngong,Karen,Dagoretti Corner, Kenyatta Hospital"
NTSA/RSN-0228,KENYA BUS SERVICE MANAGEMENT LIMITED,ADR-K9BFEZD,False,"Bus station, Ngong road, kawagware, uthiruNgecha Nduma Kamangu Gikambura Muguga Zambezi, Kahuho"
NTSA/RSN-0228,KENYA BUS SERVICE MANAGEMENT LIMITED,ADR-7WRS7O8,True,"Isinya, Kitengela Athi river Syokimau SGR Mombasa rd JKIA Utawala Ruai Malaa Kantafu Kangundo rd Umoja Outering rd Juja rd Buruburu Jogoo rd South B Bus station Ambassador Kencom KNH Langata rd Ongata Rongai Kiserian Ngong Karen Hardy Kawangware Kikuyu Waiyaki way, Thika"
NTSA/RSN-0228,KENYA BUS SERVICE MANAGEMENT LIMITED,ADR-BQ9S7MJ,False,"jkia, hardy,utawala, umoja, bururu, kencom, knh, ngumo, kibera, kawangware, satellite, karen, langata road, waiyaki way"
NTSA/RSN-0228,KENYA BUS SERVICE MANAGEMENT LIMITED,ADR-REOS8Y7,True,"jkia, hardy,mombasa road, bus station, gpo, knh, ngumo, kibera, yaya, kawangware, satelite, jamuhuri, karen"
NTSA/RSN-0228,KENYA BUS SERVICE MANAGEMENT LIMITED,ADR-MDMSKE3,False,"karen, dandora,kawangware, kibera, knh, ngumo, bus station, buruburu"
NTSA/RSN-0228,KENYA BUS SERVICE MANAGEMENT LIMITED,ADR-YM3SVJR,False,"jkia, hardy, utawala, umoja, bururu, kencom, knh, ngumo, kibera, kawangware, satellite, karen, langata road, waiyaki way"
NTSA/RSN-0228,KENYA BUS SERVICE MANAGEMENT LIMITED,ADR-8LMSJ5M,False,"jkia, utawala, umoja, bururu, kencom, knh, ngumo, kibera, kawangware, satellite, karen, langata road, waiyaki way, hardy"
NTSA/RSN-0228,KENYA BUS SERVICE MANAGEMENT LIMITED,ADR-ZZJS9VV,False,"karen, kawangware, kibera, knh, ngumo, bus station, jkia, utawala"
NTSA/RSN-0228,KENYA BUS SERVICE MANAGEMENT LIMITED,ADR-2DVSZDZ,False,"karen, utawala,kawangware, kibera, knh, ngumo, bus station, jkia"
NTSA/RSN-0228,KENYA BUS SERVICE MANAGEMENT LIMITED,ADR-K9BFEZ6,False,"jkia, utawala, umoja, bururu, kencom, knh, ngumo, kibera, kawangware, satellite, karen, langata road, waiyaki way, hardy"
NTSA/RSN-0231,KIAMBU MARAFIKI SACCO LTD,NTR-00202104150835020,False,"Nairobi, Kiambu, Muranga"
NTSA/RSN-0231,KIAMBU MARAFIKI SACCO LTD,NTR-00202108021602280,False,"githunguri, kiambu rwaka via westland nairobi, Muranga"
NTSA/RSN-0231,KIAMBU MARAFIKI SACCO LTD,NTR-00421,False,"St Peters, Githunguri Kiambu. Ruaka via Westlands Ngara, Muranga"
NTSA/RSN-0231,KIAMBU MARAFIKI SACCO LTD,NTR-00201901180908040,False,"ngara, kiambu, githunguri"
NTSA/RSN-0231,KIAMBU MARAFIKI SACCO LTD,ADR-REOSZZO,False,"st peters, kiambu, githunguri"
NTSA/RSN-0231,KIAMBU MARAFIKI SACCO LTD,ADR-MDMSJJQ,False,"st peters, githunguri, kiambu"
NTSA/RSN-2613,KIAMBU UNITED TRAVELLERS SACCO LIMITED,ADR-VYASPAJ,False,"riabai, kirigiti,kiambu, thindigua"
NTSA/RSN-0233,KIBERA BURETI SACCO,NTR-00260,False,"Railways, KNH Yaya City stadium Ngara Muthurwa St Marys Kinoo Kikuyu Karen Lenana Racecourse Kawangware Westlands, Kibera"
NTSA/RSN-0233,KIBERA BURETI SACCO,NTR-00496,False,"railways, knh,yaya, kibera"
NTSA/RSN-0233,KIBERA BURETI SACCO,NTR-00201901141201050,False,"railways, knh,yaya,kibera,westlands, st marys"
NTSA/RSN-0233,KIBERA BURETI SACCO,NTR-00201901141202100,False,"westlands, yaya,knh,kibera, st marys"
NTSA/RSN-0233,KIBERA BURETI SACCO,ADR-BQ9S7KD,False,"railways, knh, kibera"
NTSA/RSN-0233,KIBERA BURETI SACCO,ADR-REOS8DV,False,"railways, kibera,knh, yaya"
NTSA/RSN-0233,KIBERA BURETI SACCO,ADR-MDMSKW8,False,"railways, kibera, ngong road"
NTSA/RSN-0233,KIBERA BURETI SACCO,ADR-YM3SVZM,False,"railways, kibera, knh"
NTSA/RSN-0233,KIBERA BURETI SACCO,ADR-8LMSJQR,False,"westlands, yaya,kibera, st marys"
NTSA/RSN-0233,KIBERA BURETI SACCO,ADR-ZZJS9OP,False,"railways, ngong road, kibera"
NTSA/RSN-0234,KIBERA MATATU OWNERS COOPERATIVE SAVINGS AND CREDIT SOCIETY LIMITED,NTR-00496,False,"railways, knh,yaya, kibera"
NTSA/RSN-0234,KIBERA MATATU OWNERS COOPERATIVE SAVINGS AND CREDIT SOCIETY LIMITED,NTR-00699,False,"Kibera, KNH Mbagathi Way Langata St Mary Kibera Ngong Rd Wanyee Rd, kabiria"
NTSA/RSN-0234,KIBERA MATATU OWNERS COOPERATIVE SAVINGS AND CREDIT SOCIETY LIMITED,NTR-00598,False,"Kibera, Yaya Westlands St Marys, Langata"
NTSA/RSN-0234,KIBERA MATATU OWNERS COOPERATIVE SAVINGS AND CREDIT SOCIETY LIMITED,ADR-EPJSA7P,False,"railways, ngong road, kibera"
NTSA/RSN-0234,KIBERA MATATU OWNERS COOPERATIVE SAVINGS AND CREDIT SOCIETY LIMITED,ADR-2DVSZPY,False,"railways, kibera, knh"
NTSA/RSN-0234,KIBERA MATATU OWNERS COOPERATIVE SAVINGS AND CREDIT SOCIETY LIMITED,ADR-K9BFEYD,False,"railways, knh, kibera"
NTSA/RSN-0234,KIBERA MATATU OWNERS COOPERATIVE SAVINGS AND CREDIT SOCIETY LIMITED,ADR-7WRS7R8,False,"railways, kibera, ngong road"
NTSA/RSN-0234,KIBERA MATATU OWNERS COOPERATIVE SAVINGS AND CREDIT SOCIETY LIMITED,ADR-BQ9S72J,False,"railways, kibera,knh, yaya"
NTSA/RSN-0236,KIDAGI SACCO,NTR-00202009221217140,False,"Kikuyu, Dagoretti Gikambura Ruthigiti Kamangu Limuru via, Muguga"
NTSA/RSN-0236,KIDAGI SACCO,NTR-00202109171040330,False,"Kikuyu, dagoretti gikamburaruthigiti kamangu limuru muguga karen dagoretti corner, Kawangware"
NTSA/RSN-0236,KIDAGI SACCO,NTR-00539,False,"kikuyu, dagoreti, gikambura"
NTSA/RSN-0236,KIDAGI SACCO,ADR-7WRSZPL,False,"kikuyu, gikambura, dagoreti"
NTSA/RSN-0244,KILLETON COMMUTERS SERVICES SAVINGS AND CREDIT COOPERATIVE LTD,NTR-00201910041157320,False,"kibera(dc), via prestige,yaya,kileleshwa,lavington,westlands,kangemi,kikuyu,odeon,via limuru rd,ndenderu, karura"
NTSA/RSN-0244,KILLETON COMMUTERS SERVICES SAVINGS AND CREDIT COOPERATIVE LTD,ADR-K9BF6QW,False,"Ayany, olympic mashimoni kibera kabiria waithaka via ngong rd kawangware yaya kileleshwa lavington westlands kangemi kikuyu karura ndenderu odeon ngara thika rd kiambu rd ruiru via gitongoro limuru rd gacharage, gachie"
NTSA/RSN-0244,KILLETON COMMUTERS SERVICES SAVINGS AND CREDIT COOPERATIVE LTD,ADR-7WRS9A5,False,"odeon, yaya,westlands, lavington, kileleshwa"
NTSA/RSN-0244,KILLETON COMMUTERS SERVICES SAVINGS AND CREDIT COOPERATIVE LTD,ADR-BQ9SQR6,False,"odeon, highridge, pangani, ndenderu"
NTSA/RSN-0244,KILLETON COMMUTERS SERVICES SAVINGS AND CREDIT COOPERATIVE LTD,ADR-REOSZ2E,False,"odeon, westlands, lavington, kileleshwa, yaya"
NTSA/RSN-0244,KILLETON COMMUTERS SERVICES SAVINGS AND CREDIT COOPERATIVE LTD,ADR-MDMSJ9R,False,"odeon, westlands,lavington,kileleshwa,yaya,via prestige, kibera dc"
NTSA/RSN-0244,KILLETON COMMUTERS SERVICES SAVINGS AND CREDIT COOPERATIVE LTD,ADR-YM3SBWQ,False,"odeon, kileleshwa,kiberadclavington,westlands,kangemi, kikuyu"
NTSA/RSN-0244,KILLETON COMMUTERS SERVICES SAVINGS AND CREDIT COOPERATIVE LTD,ADR-8LMSYRL,False,"odeon, yaya,kileleshwa,kiberadc via prestigelavington,westlands,kangemi, kikuyu"
NTSA/RSN-0247,KIMMA SAVINGS AND CREDIT CO-OPERATIVE SOCIETY LIMITED,NTR-0056,False,"Nairobi, Emali, Loitoktok"
NTSA/RSN-0247,KIMMA SAVINGS AND CREDIT CO-OPERATIVE SOCIETY LIMITED,NTR-00202012241413120,True,"Nairobi, Kangundo rd kangundo athi river kitengela machakos masii tawa mbumbuni wote emali, Loitoktok"
NTSA/RSN-0247,KIMMA SAVINGS AND CREDIT CO-OPERATIVE SOCIETY LIMITED,NTR-001098,True,"railways, athi river, kitengela, machakos"
NTSA/RSN-0247,KIMMA SAVINGS AND CREDIT CO-OPERATIVE SOCIETY LIMITED,NTR-001104,True,"railways, kitengela, athi river, machakos"
NTSA/RSN-0247,KIMMA SAVINGS AND CREDIT CO-OPERATIVE SOCIETY LIMITED,ADR-9AKFAOJ,True,"railways, athi river, kitengela, machakos"
NTSA/RSN-0247,KIMMA SAVINGS AND CREDIT CO-OPERATIVE SOCIETY LIMITED,ADR-DB3TBQ3,True,"nairobi, athi river , kitengela, machakos"
NTSA/RSN-0247,KIMMA SAVINGS AND CREDIT CO-OPERATIVE SOCIETY LIMITED,ADR-3ZQSLO2,True,"nairobi, kitengela, machakos, masii, tawa, mbumbuni"
NTSA/RSN-0247,KIMMA SAVINGS AND CREDIT CO-OPERATIVE SOCIETY LIMITED,ADR-JY7SQEE,True,"railways, kitengela, athiriver, machakos"
NTSA/RSN-0247,KIMMA SAVINGS AND CREDIT CO-OPERATIVE SOCIETY LIMITED,ADR-POKSM75,True,"railways, athiriver, kitengela, machakos"
NTSA/RSN-0247,KIMMA SAVINGS AND CREDIT CO-OPERATIVE SOCIETY LIMITED,ADR-VYASVZO,True,"railways, machakos,athiriver, kitengela"
NTSA/RSN-0247,KIMMA SAVINGS AND CREDIT CO-OPERATIVE SOCIETY LIMITED,ADR-Q5LCYBZ,False,"railways, kitengela, athi river"
NTSA/RSN-0247,KIMMA SAVINGS AND CREDIT CO-OPERATIVE SOCIETY LIMITED,ADR-EPJSAQK,True,"railway, machakos, athi river"
NTSA/RSN-0247,KIMMA SAVINGS AND CREDIT CO-OPERATIVE SOCIETY LIMITED,ADR-2DVSZ2O,True,"nairobi, machakos,athi river , kitengela"
NTSA/RSN-0247,KIMMA SAVINGS AND CREDIT CO-OPERATIVE SOCIETY LIMITED,ADR-K9BFELO,True,"nairobi, kitengela, machakos"
NTSA/RSN-0247,KIMMA SAVINGS AND CREDIT CO-OPERATIVE SOCIETY LIMITED,ADR-7WRS7VB,True,"nairobi, kitengela, machakos, Wote"
NTSA/RSN-0247,KIMMA SAVINGS AND CREDIT CO-OPERATIVE SOCIETY LIMITED,ADR-BQ9S7PR,True,"railways, machakos, athiriverkitengela"
NTSA/RSN-0247,KIMMA SAVINGS AND CREDIT CO-OPERATIVE SOCIETY LIMITED,ADR-REOS8BD,True,"railways, kitengela, athi/river, machakos"
NTSA/RSN-0247,KIMMA SAVINGS AND CREDIT CO-OPERATIVE SOCIETY LIMITED,ADR-MDMSKO2,True,"nairobi, athi river, kitengela, machakos, masii, tawa, mbumbuni, wote"
NTSA/RSN-0255,KIRAGI TRAVELLERS SAVINGS AND CREDIT CO-OPERATIVE SOCIETY LIMITED,NTR-00496,False,"railways, knh,yaya, kibera"
NTSA/RSN-0255,KIRAGI TRAVELLERS SAVINGS AND CREDIT CO-OPERATIVE SOCIETY LIMITED,NTR-00201901141201050,False,"railways, knh,yaya,kibera,westlands, st marys"
NTSA/RSN-0255,KIRAGI TRAVELLERS SAVINGS AND CREDIT CO-OPERATIVE SOCIETY LIMITED,NTR-00202011171405560,False,"Railways, KNH Yaya Ngong Karen Satelite Kibera westlands St Marys Gikomba Eastleigh Nyayo City Stadium, Mlolongo"
NTSA/RSN-0255,KIRAGI TRAVELLERS SAVINGS AND CREDIT CO-OPERATIVE SOCIETY LIMITED,ADR-O68ILOR,False,"railways, kibera, knh"
NTSA/RSN-0255,KIRAGI TRAVELLERS SAVINGS AND CREDIT CO-OPERATIVE SOCIETY LIMITED,ADR-6DBSDBP,False,"railways, kibera,knh, yaya"
NTSA/RSN-0255,KIRAGI TRAVELLERS SAVINGS AND CREDIT CO-OPERATIVE SOCIETY LIMITED,ADR-WZ9S3Q6,False,"railways, kibera, ngong road"
NTSA/RSN-0269,KIWALIRU SAVINGS AND CREDIT CO-OPERATIVE SOCIETY LIMITED,NTR-00202006121329170,False,"Kikuyu, WangigeChuraKahuhoZambeziNderiNdumaLimuruKabukuNgecha, Ruku"
NTSA/RSN-0269,KIWALIRU SAVINGS AND CREDIT CO-OPERATIVE SOCIETY LIMITED,NTR-00202102241508470,False,"Kikuyu, wangige kanyariri ndumbuini kiambu, Limuru"
NTSA/RSN-0269,KIWALIRU SAVINGS AND CREDIT CO-OPERATIVE SOCIETY LIMITED,NTR-00202102241508080,False,"Kikuyu, wangige ruiru dagoretti market kamangu, Limuru"
NTSA/RSN-0269,KIWALIRU SAVINGS AND CREDIT CO-OPERATIVE SOCIETY LIMITED,NTR-00202102241506170,False,"Kikuyu, wangige gachie ruaka kiambu, Ruiru"
NTSA/RSN-0269,KIWALIRU SAVINGS AND CREDIT CO-OPERATIVE SOCIETY LIMITED,NTR-00202111051635150,False,"kiambu, wangige kikuyu, ngong via karen"
NTSA/RSN-0269,KIWALIRU SAVINGS AND CREDIT CO-OPERATIVE SOCIETY LIMITED,NTR-00663,False,"kikuyu, wangige, limuru, kiambu"
NTSA/RSN-0269,KIWALIRU SAVINGS AND CREDIT CO-OPERATIVE SOCIETY LIMITED,NTR-00201909161225430,False,"kikuyu, wangige,chura,kahuho,zambezi,nderi,nduma, limuru"
NTSA/RSN-0269,KIWALIRU SAVINGS AND CREDIT CO-OPERATIVE SOCIETY LIMITED,ADR-7WRS9BP,False,"kikuyu, wangige, limuru, ruiru"
NTSA/RSN-0269,KIWALIRU SAVINGS AND CREDIT CO-OPERATIVE SOCIETY LIMITED,ADR-BQ9SQAV,False,"kikuyu, ruiru,wangige, limuru"
NTSA/RSN-0269,KIWALIRU SAVINGS AND CREDIT CO-OPERATIVE SOCIETY LIMITED,ADR-REOSZ9Q,False,"kikuyu, kiambu,wangige, limuru"
NTSA/RSN-0271,KIZALI TRAVELLERS LIMITED,NTR-00201903291409260,True,"Kikuyu, Wangige Ngecha Kari Kerwa Thamanda kahuho Kiambu Ruiru Thika kanjeru Ndeiya Muhuri Rd Dagoretti market Karen Limuru Nachu Sgr Ngong Kiserian, Naivasha"
NTSA/RSN-0271,KIZALI TRAVELLERS LIMITED,NTR-001158,True,"kikuyu, limuru, naivasha"
NTSA/RSN-0271,KIZALI TRAVELLERS LIMITED,NTR-00789,False,"kikuyu, limuru, mai mahiu"
NTSA/RSN-0271,KIZALI TRAVELLERS LIMITED,NTR-00705,False,"nairobi, limuru, maimahiu"
NTSA/RSN-0271,KIZALI TRAVELLERS LIMITED,NTR-00201805151612080,True,"nairobi, limuru, naivasha"
NTSA/RSN-0271,KIZALI TRAVELLERS LIMITED,NTR-00201903291434030,True,"nairobi, limuru,nachu,sgr, naivasha"
NTSA/RSN-0271,KIZALI TRAVELLERS LIMITED,ADR-REOS8KD,True,"Kikuyu, WangigeNgechaKariKerwaThamandakahuhoKiambuRuiruThikakanjeruNdeiyaMuhuri RdLimuruNachuSgr, Naivasha"
NTSA/RSN-0271,KIZALI TRAVELLERS LIMITED,ADR-MDMSK72,True,"Kikuyu, WangigeNgechaKariKerwaThamandakahuhoKiambuRuiruThikakanjeruNdeiyaMuhuri Rd Dagoretti marketKaren LimuruNachuSgr, Naivasha"
NTSA/RSN-0271,KIZALI TRAVELLERS LIMITED,ADR-YM3SVD2,True,"kikuyu, limuru, maimahiu, naivasha"
NTSA/RSN-0271,KIZALI TRAVELLERS LIMITED,ADR-8LMSJZ3,False,"kikuyu, mai mahiu, limuru"
NTSA/RSN-0271,KIZALI TRAVELLERS LIMITED,ADR-ZZJS9AE,False,"nairobi, mai mahiu, limuru"
NTSA/RSN-0271,KIZALI TRAVELLERS LIMITED,ADR-LZRSOML,True,"nairobi, kikuyu,ngecha,kari,kerwa,thamanda,kahuho,kanjeru,ndeiya,muhuri rd,limuru,nachu,sgr, naivasha"
NTSA/RSN-0277,KSMT SACCO LTD,NTR-00201810081022580,True,"City Cabanas, RuiruVia Mwihoko thika(oil libya), Mwingi"
NTSA/RSN-0277,KSMT SACCO LTD,NTR-00442,True,"City Cabanas, Ruiru via Mwihoko Juja Farm Athi Thika, Mwingi"
NTSA/RSN-0277,KSMT SACCO LTD,ADR-537HWW8,True,"city cabanas, ruiru, mwingi"
NTSA/RSN-0277,KSMT SACCO LTD,ADR-A5AC885,True,"city cabanas, mwingi, ruiru"
NTSA/RSN-0277,KSMT SACCO LTD,ADR-9AKFRRK,True,"city cabanas, ruiru,via mwihoko, mwingi"
NTSA/RSN-0285,LANKANA SACCO SOCIETY LIMITED,NTR-00202105240920410,False,"karen, bomas gataka rd ongata rongai kiserian isinya ngong, Kawangware"
NTSA/RSN-0285,LANKANA SACCO SOCIETY LIMITED,NTR-00201910041613510,False,"railways, langata rd,bomas,hardy,gataka rd,ongata rongai,kiserian,ngong, karen"
NTSA/RSN-0285,LANKANA SACCO SOCIETY LIMITED,ADR-2DVSRVL,False,"karen, hardy, bomas, langata road, railways"
NTSA/RSN-0285,LANKANA SACCO SOCIETY LIMITED,ADR-K9BF6Q7,False,"karen, railways,hardy, bomas, langata road"
NTSA/RSN-0286,LATEMA 22 TRAVELLERS SACCO,NTR-00201901181136400,False,"Tom mboya, K.U,Thika rd,Warren,Kahawa sukari, Mwihoko"
NTSA/RSN-0286,LATEMA 22 TRAVELLERS SACCO,NTR-0020160530150722,False,"Odeon, Westlands Kangemi Uthiru Kinoo Regen Railways Kitengela via Mlolongo, Isinya"
NTSA/RSN-0286,LATEMA 22 TRAVELLERS SACCO,ADR-MDMSJLE,False,"Kitengela, Isinya, Kisaju"
NTSA/RSN-0286,LATEMA 22 TRAVELLERS SACCO,ADR-REOSZVQ,False,"odeon, kinoo, westlandsuthiru"
NTSA/RSN-0286,LATEMA 22 TRAVELLERS SACCO,NTR-001332,False,"odeon, westlands,kangemi,uthiru,kinoo, regen"
NTSA/RSN-0286,LATEMA 22 TRAVELLERS SACCO,ADR-8LMSY6Y,True,"railways, ngong road, naivasha road, satellite , kabiria, uthiru"
NTSA/RSN-0286,LATEMA 22 TRAVELLERS SACCO,ADR-K9BF68M,False,"railways, abambassador, kawangware, uthiru"
NTSA/RSN-0286,LATEMA 22 TRAVELLERS SACCO,ADR-7WRS93P,False,"odeon, westlands, kangemi, uthiru, kinoo"
NTSA/RSN-0286,LATEMA 22 TRAVELLERS SACCO,NTR-0015,False,"uthiru, kawangware, yaya,ambassador, railways"
NTSA/RSN-0286,LATEMA 22 TRAVELLERS SACCO,ADR-K9BF6JL,False,"odeon, kinoo,westlands, kangemi, uthiru"
NTSA/RSN-0286,LATEMA 22 TRAVELLERS SACCO,ADR-BQ9SQBV,False,"railways, uthiru,abambassador, kawangware"
NTSA/RSN-01898,LIBERA IMPEX LIMITED,NTR-00202008111606330,True,"Nyeri, Kangema Muranga Kenol Thika Ruiru Eastern Bypass Mwihoko, Ngara"
NTSA/RSN-01898,LIBERA IMPEX LIMITED,NTR-00202010261636060,False,"Ngara, Kikuyu Wangige Limuru Mai mahiu Ngecha NdumaKarli Kahuho Thigio Kiroe, Kamangu"
NTSA/RSN-01898,LIBERA IMPEX LIMITED,NTR-00202010261652440,True,"Ngara, Jogoo rd Kayole Outering rd Tassia link rd Pipeline Mombasa rd, Machakos via Mlolongo"
NTSA/RSN-01898,LIBERA IMPEX LIMITED,ADR-3ZQS3ZL,True,"Cabanas, Outering rd Kayole Jogoo rd Ngara Thika rd Mwihoko Eastern bypass Ruiru Kenyatta rd Gatundu Mukinyi Juja Thika Muranga Kangema Nyeri, Nyahururu"
NTSA/RSN-01898,LIBERA IMPEX LIMITED,ADR-JY7SLWZ,True,"Ngara, Thika Rd Ruiru juja juja farm Kenyatta Rd gatundu mukinyi kamwangi gakoe ndakaini Gatura mau mau Rd thika kenol muranga kangema nyeri nyahururu olkalou njambini engineer naivasha, Mai mahiu"
NTSA/RSN-01898,LIBERA IMPEX LIMITED,NTR-00202111081143080,True,"cabanas, mombasa rd pipeline outering rd eastern bypass mwihoko tassia link rd kayole juja rd ngara, jogoo rd"
NTSA/RSN-01898,LIBERA IMPEX LIMITED,NTR-00202111081146060,False,"thika, northern bypass kamangu kiroe thigio nduma ngecha kahuho kari limuru kikuyu wangige waiyaki way, ngara"
NTSA/RSN-01898,LIBERA IMPEX LIMITED,NTR-00202111081144060,True,"thika, ngara machakos voi, mombasa"
NTSA/RSN-01898,LIBERA IMPEX LIMITED,ADR-POKSRVO,True,"cabanas, mombasa rd pipeline outering rd eastern bypass jogoo rd kayole ngara thika rd mwihoko tassia link rd gatundu juja farm thika, kenol"
NTSA/RSN-01898,LIBERA IMPEX LIMITED,NTR-001427,True,"cabanas, mombasa rd pipeline outering rd eastern bypass jogoo rd savannah manyanja rd soweto spine rd kayole kangundo rd forest rd ngara thika rd mwihoko tassia link rd gatundu juja farm thika makongeni kamwangi, kenol"
NTSA/RSN-01898,LIBERA IMPEX LIMITED,NTR-00809,True,"Malindi, Mombasa Voi Machakos Nairobi Bomet kericho Kisii Kisumu Kakamega Busia Eldoret, Kitale"
NTSA/RSN-01898,LIBERA IMPEX LIMITED,ADR-VYAS95A,True,"Nairobi, Mombasa Rd Machakos Malaa Cabanas Pipeline Outering Rd Eastern Bypass Jogoo Rd Savanna Manyanja Rd Soweto Spine Rd Kayole Kangundo Rd Forest Rd Ngara Thika Rd Mwihoko Tasis Link Rd Gatundu Juja Farm Thika Makongeni, Kamwangi"
NTSA/RSN-01898,LIBERA IMPEX LIMITED,ADR-Q5LCM7B,True,"Kakamega, Kisumu Kisii Kericho Bomet Nairobi Eastleigh Matuu Kitui, Garissa"
NTSA/RSN-01898,LIBERA IMPEX LIMITED,ADR-EPJSROL,True,"Nairobi, Ngara Thika Rd Ruiru Juja Juja Farm Kenyatta Rd Gatundu Mukinyi Kamwangi Gakoe Ndakaini Gatura Mau Mau Rd Thika Machakos Malaa Kenol Muranga Kangema Nyeri Nyahururu Ol Kalou Njambini Engineer Naivasha, Maai Mahiu"
NTSA/RSN-01898,LIBERA IMPEX LIMITED,,True,"Malindi - Mombasa,Voi,Nairobi,Ngara,Thika rd,Ruiru,Juja,Juja farm,Kenyatta Rd,Gatundu,Mukinyi,Kamwangi,Mangu,Gatukuyu,Gakoe,Ndakaini,Gatura,Mau mau Rd,Thika,Machakos,Malaa,Kenol,Muranga,Kangema,Nyeri,Nyahururu,Ol Kalau,Njambini,Engineer,Naivasha,Maai mahiu,Limuru,Kikuyu,Bomet,Kericho,Kisii,Kisumu,Kakamega,Busia,Eldoret,Kitale. - Kitale- Malindi - Mombasa,Voi,Nairobi,Ngara,Thika rd,Ruiru,Juja,Juja farm,Kenyatta Rd,Gatundu,Mukinyi,Kamwangi,Mangu,Gatukuyu,Gakoe,Ndakaini,Gatura,Mau mau Rd,Thika,Machakos,Malaa,Kenol,Muranga,Kangema,Nyeri,Nyahururu,Ol Kalau,Njambini,Engineer,Naivasha,Maai mahiu,Limuru,Kikuyu,Bomet,Kericho,Kisii,Kisumu,Kakamega,Busia,Eldoret,Kitale. - Kitale - Malindi - Mombasa,Voi,Nairobi,Ngara,Thika rd,Ruiru,Juja,Juja farm,Kenyatta Rd,Gatundu,Mukinyi,Kamwangi,Mangu,Gatukuyu,Gakoe,Ndakaini,Gatura,Mau mau Rd,Thika,Machakos,Malaa,Kenol,Muranga,Kangema,Nyeri,Nyahururu,Ol Kalau,Njambini,Engineer,Naivasha,Maai mahiu,Limuru,Kikuyu,Bomet,Kericho,Kisii,Kisumu,Kakamega,Busia,Eldoret,Kitale. - Kitale"
NTSA/RSN-01898,LIBERA IMPEX LIMITED,,True,Nairobi - Mombasa Rd-Machakos-Malaa-Cabanas-Pipeline-Outering Rd-Eastern Bypass-Jogoo Rd-Savanna-Manyanja Rd-Soweto-Spine Rd-Kayole-Kangundo Rd-Forest Rd-Ngara-Thika Rd-Mwihoko-Tasis-Link Rd-Gatundu-Gatukuyu-Mangu-Juja Farm-Thika-Makongeni - Kamwangi and Back- Nairobi - Mombasa Rd-Machakos-Malaa-Cabanas-Pipeline-Outering Rd-Eastern Bypass-Jogoo Rd-Savanna-Manyanja Rd-Soweto-Spine Rd-Kayole-Kangundo Rd-Forest Rd-Ngara-Thika Rd-Mwihoko-Tasis-Link Rd-Gatundu-Gatukuyu-Mangu-Juja Farm-Thika-Makongeni - Kamwangi and Back - Nairobi - Mombasa Rd-Machakos-Malaa-Cabanas-Pipeline-Outering Rd-Eastern Bypass-Jogoo Rd-Savanna-Manyanja Rd-Soweto-Spine Rd-Kayole-Kangundo Rd-Forest Rd-Ngara-Thika Rd-Mwihoko-Tasis-Link Rd-Gatundu-Gatukuyu-Mangu-Juja Farm-Thika-Makongeni - Kamwangi and Back
NTSA/RSN-01898,LIBERA IMPEX LIMITED,,True,"Nairobi - Jogoo rd,Entreprise rd,Likoni rd,Lunga Lunga rd,Mombasa rd,Eastern Bypass,Pipeline,Outering rd,Savannah,Manyaja rd,Soweto,Spine rd,Kayole,Kangundo rd,Forest rd,Ngara,Thika rd,Mwihoko,Tasia link rd,Gatundu,Gatukuyu,Mangu,Juja farm,Thika,Makongeni - Kamwangi and back- Nairobi - Jogoo rd,Entreprise rd,Likoni rd,Lunga Lunga rd,Mombasa rd,Eastern Bypass,Pipeline,Outering rd,Savannah,Manyaja rd,Soweto,Spine rd,Kayole,Kangundo rd,Forest rd,Ngara,Thika rd,Mwihoko,Tasia link rd,Gatundu,Gatukuyu,Mangu,Juja farm,Thika,Makongeni - Kamwangi and back - Nairobi - Jogoo rd,Entreprise rd,Likoni rd,Lunga Lunga rd,Mombasa rd,Eastern Bypass,Pipeline,Outering rd,Savannah,Manyaja rd,Soweto,Spine rd,Kayole,Kangundo rd,Forest rd,Ngara,Thika rd,Mwihoko,Tasia link rd,Gatundu,Gatukuyu,Mangu,Juja farm,Thika,Makongeni - Kamwangi and back"
NTSA/RSN-0288,LIKAMBU MATATU SAVINGS AND CREDIT CO-OPERATIVE SOCIETY LIMITED,NTR-00201905151247360,False,"Kikuyu, Limurutigoni NgorongokanungaNdumberiruakaredhill KiambuRuiruVia Tatu city githiga githunguri, MakongeniThika"
NTSA/RSN-0288,LIKAMBU MATATU SAVINGS AND CREDIT CO-OPERATIVE SOCIETY LIMITED,NTR-001334,False,"limuru, tigoni,kanunga, kiambu"
NTSA/RSN-0288,LIKAMBU MATATU SAVINGS AND CREDIT CO-OPERATIVE SOCIETY LIMITED,NTR-001333,False,"limuru, ngorongo,ndumberi, kiambu"
NTSA/RSN-0288,LIKAMBU MATATU SAVINGS AND CREDIT CO-OPERATIVE SOCIETY LIMITED,NTR-00201905151245410,False,"kikuyu, limuru,tigoni,kanunga,kiambu,ruiru,via tatu city, makongenithika"
NTSA/RSN-0288,LIKAMBU MATATU SAVINGS AND CREDIT CO-OPERATIVE SOCIETY LIMITED,ADR-MDMSKRK,False,"kikuyu, limuru,ngorongo,ndumberi,kiambu,ruiru,via tatu city, makongenithika"
NTSA/RSN-0293,LIRA LINE SACCO SOCIETY LTD,NTR-001017,True,"Railways, KawangwareLimuru Nakuru, Kisii"
NTSA/RSN-0293,LIRA LINE SACCO SOCIETY LTD,ADR-REOSZ7W,True,"Railways, KawangwareUthiru Limuru Nakuru Eldoret Kitale, Bungoma"
NTSA/RSN-0293,LIRA LINE SACCO SOCIETY LTD,NTR-001016,True,"Railways, Kawangware ngong via Karen Kikuyu Uthiru Limuru Nakuru Eldoret Kitale, Bungoma"
NTSA/RSN-0293,LIRA LINE SACCO SOCIETY LTD,NTR-00494,True,"nairobi, limuru, nakuru"
NTSA/RSN-0293,LIRA LINE SACCO SOCIETY LTD,ADR-LZRSRVZ,False,"railways, kawangware, limuru"
NTSA/RSN-0293,LIRA LINE SACCO SOCIETY LTD,ADR-YM3SBKO,True,"railways, kawangware , limuru, nakuru"
NTSA/RSN-0293,LIRA LINE SACCO SOCIETY LTD,ADR-8LMSY8B,False,"railways, kawangware, uthiru, limuru"
NTSA/RSN-0294,LOPHA MULTIPURPOSE CO-OPERATIVE SOCIETY,NTR-00139,False,"odeon, thika road,kasarani, thika"
NTSA/RSN-0294,LOPHA MULTIPURPOSE CO-OPERATIVE SOCIETY,NTR-00101,False,"odeon, ngara,pangani,unep, wangige"
NTSA/RSN-0294,LOPHA MULTIPURPOSE CO-OPERATIVE SOCIETY,NTR-00201908021449470,False,"odeon, pangani,parklands,highridge,abc drive,ndenderu,gacharage,ruaka,kiambu,ruiru, thika (makongeni)"
NTSA/RSN-0294,LOPHA MULTIPURPOSE CO-OPERATIVE SOCIETY,ADR-O68IM8Y,False,"Odeon, parklands highridgeg.mathenge ring rd waiyakiwayw.maathai pangani juja rd huruma roundabout outering rd alsops thika rd redhill ndenderu gacharage ruaka kiambu ruiru juja makongeni odeon ngara kangemi uthiru kikuyu wangige, Limuru"
NTSA/RSN-0294,LOPHA MULTIPURPOSE CO-OPERATIVE SOCIETY,ADR-6DBS9LJ,False,"pangani, wangari maathai parklands highridge gen. mathenge ring rd redhill ruaka gacharage ndenderu wangige kikuyu limuru flyover kamwangi gakoe gatukuyu thika, Muranga via thika rd juja ruiru kiambu"
NTSA/RSN-0294,LOPHA MULTIPURPOSE CO-OPERATIVE SOCIETY,ADR-WZ9SE9M,False,"Odeon, parklands highridge g.mathenge ring rd waiyakiwayw.maathai pangani juja rd huruma roundabout outering rd alsops thika rd redhill ndenderu gacharage ruaka kiambu ruiru juja mugutha kimbo matangi canaan judah darasha juja farmmakongeni odeon ngara kangemi uthiru kikuyu wangige, Limuru"
NTSA/RSN-0294,LOPHA MULTIPURPOSE CO-OPERATIVE SOCIETY,ADR-537HBW7,False,"Odeon, Bus stationNgaraWangare maathai rdPanganiJuja rdHuruma roundaOutering rdthika rdthika rdparklandshighridgegeneral mathengering rdLimuru rdred hillGachiekiharaGikuniNgechaKabukuTigoniRainiLimuruWaiyaki wayKikuyuUthiruKangemiWangigeNdenderuGachageRuakaBananaKiambuRuiruThik rdKimboMuguthacanaanMatangiDarajJudahJujajuja farm via thika, Makongeni"
NTSA/RSN-0294,LOPHA MULTIPURPOSE CO-OPERATIVE SOCIETY,ADR-A5ACK8P,False,"odeon, thika road, juja"
NTSA/RSN-0294,LOPHA MULTIPURPOSE CO-OPERATIVE SOCIETY,ADR-9AKFJRA,False,"odeon, aga khan, pangani, ndenderu, wangige"
NTSA/RSN-0294,LOPHA MULTIPURPOSE CO-OPERATIVE SOCIETY,ADR-DB3TYOY,False,"odeon, wangige,aga khan, pangani, ndenderu"
NTSA/RSN-0294,LOPHA MULTIPURPOSE CO-OPERATIVE SOCIETY,ADR-3ZQSJ2A,False,"odeon, pangani, highridge, karura, rwaka, ndenderu"
NTSA/RSN-0294,LOPHA MULTIPURPOSE CO-OPERATIVE SOCIETY,ADR-JY7SZ77,False,"odeon, highridge, pangani, ruaka, ndenderu"
NTSA/RSN-0294,LOPHA MULTIPURPOSE CO-OPERATIVE SOCIETY,ADR-POKSYK7,False,"odeon, juja, thika road"
NTSA/RSN-0294,LOPHA MULTIPURPOSE CO-OPERATIVE SOCIETY,ADR-VYASWAP,False,"odeon, waiyaki way,Redhill,westlands, kangemi, uthiru, kinoo"
NTSA/RSN-0294,LOPHA MULTIPURPOSE CO-OPERATIVE SOCIETY,ADR-Q5LC8LO,False,"odeon, thika road,ruiru,juja, thika(makongeni)"
NTSA/RSN-0294,LOPHA MULTIPURPOSE CO-OPERATIVE SOCIETY,ADR-EPJSEJB,False,"odeon, thika road,ruiru,kiambu ruaka,gacharage, abc drive"
NTSA/RSN-01900,LOTHIAN TRANSPORTERS,NTR-00922,True,"Mombasa Rd(cabanas), Airport North Rd Outering Rd Eastern Bypass Utawala Ruai Thika Rd Pangani Parklands, Nairobi"
NTSA/RSN-01900,LOTHIAN TRANSPORTERS,NTR-001391,False,"Thika, Pangani Kariokor Community, Nairobi"
NTSA/RSN-01900,LOTHIAN TRANSPORTERS,NTR-00159,False,"Bus station, KNH, Mbagathi way, Langata, Otiende"
NTSA/RSN-01900,LOTHIAN TRANSPORTERS,NTR-0020181211134410497,False,"Bus station, Kencom,GPO,KNH,Adams arcade,Karen,Ngong,Matasia,Kiseriani,Rongai,Bomas,Langata road, Kiserian"
NTSA/RSN-01900,LOTHIAN TRANSPORTERS,ADR-DB3T575,False,"Thika, Outering road Kangundo road, Tala"
NTSA/RSN-01900,LOTHIAN TRANSPORTERS,ADR-3ZQS3QL,True,"Mombasa rd, Outering rd Juja rd Eastleigh Tom mboya Kenyatta av GPO Community Knh Ngong rd Kawangware Kikuyu waiyaki way forest rd Kiambu rd bypass thika rd Githurai mwiki Ruiru Thika, kenol"
NTSA/RSN-0296,LUCKY BABA DOGO TRAVELLERS LIMITED,NTR-00569,False,"Timboroa lane, Thika road Baba Dogo Lucky Summer Outering rd Donholm Tajmall ruai, Kangundo rd"
NTSA/RSN-0296,LUCKY BABA DOGO TRAVELLERS LIMITED,ADR-MDMSKMO,False,"Timboroa lane, Thika road Baba Dogo Lucky Summer Outering rd Donholm Tajmall, Ruai"
NTSA/RSN-0296,LUCKY BABA DOGO TRAVELLERS LIMITED,ADR-YM3SVL9,False,"babadogo, thika road, timboroa lane"
NTSA/RSN-0296,LUCKY BABA DOGO TRAVELLERS LIMITED,ADR-8LMSJOZ,False,"timboroa lane, thika road, baba dogo"
NTSA/RSN-0296,LUCKY BABA DOGO TRAVELLERS LIMITED,ADR-ZZJS9Z5,False,"timboroa drive, thika road, baba dogo"
NTSA/RSN-0296,LUCKY BABA DOGO TRAVELLERS LIMITED,ADR-2DVSZBO,False,"babadogo, timboroa lane, thika road"
NTSA/RSN-0296,LUCKY BABA DOGO TRAVELLERS LIMITED,ADR-K9BFEBO,False,"timboroa drive, thika rd, baba dogo"
NTSA/RSN-0297,LUCKY TRANSPORTERS COMPANY,NTR-00159,False,"bus station, knh, mbagathi way, langata, otiende"
NTSA/RSN-0297,LUCKY TRANSPORTERS COMPANY,NTR-00271,False,"Banana, Bus stationrailwaysKNHmbagathi Roadlangata rd otiende athi river kitengela, Machakos"
NTSA/RSN-0297,LUCKY TRANSPORTERS COMPANY,ADR-VYASV6R,False,"Banana, KiambuKhojaBus stationRailwaysAthi riverKitengela, Machakos"
NTSA/RSN-0297,LUCKY TRANSPORTERS COMPANY,ADR-Q5LCYR7,False,"Banana, KiambuKhojaBus station RailwaysKNHMbagathiLangata rd, Otiende"
NTSA/RSN-0297,LUCKY TRANSPORTERS COMPANY,ADR-EPJSADV,False,"banana, bus station,knh,bagathi road, langata"
NTSA/RSN-0297,LUCKY TRANSPORTERS COMPANY,ADR-2DVSZWL,False,"banana, langata,bus station,knh, bagathi road"
NTSA/RSN-0297,LUCKY TRANSPORTERS COMPANY,ADR-K9BFEJ7,False,"banana, bus station,knh,bagathi road, langata"
NTSA/RSN-0297,LUCKY TRANSPORTERS COMPANY,ADR-7WRS7BJ,True,"banana, railways,athi river, machakos"
NTSA/RSN-0297,LUCKY TRANSPORTERS COMPANY,ADR-BQ9S7A2,True,"banana, machakos,railways, athi river"
NTSA/RSN-0297,LUCKY TRANSPORTERS COMPANY,ADR-REOS89Y,False,"banana, kitengela,bus station, railways, athi river"
NTSA/RSN-0297,LUCKY TRANSPORTERS COMPANY,ADR-MDMSKLK,False,"bus station, otiende,knh, mbagathi way, langata"
NTSA/RSN-0297,LUCKY TRANSPORTERS COMPANY,ADR-YM3SVMB,False,"banana, bus station, railways, athi river, kitengela"
NTSA/RSN-0297,LUCKY TRANSPORTERS COMPANY,,False,"Khoja - Kiambu rd,Northern Bypass,Ruaka,Banana - Kiambu and back- Khoja - Kiambu rd,Northern Bypass,Ruaka,Banana - Kiambu and back - Khoja - Kiambu rd,Northern Bypass,Ruaka,Banana - Kiambu and back"
NTSA/RSN-0298,LUMINOUS SHUTTLES LIMITED,NTR-00202105241007320,False,"Ngong, kimuka gataka rongai kiserian, Isinya"
NTSA/RSN-0298,LUMINOUS SHUTTLES LIMITED,NTR-00202105251535490,False,"Isinya, kiserian ngong kimuka karen hardy gataka ongata rongai bomas, langata rd"
NTSA/RSN-0298,LUMINOUS SHUTTLES LIMITED,NTR-0096,False,"kiserian, ngong,karen,nduyu,yaya,gpo,ambassador, railways"
NTSA/RSN-0298,LUMINOUS SHUTTLES LIMITED,ADR-ZZJS9V5,False,"railways, olesereni, southern bypass,karen,ngong,kiserian,yaya, ambassadeur"
NTSA/RSN-0298,LUMINOUS SHUTTLES LIMITED,ADR-VYAS98E,False,"kiserian, ngong, ndunyu, yaya, gpo, ambassadour, railways"
NTSA/RSN-0298,LUMINOUS SHUTTLES LIMITED,ADR-O68IVBW,False,"karen, hardy, bomas, langata road, railways"
NTSA/RSN-0298,LUMINOUS SHUTTLES LIMITED,ADR-6DBSWKM,False,"kiserian, railways,ngong, ndunyu, yaya, gpo, ambassadour"
NTSA/RSN-0298,LUMINOUS SHUTTLES LIMITED,ADR-WZ9SWWB,False,"kiserian, railways,ngong, karen , dunyu, yaya, ambassador"
NTSA/RSN-0298,LUMINOUS SHUTTLES LIMITED,ADR-2DVSDM6,False,"kiserian, ngong, karen , dunyu, yaya, ambassador, railways"
NTSA/RSN-0298,LUMINOUS SHUTTLES LIMITED,NTR-00166,False,"kiserian, ngong,karen,yaya,ambassador, railways"
NTSA/RSN-0302,MADIWA MATATU OWNERS SACCO,NTR-00446,False,"Mfangano, Kariokor,General Waruinge,Garage,1st Avenue, Eastleigh Section3"
NTSA/RSN-0302,MADIWA MATATU OWNERS SACCO,ADR-2DVS5KV,False,"Mfangano,, Luthuli Avenue,, Eastleigh Section 3"
NTSA/RSN-0302,MADIWA MATATU OWNERS SACCO,ADR-K9BFVRA,False,"Mfangano street, Kariokor Fig tree Lumbwa rd Ambira rd Jogoo rdCommercial Eastleigh section III Kiambiu St Teresa Juja rd Mathare North Outering rd Thika rd Mwihoko Kangundo rd, By pass"
NTSA/RSN-0302,MADIWA MATATU OWNERS SACCO,ADR-7WRSZDL,False,"mfangano, luthuli avenue, eastleigh section 3"
NTSA/RSN-0302,MADIWA MATATU OWNERS SACCO,ADR-BQ9S3JL,False,"mfangano, eastleigh section3,kariokor,general waruinge,garage, 1st avenue"
NTSA/RSN-0302,MADIWA MATATU OWNERS SACCO,ADR-REOSLWA,False,"mfangano, eastleigh section 3, luthuli avenue"
NTSA/RSN-0302,MADIWA MATATU OWNERS SACCO,ADR-MDMSAYY,False,"eastleigh, commercial,juja road, luthuli"
NTSA/RSN-02001,MAMBIGI SERVICES LIMITED,NTR-00202009231508310,False,"Commercial, Mwiki Njiru, Utawala"
NTSA/RSN-02001,MAMBIGI SERVICES LIMITED,NTR-00202104150825200,False,"Commercial, Thika Rd Juja Thika Town Eastern Bypass Outering Rd Kangundo Rd, Utawala"
NTSA/RSN-02001,MAMBIGI SERVICES LIMITED,NTR-0020181205091222755,False,"Commercial, Thika Rd Juja Thika Town Mwiki Outering Rd Njiru Eastern Bypass Kangundo Rd, Utawala"
NTSA/RSN-02005,MANAMA TRAVELLERS LIMITED,ADR-9AKF8R8,True,"Mlolongo, Athi River Mitaboni Kangundo Tala Joska Kamulu Machakos Kitui, Mutomo"
NTSA/RSN-02005,MANAMA TRAVELLERS LIMITED,ADR-A5ACV82,False,"Gikomba, Jogoo Rd Kangundo Rd Outering Rd Imara daima Chai Rd Juja Rd Mathare, Bus Station"
NTSA/RSN-0319,MANCHESTER TRAVELLERS COACH LIMITED,NTR-0053,True,"nairobi, thika,matuu,kitui, mwingi"
NTSA/RSN-0319,MANCHESTER TRAVELLERS COACH LIMITED,NTR-00519,True,"nairobi, thika,matuu, mwingi"
NTSA/RSN-0319,MANCHESTER TRAVELLERS COACH LIMITED,NTR-00202007170920010,True,"Nairobi, Outering rd via Mombasa rd Kibwezi, Mombasa"
NTSA/RSN-0319,MANCHESTER TRAVELLERS COACH LIMITED,NTR-00202009281552290,True,"Nairobi, Thika Matuu Mwingi GarissaModagashe, Mpeketoni"
NTSA/RSN-0319,MANCHESTER TRAVELLERS COACH LIMITED,NTR-00202105211012490,True,"Mombasa, nairobi narok bomet kisii migori homabay kisumu busia kericho, Nakuru"
NTSA/RSN-0319,MANCHESTER TRAVELLERS COACH LIMITED,NTR-00581,False,"Nairobi, Bypass Juja Eastleigh Ruiru Thika Isiolo Marsabit, Moyale"
NTSA/RSN-0319,MANCHESTER TRAVELLERS COACH LIMITED,NTR-0020181207160047502,True,"nairobi, thika,matuu,mwingi,kitui,via machakos,wote,kibwezi, mombasa"
NTSA/RSN-0319,MANCHESTER TRAVELLERS COACH LIMITED,ADR-EPJSYEZ,False,"Nairobi, ThikaMatuuMwingiGarissa, Modagashe"
NTSA/RSN-0319,MANCHESTER TRAVELLERS COACH LIMITED,ADR-2DVS5RP,False,"Nairobi, RuiruEastern bypass Juja Thika Isiolo Marsabit, Moyale"
NTSA/RSN-0319,MANCHESTER TRAVELLERS COACH LIMITED,ADR-K9BFV6Z,False,"Nairobi, Ruiru bypass Juja Thika Isiolo Marsabit, Moyale"
NTSA/RSN-0319,MANCHESTER TRAVELLERS COACH LIMITED,ADR-7WRSZ97,True,"nairobi, mwingi,thika,matuu, kitui"
NTSA/RSN-0319,MANCHESTER TRAVELLERS COACH LIMITED,ADR-BQ9S3QQ,True,"nairobi, thika,matuu,mwingi,kitui,via machakos, wote"
NTSA/RSN-0321,MANMO SACCO,NTR-00407,False,"commercial, thika road, mathare north"
NTSA/RSN-0321,MANMO SACCO,NTR-00202003241330260,False,"Abc place, WaiyakiwayForest rdParklandsMuranga rd TerminusCommercialBustationMombasa rdCitycabanasEastern bypassUtawalaRuaiKangundo rdOutering rdJUJA RDMathare northThika rdPark rd, Ngara rd"
NTSA/RSN-0321,MANMO SACCO,NTR-00201909191433510,False,"abc place, waiyaki way,forest rd,parklands,muranga rd terminus,commercial,juja rd,ngara rd,park rd,thika rd,mathare north,outering rd, city cabanas"
NTSA/RSN-0321,MANMO SACCO,ADR-537HW22,False,"commercial, muranga rd terminus,thika rd,mathare north,outering rd, city cabanas"
NTSA/RSN-0321,MANMO SACCO,ADR-A5AC8VM,False,"commercial, mathare north, thika road"
NTSA/RSN-01743,MARUTI T.R.R SACCO,NTR-00201908231143000,False,"Kenol, thika town makongeni Ruirukiambu limuru, Ruaka"
NTSA/RSN-01743,MARUTI T.R.R SACCO,NTR-00561,False,"Kenol, Thika Makongeni Ruiru Kiambu Raini Tigoni Limuru, Ruaka"
NTSA/RSN-01743,MARUTI T.R.R SACCO,ADR-LZRSRZZ,False,"ruiru prison, ruiru town, kenol"
NTSA/RSN-01743,MARUTI T.R.R SACCO,ADR-O68I8W5,False,"kenol, ruiru town,ruru prison,ruaka, limuru"
NTSA/RSN-0327,mat two friends limited,ADR-8LMSVDD,False,"railways, kawangware,dagorretti,kikuyu, gikambura"
NTSA/RSN-0327,mat two friends limited,ADR-8LMSO6W,False,"railways, kikuyu, dagoreti"
NTSA/RSN-0327,mat two friends limited,NTR-00104,False,"railways, kikuyu, dagoretti"
NTSA/RSN-0327,mat two friends limited,NTR-00539,False,"kikuyu, dagoreti, gikambura"
NTSA/RSN-0327,mat two friends limited,ADR-MDMSA9B,False,"railways, dagoreti, kikuyu"
NTSA/RSN-0327,mat two friends limited,ADR-A5ACV22,False,"knh, kawangware,riruta satelite, dagoretti market"
NTSA/RSN-0327,mat two friends limited,ADR-537H2YW,False,"railways, dagoretti corner, riruta satellite"
NTSA/RSN-0327,mat two friends limited,ADR-WZ9SVL3,False,"railways, kawangware, riruta satellite, dagoretti market"
NTSA/RSN-02009,MATATU CREW ASSOCIATION SACCO,NTR-00202011131535140,False,"Railways, Knh Karen Ngong via Ngong rd Kiserian, Ongata Rongai"
NTSA/RSN-02009,MATATU CREW ASSOCIATION SACCO,NTR-00201901071527150,False,"Knh, ngong rd karen ngongkiserian ongata rongai, bomas"
NTSA/RSN-02009,MATATU CREW ASSOCIATION SACCO,ADR-8LMS5M5,False,"kabiria, ngong rd karen ngong kiserian rongai gataka bomas langata rd KNH railways jogoo rd eastern bypass utawala ruai kamulu, Kangundo"
NTSA/RSN-02009,MATATU CREW ASSOCIATION SACCO,ADR-ZZJSVL9,True,"limuru, kikuyu kabiria dagoretti mkt kawangare kiambu alsops mwiki mwihoko railways ngong rd karen ngong kiserian rongai gataka bomas langata rd KNH jogoo rd juja rd eastern bypass utawala githunguri ruai kangundo kamulu outering rd cabanas mombasa rd kitengela, isinya"
NTSA/RSN-0705,MAVEROUS SHUTTLE LIMITED,NTR-00202009231121260,False,"Mfangano, Eastleigh Jogoo road Savannah Komarock Kangundo road Ruai, Kamulu"
NTSA/RSN-0705,MAVEROUS SHUTTLE LIMITED,NTR-00202110191117150,True,"donholm, outering rd eastern bypass syokimau mlolongo via mombasa rd athi river, Machakos"
NTSA/RSN-0705,MAVEROUS SHUTTLE LIMITED,NTR-00175,True,"Mfangano, eastleigh jogoo rd donholm savannah komarock kangundo rd ruai kamulu outering rd eastern bypass syokimau mlolongo via mombasa rdathi river, machakos"
NTSA/RSN-0705,MAVEROUS SHUTTLE LIMITED,NTR-00763,False,"komarock, savanna, jogoo road, eastleigh, mfangano street"
NTSA/RSN-0705,MAVEROUS SHUTTLE LIMITED,ADR-9AKFOJ5,False,"komarock, eastleigh,savannah, embakasi, commerial"
NTSA/RSN-0705,MAVEROUS SHUTTLE LIMITED,ADR-DB3TQYD,False,"komarock, mfangano street,savanna, jogoo road, eastleigh"
NTSA/RSN-02000,MERUIT LOGISTICS LIMITED,NTR-00202009231509490,False,"Marurui, Northern Bypass, Ruiru"
NTSA/RSN-02000,MERUIT LOGISTICS LIMITED,NTR-00202010211717240,False,"Odeon, Thika road marurui Ruiruruaka kiambu thika, Makongeni"
NTSA/RSN-02000,MERUIT LOGISTICS LIMITED,ADR-9AKF2D9,False,"Odeon, Thika road marurui, Ruiru"
NTSA/RSN-02000,MERUIT LOGISTICS LIMITED,ADR-DB3T56V,False,"Moi Lane, Odeon Thika Rd Marurui Ruiru Ruaka Kiambu Thika, Makongeni"
NTSA/RSN-02000,MERUIT LOGISTICS LIMITED,ADR-3ZQS3WK,False,"Moi Lane, Wangare Maathai Rd Outering Rd Kahawa West Eastern Bypass Kangundo Rd Nderi Kikuyu, Ndenderu"
NTSA/RSN-02000,MERUIT LOGISTICS LIMITED,ADR-JY7SLPR,False,"Moi Lane, Odeon Thika Rd Wangare Maathai Rd Outering Rd Marurui Ruiru Ruaka Kahawa West Eastern Bypass Kangundo Rd Kiambu Thika Makongeni Nderi Kikuyu, Ndenderu"
NTSA/RSN-0345,METROTRANS EAST AFRICA LIMITED,NTR-00947,True,"nairobi, narok, bomet"
NTSA/RSN-0345,METROTRANS EAST AFRICA LIMITED,NTR-00191,False,"kikuyu, kawangware kenyatta ambasdour tom mboya thika road kasarani, juja"
NTSA/RSN-0345,METROTRANS EAST AFRICA LIMITED,NTR-00130,False,"kikuyu, waiyaki way,westlands,moi avenue,tom mboya,thika road,kasarani, juja"
NTSA/RSN-0345,METROTRANS EAST AFRICA LIMITED,NTR-00202011161517360,False,"Zambezi, Kikuyu Ngong Langata Kabiria Kawangware KNH Ambassador Bus station Utawala Mwiki, Thika"
NTSA/RSN-0345,METROTRANS EAST AFRICA LIMITED,NTR-00202012241143330,True,"Thika, NairobiKawangwareKikuyu Narok Bomet Kisii Homabay, Migori"
NTSA/RSN-0345,METROTRANS EAST AFRICA LIMITED,NTR-00202203221637030,True,"Thika, Loitoktok Kitengela Nairobi Kawangware Kikuyu Limuru Narok Bomet Kisii Homabay, Migori"
NTSA/RSN-0345,METROTRANS EAST AFRICA LIMITED,NTR-00188,False,"kikuyu, kawangware kenyatta ambasdour thika road kasarani, juja"
NTSA/RSN-0345,METROTRANS EAST AFRICA LIMITED,NTR-00190,False,"kikuyu, thogoto kawangware kenyatta ambasdour tom mboya thika road kasarani, utawala"
NTSA/RSN-0345,METROTRANS EAST AFRICA LIMITED,NTR-00363,True,"nairobi, kikuyu, narok, bomet"
NTSA/RSN-0345,METROTRANS EAST AFRICA LIMITED,NTR-00192,False,"kikuyu, waiyaki way westlands ambasdour tom mboya thika road kasarani, utawala"
NTSA/RSN-0345,METROTRANS EAST AFRICA LIMITED,ADR-Q5LC8A3,True,"Thika, NairobiKikuyu Narok Bomet Kisii Homabay, Migori"
NTSA/RSN-0345,METROTRANS EAST AFRICA LIMITED,ADR-EPJSE6O,False,"Limuru, Zambezi Kikuyu ngonglangata kabiria kawangware knh ambassador bus stationutawalakoma mwiki, Thika"
NTSA/RSN-0345,METROTRANS EAST AFRICA LIMITED,ADR-2DVSR6K,False,"Limuru, Zambezi Kikuyu ngonglangata kabiria kawangware knh ambassador bus stationutawalakoma mwiki, Thika"
NTSA/RSN-0345,METROTRANS EAST AFRICA LIMITED,ADR-K9BF6OM,False,"Limuru, Zambezi Kikuyu ngonglangata kabiria kawangware knh ambassador bus stationumoja(mama lucy)utawalakitengelakoma mwiki, Thika"
NTSA/RSN-0345,METROTRANS EAST AFRICA LIMITED,ADR-7WRS9WP,False,"Limuru, Zambezi Kikuyu ndenderu ngong kiserian langata kabiria kawangware knh ambassador bus station umoja iinnercore utawala kitengela koma mwiki, Thika"
NTSA/RSN-0345,METROTRANS EAST AFRICA LIMITED,ADR-BQ9SQEV,False,"Limuru, Zambezi Kikuyu ndenderu ngong kiserian langata kabiria kawangware knh ambassador kencom GPObus station civil servant k. south umoja innercoreutawala kitengela koma mwiki, Thika"
NTSA/RSN-0345,METROTRANS EAST AFRICA LIMITED,ADR-REOSZMQ,False,"Limuru, Zambezi Kikuyu ndenderu ngong kiserian langata kabiria kawangware community knh ngumo kibera kirigiti ambassador kencom GPObus station civil servant k. south umoja innercoreutawala kitengela koma mwiki, Thika"
NTSA/RSN-0345,METROTRANS EAST AFRICA LIMITED,ADR-MDMSJ8E,False,"kikuyu, thogoto kawangware kenyatta ambasdour tom mboya thika road kasarani, utawala"
NTSA/RSN-0345,METROTRANS EAST AFRICA LIMITED,ADR-YM3SBQV,True,"nairobi, bomet,kikuyu, narok"
NTSA/RSN-0345,METROTRANS EAST AFRICA LIMITED,ADR-8LMSYPY,False,"kikuyu, waiyaki way, westlands, ambassador, tom mboya, jogoo road, donholm, umoja"
NTSA/RSN-0345,METROTRANS EAST AFRICA LIMITED,ADR-ZZJSJD2,False,"kikuyu, thogoto,kawangware,kenyatta.ambassadeur,tommboya,otc,jogoo rd, umoja"
NTSA/RSN-0345,METROTRANS EAST AFRICA LIMITED,ADR-LZRS7ZR,False,"kikuyu, kawangware,kenyatta,ambassadaor,tom mboya,thika rd,kasarani,juja,thika, delmonte"
NTSA/RSN-0345,METROTRANS EAST AFRICA LIMITED,,False,"Limuru - Zambezi,Kikuyu,Ndenderu,Ngong,Ongata Rongai,Kiserian,Langata,Kabiria,Kawangware,Community,KNH,Ngumo,Kibera,Kiambu,Kiringiti,Ambassador,Kencom,GPO,Bus station,Umoja,Kario bangi south,JKIA,Utawala,Kitengela,Koma,Mwiki - Thika and back- Limuru - Zambezi,Kikuyu,Ndenderu,Ngong,Ongata Rongai,Kiserian,Langata,Kabiria,Kawangware,Community,KNH,Ngumo,Kibera,Kiambu,Kiringiti,Ambassador,Kencom,GPO,Bus station,Umoja,Kario bangi south,JKIA,Utawala,Kitengela,Koma,Mwiki - Thika and back - Limuru - Zambezi,Kikuyu,Ndenderu,Ngong,Ongata Rongai,Kiserian,Langata,Kabiria,Kawangware,Community,KNH,Ngumo,Kibera,Kiambu,Kiringiti,Ambassador,Kencom,GPO,Bus station,Umoja,Kario bangi south,JKIA,Utawala,Kitengela,Koma,Mwiki - Thika and back"
NTSA/RSN-0353,MNK SACCO SOCIETY LTD,NTR-00201911011235560,False,"Ruiru, Thika rd,Kasarani,Mwiki,Utawala,Cabanas,Outering rd,Kayole, Kariobangi"
NTSA/RSN-0353,MNK SACCO SOCIETY LTD,NTR-00746,True,"Flyover, Limuru Northern Bypass Thika Rd Ruiru Makongeni Ngara kasarani Mwiki Kangundo Rd Kamulu Eastern Bypass Utawala Cabanas Mombasa Rd Syokimau City Stadium via Nyayo Stadium Jogoo Rd Manyanja Rd Kayole Mihango Shooters Kariobangi, Outering Rd"
NTSA/RSN-0353,MNK SACCO SOCIETY LTD,NTR-001393,False,"kasarani, kariobangi, kayole"
NTSA/RSN-0353,MNK SACCO SOCIETY LTD,ADR-O68IBL5,False,"kasarani, kayole, kariobangi"
NTSA/RSN-0353,MNK SACCO SOCIETY LTD,ADR-6DBSKLA,False,"mwiki, utawala, kayole"
NTSA/RSN-0353,MNK SACCO SOCIETY LTD,ADR-WZ9SD9A,False,"mwiki, kayole, utawala"
NTSA/RSN-0353,MNK SACCO SOCIETY LTD,ADR-537HQWM,False,"mwiki, utawala, cabanas, kayole"
NTSA/RSN-0353,MNK SACCO SOCIETY LTD,ADR-A5ACP8Y,False,"mwiki, utawala, cabanas, outering road, kayole"
NTSA/RSN-0353,MNK SACCO SOCIETY LTD,,True,"Fly over - Limuru,Northern Bypass,Thika Rd,Ruiru,Makongeni,Ngara,Kasarani,Mwiki,Kangundo Rd,Kamulu,Eastern Bypass,Utawala,Cabanas,Mombasa Rd,Syokimau,City Stadium via Nyayo Stadium,Jogoo Rd,Savannah rd,Manyanja Rd,Kayole,Mihango,Shooters,Kariobangi,Outering rd - Alsops and back- Fly over - Limuru,Northern Bypass,Thika Rd,Ruiru,Makongeni,Ngara,Kasarani,Mwiki,Kangundo Rd,Kamulu,Eastern Bypass,Utawala,Cabanas,Mombasa Rd,Syokimau,City Stadium via Nyayo Stadium,Jogoo Rd,Savannah rd,Manyanja Rd,Kayole,Mihango,Shooters,Kariobangi,Outering rd - Alsops and back - Fly over - Limuru,Northern Bypass,Thika Rd,Ruiru,Makongeni,Ngara,Kasarani,Mwiki,Kangundo Rd,Kamulu,Eastern Bypass,Utawala,Cabanas,Mombasa Rd,Syokimau,City Stadium via Nyayo Stadium,Jogoo Rd,Savannah rd,Manyanja Rd,Kayole,Mihango,Shooters,Kariobangi,Outering rd - Alsops and back"
NTSA/RSN-0372,moonlight coach co. limited,NTR-00407,False,"commercial, thika road, mathare north"
NTSA/RSN-02026,MSAFI TRAVELLERS LIMITED,NTR-00202101191052510,True,"Nairobi, Gateway mall Mlolongo Kangundo rd Komarock bus park, Machakos"
NTSA/RSN-02026,MSAFI TRAVELLERS LIMITED,NTR-00202009021055530,True,"Nairobi, Jogoo Rd Outering Rd Greatwall via Umoja Kitengela via Katani Machakos Konza Mbumbuni Wote Kibwezi, Mtito Andei"
NTSA/RSN-0393,MWAMBA TRAVELLERS SACCO,NTR-00202002211411300,False,"Mfangano, EastleighGarageJogoo rdBuruburuCivil servant, Komarock"
NTSA/RSN-0393,MWAMBA TRAVELLERS SACCO,NTR-00202006121308400,False,"Mfangano, Juja rdEastleigh.GarageJogoo rdBuruburuCivil servantKomarock rd, Komarock"
NTSA/RSN-0393,MWAMBA TRAVELLERS SACCO,NTR-00441,False,"komarock, jogoo road, mfangano"
NTSA/RSN-0393,MWAMBA TRAVELLERS SACCO,ADR-Q5LC8BO,False,"mfangano, eastleigh,jogoo road,buruburu,civil servant, garage"
NTSA/RSN-0393,MWAMBA TRAVELLERS SACCO,ADR-EPJSEQB,False,"komarock, mfangano, jogoo road"
NTSA/RSN-4282,MWANZO MPYA SHUTTLES LIMITED,NTR-00201911071624580,True,"Kangundo, Mitamboni,Machakos,Kitui, Mwingi"
NTSA/RSN-0394,MWIKI PSV SACCO SOCIETY LIMITED,NTR-00202012241623260,True,"Commercial, odeon Slip Rd Moi Avenue River Rd Munyu Rd Latema Rd via Westands juja Rd Outering Rd Eatleigh Wangari maathai Rd Kipande Rd Bus Station Thika Rd Kasarani Mwiki Njiru Utawala kangundo Rd eastern Bypass Juja RuiruThika Kangundo Jogoo Rd, Garissa Rd"
NTSA/RSN-0394,MWIKI PSV SACCO SOCIETY LIMITED,ADR-O68IPQJ,False,"Commercial, Bus station Thika rd Thika Juja Kasarani Mwiki Njiru Utawala Eastern bypass Kangundo rd Kangundo Juja rd Outering rd Eastleigh Wangari Mathai rd, Kipande rd"
NTSA/RSN-0394,MWIKI PSV SACCO SOCIETY LIMITED,ADR-6DBSZ65,True,"Commercial, Bus Station T Moi Avenue Odeon River Rd Munyu RdKipande Rd Latema Rd Slip Rd Waiyaki Way Juja Rd via Westands Wangari Maathai Rd Eatleigh Jogoo Rd Outering Rd Thika Rd Kasarani Mwiki Njiru Utawala Kangundo Rd Eastern Bypass Juja Ruiru Thika Kangundo, Garissa Rd"
NTSA/RSN-0394,MWIKI PSV SACCO SOCIETY LIMITED,ADR-WZ9SVZQ,False,"bus station, thika road, kasarani, mwiki, njiru, utawala"
NTSA/RSN-0394,MWIKI PSV SACCO SOCIETY LIMITED,ADR-537H2DQ,False,"commercial, thika road, kasarani, mwiki, njiru, utawala"
NTSA/RSN-0394,MWIKI PSV SACCO SOCIETY LIMITED,ADR-A5ACV3L,False,"tommboya, njiru,thika road,kasarani, mwiki"
NTSA/RSN-0394,MWIKI PSV SACCO SOCIETY LIMITED,ADR-9AKF8ZJ,False,"bus station, thika road,kasarani,mwiki, njiru"
NTSA/RSN-0394,MWIKI PSV SACCO SOCIETY LIMITED,ADR-DB3T823,False,"bus station, mwiki, kasarani"
NTSA/RSN-0394,MWIKI PSV SACCO SOCIETY LIMITED,ADR-3ZQSVZ2,False,"tommboya, thika road,kasarani,mwiki, njiru"
NTSA/RSN-0394,MWIKI PSV SACCO SOCIETY LIMITED,ADR-JY7S2WE,False,"bus station, thika road, kasarani, mwiki"
NTSA/RSN-0394,MWIKI PSV SACCO SOCIETY LIMITED,ADR-POKS5V5,False,"bus station, njiru,thika road,kasarani, mwiki"
NTSA/RSN-0394,MWIKI PSV SACCO SOCIETY LIMITED,ADR-VYASP5O,False,"bus station, mwiki,thika road, kasarani"
NTSA/RSN-0394,MWIKI PSV SACCO SOCIETY LIMITED,ADR-Q5LCE7Z,False,"odeon, thika,thika road, kasarani"
NTSA/RSN-0397,MWIRONA SACCO LTD,ADR-EPJSYVD,False,"bus station, thika road, kasarani, mwiki"
NTSA/RSN-0397,MWIRONA SACCO LTD,ADR-2DVS5LV,False,"bus station, mwiki,thika road, kasarani"
NTSA/RSN-0397,MWIRONA SACCO LTD,ADR-K9BFVMA,False,"bus station, mwiki, kasarani"
NTSA/RSN-0399,NABOKA TRAVELLERS SACCO,NTR-00201912031523330,False,"Bus station, BomasKarenGataka, Ongata Rongai"
NTSA/RSN-0399,NABOKA TRAVELLERS SACCO,NTR-00202107221616530,False,"Bus station, bomas ongata rongai gataka karen, ngong rd"
NTSA/RSN-0399,NABOKA TRAVELLERS SACCO,NTR-001389,False,"bus station, bomas,karen, gataka"
NTSA/RSN-0399,NABOKA TRAVELLERS SACCO,ADR-537HBY7,False,"bus station, bomas, karen"
NTSA/RSN-0399,NABOKA TRAVELLERS SACCO,ADR-A5ACK2P,False,"bus station, karen, bomas"
NTSA/RSN-0401,NAGIRU 145 SACCO,NTR-00202104150811240,False,"Ruiru, Alsops Outering rd Kariobangi, Kangundo rd junction"
NTSA/RSN-0401,NAGIRU 145 SACCO,NTR-00477,False,"nairobi, thika road, ruiru"
NTSA/RSN-0401,NAGIRU 145 SACCO,ADR-YM3SE9J,False,"Nairobi, Muranga, Kiriaini"
NTSA/RSN-0401,NAGIRU 145 SACCO,ADR-8LMSVKJ,False,"nairobi, ruiru, thika road"
NTSA/RSN-0401,NAGIRU 145 SACCO,,True,"Nairobi - Ruiru,Thika rd,Githunguri - Naivasha and back- Nairobi - Ruiru,Thika rd,Githunguri - Naivasha and back - Nairobi - Ruiru,Thika rd,Githunguri - Naivasha and back"
NTSA/RSN-01798,Nailepu Travellers Sacco,NTR-00202007021212060,True,"Kitengela, IsinyaKajiadoBissil, Namanga"
NTSA/RSN-01798,Nailepu Travellers Sacco,NTR-00202012311440310,False,"Kitengela, Isinya Kiserian, Ngong"
NTSA/RSN-01798,Nailepu Travellers Sacco,NTR-00202012311439540,False,"Kitengela, Emali, Loitoktok"
NTSA/RSN-01798,Nailepu Travellers Sacco,NTR-00202105101216560,True,"Kitengela, Emali Loitoktok Namanga Bissil KajiadoIsinya Kiserian, Ngong"
NTSA/RSN-01798,Nailepu Travellers Sacco,ADR-JY7SLBZ,True,"Nairobi, Kitengela Sultan Hamud Emali Kimana Loitoktok Namanga Bissil Kajiado Isinya Kiserian Ngong, Rongai"
NTSA/RSN-0409,NAKAM SACCO SOCIETY LIMITED,NTR-00434,True,"nairobi, machakos, kitui"
NTSA/RSN-0409,NAKAM SACCO SOCIETY LIMITED,NTR-00202111171240380,True,"voi, kitui makueni machakos kitengela nairobi naivasha narok bomet nyamira kisii migori, sirare"
NTSA/RSN-0409,NAKAM SACCO SOCIETY LIMITED,NTR-00202111171242020,True,"thika, nairobi kitengela machakos kitui wote mtito andei, voi"
NTSA/RSN-0409,NAKAM SACCO SOCIETY LIMITED,ADR-537HOPD,True,"kitengela, easternbypass, thika, kitui, nairobi"
NTSA/RSN-0409,NAKAM SACCO SOCIETY LIMITED,ADR-A5AC7YZ,True,"nairobi, kitengela, machakos, kitui"
NTSA/RSN-0409,NAKAM SACCO SOCIETY LIMITED,ADR-9AKFWBM,True,"nairobi, athi river , kitengela, machakos"
NTSA/RSN-0409,NAKAM SACCO SOCIETY LIMITED,ADR-DB3T3L6,True,"nairobi, machakos,athi river , kitengela"
NTSA/RSN-0410,NAKAMATA SAVINGS AND CREDIT COOPERATIVE SOCIETY LTD,NTR-00381,True,"nairobi, machakos, Wote"
NTSA/RSN-0410,NAKAMATA SAVINGS AND CREDIT COOPERATIVE SOCIETY LTD,ADR-8LMS5W2,True,"nairobi, machakos, makueni, kitui, mutomo, kibwezi, ikutha, voi, mombasa"
NTSA/RSN-0410,NAKAMATA SAVINGS AND CREDIT COOPERATIVE SOCIETY LTD,ADR-ZZJSV5M,True,"nairobi, machakos, kitui, mutomo, ikutha, kibwezi, mtito andei, mombasa"
NTSA/RSN-0410,NAKAMATA SAVINGS AND CREDIT COOPERATIVE SOCIETY LTD,ADR-LZRS65J,True,"nairobi, athi river , kitengela, machakos"
NTSA/RSN-0410,NAKAMATA SAVINGS AND CREDIT COOPERATIVE SOCIETY LTD,ADR-O68IBR3,True,"nairobi, machakos, nunguni, makueni, kibwezi, mtiti andei, voi, mombasa"
NTSA/RSN-0410,NAKAMATA SAVINGS AND CREDIT COOPERATIVE SOCIETY LTD,ADR-6DBSKVB,True,"nairobi, machakos,makueni,kibwezi, mtitoandei"
NTSA/RSN-0410,NAKAMATA SAVINGS AND CREDIT COOPERATIVE SOCIETY LTD,ADR-WZ9SDYD,True,"nairobi, machakos,athi river , kitengela"
NTSA/RSN-0410,NAKAMATA SAVINGS AND CREDIT COOPERATIVE SOCIETY LTD,ADR-537HQJ6,True,"nairobi, machakos, nunguni, wote, kibwezi, mtitoandei"
NTSA/RSN-0410,NAKAMATA SAVINGS AND CREDIT COOPERATIVE SOCIETY LTD,ADR-A5ACP9K,True,"nairobi, mombasa,machakos, makueni, kitui, mutomo, kibwezi, ikutha, voi"
NTSA/RSN-0410,NAKAMATA SAVINGS AND CREDIT COOPERATIVE SOCIETY LTD,ADR-9AKF2LW,True,"nairobi, mtitoandei,machakos,makueni, kibwezi"
NTSA/RSN-0410,NAKAMATA SAVINGS AND CREDIT COOPERATIVE SOCIETY LTD,ADR-DB3T5VO,True,"nairobi, kitengela, machakos"
NTSA/RSN-0410,NAKAMATA SAVINGS AND CREDIT COOPERATIVE SOCIETY LTD,ADR-3ZQS39O,True,"nairobi, machakos, kitui, mutomo, ikutha, kibwezi, mtito andei, voi, mombasa"
NTSA/RSN-0410,NAKAMATA SAVINGS AND CREDIT COOPERATIVE SOCIETY LTD,ADR-JY7SLV2,True,"nairobi, mombasa, wote"
NTSA/RSN-0410,NAKAMATA SAVINGS AND CREDIT COOPERATIVE SOCIETY LTD,ADR-POKSRDA,False,"nairobi, mtitoandei, wote"
NTSA/RSN-0412,NAKASKI TRANSORT SAVINGS CREDIT SACCO LTD,NTR-00202012111600420,False,"Mwiki, Kasarani Ruiru Githurai Thika rd Outering rdKangundo rdJuja rd, Bus station"
NTSA/RSN-0412,NAKASKI TRANSORT SAVINGS CREDIT SACCO LTD,NTR-00202012111616200,False,"Ruiru, Githurai Thika rd Outering rd Juja rd Kangundo rd Eastern Bypass Alsops, Mwiki"
NTSA/RSN-0412,NAKASKI TRANSORT SAVINGS CREDIT SACCO LTD,NTR-00201901291438350,False,"Muranga, RuiruGithurai Thika rd Outering rd Juja rd Kangundo rdEastern bypass AlsopsMwiki, Kasarani"
NTSA/RSN-0412,NAKASKI TRANSORT SAVINGS CREDIT SACCO LTD,ADR-BQ9S3VL,False,"Muranga, Thika rd GithuraiKasarani Mwiki Kangundo rd Outering rd Juja rd Commercial, Bus station"
NTSA/RSN-0412,NAKASKI TRANSORT SAVINGS CREDIT SACCO LTD,ADR-REOSLPA,False,"Muranga, Thika Rd Ruiru Githurai Kasarani Mwiki Kangundo Rd Outering Rd Alsops Juja Rd Muranga Rd Wangari Maathai Rd Kipande Rd Commercial, Bus Station"
NTSA/RSN-0412,NAKASKI TRANSORT SAVINGS CREDIT SACCO LTD,ADR-MDMSA6Y,False,"bus station, thika road, kasarani, mwiki"
NTSA/RSN-0412,NAKASKI TRANSORT SAVINGS CREDIT SACCO LTD,ADR-YM3SERK,False,"bus station, mwiki,thika road, kasarani"
NTSA/RSN-0412,NAKASKI TRANSORT SAVINGS CREDIT SACCO LTD,ADR-8LMSVBD,False,"alsops, kasarani,mwiki,eastern bypass, ruiru"
NTSA/RSN-0413,NAKATHI TRAVELLERS SACCO LIMITED,NTR-00209,False,"odeon, githurai, kahawa west"
NTSA/RSN-0413,NAKATHI TRAVELLERS SACCO LIMITED,NTR-00490,False,"odeon, thika road, kahawa west"
NTSA/RSN-0413,NAKATHI TRAVELLERS SACCO LIMITED,NTR-0066,False,"commercial, zimmerman,kahawa west, githurai"
NTSA/RSN-0413,NAKATHI TRAVELLERS SACCO LIMITED,NTR-00202105131504310,False,"Kahawa West, Northern bypass Ruaka, Limuru town"
NTSA/RSN-0413,NAKATHI TRAVELLERS SACCO LIMITED,NTR-00202105131503440,False,"Kahawa West, Northern bypass Ruiru, Makongeni"
NTSA/RSN-0413,NAKATHI TRAVELLERS SACCO LIMITED,NTR-00202105250744300,False,"Odeon, limuru northern bypass ruaka thika rd outering rd kangundo rd eastern bypass githurai kahawa west ruiru, Makongeni"
NTSA/RSN-0413,NAKATHI TRAVELLERS SACCO LIMITED,ADR-MDMSA59,False,"Odeon, limuru northern bypass ruaka thika rd githurai kahawa west ruiru, Makongeni"
NTSA/RSN-0413,NAKATHI TRAVELLERS SACCO LIMITED,ADR-YM3SE9Z,False,"odeon, kahawa west,thika road, zimmerman"
NTSA/RSN-0413,NAKATHI TRAVELLERS SACCO LIMITED,ADR-8LMSVKQ,False,"odeon, kahawa west, thika road"
NTSA/RSN-0413,NAKATHI TRAVELLERS SACCO LIMITED,ADR-ZZJS28Y,False,"odeon, kahawa west, githurai"
NTSA/RSN-0413,NAKATHI TRAVELLERS SACCO LIMITED,ADR-2DVS5JE,False,"odeon, thika road, zimmerman, kahawa west"
NTSA/RSN-0413,NAKATHI TRAVELLERS SACCO LIMITED,ADR-K9BFV9R,False,"odeon, githurai,kahawa west,bypass, ruiru"
NTSA/RSN-0414,NAKILI SAVINGS AND CREDIT CO-OPERATIVE SOCIETY LTD,NTR-00202012031635220,False,"Ndumberi, TurituKanunga Koinange Tigoni Limuru Rironi Nduma Zambezi Kikuyu Ndeiya Nachu Sgr, Ewaso Kidwang"
NTSA/RSN-0414,NAKILI SAVINGS AND CREDIT CO-OPERATIVE SOCIETY LTD,NTR-00202011231641170,False,"Kikuyu, Muslim Dagoretti Karen Kawangware, Ndeiya"
NTSA/RSN-0414,NAKILI SAVINGS AND CREDIT CO-OPERATIVE SOCIETY LTD,NTR-001103,False,"kikuyu, dagoreti, kamangu"
NTSA/RSN-0414,NAKILI SAVINGS AND CREDIT CO-OPERATIVE SOCIETY LTD,NTR-0086,False,"tommboya, westlands,kinoo,kikuyu,thogoto,kamangu, limuru"
NTSA/RSN-0414,NAKILI SAVINGS AND CREDIT CO-OPERATIVE SOCIETY LTD,ADR-9AKFO5E,False,"Kikuyu, Muslim Dagoretti Karen, Kawangware"
NTSA/RSN-0414,NAKILI SAVINGS AND CREDIT CO-OPERATIVE SOCIETY LTD,ADR-DB3TQDR,False,"Kikuyu, NderiNdumaRironiLimuruKiambuNdeyia(muslim)DagoretikawangwareNgong rdBomas via kiberaKarenNgong, Ewaso kedong"
NTSA/RSN-0414,NAKILI SAVINGS AND CREDIT CO-OPERATIVE SOCIETY LTD,ADR-3ZQSOPY,False,"kikuyu, dagoretti, kamangu and bank"
NTSA/RSN-0414,NAKILI SAVINGS AND CREDIT CO-OPERATIVE SOCIETY LTD,ADR-JY7SEMA,False,"tommboya, limuru,westlands,kinoo,kikuyu,thogoto, kamangu"
NTSA/RSN-0414,NAKILI SAVINGS AND CREDIT CO-OPERATIVE SOCIETY LTD,ADR-POKS7Q6,False,"westlands, kinoo,kikuyu,thogoto,kamangu, limuru"
NTSA/RSN-0782,NAKINDUKA MATATU SAVINGS AND CREDIT COOPERATIVE SOCIETY LIMITED,NTR-00938,False,"Kimende, Limuru Kiambu via Ruaka Ndumberi Githunguri, Kawaida"
NTSA/RSN-0782,NAKINDUKA MATATU SAVINGS AND CREDIT COOPERATIVE SOCIETY LIMITED,ADR-7WRSVYA,False,"kiambu, ndumberi, kawaida, githunguri"
NTSA/RSN-0423,NAKWE TRAVELLERS SACCO SOCIETY LTD,NTR-00440,False,"Nairobi, Kiambu, githunguri kagwe kimende, uplands"
NTSA/RSN-0423,NAKWE TRAVELLERS SACCO SOCIETY LTD,NTR-00201901180907220,False,"ngara, kiambu,githuguri, kagwe"
NTSA/RSN-0423,NAKWE TRAVELLERS SACCO SOCIETY LTD,ADR-REOSZJW,False,"st peters, kiambu road,kiambu,githunguri, kagwe"
NTSA/RSN-0423,NAKWE TRAVELLERS SACCO SOCIETY LTD,ADR-MDMSJ3D,False,"st peters, kagwe,kiambu road,kiambu, githunguri"
NTSA/RSN-0435,NANGKIS MATATU SACCO,NTR-0096,False,"kiserian, ngong,karen,nduyu,yaya,gpo,ambassador, railways"
NTSA/RSN-0435,NANGKIS MATATU SACCO,NTR-00166,False,"kiserian, ngong,karen,yaya,ambassador, railways"
NTSA/RSN-0435,NANGKIS MATATU SACCO,NTR-00201901141019580,False,"kiserian, ngong,karen,dagoreti corner,prestige, kenyatta"
NTSA/RSN-0435,NANGKIS MATATU SACCO,NTR-0095,False,"railways, rongai,kiserian, ngong"
NTSA/RSN-0435,NANGKIS MATATU SACCO,NTR-00202010221528160,True,"Kitengela, Mombasa rd G.P.O Ambassador Railways KNH Yaya jamhuri naivasha rd Kawangware Ndunyu Kikuyu Limuru Karen Ngong Kiserian ongata rongai bomas hardylangata rd, nyayo"
NTSA/RSN-0435,NANGKIS MATATU SACCO,NTR-0020160607100512,True,"Kitengela, Isinya Mombasa Rd GPO Ambassador Railways KNH Yaya Kawangware Ndunyu Kikuyu Limuru Karen Rongai Magadi Kiserian Ngong, Suswa"
NTSA/RSN-0435,NANGKIS MATATU SACCO,NTR-00155,False,"kiserian, ngong,yaya,gpo, railways"
NTSA/RSN-0435,NANGKIS MATATU SACCO,NTR-00201901151527460,False,"kiserian, ngong,karen,ndunyu,dagoreti corner,prestige, yaya"
NTSA/RSN-0435,NANGKIS MATATU SACCO,ADR-WZ9S98W,True,"Kitengela, Mombasa rd G.P.O Ambassador Railways KNH YayaKawangwareNdunyuKikuyuLimuruKaren Ngong Kiserian, Rongai"
NTSA/RSN-0435,NANGKIS MATATU SACCO,ADR-537HWPB,False,"railways, ngong, kiserian"
NTSA/RSN-0435,NANGKIS MATATU SACCO,ADR-A5AC8Y7,False,"kiserian, railways,ngong,karen,yaya, ambassador"
NTSA/RSN-0435,NANGKIS MATATU SACCO,ADR-9AKFRBR,False,"railways, ngong,rongai, kiserian"
NTSA/RSN-0435,NANGKIS MATATU SACCO,ADR-DB3TOLQ,False,"kiserian, ngong, ndunyu, yaya, gpo, ambassadour, railways"
NTSA/RSN-0435,NANGKIS MATATU SACCO,ADR-3ZQS2BV,False,"kiserian, ngong, karen , dunyu, yaya, ambassador, railways15"
NTSA/RSN-0435,NANGKIS MATATU SACCO,ADR-JY7S7J5,False,"ngong, railways,karen,yaya, ambasdours"
NTSA/RSN-0442,NAWAKU SACCO,NTR-00202109211036110,False,"mwiki, kasarani thika rd, ABC"
NTSA/RSN-0442,NAWAKU SACCO,NTR-00139,False,"odeon, thika road,kasarani, thika"
NTSA/RSN-0442,NAWAKU SACCO,NTR-00512,False,"Odeon, Thika RoadKasaraniThika, Mwihoko"
NTSA/RSN-0442,NAWAKU SACCO,NTR-001025,False,"Mwiki, Kasarani thika Rd odeon, ABC"
NTSA/RSN-0442,NAWAKU SACCO,NTR-00168,False,"Odeon, ABC thika rd kasarani mwiki mwihoko eastern bypass kimbo, thika"
NTSA/RSN-0442,NAWAKU SACCO,NTR-00513,False,"odeon, kasarani, thika"
NTSA/RSN-0442,NAWAKU SACCO,ADR-2DVSBRJ,False,"odeon, thika,thika road, kasarani"
NTSA/RSN-0442,NAWAKU SACCO,ADR-K9BFB63,False,"odeon, thika, kasarani"
NTSA/RSN-01896,NAWAKU TRAVELLERS LIMITED,NTR-00139,False,"Odeon, Thika Road,Kasarani, Thika"
NTSA/RSN-01896,NAWAKU TRAVELLERS LIMITED,NTR-00202109211036110,False,"mwiki, kasarani thika rd, ABC"
NTSA/RSN-01896,NAWAKU TRAVELLERS LIMITED,ADR-LZRS622,False,"Odeon, Thika road Kasarani thika, Muranga"
NTSA/RSN-0443,NAWASUKU SACCO,NTR-00202211011628520,False,"Timboroa Lane, Kahawa Sukari Warren Uthiru KU Ruiru Kenol Eastern Bypass Outering Road Gatuanyaga Junction, Cabanas"
NTSA/RSN-0443,NAWASUKU SACCO,ADR-LZRS3JE,False,"timboroa lane, kahawa sukari, warren, ku, ruiru"
NTSA/RSN-0443,NAWASUKU SACCO,ADR-O68ILJB,False,"tom mboya, ku,thika road, warren, kahawa sukari"
NTSA/RSN-0443,NAWASUKU SACCO,ADR-6DBSDJW,False,"bus station, ruiru,ku,kahawa sukari, warren"
NTSA/RSN-0443,NAWASUKU SACCO,ADR-WZ9S3RE,False,"ruiru, ku, kahawa sukari, warren, timboroa lane"
NTSA/RSN-0443,NAWASUKU SACCO,ADR-537HO8O,False,"timboroa lane, kahawa sukari, mwihoko, warren, ku, ruiru"
NTSA/RSN-0444,NAZIGI SACCO LIMITED,NTR-00209,False,"odeon, githurai, kahawa west"
NTSA/RSN-0444,NAZIGI SACCO LIMITED,NTR-00415,False,"ronald ngara, thika road, githurai"
NTSA/RSN-0444,NAZIGI SACCO LIMITED,NTR-00202012242047420,False,"Ronald ngara, Wangari maathaiKiambu GithuraiKahawa west bypassruiru, Thika(makongeni)"
NTSA/RSN-0444,NAZIGI SACCO LIMITED,NTR-00202012291237110,False,"KNH, nairobi westlands Wangari Maathai rd Kiambu rd bypass Githurai Kahawa West ruiru Thika(makongeni) eastern bypass ruai kangundo rd utawala Outering rd Juja Rd via Eastleigh cabanas, alsops"
NTSA/RSN-0444,NAZIGI SACCO LIMITED,NTR-00490,False,"odeon, thika road, kahawa west"
NTSA/RSN-0444,NAZIGI SACCO LIMITED,NTR-00201812211550040,False,"ronald ngala, githurai,kahawa west,bypass, ruiru"
NTSA/RSN-0444,NAZIGI SACCO LIMITED,NTR-00201812211551470,False,"ronald ngala, githurai,kahawa west,bypass,ruiru, thika (makongeni)"
NTSA/RSN-0444,NAZIGI SACCO LIMITED,ADR-2DVSR3Q,False,"Odeon, Ngara Wangari Maathai rd Kiambu rd Githurai Kahawa West Bypass Ruiru, Thika (Makongeni)"
NTSA/RSN-0444,NAZIGI SACCO LIMITED,ADR-K9BF65K,False,"Odeon, Ngara Wangari Maathai rd Kiambu rd Githurai Kahawa West Bypass Ruiru Thika Alsops Outering rd, Cabanas"
NTSA/RSN-0444,NAZIGI SACCO LIMITED,ADR-7WRS9JE,False,"Ronald ngara, Wangari maathai Kiambu rd Githurai Kahawa west bypass ruiruthika alsops outering, Cabanas"
NTSA/RSN-0444,NAZIGI SACCO LIMITED,ADR-BQ9SQV9,False,"KNH, nairobiTom mboya westlandsWangari Maathai rd Kiambu rd bypass Githurai Kahawa West ruiru Thika(makongeni) eastern bypass ruai kangundo rd utawala Outering rd cabanas, alsops"
NTSA/RSN-0444,NAZIGI SACCO LIMITED,ADR-REOSZPW,False,"ronald ngala, githurai , kahawa west"
NTSA/RSN-0444,NAZIGI SACCO LIMITED,ADR-MDMSJ6D,False,"odeon, kahawa west, githurai"
NTSA/RSN-0444,NAZIGI SACCO LIMITED,ADR-YM3SBRO,False,"ronald ngala, kahawa west, githurai"
NTSA/RSN-0444,NAZIGI SACCO LIMITED,ADR-8LMSYBB,False,"odeon, kahawa west,thika road, zimmerman"
NTSA/RSN-0444,NAZIGI SACCO LIMITED,ADR-ZZJSJKL,False,"odeon, thika road, zimmerman, kahawa west"
NTSA/RSN-0444,NAZIGI SACCO LIMITED,ADR-LZRS7K6,False,"odeon, githurai,kahawa west,bypass, ruiru"
NTSA/RSN-0444,NAZIGI SACCO LIMITED,ADR-O68IM3V,False,"odeon, githurai,kahawa west,bypass,ruiru,thika(makongeni), matuu"
NTSA/RSN-0444,NAZIGI SACCO LIMITED,ADR-6DBS959,False,"odeon, westlands,lavington,kileleshwa,yaya,via prestige, kibera dc"
NTSA/RSN-0445,NEEMA TRAVELLERS AGENCY LIMITED,NTR-00201911121120050,False,"Gikomba, Eastleigh,juja rd,Outering rd,Kariobangi,Baba dogo, , Lucky summer"
NTSA/RSN-0445,NEEMA TRAVELLERS AGENCY LIMITED,NTR-00202010261059350,False,"Kangundo rd, Ruai Greater Eastern Link rd Mwalimu fgarm Malaa, Koma Hill"
NTSA/RSN-0445,NEEMA TRAVELLERS AGENCY LIMITED,ADR-2DVSRBM,False,"Eastleigh, gikomba commercial ronald ngala forest rdkariokor thika rd juja rd outering rd baba dogo kariobangi south kariobangi lucky summer gituamba githurai eastern bypass kangundo rd ruai kamulu joska malaa greater eastern link rd mwalimu farm, Koma Hill"
NTSA/RSN-0445,NEEMA TRAVELLERS AGENCY LIMITED,ADR-K9BF6B8,False,"Eastleigh, gikomba commercial ronald ngala forest rd ojijo rd parklands rhapta rd kariokor thika rd juja rd outering rd baba dogo kariobangi south kariobangi lucky summer gituamba githurai eastern bypass kangundo rd ruai kamulu joska malaa greater eastern link rd mwalimu farm, Koma Hill"
NTSA/RSN-0445,NEEMA TRAVELLERS AGENCY LIMITED,ADR-7WRS92W,False,"Kariobangi, Eastleigh gikomba commercial ronald ngala forest rd Kangemi ojijo rd parklands rhapta rd kariokor thika rd Gatundu Thika Kilimambogo Oldonyo Sabuk Juja Rd outering rd baba dogo kariobangi south lucky summer gituamba githurai eastern bypass kangundo rd ruai kamulu joska malaa greater eastern link rd mwalimu farm Koma Hill, Matuu"
NTSA/RSN-0445,NEEMA TRAVELLERS AGENCY LIMITED,ADR-EPJSABK,False,"kariobangi south, juja road, kariokor, ronald ngara"
NTSA/RSN-0445,NEEMA TRAVELLERS AGENCY LIMITED,ADR-Q5LCYZZ,False,"kariobangi, thika road, commercial"
NTSA/RSN-0445,NEEMA TRAVELLERS AGENCY LIMITED,ADR-A5ACLOL,False,"gikomba, juja road, kariobangi"
NTSA/RSN-0445,NEEMA TRAVELLERS AGENCY LIMITED,NTR-00348,False,"ronald ngara, juja road, kariobangi"
NTSA/RSN-0445,NEEMA TRAVELLERS AGENCY LIMITED,NTR-00349,False,"ronald ngara, thika road,alsolps, kariobangi"
NTSA/RSN-0445,NEEMA TRAVELLERS AGENCY LIMITED,ADR-K9BF6V8,False,"kariobangi south, outering road, thika road, gikomba, commercial"
NTSA/RSN-0445,NEEMA TRAVELLERS AGENCY LIMITED,ADR-POKSME5,False,"gikomba, kariobangi, juja road"
NTSA/RSN-0445,NEEMA TRAVELLERS AGENCY LIMITED,ADR-DB3TBZ3,False,"ronald ngara, kariobangi, thika road"
NTSA/RSN-0445,NEEMA TRAVELLERS AGENCY LIMITED,ADR-3ZQSLM2,False,"ronald ngara, kariobangi, juja road"
NTSA/RSN-0445,NEEMA TRAVELLERS AGENCY LIMITED,NTR-00372,False,"ronald ngara, thika road, kariobangi"
NTSA/RSN-0445,NEEMA TRAVELLERS AGENCY LIMITED,NTR-00357,False,"dandora, kariobangi round about,alsolps,thika road, ronald ngara"
NTSA/RSN-0445,NEEMA TRAVELLERS AGENCY LIMITED,ADR-JY7SQ6E,False,"kariobagi, juja road, eastleigh, gikomba"
NTSA/RSN-0448,NEO KENYA MPYA COMMUTERS LIMITED,NTR-00922,True,"Mombasa Rd(cabanas), Airport North Rd Outering Rd Eastern Bypass Utawala Ruai Thika Rd Pangani Parklands, Nairobi"
NTSA/RSN-0448,NEO KENYA MPYA COMMUTERS LIMITED,NTR-001391,False,"Thika, Pangani Kariokor Community, Nairobi"
NTSA/RSN-0448,NEO KENYA MPYA COMMUTERS LIMITED,NTR-00211,True,"nairobi, embu, meru"
NTSA/RSN-0448,NEO KENYA MPYA COMMUTERS LIMITED,NTR-00615,True,"nairobi, nanyuki,meru, isiolo"
NTSA/RSN-0448,NEO KENYA MPYA COMMUTERS LIMITED,NTR-00202008171329140,False,"Thika, Outering road Kangundo road Airport North Road Taj Mall Eastern Bypass, Tala"
NTSA/RSN-0448,NEO KENYA MPYA COMMUTERS LIMITED,NTR-00149,False,"nairobi, thika,kerugoya, kirinyaga"
NTSA/RSN-0448,NEO KENYA MPYA COMMUTERS LIMITED,ADR-A5AC768,False,"nairobi, kirinyaga,thika, kerugoya"
NTSA/RSN-0448,NEO KENYA MPYA COMMUTERS LIMITED,ADR-9AKFWDO,True,"nairobi, thika, embu, meru"
NTSA/RSN-0448,NEO KENYA MPYA COMMUTERS LIMITED,ADR-DB3T368,True,"nairobi, meru, embu"
NTSA/RSN-0455,NGOKANA SAVINGS AND CREDIT COOPERATIVE SOCIETY,NTR-00166,False,"kiserian, ngong,karen,yaya,ambassador, railways"
NTSA/RSN-0455,NGOKANA SAVINGS AND CREDIT COOPERATIVE SOCIETY,NTR-00201901141019580,False,"kiserian, ngong,karen,dagoreti corner,prestige, kenyatta"
NTSA/RSN-0455,NGOKANA SAVINGS AND CREDIT COOPERATIVE SOCIETY,ADR-BQ9SQAO,False,"kiserian, railways,ngong,yaya, gpo"
NTSA/RSN-0455,NGOKANA SAVINGS AND CREDIT COOPERATIVE SOCIETY,ADR-REOSZ9K,False,"kiserian, railways,ngong,karen,yaya, ambassador"
NTSA/RSN-0456,NGONG TRAVELLERS SACCO,NTR-00202003161526160,False,"Kiserian, NgongKarenNduyuYayaGpoAmbassadorRailwaysHaile sellasieMbagathi rd, Langata"
NTSA/RSN-0456,NGONG TRAVELLERS SACCO,NTR-0092,False,"Railways, KNH,Mbagathi Way,Rongai, Magadi"
NTSA/RSN-0456,NGONG TRAVELLERS SACCO,NTR-00202012151526570,True,"Kiserian, Ngong Karen Langata Mbagathi GPO Ambassador Haile selassie Nyayo Stadium Mombasa rd, Utawala"
NTSA/RSN-0456,NGONG TRAVELLERS SACCO,NTR-00202109161630370,True,"magadi, kiserian ongataRongai ngong Karen ndunyu knh Yaya langata nyayo stadium mbagathi GPO ambassador railways Mombasa Rd outering rd jogoo Rd. Kangundo Rd njiru, Utawala"
NTSA/RSN-0456,NGONG TRAVELLERS SACCO,NTR-0096,False,"kiserian, ngong,karen,nduyu,yaya,gpo,ambassador, railways"
NTSA/RSN-0456,NGONG TRAVELLERS SACCO,NTR-00166,False,"kiserian, ngong,karen,yaya,ambassador, railways"
NTSA/RSN-0456,NGONG TRAVELLERS SACCO,ADR-VYAS98E,False,"kiserian, ngong, ndunyu, yaya, gpo, ambassadour, railways"
NTSA/RSN-0456,NGONG TRAVELLERS SACCO,ADR-Q5LCMPP,False,"railways, ngong, kiserian"
NTSA/RSN-0456,NGONG TRAVELLERS SACCO,ADR-EPJSRKW,False,"railways, kiserian, ngong"
NTSA/RSN-0456,NGONG TRAVELLERS SACCO,ADR-2DVSDM6,False,"kiserian, ngong, karen , dunyu, yaya, ambassador, railways"
NTSA/RSN-0457,NGUMO-LINE SAVINGS AND CREDIT CO-OPERATIVE SOCIETY LIMITED,NTR-00201911111218030,False,"St peters, Serena,Valley rd,Knh,Ngumo,Soweto,Kibera,Mbagathi rd,Tmall,Nyayo stadium,Lusaka rd,Enterprise rd, General Motors"
NTSA/RSN-0457,NGUMO-LINE SAVINGS AND CREDIT CO-OPERATIVE SOCIETY LIMITED,NTR-00202110191107070,False,"ngumo, mbagathi rd KNH tmall nyayo stadium lusaka rd muthurwa jogoo rd outering rd, Kangundo rd"
NTSA/RSN-0457,NGUMO-LINE SAVINGS AND CREDIT CO-OPERATIVE SOCIETY LIMITED,NTR-00157,False,"st.peters, valley road,serena,knh,mbagathi, ngumo"
NTSA/RSN-0457,NGUMO-LINE SAVINGS AND CREDIT CO-OPERATIVE SOCIETY LIMITED,ADR-537H63J,False,"st.peters, serana, valley road, knh, ngumo, soweto, kibera"
NTSA/RSN-0457,NGUMO-LINE SAVINGS AND CREDIT CO-OPERATIVE SOCIETY LIMITED,ADR-A5ACLJJ,False,"st.peters, ngumo,valley road,serena, mbagathi"
NTSA/RSN-0457,NGUMO-LINE SAVINGS AND CREDIT CO-OPERATIVE SOCIETY LIMITED,ADR-9AKFA7Y,False,"st.peters, ngumo,valley road,serena,knh, mbagathi"
NTSA/RSN-1112,NICCO MOVERS LIMITED,NTR-00201910041103390,False,"Luthuli Avenue, Thika rd,Juja,Makongeni,, Gatundu"
NTSA/RSN-1112,NICCO MOVERS LIMITED,NTR-00912,True,"NAIROBI, MURANGA, KERUGOYA, EMBU, KARATINA, NYERI, NYAHURURU"
NTSA/RSN-1112,NICCO MOVERS LIMITED,,True,NAKURU
NTSA/RSN-1112,NICCO MOVERS LIMITED,NTR-00415,False,"ronald ngara, thika road, githurai"
NTSA/RSN-1112,NICCO MOVERS LIMITED,NTR-00201911061447250,False,"Ronald Ngala, Thika rd,Githurai,Juja, Thika (MAKONGENI)"
NTSA/RSN-1112,NICCO MOVERS LIMITED,NTR-00202002041115240,False,"Ronald Ngala, GithuraiJujaThika, Makongeni"
NTSA/RSN-1112,NICCO MOVERS LIMITED,ADR-A5AC8E3,False,"nairobi, thika road, githurai"
NTSA/RSN-0464,NKIKAN SACCO SOCIETY LIMITED,NTR-00202108060738470,False,"Kitengela, isinya ngong karen kikuyu wangige northern bypass KU ruiru thika, Makongeni"
NTSA/RSN-0464,NKIKAN SACCO SOCIETY LIMITED,NTR-00840,True,"Nairobi, kitengela namanga kiserian rongai gataka rd langata rdmbagathi rd ngong rd suswa kikuyu wangige nothern bypass kiambu ruiru thika, makongeni"
NTSA/RSN-0464,NKIKAN SACCO SOCIETY LIMITED,NTR-001424,True,"nairobi, ngong rd,kiserian,isinya, namanga anad back"
NTSA/RSN-0464,NKIKAN SACCO SOCIETY LIMITED,NTR-00716,True,"nairobi, kiserian,isinya, namanga"
NTSA/RSN-0464,NKIKAN SACCO SOCIETY LIMITED,NTR-0095,False,"railways, rongai,kiserian, ngong"
NTSA/RSN-0464,NKIKAN SACCO SOCIETY LIMITED,ADR-ZZJSJLL,True,"railways, knh, mbagathi, langata road, rongai, kiserian, namanga"
NTSA/RSN-0464,NKIKAN SACCO SOCIETY LIMITED,ADR-2DVSRPD,True,"nairobi, rongai, kiserian, isinya, kajiado, namanga"
NTSA/RSN-0464,NKIKAN SACCO SOCIETY LIMITED,ADR-K9BF6YE,True,"nairobi, namanga,kiserian, isinya"
NTSA/RSN-0495,OBAMANA TRAVELLERS SACCO,NTR-00202011161232480,False,"Kangundo rd, Outering rd Juja rd Eatsleigh Gikomba Jogoo rd Enterprise rd Eatern Bypass, Alsops"
NTSA/RSN-0495,OBAMANA TRAVELLERS SACCO,NTR-00202211141656550,True,"Bus Station, Westlands via Waiyaki Way Ruiru via Thika Rd Alsops Outering Rd Juja Rd Eastleigh Gikomba Jogoo Rd Enterprise Rd Mombasa Rd Eastern Bypass, Kangundo Rd"
NTSA/RSN-0495,OBAMANA TRAVELLERS SACCO,ADR-7WRSZQK,False,"temple lane, jogoo road, outer ring road, kangundo road, kantafu market"
NTSA/RSN-0495,OBAMANA TRAVELLERS SACCO,ADR-BQ9S3KO,False,"temple lane, kantafu market,jogoo road, outer ring road, kangundo road"
NTSA/RSN-0495,OBAMANA TRAVELLERS SACCO,ADR-REOSLDK,False,"bus station, malaa,jogoo road,kangundo road,ruai, joska"
NTSA/RSN-0495,OBAMANA TRAVELLERS SACCO,ADR-MDMSAWB,False,"bus station, jogoo road, buruburu, outering road, kangundo road, kantafu market"
NTSA/RSN-0499,ONGATA LINE TRANSPORTERS LIMITED,ADR-WZ9SWOK,False,"railways, mbagathi way,ongata rongai, kiserian"
NTSA/RSN-0499,ONGATA LINE TRANSPORTERS LIMITED,ADR-537H6MR,False,"railways, kiserian, ongata rongai"
NTSA/RSN-0499,ONGATA LINE TRANSPORTERS LIMITED,ADR-A5ACLW6,False,"railways, kiserian,mbagathi way, ongata rongai"
NTSA/RSN-0500,ongata rongai bus services,NTR-00202106141134550,False,"ongata rongai, bomas railways, Kitengela"
NTSA/RSN-0500,ongata rongai bus services,NTR-00138,False,"kiserian, magadi road,langata road,mbagathi road,knh, railways"
NTSA/RSN-0500,ongata rongai bus services,NTR-00201909271127470,False,"KITENGELA, MLOLONGOEMBAKASIJOGOO RDMOMBASA ROADOUTERING ROADSAVANNAH ROUTEALSOPS, ACCRA RD"
NTSA/RSN-0500,ongata rongai bus services,NTR-00202007031207480,True,"Railways, Kitengela via, Mombasa Rd"
NTSA/RSN-0500,ongata rongai bus services,ADR-POKSK2Q,False,"railways, ongata rongai, kiserian"
NTSA/RSN-0500,ongata rongai bus services,ADR-VYASAY9,False,"railways, kiserian, ongata rongai"
NTSA/RSN-0501,OROKISE SACCO LTD,NTR-00138,False,"kiserian, magadi road,langata road,mbagathi road,knh, railways"
NTSA/RSN-0501,OROKISE SACCO LTD,ADR-3ZQSL52,False,"railways, knh,mbagathi way,rongai, kiserian"
NTSA/RSN-0501,OROKISE SACCO LTD,ADR-JY7SQ5E,False,"railways, ongata rongai, kiserian"
NTSA/RSN-0501,OROKISE SACCO LTD,ADR-POKSMA5,False,"railways, kiserian, ongata rongai"
NTSA/RSN-0501,OROKISE SACCO LTD,ADR-VYASVOO,False,"kiserian, railways,magadi road,langata road,mbagathi road, knh"
NTSA/RSN-0501,OROKISE SACCO LTD,ADR-Q5LCYOZ,True,"nairobi, rongai, kiserian, isinya, kajiado, namanga"
NTSA/RSN-0501,OROKISE SACCO LTD,ADR-EPJSA3K,True,"railways, knh, mbagathi, langata road, rongai, kiserian, namanga"
NTSA/RSN-0501,OROKISE SACCO LTD,ADR-2DVSZJO,False,"railways, mbagathi way,ongata rongai, kiserian"
NTSA/RSN-0501,OROKISE SACCO LTD,ADR-K9BFE9O,False,"railways, kiserian,mbagathi way, ongata rongai"
NTSA/RSN-0501,OROKISE SACCO LTD,ADR-7WRS75B,False,"railways, kiserian,knh,mbagathi way, rongai"
NTSA/RSN-0501,OROKISE SACCO LTD,ADR-BQ9S76R,False,"railways, ngong,rongai, kiserian"
NTSA/RSN-0502,OROMATS SACCO SOCIETY LTD,ADR-A5AC875,False,"kiserian, railways,magadi road,langata road,mbagathi road, knh"
NTSA/RSN-0502,OROMATS SACCO SOCIETY LTD,ADR-K9BF6YE,True,"nairobi, namanga,kiserian, isinya"
NTSA/RSN-0502,OROMATS SACCO SOCIETY LTD,ADR-DB3TO35,False,"railways, ongata rongai, kiserian"
NTSA/RSN-0502,OROMATS SACCO SOCIETY LTD,ADR-POKSK8P,False,"railways, knh,mbagathi way,rongai, kiserian"
NTSA/RSN-0502,OROMATS SACCO SOCIETY LTD,NTR-00716,True,"nairobi, kiserian,isinya, namanga"
NTSA/RSN-0502,OROMATS SACCO SOCIETY LTD,ADR-LZRSR32,False,"railways, mbagathi way,ongata rongai, kiserian"
NTSA/RSN-0502,OROMATS SACCO SOCIETY LTD,ADR-7WRS9VW,True,"nairobi, rongai, kiserian, isinya, kajiado, namanga"
NTSA/RSN-0502,OROMATS SACCO SOCIETY LTD,ADR-WZ9S937,False,"nairobi, kiserian, magadi"
NTSA/RSN-0502,OROMATS SACCO SOCIETY LTD,ADR-ZZJSJLL,True,"railways, knh, mbagathi, langata road, rongai, kiserian, namanga"
NTSA/RSN-0502,OROMATS SACCO SOCIETY LTD,NTR-00138,False,"kiserian, magadi road,langata road,mbagathi road,knh, railways"
NTSA/RSN-0502,OROMATS SACCO SOCIETY LTD,ADR-ZZJSRQL,False,"ngong, kjiado,kiserian, isinya"
NTSA/RSN-0502,OROMATS SACCO SOCIETY LTD,ADR-8LMS9EB,False,"railways, magadi,knh,mbagathi way, rongai"
NTSA/RSN-0502,OROMATS SACCO SOCIETY LTD,ADR-YM3S56O,False,"railways, knh,mbagathi way,rongai, magadi"
NTSA/RSN-0503,OUTER CIRCLE SACCO,ADR-JY7SE2K,False,"gillhouse, muthurwa,jogoo road,buruburu, civilservant"
NTSA/RSN-0503,OUTER CIRCLE SACCO,ADR-POKS75Z,False,"jericho, maringo,jogoo road, temple road"
NTSA/RSN-0503,OUTER CIRCLE SACCO,ADR-VYASZP6,False,"jericho, temple road,maringo, jogoo road"
NTSA/RSN-0503,OUTER CIRCLE SACCO,ADR-Q5LCBO2,False,"gill house, outering,jogoo road, buruburu"
NTSA/RSN-0503,OUTER CIRCLE SACCO,ADR-EPJSQ3P,False,"muthurwa, jogoo road,maringo,jericho,bururburu, dandora"
NTSA/RSN-0503,OUTER CIRCLE SACCO,ADR-2DVS2JY,False,"gill house, jogoo road,buruburu, outering"
NTSA/RSN-0504,OUTREACH TRAVEL,NTR-00202011131701470,True,"Muthurwa, Jogoo rd Likoni rd Lungalunga Mombasa rd Taj Mall Outering rd, Alsops"
NTSA/RSN-0504,OUTREACH TRAVEL,NTR-00202107081403490,True,"temple rd, muthurwa gikomba juja rd jogoo rd likoni rd lenterprise rd lusaka rd kwa njenga lunga lunga mombasa rd kitengela cabanaseastern by pass outering rd kangundo rd malaa, Thika rd"
NTSA/RSN-0504,OUTREACH TRAVEL,NTR-00601,False,"temple rd, muthurwa,jogoo rd,likoni rd,lungalunga rd, donholm route"
NTSA/RSN-0504,OUTREACH TRAVEL,ADR-3ZQSVY2,True,"Muthurwa, Jogoo rd Likoni rd Mombasa rd Taj Mall Outering rd, Alsops"
NTSA/RSN-0504,OUTREACH TRAVEL,ADR-JY7S2OE,False,"muthurwa, jogoo road,likoni road,lungalunga, donholm"
NTSA/RSN-0504,OUTREACH TRAVEL,ADR-POKS5L5,False,"muthurwa, donholm,jogoo road,likoni road, lungalunga"
NTSA/RSN-0504,OUTREACH TRAVEL,ADR-VYASPKO,False,"temple rd, donholm route,muthurwa,jogoo rd,likoni rd, lungalunga rd"
NTSA/RSN-0504,OUTREACH TRAVEL,ADR-Q5LCEKZ,False,"muthurwa, kwa njenga,enterprise road, lusaka road"
NTSA/RSN-0506,PAKIN ALICIA SACCO SOCIETY LTD,NTR-00126,False,"railways, dagoreti, kikuyu"
NTSA/RSN-0506,PAKIN ALICIA SACCO SOCIETY LTD,NTR-00104,False,"railways, kikuyu, dagoretti"
NTSA/RSN-0506,PAKIN ALICIA SACCO SOCIETY LTD,NTR-00667,False,"railways, kawangware,dagorretti,kikuyu, gikambura"
NTSA/RSN-0506,PAKIN ALICIA SACCO SOCIETY LTD,NTR-00201901141021120,False,"knh, dagoreti,kikuyu, limuru"
NTSA/RSN-0506,PAKIN ALICIA SACCO SOCIETY LTD,NTR-00202105240911050,False,"Railways, ngong rd karen dagoretti kawangware kikuyu, Limuru"
NTSA/RSN-0506,PAKIN ALICIA SACCO SOCIETY LTD,NTR-00201901070914160,False,"kenyatta, dagoretti,kikuyu, limuru"
NTSA/RSN-0506,PAKIN ALICIA SACCO SOCIETY LTD,ADR-MDMSMR5,False,"railways, dagoreti, kikuyu, limuru"
NTSA/RSN-0506,PAKIN ALICIA SACCO SOCIETY LTD,ADR-YM3SLAD,False,"railways, kawangware,kikuyu, dagoretti"
NTSA/RSN-0506,PAKIN ALICIA SACCO SOCIETY LTD,ADR-8LMSO6W,False,"railways, kikuyu, dagoreti"
NTSA/RSN-0506,PAKIN ALICIA SACCO SOCIETY LTD,ADR-ZZJSZWW,False,"railways, dagoretti,kawangware, kikuyu"
NTSA/RSN-0506,PAKIN ALICIA SACCO SOCIETY LTD,ADR-LZRSRVZ,False,"railways, kawangware, limuru"
NTSA/RSN-0506,PAKIN ALICIA SACCO SOCIETY LTD,ADR-O68I875,False,"railways, kikuyu,ngong road, dagoretti"
NTSA/RSN-0506,PAKIN ALICIA SACCO SOCIETY LTD,ADR-6DBSL7A,False,"kikuyu, gikambura, dagoreti"
NTSA/RSN-0506,PAKIN ALICIA SACCO SOCIETY LTD,ADR-WZ9S96A,False,"railways, dagoretti, kikuyu"
NTSA/RSN-01749,PALS MATATU SAVINGS AND CREDIT CO-OPERATIVE SOCIETY LIMITED,NTR-0042,False,"railways, yaya, kawangware"
NTSA/RSN-01749,PALS MATATU SAVINGS AND CREDIT CO-OPERATIVE SOCIETY LIMITED,NTR-00201907151554060,False,"railways, yaya,kawangware,riruta satelite, dagoretti market"
NTSA/RSN-3487,peja travellers limited,NTR-00202002270910280,False,"Saika, Kangundo rdDandoraOuteringBuruburuJerichoMaringoJogoo rdOtc, Temple rd"
NTSA/RSN-3487,peja travellers limited,ADR-EPJS7D5,False,"ALSOLPS,, OUTERING ROAD,, CITY CABANAS AND BACK"
NTSA/RSN-3487,peja travellers limited,ADR-POKS75Z,False,"jericho, maringo,jogoo road, temple road"
NTSA/RSN-3487,peja travellers limited,NTR-00202002270910280,False,"Saika, Kangundo rdDandoraOuteringBuruburuJerichoMaringoJogoo rdOtc, Temple rd"
NTSA/RSN-3487,peja travellers limited,ADR-EPJS7D5,False,"ALSOLPS,, OUTERING ROAD,, CITY CABANAS AND BACK"
NTSA/RSN-3487,peja travellers limited,ADR-POKS75Z,False,"jericho, maringo,jogoo road, temple road"
NTSA/RSN-0508,PEJO TECH COMPANY LTD,NTR-00741,True,"Bus Station, Jogoo rd Muthurwa Gikomba Kariokor Juja Rd OuteringRd Allsops Kariobangi dandora Moslem machakos mlolongo mombasa rd Cabanas EasternBypass Utawala Ruiru Roundabout kangundo rd ruai joska malaa tala Thika Makongeni kiskioni donyosabuk kilimambogo, Nyeri"
NTSA/RSN-0508,PEJO TECH COMPANY LTD,NTR-00114,False,"ronald ngala, kariobangi, dandora"
NTSA/RSN-0508,PEJO TECH COMPANY LTD,NTR-00357,False,"dandora, kariobangi round about,alsolps,thika road, ronald ngara"
NTSA/RSN-0508,PEJO TECH COMPANY LTD,ADR-9AKFR89,False,"dandora, juja road, ronald ngala"
NTSA/RSN-0510,PINPOINT SOLUTION (K) LTD,NTR-00202109291448350,True,"thika rd, bypass kangundo rd jogoo rd eastleigh juja rd gikomba alsops maringo jericho outering rd kamuluruiru OTC mombasa rd komarock muthurwa bus station kayole, Utawala"
NTSA/RSN-0510,PINPOINT SOLUTION (K) LTD,NTR-0047,False,"kayole, jogoo road,muthurwa, otc"
NTSA/RSN-0510,PINPOINT SOLUTION (K) LTD,NTR-00117,False,"kayole, juja road, gikomba"
NTSA/RSN-0510,PINPOINT SOLUTION (K) LTD,NTR-00439,False,"bus station, jogoo road,kayole, muthurwa"
NTSA/RSN-0510,PINPOINT SOLUTION (K) LTD,ADR-EPJSEOJ,False,"kayole, jogoo road, otc"
NTSA/RSN-0510,PINPOINT SOLUTION (K) LTD,ADR-2DVSRE2,False,"kayole, otc, jogoo road"
NTSA/RSN-0510,PINPOINT SOLUTION (K) LTD,ADR-K9BF6PW,False,"kayole, jogoo road, muthurwa, otc, mfangano"
NTSA/RSN-0510,PINPOINT SOLUTION (K) LTD,ADR-7WRS985,False,"kayole, gikomba, juja road"
NTSA/RSN-0510,PINPOINT SOLUTION (K) LTD,ADR-BQ9SQ96,False,"bus station, muthurwa, jogoo road, kayole, eastern bypass, utawala"
NTSA/RSN-0510,PINPOINT SOLUTION (K) LTD,ADR-REOSZAE,False,"kayole, komarocksmolemjuja road, eastleigh"
NTSA/RSN-0510,PINPOINT SOLUTION (K) LTD,ADR-MDMSJVR,False,"muthurwa, jogoo road, kayole"
NTSA/RSN-0513,prime  transcity limited,NTR-0048,False,"kayole, juja road,eastleigh, gikomba"
NTSA/RSN-0513,prime  transcity limited,NTR-00117,False,"kayole, juja road, gikomba"
NTSA/RSN-0513,prime  transcity limited,NTR-0047,False,"kayole, jogoo road,muthurwa, otc"
NTSA/RSN-0513,prime  transcity limited,NTR-00206,False,"kayole, umoja, outering, juja road, gikomba"
NTSA/RSN-0513,prime  transcity limited,NTR-0052,False,"kayole, umoja,outering,juja road, gikomba"
NTSA/RSN-0513,prime  transcity limited,NTR-00201907151558480,False,"kayole, komarock rd,juja rd, gikomba"
NTSA/RSN-0513,prime  transcity limited,ADR-MDMSMO6,False,"Kangundo rd, Kamulu Eastern bypass Cabanas Outering rd Tassia link Savannah Komarock Umoja komarock rd Heshima rd Jogoo rd Muthurwa Gikomba Eastleigh juja rd Mihango, Ruiru underpass"
NTSA/RSN-0513,prime  transcity limited,ADR-YM3SL58,False,"Kangundo rd, Kamulu Eastern bypass Cabanas Outering rd alsops Tassia link Savannah Komarock Umoja kayole komarock rd Heshima rd Jogoo rd otc Muthurwa Gikomba Eastleigh juja rd Mihango, Ruiru underpass"
NTSA/RSN-0513,prime  transcity limited,ADR-8LMSO95,False,"kayole, jogoo road, otc"
NTSA/RSN-0513,prime  transcity limited,ADR-ZZJSZR9,False,"kayole, komarocksmolemjuja road, eastleigh"
NTSA/RSN-0513,prime  transcity limited,ADR-LZRSRY7,False,"kayole, otc, jogoo road"
NTSA/RSN-0513,prime  transcity limited,ADR-O68I8PL,False,"kayole, gikomba,juja road, eastleigh"
NTSA/RSN-0513,prime  transcity limited,ADR-6DBSLZL,False,"kayole, otc,jogoo road, muthurwa"
NTSA/RSN-0513,prime  transcity limited,ADR-WZ9S9VL,False,"kayole, gikomba, juja road"
NTSA/RSN-0516,QUE SERVICES SAVINGS AND CREDIT CO-OPERATIVE SOCIETY LTD,NTR-00731,False,"huruma, eeastleigh, lunga lunga"
NTSA/RSN-0516,QUE SERVICES SAVINGS AND CREDIT CO-OPERATIVE SOCIETY LTD,ADR-K9BFBEY,True,"Huruma, Eastleigh, Jogoo road, Likoni road, Lunga lunga, Outering road, Green span, Cabanas Terminus, Mombasa rd"
NTSA/RSN-0516,QUE SERVICES SAVINGS AND CREDIT CO-OPERATIVE SOCIETY LTD,ADR-7WRS27O,True,"Huruma, Eastleigh, Jogoo roadlusaka rd enterprise rd, Likoni road, Lunga lunga, Outering road kangundo rd kamulu, Green span, Cabanas Terminus, Mombasa rd"
NTSA/RSN-0516,QUE SERVICES SAVINGS AND CREDIT CO-OPERATIVE SOCIETY LTD,ADR-BQ9SZ77,False,"huruma, eastleigh, jogoo road, likoni road, lunga lunga"
NTSA/RSN-0516,QUE SERVICES SAVINGS AND CREDIT CO-OPERATIVE SOCIETY LTD,ADR-REOSO8Z,False,"huruma, lunga lunga,eastleigh, jogoo road, likoni road"
NTSA/RSN-0516,QUE SERVICES SAVINGS AND CREDIT CO-OPERATIVE SOCIETY LTD,ADR-MDMSMKA,False,"huruma, lunga lunga, eeastleigh"
NTSA/RSN-0516,QUE SERVICES SAVINGS AND CREDIT CO-OPERATIVE SOCIETY LTD,ADR-YM3SLVL,False,"huruma, ronald ngala,juja, ngara"
NTSA/RSN-0516,QUE SERVICES SAVINGS AND CREDIT CO-OPERATIVE SOCIETY LTD,ADR-8LMSOJE,False,"huruma, ronald ngala,joskasaga, kariokor"
NTSA/RSN-02043,RAJ SAFARIS LIMITED,NTR-00202106161128210,False,"Railways, ngong rd kibera yaya kawangware dagoretti, kabiria"
NTSA/RSN-02043,RAJ SAFARIS LIMITED,NTR-00202107081548470,True,"tom mboya, mombasa rd utawala eastern bypass kamakis railways via thika rdngong rd kibera yaya kawangware dagoretti, kabiria"
NTSA/RSN-02043,RAJ SAFARIS LIMITED,NTR-0077,True,"Tom Mboya, Mombasa RdUtawala Eastern Bypass Kamakis Railways via Thika Rd Kibera Yaya Kawangware Dagoretti Kabiria Rongai Ngong Kiserian Isinya, Kitengela"
NTSA/RSN-4328,rasasi travellers limited,NTR-00201911081222270,False,"Bus station, Nyayo stadium,Langata,St marys,Rongai,Kiserian,Ngong,Karen,Dagoretti corner,Knh,Kileleshwa,Westlands,Museum road,Limuru rd, Ruaka"
NTSA/RSN-4328,rasasi travellers limited,NTR-00370,False,"bus station, kenyatta,mbagathi road,langata,otiende, st marys"
NTSA/RSN-4328,rasasi travellers limited,NTR-00201903041604540,False,"bus station, nyayo stadium,rongai,kiserian,ngong,karen,dagoretti corner, kenyatta hospital"
NTSA/RSN-4328,rasasi travellers limited,NTR-00201901141206210,False,"nyayo stadium, rongai,kiserian,ngong,karen,dagoreti corner, kenyatta hospital"
NTSA/RSN-4328,rasasi travellers limited,ADR-POKSO32,False,"bus station, knh,mbagathi way, langata,otiende, st.marys hospital"
NTSA/RSN-0523,REMBO SHUTTLE SAVINGS AND CREDIT SACCO LTD,NTR-00202008111552550,False,"Athi River, KitengelaKataniJoskaKangundo road, Koma Bus Park"
NTSA/RSN-0523,REMBO SHUTTLE SAVINGS AND CREDIT SACCO LTD,NTR-001098,True,"railways, athi river, kitengela, machakos"
NTSA/RSN-0523,REMBO SHUTTLE SAVINGS AND CREDIT SACCO LTD,NTR-001104,True,"railways, kitengela, athi river, machakos"
NTSA/RSN-0523,REMBO SHUTTLE SAVINGS AND CREDIT SACCO LTD,NTR-00202008171333500,False,"Cabanas, Kangundo road Ruai, Komarock stage"
NTSA/RSN-0523,REMBO SHUTTLE SAVINGS AND CREDIT SACCO LTD,NTR-00202008210840050,False,"Railways, Athi River Kitengela, Kajiado"
NTSA/RSN-0523,REMBO SHUTTLE SAVINGS AND CREDIT SACCO LTD,NTR-0020160526151433,True,"Railways, Jogoo rd Cabanas Kitengela Kajiado Athi River Machakos Katani Kangundo road Ruai Joska, Koma bus"
NTSA/RSN-0523,REMBO SHUTTLE SAVINGS AND CREDIT SACCO LTD,ADR-8LMSEKM,True,"Railways, Kitengela Kajiado Athi River Machakos Katani Cabanas Kangundo road Ruai Joska, Koma bus"
NTSA/RSN-0523,REMBO SHUTTLE SAVINGS AND CREDIT SACCO LTD,ADR-ZZJSQ8V,False,"railways, athi river, kitengela"
NTSA/RSN-0523,REMBO SHUTTLE SAVINGS AND CREDIT SACCO LTD,ADR-LZRSWDO,True,"railways, athiriver,kitengela, machakos"
NTSA/RSN-0523,REMBO SHUTTLE SAVINGS AND CREDIT SACCO LTD,ADR-O68I2KM,True,"railways, athiriver, kitengela, machakos"
NTSA/RSN-0523,REMBO SHUTTLE SAVINGS AND CREDIT SACCO LTD,ADR-6DBS8YD,False,"railways, kitengela, athi river"
NTSA/RSN-0523,REMBO SHUTTLE SAVINGS AND CREDIT SACCO LTD,ADR-WZ9SL29,True,"railways, machakos,athiriver, kitengela"
NTSA/RSN-0523,REMBO SHUTTLE SAVINGS AND CREDIT SACCO LTD,ADR-537HYLY,True,"railways, machakos,athiriver, kitengela"
NTSA/RSN-0523,REMBO SHUTTLE SAVINGS AND CREDIT SACCO LTD,ADR-A5AC2MV,True,"railways, kitengela, athiriver, machakos"
NTSA/RSN-1912,RISEN COMPANY LIMITED,NTR-00202009101618560,False,"Umoja innercore, KomarockSavannahOutering rdEmbakasiCabanasMombasa rdIndustrial areaEastern bypassUtawalaKangundo rdRuaiKomarock rdJuja rdEastleighJogoo rdMumias rdThika rdKahawa westCommercialRailwaysLangata rdOngata RongaiKiserianNgongKaren, Ngong rd"
NTSA/RSN-1912,RISEN COMPANY LIMITED,NTR-00417,True,"Subukia, Njoro Molo Mau Narok Kitale Eldoret Muhoroni Kericho Kakamega Kapsabet Malaba Bungoma Webuye Kisumu Kisii Narok Nakuru Nairobi Kangundo, Machakos"
NTSA/RSN-1912,RISEN COMPANY LIMITED,NTR-00202211071526240,True,"Kitui, KibweziMachakosKajiadoKangundoKangundo Rd NairobiKiambuThikaMurangaEmbuNyeriMeruNyahururuSubukiaNyandaruaNakuruNjoroMau -NarokKisiiMuhoroniKerichoKisumuBusiaMalabaKakamegaBungomaWebuyeEldoret, kitale"
NTSA/RSN-1912,RISEN COMPANY LIMITED,ADR-BQ9SPKR,True,"Shauri moyo, Jogoo rd Buruburu outering civil servant Umoja Kangundo rd kayole Soweto Komarock Savannah Embakasi Industrial area Eastern Bypass Mombasa rd Ktani Syokimau Mlolongo Kajiado Athi river Machakos Kangundo Outering rd Juja rd Eastleigh Kabirea SatelliteNrb Upperhill Moi Avenue Community Westlands Parklands Forest rd Thika rd Zimmerman 44 Kahawa West Ruiru, Thika(Makongeni)"
NTSA/RSN-1912,RISEN COMPANY LIMITED,ADR-REOSBDD,True,"Shauri moyo, Jogoo rd Buruburu Outering rdKangundo rd Umoja Innercore KomarockSavannah Embakasi Industrial Area Mombasa rd Katani Athi river Kitengela Eastern BypassUtawala KangundoKomarockrd Juja rd Eastleigh Thika rd ZimmermanKahawa WestJuja Commercial Langatard Mbagathi rd Ongata Rongai Karen Yaya Ngong rdKenyatta Community.GPO Moi Avenue, Railway"
NTSA/RSN-1912,RISEN COMPANY LIMITED,ADR-MDMSOW2,True,"Shauri moyo, Jogoo rd Buruburu Outering rdKangundo rd Umoja Innercore KomarockSavannah Embakasi Industrial Area Mombasa rd Katani Athi river Kitengela Eastern BypassUtawala KangundoKomarockrd Juja rd Eastleigh Thika rd ZimmermanKahawa WestJuja Commercial Langatard Mbagathi rd Ongata Rongai Kiserian Ngong Karen Yaya Ngong rdKenyatta Community.GPO Moi Avenue, Railway"
NTSA/RSN-1912,RISEN COMPANY LIMITED,ADR-YM3S5Z2,True,"Ronald Ngala, Jogoo rd Shauri Moyo Buruburu outering civil servant Umoja Kangundo rd kayole Soweto Komarock Savannah Embakasi Industrial area Eastern Bypass Mombasa rd Katani Syokimau Mlolongo Kajiado Athi river Machakos Kangundo Outering rd Juja rd Eastleigh Kabirea Satellite Nrb Upperhill Moi Avenue Community Westlands Parklands Forest rd Thika rd Zimmerman 44 Kahawa West Ruiru, Thika (Makongeni)"
NTSA/RSN-1912,RISEN COMPANY LIMITED,ADR-8LMS9A3,True,"Ronald Ngala, Tom Mboya Jogoo rd Shauri Moyo Buruburu outering civil servant Umoja Kangundo rd kayole Soweto Komarock Savannah Embakasi Industrial area Eastern Bypass Mombasa rd Katani Syokimau Mlolongo Kajiado Athi river Machakos Kangundo Outering rd Juja rd Eastleigh Kabiria Satellite Nrb Upperhill Moi Avenue Community Westlands Parklands Forest rd Thika rd Zimmerman 44 Kahawa West Ruiru, Thika (Makongeni)"
NTSA/RSN-1912,RISEN COMPANY LIMITED,ADR-ZZJSRPE,True,"Ronald Ngala, Jogoo rd Shauri Moyo Buruburu outering civil servant Umoja Kangundo rd kayole Soweto Komarock Savannah Embakasi Industrial area Eastern Bypass Mombasa rd Katani Syokimau Mlolongo Kajiado Athi river Machakos Kangundo Outering rd Juja rd Eastleigh Kabirea Satellite Nrb Upperhill Moi Avenue Community Kikuyu Westlands Parklands Forest rd Thika rd Kasarani Mwiki Zimmerman 44 Kahawa West Ruiru, Thika (Makongeni)"
NTSA/RSN-1912,RISEN COMPANY LIMITED,,True,"Ronald ngala - Komarock, Embakasi,Kayole, Soweto ,Umoja, Buru buru,imara daima, outering, civil servant , juja rd, eastleigh, bus station, tom mboya ,Mfangano street/Lane, Industrial area,Mombasa rd, Utawala, Eastern by pass,Kangundo, Machakos, Kitengela, Athiriver,Katani, Syokimau,Ngong rd, Karen, Ngong, Ongata Rongai, Kabiria, Yaya, Kawangware, Ngumo, Mbagathi way, Langata, satellite,GPO,upper hill, KNH, Moi avenue, Ambassadeur, Community, Commercial,Accra rd, Temple road, Westlands, Kikuyu,parklands,forest rd,thika rd, Kasarani,Mwiki, Zimmerman,44 kahawa west,Ruiru,Juja,Thika - makongeni and back- Ronald ngala - Komarock, Embakasi,Kayole, Soweto ,Umoja, Buru buru,imara daima, outering, civil servant , juja rd, eastleigh, bus station, tom mboya ,Mfangano street/Lane, Industrial area,Mombasa rd, Utawala, Eastern by pass,Kangundo, Machakos, Kitengela, Athiriver,Katani, Syokimau,Ngong rd, Karen, Ngong, Ongata Rongai, Kabiria, Yaya, Kawangware, Ngumo, Mbagathi way, Langata, satellite,GPO,upper hill, KNH, Moi avenue, Ambassadeur, Community, Commercial,Accra rd, Temple road, Westlands, Kikuyu,parklands,forest rd,thika rd, Kasarani,Mwiki, Zimmerman,44 kahawa west,Ruiru,Juja,Thika - makongeni and back - Ronald ngala - Komarock, Embakasi,Kayole, Soweto ,Umoja, Buru buru,imara daima, outering, civil servant , juja rd, eastleigh, bus station, tom mboya ,Mfangano street/Lane, Industrial area,Mombasa rd, Utawala, Eastern by pass,Kangundo, Machakos, Kitengela, Athiriver,Katani, Syokimau,Ngong rd, Karen, Ngong, Ongata Rongai, Kabiria, Yaya, Kawangware, Ngumo, Mbagathi way, Langata, satellite,GPO,upper hill, KNH, Moi avenue, Ambassadeur, Community, Commercial,Accra rd, Temple road, Westlands, Kikuyu,parklands,forest rd,thika rd, Kasarani,Mwiki, Zimmerman,44 kahawa west,Ruiru,Juja,Thika - makongeni and back"
NTSA/RSN-0527,ROG TRAVELLERS SAVINGS AND CREDIT COOPERATIVE SOCIETY LTD,NTR-00201911291552040,False,"Nairobi Cbd, Bus stationLangata shopping centreVia Langata rd, Otiende"
NTSA/RSN-0527,ROG TRAVELLERS SAVINGS AND CREDIT COOPERATIVE SOCIETY LTD,NTR-00202107071442490,False,"Gikomba, eastleigh umoja buruburu jerusalem, kimathi estate"
NTSA/RSN-0527,ROG TRAVELLERS SAVINGS AND CREDIT COOPERATIVE SOCIETY LTD,NTR-00776,True,"Gill House, Jogoo Rd Buruburu Umoja Outering Rd Juja Rd Ojijo Rd via Westlands Mombasa Rd City Cabanas, Pipeline"
NTSA/RSN-0527,ROG TRAVELLERS SAVINGS AND CREDIT COOPERATIVE SOCIETY LTD,NTR-00202203011351100,True,"Gill House, Jogoo Rd Donholm Savanna Greenspan Buruburu Umoja Kangundo Rd Outering Rd Juja Rd Ojijo Rd via Westlands Mombasa Rd City Cabanas, Pipeline"
NTSA/RSN-0527,ROG TRAVELLERS SAVINGS AND CREDIT COOPERATIVE SOCIETY LTD,ADR-DB3TOO5,True,"Gill House, Jogoo Rd DonholmSavanna GreenspanBuruburuUmojaOutering Rd Juja Rd Ojijo Rd via Westlands Mombasa Rd City Cabanas, Pipeline"
NTSA/RSN-0527,ROG TRAVELLERS SAVINGS AND CREDIT COOPERATIVE SOCIETY LTD,ADR-3ZQS22L,False,"gill house, jogoo road,buruburu, outering"
NTSA/RSN-0527,ROG TRAVELLERS SAVINGS AND CREDIT COOPERATIVE SOCIETY LTD,ADR-JY7S77Z,False,"luthuli avenue, kariokor, eastleigh"
NTSA/RSN-0527,ROG TRAVELLERS SAVINGS AND CREDIT COOPERATIVE SOCIETY LTD,ADR-POKSKKO,False,"gillhouse, muthurwa,jogoo road,buruburu, civilservant"
NTSA/RSN-0527,ROG TRAVELLERS SAVINGS AND CREDIT COOPERATIVE SOCIETY LTD,ADR-VYASAAA,False,"gill house, outering,jogoo road, buruburu"
NTSA/RSN-0527,ROG TRAVELLERS SAVINGS AND CREDIT COOPERATIVE SOCIETY LTD,ADR-Q5LCLLB,False,"gillhouse, civilservant,muthurwa,jogoo road, buruburu"
NTSA/RSN-0527,ROG TRAVELLERS SAVINGS AND CREDIT COOPERATIVE SOCIETY LTD,ADR-EPJSJJL,False,"luthuli avenue, eastleigh, kariokor"
NTSA/RSN-0529,RONGAO SAVING AND CREDIT COOPERATIVE SOCIETY LIMITED,NTR-0095,False,"railways, rongai,kiserian, ngong"
NTSA/RSN-0529,RONGAO SAVING AND CREDIT COOPERATIVE SOCIETY LIMITED,NTR-00138,False,"kiserian, magadi road,langata road,mbagathi road,knh, railways"
NTSA/RSN-0529,RONGAO SAVING AND CREDIT COOPERATIVE SOCIETY LIMITED,ADR-LZRSR32,False,"railways, mbagathi way,ongata rongai, kiserian"
NTSA/RSN-0529,RONGAO SAVING AND CREDIT COOPERATIVE SOCIETY LIMITED,ADR-O68I8LQ,False,"ngong, kiserian, magandi"
NTSA/RSN-0529,RONGAO SAVING AND CREDIT COOPERATIVE SOCIETY LIMITED,ADR-6DBSLD2,False,"railways, ngong,rongai, kiserian"
NTSA/RSN-0529,RONGAO SAVING AND CREDIT COOPERATIVE SOCIETY LIMITED,ADR-WZ9S937,False,"nairobi, kiserian, magadi"
NTSA/RSN-0529,RONGAO SAVING AND CREDIT COOPERATIVE SOCIETY LIMITED,ADR-537HWO8,False,"railways, kiserian,mbagathi way, ongata rongai"
NTSA/RSN-0529,RONGAO SAVING AND CREDIT COOPERATIVE SOCIETY LIMITED,ADR-A5AC875,False,"kiserian, railways,magadi road,langata road,mbagathi road, knh"
NTSA/RSN-0529,RONGAO SAVING AND CREDIT COOPERATIVE SOCIETY LIMITED,ADR-9AKFRWK,False,"railways, knh,mbagathi way,rongai, kiserian"
NTSA/RSN-0529,RONGAO SAVING AND CREDIT COOPERATIVE SOCIETY LIMITED,ADR-DB3TO35,False,"railways, ongata rongai, kiserian"
NTSA/RSN-0532,ROYAL SWIFT EXPRESS LIMITED,NTR-00202002051608010,False,"Embakasi, Jogoo rdMombasa rdCabanasOutering rdAlsops, Accra rd"
NTSA/RSN-0532,ROYAL SWIFT EXPRESS LIMITED,ADR-6DBSW36,True,"accra rd, mombasa rd cabanas outering rdembakasi likoni rdenterprise rd jogoo rd juja rdthika rd mathare north, Alsops"
NTSA/RSN-0532,ROYAL SWIFT EXPRESS LIMITED,ADR-WZ9SW8K,True,"accra rd, mombasa rd cabanas Kitengela outering rd embakasi Kangundo Rd Utawala Eastern Bypass likoni rd enterprise rd jogoo rd Muranga Rd juja rd thika rd mathare north, Alsops"
NTSA/RSN-0532,ROYAL SWIFT EXPRESS LIMITED,ADR-537H6PR,False,"accra rd, jogoo rd, embakasi"
NTSA/RSN-0532,ROYAL SWIFT EXPRESS LIMITED,ADR-A5ACLY6,False,"emabakasi, jogoo road, accra road"
NTSA/RSN-0532,ROYAL SWIFT EXPRESS LIMITED,ADR-9AKFAB5,True,"accra road, mombasa road, embakasi"
NTSA/RSN-0532,ROYAL SWIFT EXPRESS LIMITED,ADR-DB3TBLD,False,"emabakasi, accra road, jogoo road"
NTSA/RSN-0533,RUKAGINA 44 SACCO,NTR-00202107221159520,False,"Commercial, Ronald ngala Zimmermankiambugithuraikahawa westoutering roadnorthern bypasseastern bypassruiruthika, Makongeni"
NTSA/RSN-0533,RUKAGINA 44 SACCO,NTR-00201901151134190,False,"ronald ngala, zimmerman,githurai,kahawawest,northern bypass,ruiru, thika"
NTSA/RSN-0533,RUKAGINA 44 SACCO,NTR-00201908081513360,False,"ronald ngala, kiambu rd,nothern bypass,ruiru, thika"
NTSA/RSN-0533,RUKAGINA 44 SACCO,ADR-O68IMW2,False,"ronald ngala, githurai , kahawa west"
NTSA/RSN-0533,RUKAGINA 44 SACCO,ADR-6DBS97Z,False,"commercial, zimmerman, kahawawest, ruiru"
NTSA/RSN-0533,RUKAGINA 44 SACCO,ADR-WZ9SE62,False,"ronald ngala, zimmerman, kahawa west"
NTSA/RSN-0533,RUKAGINA 44 SACCO,ADR-537HBK9,False,"ronald ngala, kahawa west, githurai"
NTSA/RSN-0533,RUKAGINA 44 SACCO,ADR-A5ACKB9,False,"ronald ngala, kahawa west, zimmerman"
NTSA/RSN-0534,RUKINE TRAVELLERS SAVINGS AND CREDIT CO-OPERATVE SOCIETY LIMITED,NTR-00229,False,"nairobi, ruiru, thika"
NTSA/RSN-0534,RUKINE TRAVELLERS SAVINGS AND CREDIT CO-OPERATVE SOCIETY LIMITED,NTR-00202102171148440,False,"Ruiru, Nembu Kigongo Gitwe Gachika, Mundoro"
NTSA/RSN-0534,RUKINE TRAVELLERS SAVINGS AND CREDIT CO-OPERATVE SOCIETY LIMITED,NTR-00202107070954180,False,"Nairobi, thika ruiru nembu kigumo gitare gachika mundoro nyanduma gatamaiyu, kimende"
NTSA/RSN-0534,RUKINE TRAVELLERS SAVINGS AND CREDIT CO-OPERATVE SOCIETY LIMITED,NTR-00964,False,"nairobi, thika, ruiru, kigumo"
NTSA/RSN-0534,RUKINE TRAVELLERS SAVINGS AND CREDIT CO-OPERATVE SOCIETY LIMITED,ADR-EPJSJEL,False,"nairobi, thika , ruiru, gachika"
NTSA/RSN-0534,RUKINE TRAVELLERS SAVINGS AND CREDIT CO-OPERATVE SOCIETY LIMITED,,False,"Nairobi - Ruiru,Thika,Gatundu,Kiganjo,Mundoro,Githunguri,Kagwe,Nembu,Kigumo,Gitare,Gachika,Gatamaiyu,Nyanduma - kimende and back- Nairobi - Ruiru,Thika,Gatundu,Kiganjo,Mundoro,Githunguri,Kagwe,Nembu,Kigumo,Gitare,Gachika,Gatamaiyu,Nyanduma - kimende and back - Nairobi - Ruiru,Thika,Gatundu,Kiganjo,Mundoro,Githunguri,Kagwe,Nembu,Kigumo,Gitare,Gachika,Gatamaiyu,Nyanduma - kimende and back"
NTSA/RSN-0536,RUNKA SERVICES COOPERATIVE SAVINGS AND CREDIT SOCIETY LTD,NTR-00202006091055510,False,"Odeon, HighridgePanganiBypassGithogoroRuakaLimururdNdenderuKaruraWangigeKikuyuKiambuRuiruJujaJuja farm, Thika"
NTSA/RSN-0536,RUNKA SERVICES COOPERATIVE SAVINGS AND CREDIT SOCIETY LTD,NTR-001288,False,"Odeon, BypassGithogoroRuakaKarura gachie via waiyaki way kikuyu peponi rd banana kabuku limuru tigoni kimende kijabe ikinu githunguri kwa maiko rioki thome ngumba alsops kariobangi, thika"
NTSA/RSN-0536,RUNKA SERVICES COOPERATIVE SAVINGS AND CREDIT SOCIETY LTD,NTR-00201912270805250,False,"Odeon, HighridgePanganiBypassGithogoroRuakaLimuru rdNdenderuKaruraWanginge, Kikuyu"
NTSA/RSN-0536,RUNKA SERVICES COOPERATIVE SAVINGS AND CREDIT SOCIETY LTD,ADR-REOSLL9,False,"odeon, highridge, pangani, ruaka, ndenderu"
NTSA/RSN-0536,RUNKA SERVICES COOPERATIVE SAVINGS AND CREDIT SOCIETY LTD,ADR-MDMSAM9,False,"odeon, pangani, highridge, karura, rwaka, ndenderu"
NTSA/RSN-0536,RUNKA SERVICES COOPERATIVE SAVINGS AND CREDIT SOCIETY LTD,ADR-YM3SELZ,False,"odeon, bypass,githogoro,ruaka,karura, kikuyu"
NTSA/RSN-0536,RUNKA SERVICES COOPERATIVE SAVINGS AND CREDIT SOCIETY LTD,ADR-8LMSVOQ,False,"odeon, highridge, pangani, ndenderu"
NTSA/RSN-0536,RUNKA SERVICES COOPERATIVE SAVINGS AND CREDIT SOCIETY LTD,ADR-ZZJS2ZY,False,"odeon, ndenderu,highridge, pangani, ruaka"
NTSA/RSN-0537,RWAKEN INVESTMENTS LIMITED,NTR-001253,False,"within kenya, within kenya, within kenya"
NTSA/RSN-0537,RWAKEN INVESTMENTS LIMITED,NTR-00948,False,"nairobi, within, nairobi"
NTSA/RSN-0537,RWAKEN INVESTMENTS LIMITED,ADR-WZ9SW79,False,"within, , kenya"
NTSA/RSN-0537,RWAKEN INVESTMENTS LIMITED,ADR-537H6RY,False,railwaysmsardathiriverkitengela
NTSA/RSN-0537,RWAKEN INVESTMENTS LIMITED,ADR-A5ACLRV,True,"accra road, mombasa road, embakasi"
NTSA/RSN-0537,RWAKEN INVESTMENTS LIMITED,ADR-9AKFAMQ,False,"nairobi, within, within"
NTSA/RSN-02025,RWARE TRAVELLERS SACCO,NTR-00202101181115420,True,"Kangemi, Nyeri town, Ruringu"
NTSA/RSN-02025,RWARE TRAVELLERS SACCO,NTR-00202101181117300,True,"Kangemi, Nyeri town, Kamakwa"
NTSA/RSN-4063,SAFELINE MATATU SOCCO SOCIETY LIMITED,NTR-00201901070914160,False,"kenyatta, dagoretti,kikuyu, limuru"
NTSA/RSN-4063,SAFELINE MATATU SOCCO SOCIETY LIMITED,ADR-MDMSMR5,False,"railways, dagoreti, kikuyu, limuru"
NTSA/RSN-4063,SAFELINE MATATU SOCCO SOCIETY LIMITED,ADR-JY7S2EV,False,"nairobi, ndeiya, limuru"
NTSA/RSN-02033,SALTY BIZADA INVESTMENT LIMITED,ADR-WZ9SDQL,True,"Ronald Ngala, tom mboya moi avenue mombasa rd cabanas utawala ruai njiru umoja innercore jogoo rd lunga lunga bahati juja rd kariobangi eastleigh kariokor fig tree thika rd, Alsops"
NTSA/RSN-02033,SALTY BIZADA INVESTMENT LIMITED,ADR-537HQ72,True,"Ronald Ngala, tom mboya moi avenue mombasa rd cabanas utawala ruai njiru umoja innercore jogoo rd lunga lunga industrial area likoni bahati juja rd kariobangi eastleigh kariokor fig tree thika rd, Alsops"
NTSA/RSN-02033,SALTY BIZADA INVESTMENT LIMITED,ADR-A5ACPQM,True,"Umoja innecore, jogoo rd savannah Enterprise rd Imara Daima mombasa rd bunyala road upperhill Ngong rd Dagoretti corner Naivasha rd uthiru kangemi Waiyaki way Westlands Moi Avenue Ronald Ngala parklandsThika rd Eastern bypass RuiruThika, makongeni"
NTSA/RSN-02042,SALTY INVESTMENTS LIMITED,NTR-00202106141134550,False,"ongata rongai, bomas railways, Kitengela"
NTSA/RSN-02042,SALTY INVESTMENTS LIMITED,NTR-00202105240924590,False,"Railways, langata rdbomas ongata rongai, kitengela"
NTSA/RSN-02042,SALTY INVESTMENTS LIMITED,NTR-00202211071511110,False,"Ngong, Kiserian Rongai Gataka Rd Bomas Langata Railways Jogoo Rd Kangundo Rd Komarock via Umoja, Kitengela"
NTSA/RSN-6455,SALTY SUPPORTERS INVESTMENT LIMITED,NTR-00202101191051190,False,"Ronald Ngala, Fig tree Thika rd Alsops Outering rd Cabanas Utawala Ruai, Kangundo rd"
NTSA/RSN-6455,SALTY SUPPORTERS INVESTMENT LIMITED,NTR-00201812211111140,False,"ronald ngara, jogoo rd,umoja innercore,saika, mowlem"
NTSA/RSN-6455,SALTY SUPPORTERS INVESTMENT LIMITED,ADR-EPJS7D5,False,"ALSOLPS,, OUTERING ROAD,, CITY CABANAS AND BACK"
NTSA/RSN-6455,SALTY SUPPORTERS INVESTMENT LIMITED,ADR-2DVSPW3,False,"ALSOLPS,, DANDORA,, RUAI,, MALAA AND BACK"
NTSA/RSN-0547,SERIAN SAVINGS AND CREDIT CO-OPERATIVE SOCIETY LTD,NTR-00138,False,"kiserian, magadi road,langata road,mbagathi road,knh, railways"
NTSA/RSN-0547,SERIAN SAVINGS AND CREDIT CO-OPERATIVE SOCIETY LTD,ADR-MDMSM3A,False,"Railways, kiserian, Isinya"
NTSA/RSN-0547,SERIAN SAVINGS AND CREDIT CO-OPERATIVE SOCIETY LTD,ADR-YM3SLOL,False,"railways, mbagathi way,ongata rongai, kiserian"
NTSA/RSN-0547,SERIAN SAVINGS AND CREDIT CO-OPERATIVE SOCIETY LTD,ADR-8LMSODE,False,"railways, ongata rongai, kiserian"
NTSA/RSN-0547,SERIAN SAVINGS AND CREDIT CO-OPERATIVE SOCIETY LTD,ADR-ZZJSZ7R,False,"railways, kiserian, ongata rongai"
NTSA/RSN-0547,SERIAN SAVINGS AND CREDIT CO-OPERATIVE SOCIETY LTD,ADR-LZRSRJD,False,"nairobi, kiserian, magadi"
NTSA/RSN-0547,SERIAN SAVINGS AND CREDIT CO-OPERATIVE SOCIETY LTD,ADR-O68I8J6,False,"railways, kiserian,mbagathi way, ongata rongai"
NTSA/RSN-0547,SERIAN SAVINGS AND CREDIT CO-OPERATIVE SOCIETY LTD,ADR-6DBSLJV,False,"railways, kiserian,knh,mbagathi way, rongai"
NTSA/RSN-0547,SERIAN SAVINGS AND CREDIT CO-OPERATIVE SOCIETY LTD,ADR-WZ9S9R5,False,"railways, knh,mbagathi way,rongai, kiserian"
NTSA/RSN-0547,SERIAN SAVINGS AND CREDIT CO-OPERATIVE SOCIETY LTD,ADR-537HW8K,False,"railways, kiserian, ngong, Nairobi - Ngong via Karen - Kiserian and back"
NTSA/RSN-0547,SERIAN SAVINGS AND CREDIT CO-OPERATIVE SOCIETY LTD,,False,Nairobi - Ngong via Karen - Kiserian and back - Nairobi - Ngong via Karen - Kiserian and back
NTSA/RSN-0548,seven city shuttle limited,ADR-JY7SL62,True,"nairobi, athi river , kitengela, machakos"
NTSA/RSN-0548,seven city shuttle limited,ADR-POKSREA,True,"railways, machakos,athiriver, kitengela"
NTSA/RSN-01767,SINGLE LINE SERVICES LIMITED,NTR-00202109201132040,True,"katani, mlolongo mombasa rd hazina enterprise rd GPO ambassador, hakati"
NTSA/RSN-01767,SINGLE LINE SERVICES LIMITED,ADR-JY7S2Y8,False,"south b, gpo, ambassador, hazina estate"
NTSA/RSN-01767,SINGLE LINE SERVICES LIMITED,ADR-POKS52J,False,"south b, gpo, ambassador, hazina estate"
NTSA/RSN-01767,SINGLE LINE SERVICES LIMITED,ADR-VYASPYM,False,"bus station, south b, hazina"
NTSA/RSN-1900,SMOKE CITY SACCO LIMITED,NTR-001102,True,"Nairobi, Kitengela, Machakos, Makueni"
NTSA/RSN-1900,SMOKE CITY SACCO LIMITED,NTR-00381,True,"nairobi, machakos, Wote"
NTSA/RSN-1900,SMOKE CITY SACCO LIMITED,NTR-00202009301656280,True,"Nairobi, KitengelaKajiado, Namanga"
NTSA/RSN-1900,SMOKE CITY SACCO LIMITED,ADR-8LMS9RZ,True,"city cabanas, machakos, Wote"
NTSA/RSN-0563,SNOWBALL SACCO SOCIETY LTD,NTR-00138,False,"kiserian, magadi road,langata road,mbagathi road,knh, railways"
NTSA/RSN-0563,SNOWBALL SACCO SOCIETY LTD,NTR-00724,True,"Railways, KNH,, Mbagathi,, Langata road,, Rongai,, Kiserian,, Namanga and back"
NTSA/RSN-0563,SNOWBALL SACCO SOCIETY LTD,ADR-O68IMV7,True,"Railways, KNH ngong rd kawangware ndonyo karen kibera langata rd hardy gataka rd ongata rongai kiserian isinya namanga kitengela, Mombasa rd"
NTSA/RSN-0563,SNOWBALL SACCO SOCIETY LTD,ADR-6DBS9W7,False,"Railways, Athi River, Kitengela"
NTSA/RSN-0563,SNOWBALL SACCO SOCIETY LTD,ADR-WZ9SEWJ,False,"railways, knh,mbagathi way,rongai, kiserian"
NTSA/RSN-0563,SNOWBALL SACCO SOCIETY LTD,ADR-537HBBV,False,"railways, mbagathi way,ongata rongai, kiserian"
NTSA/RSN-0563,SNOWBALL SACCO SOCIETY LTD,ADR-A5ACKKE,False,"railways, ongata rongai, kiserian"
NTSA/RSN-0563,SNOWBALL SACCO SOCIETY LTD,ADR-9AKFJJV,False,"railways, kiserian, ongata rongai"
NTSA/RSN-019122,SONY CLASSIC SHUTTLE EAST AFRICA LIMITED,NTR-00202104201026350,False,"Juja, Ruiru Eastern bypass Commercial Kikuyu Mutarakwa Thigio Limuru Githunguri Kiambu Wangige, Ruaka"
NTSA/RSN-019122,SONY CLASSIC SHUTTLE EAST AFRICA LIMITED,NTR-00202104290903280,False,"Eastern by pass, Ruiru JujaRuaka Kiambu Githunguri Thigio Wangige Mutarakwa Limuru, kikuyu"
NTSA/RSN-019122,SONY CLASSIC SHUTTLE EAST AFRICA LIMITED,ADR-9AKFOOQ,False,"commercial, kiambu, githunguri"
NTSA/RSN-019122,SONY CLASSIC SHUTTLE EAST AFRICA LIMITED,NTR-00202104201026350,False,"Juja, Ruiru Eastern bypass Commercial Kikuyu Mutarakwa Thigio Limuru Githunguri Kiambu Wangige, Ruaka"
NTSA/RSN-019122,SONY CLASSIC SHUTTLE EAST AFRICA LIMITED,NTR-00202104290903280,False,"Eastern by pass, Ruiru JujaRuaka Kiambu Githunguri Thigio Wangige Mutarakwa Limuru, kikuyu"
NTSA/RSN-019122,SONY CLASSIC SHUTTLE EAST AFRICA LIMITED,ADR-9AKFOOQ,False,"commercial, kiambu, githunguri"
NTSA/RSN-0566,SOUTH B MATATU OWNERS SACCO SOCIETY LTD,NTR-00201910291437530,True,"Bus station, South b,Hazina,Mombasa rd, Machakos"
NTSA/RSN-0566,SOUTH B MATATU OWNERS SACCO SOCIETY LTD,NTR-00202105241245440,True,"Bus Station, mombasa rd south b south c jogoo rd eastleigh juja rd thika rd outering rd embakasi utawala kangundo rd ruai, Machakos"
NTSA/RSN-0566,SOUTH B MATATU OWNERS SACCO SOCIETY LTD,ADR-EPJSY5D,False,"bus station, hazina, south b"
NTSA/RSN-0566,SOUTH B MATATU OWNERS SACCO SOCIETY LTD,ADR-2DVS53V,False,"bus station, south b, hazina"
NTSA/RSN-0566,SOUTH B MATATU OWNERS SACCO SOCIETY LTD,ADR-K9BFV5A,False,"bus station, south b, hazina"
NTSA/RSN-0566,SOUTH B MATATU OWNERS SACCO SOCIETY LTD,ADR-7WRSZJL,False,"bus station, hazina, south b"
NTSA/RSN-02030,SOUTHLEIGH S LIMITED,ADR-537HQE2,True,"Ngara fig tree, Kariokor Juja rd GikombaEastleigh Kiambiu Jericho Buruburu Alsops Outering rd Cabanas Mombasa rd Nyayo round about Lusaka rd Likoni rd Muthurwa Jogoo rd Savannah Umoja Saika Mowlem Civil servants eastern bypass utawala, Kangundo rd"
NTSA/RSN-02030,SOUTHLEIGH S LIMITED,ADR-A5ACP5M,True,"Commercial, OTC south c south b enterprise rd ngara fig tree juja rd eastleigh alsops outering rd mombasa rd cabanas jogoo rd muthurwa lusaka rd likoni rd lungalunga rd umoja saika mowlem civil servant utawala eastern bypass kangundo rd jericho maringo greenspan kiambio gikomba buruburu mlolongo katani koma hills, Machakos"
NTSA/RSN-02030,SOUTHLEIGH S LIMITED,,True,"Commercial - Eastleigh,Jogoo rd,Buruburu,Jericho,Komarock,Spine rd,Saika,Umoja,Outering rd,Kangundo rd,Utawala,75 rd,Mombasa rd,South c,Mai Mahiu - Deep west and back- Commercial - Eastleigh,Jogoo rd,Buruburu,Jericho,Komarock,Spine rd,Saika,Umoja,Outering rd,Kangundo rd,Utawala,75 rd,Mombasa rd,South c,Mai Mahiu - Deep west and back - Commercial - Eastleigh,Jogoo rd,Buruburu,Jericho,Komarock,Spine rd,Saika,Umoja,Outering rd,Kangundo rd,Utawala,75 rd,Mombasa rd,South c,Mai Mahiu - Deep west and back"
NTSA/RSN-8117,SOUTHLEIGH SAVINGS AND CREDIT COOPERATIVE SOCIETY LIMITED,NTR-00202003161550390,False,"Kariokor, GikombaEastleighJerichoBuruburuOutering rdCabanasMombasa rdNyayo roundaboutLusaka rdMuthurwaJogoordSavannahUmoja, Saika"
NTSA/RSN-8117,SOUTHLEIGH SAVINGS AND CREDIT COOPERATIVE SOCIETY LIMITED,ADR-2DVSDV3,True,"Ngara fig tree, Kariokor Juja rd GikombaEastleigh Kiambiu Jericho Buruburu Alsops Outering rd Cabanas Mombasa rd Nyayo round about Lusaka rd Likoni rd Muthurwa Jogoo rd Savannah Umoja Saika Mowlem Civil servants eastern bypass utawala, Kangundo rd"
NTSA/RSN-8117,SOUTHLEIGH SAVINGS AND CREDIT COOPERATIVE SOCIETY LIMITED,ADR-K9BFZQY,False,"kariokor, gikomba,eastleigh,jericho,buruburu,outeringroad, cabanas"
NTSA/RSN-5361,SOWETAMU TRAVELLERS SACCO,NTR-00201911080923280,True,"Thika, Ruiru,Eastern Bypass,Mihango,Kayole junction,soweto,Tajmall,Cabanas,Machakos, Wote"
NTSA/RSN-5361,SOWETAMU TRAVELLERS SACCO,NTR-00133,True,"Kenol, Thika Ruiru Eastern Bypass Jogoo Rd Mihango Kayole Junction Soweto Taj mall Mombasa Rd Machakos Wote Kibwezi, Kitui"
NTSA/RSN-5361,SOWETAMU TRAVELLERS SACCO,NTR-001152,False,"isinya, kitengela athi river syokimau jkia utawala ruai malaa kangundo rd kangundo umoja innercore outering rd dandora kariobangi huruma buruburu jogoo rdkencom rongai kiserian ngong hardy knh kibera kawangware kikuyu waiyaki way thika rd, thika"
NTSA/RSN-5361,SOWETAMU TRAVELLERS SACCO,NTR-00201812271114480,True,"kayole junction, soweto,taj mall,cabanas,machakos, wote"
NTSA/RSN-5361,SOWETAMU TRAVELLERS SACCO,ADR-3ZQS3YE,True,"Thika, Ruiru Gatanga Njambini, Naivasha"
NTSA/RSN-0572,ST. MARYS TRANSPORT SACCO SOCIETY,NTR-00857,False,"NAIROBI, KISERIAN, MAGADI AND BACK"
NTSA/RSN-0572,ST. MARYS TRANSPORT SACCO SOCIETY,NTR-00202108060801500,True,"Bus Station, city stadium lusaka rd enterprise rd likoni rd jogoo rd kangundo rd via eastern bypass mombasa rd langata rd kungu karumba rd ngong rd karen dagoretti yaya centre limuru rd, Ruaka"
NTSA/RSN-0572,ST. MARYS TRANSPORT SACCO SOCIETY,NTR-0020181211134410497,False,"Bus station, Kencom,GPO,KNH,Adams arcade,Karen,Ngong,Matasia,Kiseriani,Rongai,Bomas,Langata road, Kiserian"
NTSA/RSN-0572,ST. MARYS TRANSPORT SACCO SOCIETY,NTR-00370,False,"bus station, kenyatta,mbagathi road,langata,otiende, st marys"
NTSA/RSN-0572,ST. MARYS TRANSPORT SACCO SOCIETY,NTR-00202007021132300,False,"Bus Station, KNHMbagathi WayLangataRongai, Kiserian"
NTSA/RSN-0572,ST. MARYS TRANSPORT SACCO SOCIETY,ADR-3ZQS2AL,False,"bus station, knh,mbagathi way, langata,otiende, st.marys hospital"
NTSA/RSN-0572,ST. MARYS TRANSPORT SACCO SOCIETY,ADR-JY7S73Z,False,"bus station, st marys,kenyatta,mbagathi road,langata, otiende"
NTSA/RSN-0572,ST. MARYS TRANSPORT SACCO SOCIETY,ADR-POKSKOO,False,"bus station, otiende,knh, mbagathi way, langata"
NTSA/RSN-0572,ST. MARYS TRANSPORT SACCO SOCIETY,ADR-VYASALA,False,"bus station, st.marys hospital,knh,mbagathi way, langata, otiende"
NTSA/RSN-0573,STAHITO  COMMUTER  SERVICES CO. LIMITED,NTR-00202105241240410,True,"Kitengela, mombasa rd cabanas eastern bypass kangundo rd ruai kamulu outering rd kwa njenga lungalunga rd likoni industrial area lusaka rd bus station/muthurwa railways mbagathi rd langata rd bomas jogoo rd eastleigh(biafra)alsops wangige ruaka ruiru via thika, Muranga"
NTSA/RSN-0573,STAHITO  COMMUTER  SERVICES CO. LIMITED,NTR-001405,True,"otc, industrial area,jogoo rd,likoni rd,mombasa rd, kitengela"
NTSA/RSN-0573,STAHITO  COMMUTER  SERVICES CO. LIMITED,NTR-00563,False,"bus station, lusaka road,enterprise road,industrial area,general motors, mukuru kwa njenga"
NTSA/RSN-0573,STAHITO  COMMUTER  SERVICES CO. LIMITED,ADR-YM3S8ML,True,"Muthurwa, Jogoo road Likoni road Industrial AreaLusaka rd mombasa roadKwa Njenga Kitengela City cabanas Eastern Bypass Kangundo rd Ruai Kamulu Outering rd Alsops Eastleigh(Biafra) Lungalunga, Bus station"
NTSA/RSN-0573,STAHITO  COMMUTER  SERVICES CO. LIMITED,ADR-8LMSMLE,True,"Kitengela, mombasa rd cabanas eastern bypass kangundo rd ruai kamulu outering rd kwa njenga lungalunga rd likoni industrial area lusaka rd bus station/muthurwa jogoo rd eastleigh(biafra)alsops wangige ruaka ruiru via thika, Muranga"
NTSA/RSN-0573,STAHITO  COMMUTER  SERVICES CO. LIMITED,ADR-ZZJSL6R,True,"muthurwa, jogoo road , likoni road, industrial area, mombasa road, kitengela"
NTSA/RSN-0573,STAHITO  COMMUTER  SERVICES CO. LIMITED,ADR-LZRSE8D,False,"railways, athi river, kitengela"
NTSA/RSN-0574,STARBUS COMPANY (K) LTD,NTR-0078,False,"odeon, westlands, kangemi"
NTSA/RSN-0574,STARBUS COMPANY (K) LTD,NTR-00202001071426110,False,"Odeon/Lagos rd, WestlandsWestlandsRedhill rdLink rdGigiriGachieKaruraGitaru rdWangigeKikuyu, Kangemi"
NTSA/RSN-0574,STARBUS COMPANY (K) LTD,NTR-0015,False,"uthiru, kawangware, yaya,ambassador, railways"
NTSA/RSN-0574,STARBUS COMPANY (K) LTD,ADR-2DVSROK,False,"odeon, westlandsuthiru, kinoo"
NTSA/RSN-0574,STARBUS COMPANY (K) LTD,ADR-K9BF68M,False,"railways, abambassador, kawangware, uthiru"
NTSA/RSN-0574,STARBUS COMPANY (K) LTD,ADR-7WRS93P,False,"odeon, westlands, kangemi, uthiru, kinoo"
NTSA/RSN-0574,STARBUS COMPANY (K) LTD,ADR-BQ9SQBV,False,"railways, uthiru,abambassador, kawangware"
NTSA/RSN-0574,STARBUS COMPANY (K) LTD,ADR-REOSZVQ,False,"odeon, kinoo, westlandsuthiru"
NTSA/RSN-0574,STARBUS COMPANY (K) LTD,ADR-MDMSJRE,False,"odeon, kangemi, westlands"
NTSA/RSN-0574,STARBUS COMPANY (K) LTD,ADR-YM3SBAV,False,"odeon, kangemi, stage87, muhuri road, dagoretti market junction"
NTSA/RSN-0574,STARBUS COMPANY (K) LTD,ADR-8LMSY6Y,True,"railways, ngong road, naivasha road, satellite , kabiria, uthiru"
NTSA/RSN-01754,SUMMA TRANSPORTERS SACCO LIMITED,ADR-A5AC276,False,"Ring road, NgaraGithuraiRuiruMwihokoThikaMakongeni, Kenol"
NTSA/RSN-01754,SUMMA TRANSPORTERS SACCO LIMITED,ADR-9AKFOW5,False,"githurai, mwihoko, ruiru, kenol"
NTSA/RSN-0579,SUNBIRD SERVICES LTD,NTR-00123,False,"Ronald Ngala, Zimmerman githurai kahawa west northern bypass outering rd eastern bypass ruiru, Thika"
NTSA/RSN-0579,SUNBIRD SERVICES LTD,NTR-00209,False,"odeon, githurai, kahawa west"
NTSA/RSN-0579,SUNBIRD SERVICES LTD,ADR-K9BFZ2J,True,"Mombasa, NairobiEmbuMaua via MeruNanyukiNyeriNyahururuNaivashaNakuruKisumu, Kakamega back"
NTSA/RSN-0579,SUNBIRD SERVICES LTD,ADR-7WRSO3A,False,"ronald ngala, zimmerman, kahawa west"
NTSA/RSN-0579,SUNBIRD SERVICES LTD,ADR-BQ9SMBK,False,"ronald ngala, githurai , kahawa west"
NTSA/RSN-0579,SUNBIRD SERVICES LTD,ADR-REOSYV5,False,"ronald ngala, kahawa west, githurai"
NTSA/RSN-0579,SUNBIRD SERVICES LTD,ADR-MDMSERP,False,"ronald ngala, kahawa west, zimmerman"
NTSA/RSN-0580,SUPER HIGHWAY 45 SACCO SOCIETY LTD,NTR-00202103101509460,True,"Cabanas, Eastern bypass Outerng rd Juja rd Nairobi Thika rd Mwhihoko Githurai Thika, Mwingi"
NTSA/RSN-0580,SUPER HIGHWAY 45 SACCO SOCIETY LTD,NTR-00415,False,"ronald ngara, thika road, githurai"
NTSA/RSN-0580,SUPER HIGHWAY 45 SACCO SOCIETY LTD,ADR-YM3SVQB,False,"nairobi, thika road, githurai"
NTSA/RSN-0580,SUPER HIGHWAY 45 SACCO SOCIETY LTD,ADR-8LMSJPV,False,"nairobi, thika road, githurai"
NTSA/RSN-0580,SUPER HIGHWAY 45 SACCO SOCIETY LTD,ADR-ZZJS9DZ,True,"nairobi, thika road, githurai, mwingi"
NTSA/RSN-0580,SUPER HIGHWAY 45 SACCO SOCIETY LTD,ADR-LZRSOZW,True,"ronald ngala, mwingi, githurai"
NTSA/RSN-0580,SUPER HIGHWAY 45 SACCO SOCIETY LTD,ADR-O68IVWP,True,"nairobi, mwingi,thika road, githurai"
NTSA/RSN-0580,SUPER HIGHWAY 45 SACCO SOCIETY LTD,ADR-6DBSW7Y,True,"railways, mwingi,thika road, githurai"
NTSA/RSN-0580,SUPER HIGHWAY 45 SACCO SOCIETY LTD,ADR-WZ9SW6P,True,"ronald ngala, githurai, thika, mwingi"
NTSA/RSN-0581,SUPER METRO LIMITED,NTR-00202006121135460,False,"Ruiru, RuakaWangigeKikuyuWaiyakiwayWestlandsMoi avenueTomboyaThika rdKasaraniJujaThika, Thika-Makongeni"
NTSA/RSN-0581,SUPER METRO LIMITED,NTR-00202108091506440,False,"TALA, KOMAROCK- MALAA- KAMULU- RUAI-UTAWALA-PIPELINE- JOGOO RD- YAYA- KAWANGWARE-KABIRIA- KiKUYU, Limuru"
NTSA/RSN-0581,SUPER METRO LIMITED,NTR-00130,False,"kikuyu, waiyaki way,westlands,moi avenue,tom mboya,thika road,kasarani, juja"
NTSA/RSN-0581,SUPER METRO LIMITED,NTR-00191,False,"kikuyu, kawangware kenyatta ambasdour tom mboya thika road kasarani, juja"
NTSA/RSN-0581,SUPER METRO LIMITED,ADR-A5ACQDD,True,"Ruiru, Ruaka Wangige Kikuyu Waiyaki way Westlands Moi Avenue Tom Mboya Thika rd Kasarani Juja Thika (Thika makongeni) Oldonyo Sabuk Kilimambogo Tala Machakos Mombasa rd, Mlolongo"
NTSA/RSN-0581,SUPER METRO LIMITED,ADR-9AKF2PP,True,"Ruiru, Ruaka Wangige Kikuyu Waiyaki way Westlands Moi Avenue Tom Mboya Thika rd Kasarani Juja Thika (Thika makongeni) Oldonyo Sabuk Kilimambogo Tala Machakos Mombasa rd, Mlolongo"
NTSA/RSN-0581,SUPER METRO LIMITED,ADR-DB3T5RP,True,"Ruiru, Ruaka Wangige Kikuyu Waiyaki way Westlands Moi Avenue Tom Mboya Thika rd Kasarani Juja Thika Thika makongeni Oldonyo Sabuk Kilimambogo Tala Machakos Mlolongo Mombasa rd Bomas Hardy Gataka Ongata Rongai Kiserian Ngong Karen Dagoretti corner, KNH"
NTSA/RSN-0581,SUPER METRO LIMITED,ADR-3ZQS3DE,True,"ruaka, Wangige kikuyu waiyaki way westlands moi avenueTomboya Thika rd kasarani zimmerman kahawa west bypass Juja Thika Thika makongeni oldonyo sabuk Kilimambogo TalaMachakos Mlolongo mombasa rd Bomas hardy gataka ongata Rongai Kiserian Ngong Karen Dagoreti coner, KNH"
NTSA/RSN-0581,SUPER METRO LIMITED,ADR-JY7SLYJ,True,"ruaka, Wangige limuru kikuyu waiyaki way westlands moi avenueTom boya Thika rd alsops juja rd outering rd kasarani zimmerman kahawa west bypass Juja Thika Thika makongeni oldonyo sabuk Kilimambogo Tala Machakos kitengela Mlolongo mombasa rd jogoo rd upperhill Bomas hardy gataka ongata Rongai Kiserian Ngong Karen Dagoreti coner kawangare kabiria lavington kileleshwa yaya, KNH"
NTSA/RSN-0581,SUPER METRO LIMITED,ADR-POKSR2V,False,"Ruiru, ruakawangigeLimuruKikuyuWiayaki wayWestlandsMoi avenueTom mboyaGPOAmbassadorsKencomThika rdAlsopsJuja rdOutering rdAirport rdEmbakasi via Taj mallCity cabanasUtawalaPipelineKomarockUmojaSavanahJacarandaFedhaTenaMombasa rdKitengelaMachakosTalaKilimbambogoOldonyo sabukMakongeniThika JujaYayakileleshwaLavingtonKabiria KawangwareDagoreticornerKarenNgongKiserianOngata rongaiGatakaHardyBomas, KNH back"
NTSA/RSN-0581,SUPER METRO LIMITED,ADR-VYAS9Y2,False,"kikuyu, juja,waiyaki way,westlands,moi avenue,tom mboya,thika road, kasarani"
NTSA/RSN-0581,SUPER METRO LIMITED,ADR-Q5LCM2D,False,"kikuyu, waiyakiway,westlands,moi avenue,tom mboya,thika road,kasarani,juja, makongenithika"
NTSA/RSN-0322,SUPER TRAM LIMITED,NTR-00202109131306060,False,"Tom mboya, limuru ndenderu ruakamwihoko zimmermangithuraikahawa westruirujujathika road, makongenithika"
NTSA/RSN-0322,SUPER TRAM LIMITED,NTR-00124,False,"tommboya, zimmerma,githurai, kahawa west"
NTSA/RSN-0322,SUPER TRAM LIMITED,NTR-00201901151029270,False,"tom mboya, zimmerman,githurai,kahawa west,ruiru,juja,thika road, makongenithika"
NTSA/RSN-0322,SUPER TRAM LIMITED,ADR-ZZJS9PQ,False,"commercial, githurai,zimmerman, kahawa west"
NTSA/RSN-0322,SUPER TRAM LIMITED,ADR-2DVSZQ8,False,"tommboya, kahawa west,zimmerma, githurai"
NTSA/RSN-0322,SUPER TRAM LIMITED,ADR-K9BFEA9,False,"ronald ngala, githurai , kahawa west"
NTSA/RSN-0322,SUPER TRAM LIMITED,ADR-7WRS7Q6,False,"odeon, githurai,kahawa west,bypass, ruiru"
NTSA/RSN-01355,SURMOUNT SHUTTLE LIMITED,NTR-00201910041103390,False,"Luthuli Avenue, Thika rd,Juja,Makongeni, Gatundu, Luthuli Avenue"
NTSA/RSN-01355,SURMOUNT SHUTTLE LIMITED,,False,"Ngara,Juja rd,Outering rd ,Jogoo rd,Kangundo rd,Eastern Bypass,Savannah - Komarock and back- Luthuli Avenue"
NTSA/RSN-0592,tawala shuttle limited,NTR-0016,True,"Bus station, NRB West Madaraka Mombasa RD, Langata RD, Lusaka RDCity Standium, Jogoo RD Donholm, OuterRing Rd AllsopsThika RD, UtawalaEastern BypassRuiru, RuakaWangige Kawangware, Ngong rd"
NTSA/RSN-0592,tawala shuttle limited,NTR-001183,True,"Kangundo Rd, Outering Rd Githunguri Utawala Jogoo Rd Mombasa Rd Mbagathi Rd GPO via Ngong Rd, Ambassador"
NTSA/RSN-0592,tawala shuttle limited,NTR-00134,True,"joska, githunguri,utawala,mombasa road,gpo,ambassadeur, commercial"
NTSA/RSN-0592,tawala shuttle limited,ADR-2DVS23A,True,"joska, commercial,githunguri,utawala,mombasa road,gpo, ambassadeur"
NTSA/RSN-01725,TELAVIV TRAVELLERS LIMITED,NTR-00201901041436380,False,"south c, south b,likoni, eastleigh"
NTSA/RSN-01725,TELAVIV TRAVELLERS LIMITED,ADR-REOSRMR,True,"bus station, mombasa road, south c, south b, hazina"
NTSA/RSN-01725,TELAVIV TRAVELLERS LIMITED,ADR-MDMSQ8O,False,"ngumo, south c, south b, industrial area"
NTSA/RSN-01725,TELAVIV TRAVELLERS LIMITED,ADR-YM3S6Q9,False,"bus station, south c,southb, industrial area"
NTSA/RSN-01725,TELAVIV TRAVELLERS LIMITED,ADR-8LMSEPZ,True,"bus station, hazina,mombasa road, south c, south b"
NTSA/RSN-01725,TELAVIV TRAVELLERS LIMITED,ADR-ZZJSQD5,True,"south c, south b,mombasa rd,likoni,eastleigh,gikomba,jogoo rd,outering rd,donholm, fedha"
NTSA/RSN-01725,TELAVIV TRAVELLERS LIMITED,ADR-LZRSWZV,False,"south c, south b,likoni,eastleigh,gikomba,jogoo rd,outering rd, fedha"
NTSA/RSN-01725,TELAVIV TRAVELLERS LIMITED,ADR-O68I2WW,True,"machakos, syokimau,imara daima,south b,south c,ngumo,likoni rd,industrial area,eastleigh,gikomba,busstation,jogoo rd,donholm, fedha"
NTSA/RSN-01725,TELAVIV TRAVELLERS LIMITED,ADR-6DBS87M,True,"machakos, syokimau,imara daima,south b,south c,ngumo,likoni rd,industrial area,eastleigh,gikomba,busstation,jogoo rd,outering rd,donholm, fedha"
NTSA/RSN-0605,THOMAT SAVINGS AND CREDIT COPPERATIVE SOCIETY LIMITED,NTR-00201912041616440,False,"Odeon, Thika rdThomeRuakakiambuRuiru, Thika (MAKONGENI)"
NTSA/RSN-0605,THOMAT SAVINGS AND CREDIT COPPERATIVE SOCIETY LIMITED,NTR-00202008061555520,False,"Odeon, Thika road Thome Kiambu Barabara Tano Nderi Kikuyu Ruaka Ruiru Thika, Makongeni"
NTSA/RSN-0605,THOMAT SAVINGS AND CREDIT COPPERATIVE SOCIETY LIMITED,NTR-00247,False,"odeon, thika road, thome"
NTSA/RSN-0605,THOMAT SAVINGS AND CREDIT COPPERATIVE SOCIETY LIMITED,ADR-EPJSALK,False,"Ngara, ThikaMokengeni, Kenol"
NTSA/RSN-0605,THOMAT SAVINGS AND CREDIT COPPERATIVE SOCIETY LIMITED,ADR-2DVSZ8O,False,"odeon, thome, kiambu"
NTSA/RSN-0605,THOMAT SAVINGS AND CREDIT COPPERATIVE SOCIETY LIMITED,ADR-K9BFEWO,False,"odeon, thika rd, thome, bypass, ruiru"
NTSA/RSN-0605,THOMAT SAVINGS AND CREDIT COPPERATIVE SOCIETY LIMITED,ADR-7WRS7KB,False,"odeon, thika road, thome, bypass, ruiru"
NTSA/RSN-0605,THOMAT SAVINGS AND CREDIT COPPERATIVE SOCIETY LIMITED,ADR-BQ9S7OR,False,"odeon, thika road, thome, ruaka"
NTSA/RSN-0605,THOMAT SAVINGS AND CREDIT COPPERATIVE SOCIETY LIMITED,ADR-REOS83D,False,"odeon, thome, thika road"
NTSA/RSN-01757,TIKAGI SAVINGS AND CREDIT COOPERATIVE SOCIETY LIMITED,NTR-00202108091426140,False,"kiambu, tatu city ruiru tinganga roysambu ruaka githurai 44 kahawa westgithurai 45 mwiki gatundu thika ikinu, githunguri"
NTSA/RSN-01757,TIKAGI SAVINGS AND CREDIT COOPERATIVE SOCIETY LIMITED,NTR-00201909131535550,False,"Tinganga, KiambuRuakaTatu cityRoysambu RuiruGatunduThikaGithurai45Githurai44, Mwiki"
NTSA/RSN-01757,TIKAGI SAVINGS AND CREDIT COOPERATIVE SOCIETY LIMITED,ADR-7WRSVDA,False,"kiambu, ikunu, GITHUNGURI"
NTSA/RSN-01757,TIKAGI SAVINGS AND CREDIT COOPERATIVE SOCIETY LIMITED,ADR-BQ9S5JK,False,"kiambu, tatu city ruiru tinganga roysambu ruaka githurai 44 githurai 45 mwiki gatundu thika ikinu, githunguri"
NTSA/RSN-01757,TIKAGI SAVINGS AND CREDIT COOPERATIVE SOCIETY LIMITED,ADR-REOSRW5,False,"tinganga, kiambu,tatu city,ruiru,gatundu,thika,githurai45,githurai44, mwiki"
NTSA/RSN-01757,TIKAGI SAVINGS AND CREDIT COOPERATIVE SOCIETY LIMITED,ADR-MDMSQYP,False,"tinganga, thika, githurai45, githurai44, mwiki"
NTSA/RSN-0610,TRANSNOMICS COMPANY LIMITED,NTR-00202002271055550,False,"Limuru, kikuyuWangigebananaRwakaWestlandsRedhill link rdPeponi rdNorthern bypassKiambuRuiru, Thika"
NTSA/RSN-0610,TRANSNOMICS COMPANY LIMITED,NTR-00201909251519230,False,"limuru, banana,rwaka,westlands,redhill link road,peponi rd,northen bypass,ruiru, thika"
NTSA/RSN-0610,TRANSNOMICS COMPANY LIMITED,ADR-YM3SV52,False,"nairobi, limuru bypass, ruiru, thika"
NTSA/RSN-0610,TRANSNOMICS COMPANY LIMITED,ADR-8LMSJ93,False,"nairobi, thika,limuru bypass, ruiru"
NTSA/RSN-0610,TRANSNOMICS COMPANY LIMITED,ADR-ZZJS9RE,False,"limuru bypass, ruiru, thika"
NTSA/RSN-01718,TRANSWORLD TRANSPORT SAVINGS AND CREDIT CO-OPERATIVE SOCIETY LTD,NTR-00201910291107300,False,"Khoja, Westlands,Wangige,Kikuyu,Southern by pass,Karen,Ngong, Kiserian"
NTSA/RSN-01718,TRANSWORLD TRANSPORT SAVINGS AND CREDIT CO-OPERATIVE SOCIETY LTD,NTR-00202012151514130,False,"Khoja, Thika Westlands Wangige GachieKiambu Limuru KikuyuKaren Ngong, Kiserian"
NTSA/RSN-01718,TRANSWORLD TRANSPORT SAVINGS AND CREDIT CO-OPERATIVE SOCIETY LTD,NTR-00612,False,"Khoja, WestlandsWangigeBypassThika Makongeni, Kerugoya"
NTSA/RSN-01718,TRANSWORLD TRANSPORT SAVINGS AND CREDIT CO-OPERATIVE SOCIETY LTD,ADR-537H2ZQ,False,"Khoja, Westlands,Wangige,Bypass, Thika"
NTSA/RSN-01718,TRANSWORLD TRANSPORT SAVINGS AND CREDIT CO-OPERATIVE SOCIETY LTD,ADR-A5ACVEL,False,"Kiserian, Ngong Karen Khoja WestlandsKikuyu Wangige Gachie Kiambu Limuru Thika Makongeni, Kerugoya"
NTSA/RSN-01718,TRANSWORLD TRANSPORT SAVINGS AND CREDIT CO-OPERATIVE SOCIETY LTD,ADR-9AKF83J,False,"khoja, westlands,wangige,bypass, thika"
NTSA/RSN-01718,TRANSWORLD TRANSPORT SAVINGS AND CREDIT CO-OPERATIVE SOCIETY LTD,ADR-DB3T8P3,False,"khoja, thika,westlands,wangige, bypass"
NTSA/RSN-0613,TRAVEL MART LIMITED,NTR-00202006052036480,False,"Luthuli, KariakorGikombaNgaraJuja rdEastleighThika rdMathare northOuteringFedhaEastern bypass, Kangundo rd underpass"
NTSA/RSN-0613,TRAVEL MART LIMITED,ADR-2DVS57B,False,"luthuli avenue, kariokor, eastleigh"
NTSA/RSN-0613,TRAVEL MART LIMITED,ADR-K9BFVDL,False,"luthuli avenue, eastleigh, kariokor"
NTSA/RSN-01750,UKAKINA MATATU OWNERS SACCO SOCIETY LTD,ADR-7WRSV8A,False,"kenyatta hospital, kawangware, uthiru, kinoo"
NTSA/RSN-5948,UMMOINNER CLASS LIMITED,NTR-00202007021338420,True,"Ronald Ngala, Juja rd Thika rdOutering rd jogoo rd Umoja InnercoreKomarockKangundo rd Mombasa rd Ruai, Kamulu"
NTSA/RSN-5948,UMMOINNER CLASS LIMITED,NTR-00876,True,"Ronald Ngala, Tom Mboya Juja Rd Thika Rd Outering Rd Jogoo Rd Umoja Innercore Komarock Kangundo Rd Ruai Kamulu Mombasa Rd, Greatwall"
NTSA/RSN-5948,UMMOINNER CLASS LIMITED,ADR-7WRSOLO,False,"Ronald Ngala, Jogoo rdOutering rdUmoja innercoreKomarockKangundo rdRuai, Kamulu"
NTSA/RSN-0620,UMOINNER SACCO LTD,NTR-00201909161142390,False,"Ronald Ngala, Jogoo road Shauri Moyo Outering road Kangundo road Saika, Ruia"
NTSA/RSN-0620,UMOINNER SACCO LTD,NTR-00202007021301330,False,"Ronald Ngala, Shauri Moyo Jogoo road Donholm Tajmall Utawala Kangundo road Komarock Umoja-Innercore Outering road, Allsops"
NTSA/RSN-0620,UMOINNER SACCO LTD,NTR-00397,False,"ronald ngala, jogoo road,umoja, innercore"
NTSA/RSN-0620,UMOINNER SACCO LTD,NTR-00125,False,"ronald ngala, jogoo road,buru buru,kangundo road, moulem"
NTSA/RSN-0620,UMOINNER SACCO LTD,ADR-8LMSV59,False,"Ronald Ngala, Jogoo rdDonholmTajmallUtawalaKangundo rdKomarockUmoja-InnercoreOutering rd, Allsops"
NTSA/RSN-0620,UMOINNER SACCO LTD,ADR-ZZJS2V8,False,"ronald ngala, jogoo road, buruburu, kagundo road, moulem"
NTSA/RSN-0620,UMOINNER SACCO LTD,ADR-LZRS36M,False,"ronald ngala, jogoo road, umoja innercore"
NTSA/RSN-0620,UMOINNER SACCO LTD,ADR-O68ILBR,False,"ronald ngala, moulem,jogoo road,buru buru, kangundo road"
NTSA/RSN-0620,UMOINNER SACCO LTD,ADR-6DBSDKP,False,"ronald ngala, innercore,jogoo road, umoja"
NTSA/RSN-0620,UMOINNER SACCO LTD,ADR-WZ9S3D6,False,"ronald ngala, umoja innercore, jogoo road"
NTSA/RSN-0620,UMOINNER SACCO LTD,ADR-537HOQA,False,"ronald ngala, jogoo rd,outering rd,kangundo rd,saika, ruia"
NTSA/RSN-0620,UMOINNER SACCO LTD,ADR-A5AC7LA,False,"ronald ngala, moulem,jogoo road, buruburu, kagundo road"
NTSA/RSN-0621,UMOJA INNERCORE TENA MATATU OWNERS SAVINGS AND CREDIT CO-OPERATIVE SOCIETY LTD,NTR-00502,False,"mfangano, jogoo road, umoja"
NTSA/RSN-0621,UMOJA INNERCORE TENA MATATU OWNERS SAVINGS AND CREDIT CO-OPERATIVE SOCIETY LTD,NTR-00201910041031520,False,"mfangano, jogoo rd,umoja,outering rd,kangundo rd, malaa"
NTSA/RSN-0621,UMOJA INNERCORE TENA MATATU OWNERS SAVINGS AND CREDIT CO-OPERATIVE SOCIETY LTD,ADR-BQ9S5WK,False,"Mfangano, Bus Station Muthurwa Jogoo Rd Shauri Moyo Umoja Innercore Outering Rd Eastleigh Section 3 Utawala Malaa Eastern Bypass Katani Syokimau Mlolongo Kitengela Kangundo Rd Ruai Juja Rd Eastleigh Forest Rd Thika Rd Alsops Donholm Savanna Komarock Industrial area Manyanja Rd, Enterprise Rd"
NTSA/RSN-0621,UMOJA INNERCORE TENA MATATU OWNERS SAVINGS AND CREDIT CO-OPERATIVE SOCIETY LTD,ADR-REOSR75,False,"ronald ngala, umoja innercore, jogoo road"
NTSA/RSN-0621,UMOJA INNERCORE TENA MATATU OWNERS SAVINGS AND CREDIT CO-OPERATIVE SOCIETY LTD,ADR-MDMSQDP,False,"mfangano, umoja, jogoo road"
NTSA/RSN-0621,UMOJA INNERCORE TENA MATATU OWNERS SAVINGS AND CREDIT CO-OPERATIVE SOCIETY LTD,ADR-YM3S6K3,False,"mfangano, luthuli avenue, eastleigh section 3"
NTSA/RSN-0623,UNIFIED INTERNATIONAL LIMITED,NTR-00202009281541460,False,"Tom mboya, Thika roadOuteringEastern BypassRuiru Thika, Kenol"
NTSA/RSN-0623,UNIFIED INTERNATIONAL LIMITED,NTR-00201903261429260,False,"githurai, mwihoko, ruiru"
NTSA/RSN-0623,UNIFIED INTERNATIONAL LIMITED,NTR-00201901041326070,False,"githurai, githurai, mwihoko"
NTSA/RSN-0623,UNIFIED INTERNATIONAL LIMITED,ADR-537HYVM,True,"Mombasa rd, Outering rd Juja rd Eastleigh Tom mboya Kenyatta av GPO Community Knh Ngong rd Kawangware Kikuyu Kiambu rd bypass thika rd Githurai Ruiru Thika, kenol"
NTSA/RSN-0623,UNIFIED INTERNATIONAL LIMITED,ADR-A5AC2AY,True,"Mombasa rd, Outering rd Juja rd Eastleigh Tom mboya Kenyatta av GPO Community Knh Ngong rd Kawangware Kikuyu waiyaki way forest rd Kiambu rd bypass thika rd Githurai mwiki Ruiru Thika, kenol"
NTSA/RSN-0623,UNIFIED INTERNATIONAL LIMITED,ADR-9AKFOPZ,True,"Mombasa rd, Outering rd Juja rd Eastleigh Tom mboya Kenyatta av GPO Community Knh Ngong rd Kawangware Kikuyu waiyaki way Westlands Limuru Rd forest rd Kiambu rd bypass thika rd Githurai mwiki Ruiru Thika, kenol"
NTSA/RSN-0623,UNIFIED INTERNATIONAL LIMITED,ADR-DB3TQR7,True,"Mombasa rd, Outering rd Juja rd Eastleigh Tom mboya Kenyatta av GPO Community Knh Ngong rd Kawangware Kikuyu waiyaki way Westlands Limuru Rd forest rd Kiambu rd bypass thika rd Githurai mwiki Ruiru Thika, kenol"
NTSA/RSN-0623,UNIFIED INTERNATIONAL LIMITED,ADR-3ZQSOD7,False,"commercial, tom mboya,thika road, githurai"
NTSA/RSN-0623,UNIFIED INTERNATIONAL LIMITED,ADR-JY7SEYP,False,"tom mboya, thika road, githurai, ruiru"
NTSA/RSN-1901,UNIMAX CLASSIC TRAVELLERS SACCO,NTR-00340,False,"khoja, banana, limuru"
NTSA/RSN-1901,UNIMAX CLASSIC TRAVELLERS SACCO,NTR-00202107121421300,True,"limuru, banana ndenderu northern bypass eastern bypass cabanas athi river, Machakos"
NTSA/RSN-1901,UNIMAX CLASSIC TRAVELLERS SACCO,ADR-K9BFLY5,True,"Banana, kiambu wangari maathai rd westlands ndenderu via waiyaki way limuru njabini wanjohi northern bypass eastern bypass cabanas athi river, machakos"
NTSA/RSN-1901,UNIMAX CLASSIC TRAVELLERS SACCO,ADR-7WRSVRR,True,"banana, railways,athi river, machakos"
NTSA/RSN-0625,UTAWALA BY-PASS TRAVELLERS SACCO,NTR-0024,True,"Muthurwa, likoni rd jogoo rd outering rd alsops ruiru eastern bypass kangundo rd joska malaa koma machakos mombasa rd cabanas utawala githunguri airwayskatani, mlolongo"
NTSA/RSN-0625,UTAWALA BY-PASS TRAVELLERS SACCO,NTR-0019,False,"muthurwa, jogoo road,kangundo road,ruai, joska"
NTSA/RSN-0625,UTAWALA BY-PASS TRAVELLERS SACCO,NTR-00510,True,"muthurwa, likoni road,mombasa road,city cabanas,eastern bypass,utawala,githunguri, kangundo road"
NTSA/RSN-0625,UTAWALA BY-PASS TRAVELLERS SACCO,NTR-00201901181546510,True,"ruiru, eastern bypass,utawala,cabanas,mombasa rd,mlolongo,makutano, machakos"
NTSA/RSN-0625,UTAWALA BY-PASS TRAVELLERS SACCO,ADR-JY7SEB2,True,"Muthurwa, likoni rd jogoo rd outering rd alsops thika rd ruiru eastern bypass kangundo rd joska malaa koma machakos mombasa rd utawala githunguri airwayskatani, mlolongo"
NTSA/RSN-0625,UTAWALA BY-PASS TRAVELLERS SACCO,ADR-POKS79A,True,"muthurwa, likoni road, mombasa road, cabanas, eastern bypass, utawala, ruiru"
NTSA/RSN-0625,UTAWALA BY-PASS TRAVELLERS SACCO,ADR-VYASZ2E,False,"city cabanas, ruiru, eastern bypass"
NTSA/RSN-0625,UTAWALA BY-PASS TRAVELLERS SACCO,ADR-Q5LCBWP,False,"city cabanas, eastern bypass, ruiru"
NTSA/RSN-01745,VIRGINIA COACH ENTERPRISE LIMITED,NTR-00415,False,"ronald ngara, thika road, githurai"
NTSA/RSN-01745,VIRGINIA COACH ENTERPRISE LIMITED,NTR-00202107071449000,False,"Nairobi, joska malaa koma athi river, Mlolongo"
NTSA/RSN-01745,VIRGINIA COACH ENTERPRISE LIMITED,ADR-7WRSVPR,True,"ronald ngala, githurai, thika, mwingi"
NTSA/RSN-0632,WAKIMALI TRAVELLERS CO. LIMITED,NTR-00201910041505590,False,"Ngong, KarenDagoretti cornerUthiruKikuyuNdeiya(kamangu)KahuhoNduma, Limuru"
NTSA/RSN-0632,WAKIMALI TRAVELLERS CO. LIMITED,NTR-00616,False,"Kikuyu, Ndumbuini, Ndeiya(kamangu), Muguga, Limuru"
NTSA/RSN-0632,WAKIMALI TRAVELLERS CO. LIMITED,NTR-00673,False,"kikuyu, karen, ngong"
NTSA/RSN-0632,WAKIMALI TRAVELLERS CO. LIMITED,ADR-WZ9S9PL,False,"kiserian, ngong karen dagoretti corner waithaka uthiru kikuyu nduma kahuho ngecha ndeiya (kamangu) limuru tigoni wangige ndenderu, kiambu"
NTSA/RSN-0632,WAKIMALI TRAVELLERS CO. LIMITED,ADR-537HW92,False,"kiserian, ngong Bomas karen dagoretti corner waithaka uthiru kikuyu nduma kahuho ngecha ndeiya (kamangu) limuru tigoni wangige ndenderu Ruiru, kiambu"
NTSA/RSN-0632,WAKIMALI TRAVELLERS CO. LIMITED,ADR-A5AC8OM,False,"kikuyu, ndumbuini, ndeiya, muguga, limuru"
NTSA/RSN-0632,WAKIMALI TRAVELLERS CO. LIMITED,ADR-9AKFR99,False,"kikuyu, ndumboini,ndaiya, limuru"
NTSA/RSN-0632,WAKIMALI TRAVELLERS CO. LIMITED,ADR-DB3TOZV,False,"kikuyu, limuru,ndumboini, ndaiya"
NTSA/RSN-0632,WAKIMALI TRAVELLERS CO. LIMITED,ADR-3ZQS2MK,False,"kikuyu, ngong, karen"
NTSA/RSN-0632,WAKIMALI TRAVELLERS CO. LIMITED,ADR-JY7S76R,False,"ngong, karen,dagoretti corner,uthiru,kikuyu,kahuho,nduma, limuru"
NTSA/RSN-0633,WALOKANA MULTIPURPOSE CO-OPERATIVE SOCIETY LTD,ADR-7WRS9R9,True,"Khoja, WestlandsPeponi rdWangigeNgechaKikuyuWestern bypassNorthern bypass Thika, Naivasha, Nakuru"
NTSA/RSN-0633,WALOKANA MULTIPURPOSE CO-OPERATIVE SOCIETY LTD,ADR-BQ9SQ23,False,"khoja, westlands,wangige,ngecha, peponi rd"
NTSA/RSN-0633,WALOKANA MULTIPURPOSE CO-OPERATIVE SOCIETY LTD,ADR-REOSZQO,False,"khoja, wangige, westlands"
NTSA/RSN-0633,WALOKANA MULTIPURPOSE CO-OPERATIVE SOCIETY LTD,ADR-MDMSJZQ,False,"khoja, peponi rd,westlands,wangige, ngecha, khoja"
NTSA/RSN-0633,WALOKANA MULTIPURPOSE CO-OPERATIVE SOCIETY LTD,,True,"Westlands,Peponi rd,Wangige via limuru rd,Ngecha,Kikuyu,Western bypass,Northern bypass,Thika rd,Thika,Limuru,Naivasha - Nakuru and back- khoja - Westlands,Peponi rd,Wangige via limuru rd,Ngecha,Kikuyu,Western bypass,Northern bypass,Thika rd,Thika,Limuru,Naivasha - Nakuru and back - khoja - Westlands,Peponi rd,Wangige via limuru rd,Ngecha,Kikuyu,Western bypass,Northern bypass,Thika rd,Thika,Limuru,Naivasha - Nakuru and back"
NTSA/RSN-02044,WANJO PATRAMES TRAVEL COMPANY LIMITED,NTR-00202106181630480,False,"Nairobi, Eastleigh thika road ruiru nyanduma, Juja"
NTSA/RSN-02044,WANJO PATRAMES TRAVEL COMPANY LIMITED,ADR-POKSRJ8,False,"Thika rd, juja Ruiru nyanduma eastleigh Nairobi ladhies rd lusaka rd langata rd mbagathi rd bomas magadi rd ngong rd karen gataka rd ongata rongai ngong town kiserian, kajiado"
NTSA/RSN-02044,WANJO PATRAMES TRAVEL COMPANY LIMITED,ADR-VYAS9MY,True,"Nairobi, Lusaka Rd Via Mombasa Rd Langata Rd Mbagathi Rd Langata Link Rd Bomas Magadi Rd Ngong Rd Kabiria Karen Gataka Rd Ongata Rongai Ngong Town Kiserian Kitengela, Kajiado"
NTSA/RSN-0716,WELKAN 48 TRAVELLERS SACCO SOCIETY LTD,NTR-00201910041453230,False,"westlands, lavington,kawangware,riruta,naivas,gatina,redhill rd,nyari estate, kangemi"
NTSA/RSN-0716,WELKAN 48 TRAVELLERS SACCO SOCIETY LTD,ADR-ZZJSZA9,False,"westlands, lavington, kawangware"
NTSA/RSN-0716,WELKAN 48 TRAVELLERS SACCO SOCIETY LTD,ADR-LZRSRM7,False,"westlands, kawangware, lavington"
NTSA/RSN-02057,WELKAN TRAVELLERS SERVICES LIMITED,NTR-00201910041453230,False,"Westlands, Lavington,Kawangware,Riruta,Naivas,Gatina,Redhill rd,Nyari estate, Kangemi"
NTSA/RSN-02057,WELKAN TRAVELLERS SERVICES LIMITED,ADR-VYAS92A,False,"Kawangware, GatinaLavingtonYayaFig TreeWestlandsWaiyaki WayLimuru RdPeponi RdRed Hill RdRed Hill Link RdGachieGitaruGathigaKaruraWangige Kinoo RegenUthiruRiruta, Kangemi"
NTSA/RSN-0641,WEST MADARAKA ROUTE 14 COOPERATIVE SACCO.,NTR-0016,True,"Bus station, NRB West Madaraka Mombasa RD, Langata RD, Lusaka RDCity Standium, Jogoo RD Donholm, OuterRing Rd AllsopsThika RD, UtawalaEastern BypassRuiru, RuakaWangige Kawangware, Ngong rd"
NTSA/RSN-0641,WEST MADARAKA ROUTE 14 COOPERATIVE SACCO.,ADR-BQ9SQ86,False,"bus station, west madaraka, langata rd, strathmore"
NTSA/RSN-0641,WEST MADARAKA ROUTE 14 COOPERATIVE SACCO.,ADR-REOSZ5E,False,"bus station, madaraka estate,west madaraka, langata rd"
NTSA/RSN-0641,WEST MADARAKA ROUTE 14 COOPERATIVE SACCO.,ADR-MDMSJ2R,False,"bus station, strathmore,west madaraka, langata rd"
NTSA/RSN-2704,zam zam fourty five limited,NTR-00202107221159520,False,"Commercial, Ronald ngala Zimmermankiambugithuraikahawa westoutering roadnorthern bypasseastern bypassruiruthika, Makongeni"
NTSA/RSN-2704,zam zam fourty five limited,NTR-00202007081106410,False,"Nairobi, Thika rdGithurairuiru, Thika(Makongeni)"
NTSA/RSN-2704,zam zam fourty five limited,NTR-00202012111556180,False,"Nairobi, Thika rd Outering rd Kangundo rd Eastern Bypass Ruiru Thika(Makongeni), Githurai"
NTSA/RSN-2704,zam zam fourty five limited,NTR-00201905271349100,False,"Nairobi, Thika Rd Githurai Thika Isiolo Marsabit, Moyale"
NTSA/RSN-2704,zam zam fourty five limited,NTR-00202211011812570,False,"Nairobi, Zimmerman Kahwa West, Githurai 44"
NTSA/RSN-2704,zam zam fourty five limited,NTR-00201909131137050,False,"ronald ngala, thika rd,githurai,ruiru, thika (makongeni)"
NTSA/RSN-2704,zam zam fourty five limited,ADR-VYASZQM,False,"nairobi, thika road, githurai"
NTSA/RSN-2704,zam zam fourty five limited,ADR-Q5LCB9Q,False,"ronald ngala, thika road,githurai, thika (makongeni)"
NTSA/RSN-0655,ZURI GENESIS CO. LIMITED,NTR-00202202211203420,False,"Bus Station, Tom Mboya Thika Rd Kahawa West Kenyatta University Hospital Northern Bypass Ruiru Mwihoko Kahawa Sukari Alsops Outering Rd Eastern Bypass Kangund rd Jogoo Rd Juja Rd Wangari Maathai Rd Kiambu Rd Kikuyu Wangige Gachie, Thika"
NTSA/RSN-0655,ZURI GENESIS CO. LIMITED,NTR-00704,False,"kahawa west, thika road, tommboya, bus station"
NTSA/RSN-0655,ZURI GENESIS CO. LIMITED,NTR-00201909131145270,False,"bus station, tom mboya,thika rd,kahawa west,kenyatta university hospital,bypass,ruiru, thika"
NTSA/RSN-0655,ZURI GENESIS CO. LIMITED,ADR-6DBSKDA,False,"tommboya, kahawa west,zimmerma, githurai"
NTSA/RSN-0655,ZURI GENESIS CO. LIMITED,ADR-WZ9SD3A,False,"tommboya, kahawa west, thika road"
NTSA/RSN-0655,ZURI GENESIS CO. LIMITED,ADR-537HQOM,False,"kahawa west, bus station,thika road, tommboya"
NTSA/RSN-0655,ZURI GENESIS CO. LIMITED,ADR-A5ACP7Y,False,"odeon, thika road, zimmerman, kahawa west"
