route_id,direction,sequence,stage_id
70401000111,out,0,0712KRY
70401000111,out,1,0701NDL
70401000111,out,2,0701NYI
70401000111,out,3,0701KDF
70401000111,out,4,0701PPT
70401000111,out,5,0701DBO
70401000111,out,6,0701SHS
70401000111,out,7,0701AIU
70401000111,out,8,0701RHP
70401000111,out,9,0701SHK
70401000111,out,10,0701KRD
70401000111,out,11,0701FRK
70401000111,out,12,0701DCT
70401000111,out,13,0703DGT
70401000111,in,0,0703DGT
70401000111,in,1,0700DCR
70401000111,in,2,0700HVE
70401000111,in,3,0700KEH
70401000111,in,4,0700FMK
70401000111,in,5,0700RPR
70401000111,in,6,0700AIV
70401000111,in,7,0710SHO
70401000111,in,8,0700DBS
70401000111,in,9,0700KDN
70401000111,in,10,0700NYA
70401000111,in,11,0700NYM
70401000111,in,12,0712KTR
70601000211,out,0,0712RWY
70601000211,out,1,0711NAT
70601000211,out,2,0712KNT
70601000211,out,3,0711MCP
70601000211,out,4,0711UCN
70601000211,out,5,0711NKP
70601000211,out,6,0711MTL
70601000211,out,7,0711AAD
70601000211,out,8,0701PSA
70601000211,out,9,0711PST
70601000211,out,10,0711IMP
70601000211,out,11,0711JKR
70601000211,out,12,0711NKJ
70601000211,out,13,0702DCS
70601000211,out,14,0701DCR
70601000211,out,15,0701KJI
70601000211,out,16,0711SGO
70601000211,out,17,0711MLK
70601000211,out,18,0701BPP
70601000211,out,19,0701PBG
70601000211,out,20,0701KRE
70601000211,out,21,0711KNG
70601000211,out,22,0701BMK
70601000211,out,23,0711MTE
70601000211,out,24,0701WTK
70601000211,out,25,0701MUT
70601000211,out,26,0701GCU
70601000211,out,27,0711RSS
70601000211,out,28,0701DGM
70601000211,out,29,0713DMM
70601000211,in,0,0701KPC
70601000211,in,1,0700AMD
70601000211,in,2,0700SPC
70601000211,in,3,0700KPG
70601000211,in,4,0700GCP
70601000211,in,5,0700MRT
70601000211,in,6,0700WTA
70601000211,in,7,0700MTM
70601000211,in,8,0700NPS
70601000211,in,9,0710MIH
70601000211,in,10,0700BMY
70601000211,in,11,0710KWN
70601000211,in,12,0700AIC
70601000211,in,13,0700KEQ
70601000211,in,14,0700PBG
70601000211,in,15,0710DCD
70601000211,in,16,0700BPS
70601000211,in,17,0700MSK
70601000211,in,18,0710SIN
70601000211,in,19,0710KYJ
70601000211,in,20,0700DCT
70601000211,in,21,0700RIR
70601000211,in,22,0710KJS
70601000211,in,23,0700TBK
70601000211,in,24,0702KDC
70601000211,in,25,0710NKT
70601000211,in,26,0710BBT
70601000211,in,27,0710IMJ
70601000211,in,28,0710POD
70601000211,in,29,0710ADC
70601000211,in,30,0710KRD
70601000211,in,31,0710TTL
70601000211,in,32,0700BMC
70601000211,in,33,0710CCT
70601000211,in,34,0710CME
70601000211,in,35,0712KNH
70601000211,in,36,0710TNA
70601000211,in,37,0700NHF
70601000211,in,38,0510AGP
70601000211,in,39,0712RLA
70301000511,out,0,0412KNC
70301000511,out,1,0611GPO
70301000511,out,2,0611SRN
70301000511,out,3,0611VRP
70301000511,out,4,0711MCP
70301000511,out,5,0711UCN
70301000511,out,6,0711NKP
70301000511,out,7,0711MTL
70301000511,out,8,0711AAD
70301000511,out,9,0701ADA
70301000511,out,10,0701WNK
70301000511,out,11,0701WOO
70301000511,out,12,0701NWT
70301000511,out,13,0701NPC
70301000511,out,14,0701TGA
70301000511,in,0,0701ELM
70301000511,in,1,0701JSC
70301000511,in,2,0710JSS
70301000511,in,3,0700JPS
70301000511,in,4,0710IMJ
70301000511,in,5,0710POD
70301000511,in,6,0710ADC
70301000511,in,7,0710KRD
70301000511,in,8,0600YAY
70301000511,in,9,0600CHK
70301000511,in,10,0610RMX
70301000511,in,11,0610NWH
70301000511,in,12,0610HUL
70301000511,in,13,0600DOD
70301000511,in,14,0600VRP
70301000511,in,15,0610PNF
70301000511,in,16,0610SER
70301000511,in,17,0610GPO
70301000511,in,18,0610INM
70301000511,in,19,0412AMB
20702000611,out,0,0212KJT
20702000611,out,1,0211NGR
20702000611,out,2,0211PIO
20702000611,out,3,0201PGF
20702000611,out,4,0201CAL
20702000611,out,5,0211GNK
20702000611,out,6,0311PGP
20702000611,out,7,0311PGG
20702000611,out,8,0301MBP
20702000611,out,9,0301MLG
20702000611,out,10,0301SNT
20702000611,out,11,0313EST
20702000611,in,0,0313EST
20702000611,in,1,0310SNT
20702000611,in,2,0300MLG
20702000611,in,3,0310PGG
20702000611,in,4,0310PGP
20702000611,in,5,0200GNK
20702000611,in,6,0210NGR
20702000611,in,7,0210FIG
20702000611,in,8,0212KJT
30100000711,out,0,0202LUT
30100000711,out,1,0301KDC
30100000711,out,2,0201RZA
30100000711,out,3,0303GKM
30100000711,in,0,0300GKM
30100000711,in,1,0303GKM
30100000711,in,2,0200EQY
30100000711,in,3,0410SVA
30100000711,in,4,0412TWN
70200000811,out,0,0712RWY
70200000811,out,1,0711NAT
70200000811,out,2,0712KNT
70200000811,out,3,0711MCP
70200000811,out,4,0701UCN
70200000811,out,5,0701ROS
70200000811,out,6,0701PKA
70200000811,out,7,0701NSC
70200000811,out,8,0701KBG
70200000811,out,9,0701MGJ
70200000811,out,10,0701ADC
70200000811,out,11,0701MKA
70200000811,out,12,0701NJR
70200000811,out,13,0701SSR
70200000811,out,14,0701KAR
70200000811,out,15,0701FJE
70200000811,out,16,0701OLY
70200000811,out,17,0711OLI
70200000811,out,18,0703EQY
70200000811,in,0,0703EQY
70200000811,in,1,0710OLS
70200000811,in,2,0700OLM
70200000811,in,3,0700FJS
70200000811,in,4,0700KRA
70200000811,in,5,0700TON
70200000811,in,6,0700MOG
70200000811,in,7,0710TTL
70200000811,in,8,0700BMC
70200000811,in,9,0710CCT
70200000811,in,10,0710CME
70200000811,in,11,0712KNH
70200000811,in,12,0710NAQ
70200000811,in,13,0710TNA
70200000811,in,14,0700NHF
70200000811,in,15,0510AGP
70200000811,in,16,0712RLA
40401001011,out,0,0412MTW
40401001011,out,1,0411CST
40401001011,out,2,0411SMY
40401001011,out,3,0411MZW
40401001011,out,4,0401RKN
40401001011,out,5,0411CAR
40401001011,out,6,0411PST
40401001011,out,7,0401UJR
40401001011,out,8,0401KOT
40401001011,out,9,0401PS1
40401001011,out,10,0401FDS
40401001011,out,11,0401HDH
40401001011,out,12,0401N10
40401001011,out,13,0401JUC
40401001011,out,14,0401LUM
40401001011,out,15,0401LHS
40401001011,out,16,0403LMS
40401001011,in,0,0403LMS
40401001011,in,1,0400N10
40401001011,in,2,0400HDH
40401001011,in,3,0400FDS
40401001011,in,4,0400PS1
40401001011,in,5,0400KOT
40401001011,in,6,0410MKD
40401001011,in,7,0410DCJ
40401001011,in,8,0400UJR
40401001011,in,9,0410PST
40401001011,in,10,0412CAR
40401001011,in,11,0400MKG
40401001011,in,12,0400MZW
40401001011,in,13,0410KLL
40401001011,in,14,0410CST
40401001011,in,15,0412MTW
50100001111,out,0,0512BST
50100001111,out,1,0501KBL
50100001111,out,2,0501KAB
50100001111,out,3,0511IND
50100001111,out,4,0501INR
50100001111,out,5,0511MCH
50100001111,out,6,0511CNG
50100001111,out,7,0501BAN
50100001111,out,8,0501DAR
50100001111,out,9,0511MAT
50100001111,out,10,0511MAK
50100001111,out,11,0511MER
50100001111,out,12,0501MKN
50100001111,out,13,0501SGC
50100001111,out,14,0501KPT
50100001111,out,15,0501MCU
50100001111,out,16,0511MCU
50100001111,out,17,0511KRU
50100001111,out,18,0511PLV
50100001111,out,19,0501GTH
50100001111,out,20,0501SRI
50100001111,out,21,0501MSA
50100001111,out,22,0501SNA
50100001111,out,23,0501BAL
50100001111,out,24,0501OLS
50100001111,out,25,0501HAZ
50100001111,out,26,0503HZM
50100001111,in,0,0500HZS
50100001111,in,1,0500HAZ
50100001111,in,2,0500OLS
50100001111,in,3,0500BAL
50100001111,in,4,0500PLV
50100001111,in,5,0500PVE
50100001111,in,6,0500SNA
50100001111,in,7,0510MSA
50100001111,in,8,0510KPT
50100001111,in,9,0510MCU
50100001111,in,10,0510SMC
50100001111,in,11,0500VUM
50100001111,in,12,0500TAB
50100001111,in,13,0500MAR
50100001111,in,14,0510ARK
50100001111,in,15,0500KOB
50100001111,in,16,0510VCT
50100001111,in,17,0510CNG
50100001111,in,18,0500MCH
50100001111,in,19,0510NWT
50100001111,in,20,0500MAT
50100001111,in,21,0510KAB
50100001111,in,22,0510AGP
50100001111,in,23,0512BST
30800001411,out,0,0212KRT
30800001411,out,1,0201KRK
30800001411,out,2,0311PGG
30800001411,out,3,0301MBP
30800001411,out,4,0301MLG
30800001411,out,5,0301KMB
30800001411,out,6,0301SNT
30800001411,out,7,0301ALB
30800001411,out,8,0301MAP
30800001411,out,9,0301BHS
30800001411,out,10,0311AGP
30800001411,out,11,0311TEN
30800001411,out,12,0311THY
30800001411,out,13,0311CHF
30800001411,out,14,0301BAS
30800001411,out,15,0301FLT
30800001411,out,16,0311JSG
30800001411,out,17,0301MTS
30800001411,out,18,0303KST
30800001411,in,0,0303KST
30800001411,in,1,0300JAS
30800001411,in,2,0310JST
30800001411,in,3,0310FLT
30800001411,in,4,0300BAS
30800001411,in,5,0310CHF
30800001411,in,6,0310TEN
30800001411,in,7,0310FRC
30800001411,in,8,0310JAY
30800001411,in,9,0310SNT
30800001411,in,10,0300MLG
30800001411,in,11,0310PGG
30800001411,in,12,0210KRK
30800001411,in,13,0212KRT
50204001511,out,0,0512BSL
50204001511,out,1,0511NYS
50204001511,out,2,0511MAD
50204001511,out,3,0501WIL
50204001511,out,4,0501AMR
50204001511,out,5,0501DME
50204001511,out,6,0501UCH
50204001511,out,7,0511LGT
50204001511,out,8,0511BRK
50204001511,out,9,0501PCA
50204001511,out,10,0501CHF
50204001511,out,11,0511OTD
50204001511,out,12,0501KND
50204001511,out,13,0501MSQ
50204001511,out,14,0513LNT
50204001511,in,0,0510OTD
50204001511,in,1,0500LNP
50204001511,in,2,0500PCA
50204001511,in,3,0500MBK
50204001511,in,4,0500SPM
50204001511,in,5,0500MUG
50204001511,in,6,0500TAC
50204001511,in,7,0510CIV
50204001511,in,8,0500SLE
50204001511,in,9,0500MAS
50204001511,in,10,0500PHG
50204001511,in,11,0500EQT
50204001511,in,12,0500OIL
50204001511,in,13,0500LHP
50204001511,in,14,0510HQS
50204001511,in,15,0510KAS
50204001511,in,16,0510CAN
50204001511,in,17,0500DMS
50204001511,in,18,0510AMR
50204001511,in,19,0510LGP
50204001511,in,20,0510WIL
50204001511,in,21,0510TML
50204001511,in,22,0510MFL
50204001511,in,23,0510NYS
50204001511,in,24,0510KAB
50204001511,in,25,0510AGP
50204001511,in,26,0512BSL
50203001611,out,0,0512BST
50203001611,out,1,0511NYS
50203001611,out,2,0511MAD
50203001611,out,3,0501TML
50203001611,out,4,0501BLU
50203001611,out,5,0501APV
50203001611,out,6,0503HRS
50203001611,in,0,0500HIG
50203001611,in,1,0500MEM
50203001611,in,2,0510KEF
50203001611,in,3,0611HGH
50203001611,in,4,0611STH
50203001611,in,5,0510MFL
50203001611,in,6,0510NYS
50203001611,in,7,0500NYY
50203001611,in,8,0510KAB
50203001611,in,9,0510AGP
50203001611,in,10,0512BST
40702002001,out,0,0402MLY
40702002001,out,1,0401KSR
40702002001,out,2,0411NSE
40702002001,out,3,0401BEN
40702002001,out,4,0401MSB
40702002001,out,5,0411MAS
40702002001,out,6,0401JUN
40702002001,out,7,0411JUN
40702002001,out,8,0401POS
40702002001,out,9,0401SWT
40702002001,out,10,0411KOI
40702002001,out,11,0401NYD
40702002001,out,12,0401PMR
40702002001,out,13,0411RST
40702002001,out,14,0401MRA
40702002001,out,15,0401SBA
40702002001,out,16,0411KCF
40702002001,out,17,0401GKC
40702002001,out,18,0401DSL
40702002001,out,19,0401BSR
40702002001,out,20,0401KON
40702002001,out,21,0403KY1
40702002001,out,22,0401KYJ
40702002001,out,23,0401TWS
40702002001,out,24,0411NJR
40702002001,out,25,0403MKI
40702002001,in,0,0403MKI
40702002001,in,1,0410NJR
40702002001,in,2,0400KYJ
40702002001,in,3,0402KY1
40702002001,in,4,0400KON
40702002001,in,5,0403DSL
40702002001,in,6,0410KCF
40702002001,in,7,0400SBA
40702002001,in,8,0400MRA
40702002001,in,9,0400RST
40702002001,in,10,0410RST
40702002001,in,11,0400PMR
40702002001,in,12,0400NYD
40702002001,in,13,0400KOI
40702002001,in,14,0400SWT
40702002001,in,15,0400PST
40702002001,in,16,0400MSB
40702002001,in,17,0410MSB
40702002001,in,18,0400BER
40702002001,in,19,0410NSE
40702002001,in,20,0402MLY
50206002411,in,0,0512ADU
50206002411,in,1,0501KPU
50206002411,in,2,0511MAD
50206002411,in,3,0501TML
50206002411,in,4,0501WIL
50206002411,in,5,0501AMR
50206002411,in,6,0501DME
50206002411,in,7,0501UCH
50206002411,in,8,0511LGT
50206002411,in,9,0511BRK
50206002411,in,10,0500LGS
50206002411,in,11,0511OPR
50206002411,in,12,0501LGC
50206002411,in,13,0501WCK
50206002411,in,14,0512NKG
50206002411,in,15,0501NPC
50206002411,in,16,0511CAT
50206002411,in,17,0501KNA
50206002411,in,18,0511MAM
50206002411,in,19,0511TAN
50206002411,in,20,0511KAJ
50206002411,in,21,0501SOL
50206002411,in,22,0511SOL
50206002411,in,23,0501BOT
50206002411,in,24,0501MAB
50206002411,in,25,0501KIL
50206002411,in,26,0501HSB
50206002411,in,27,0511POL
50206002411,in,28,0501HMA
50206002411,in,29,0501MAS
50206002411,in,30,0501KOD
50206002411,in,31,0501COG
50206002411,in,32,0501MAL
50206002411,in,33,0501MBO
50206002411,in,34,0501CEM
50206002411,in,35,0501KBX
50206002411,in,36,0501TAM
50206002411,in,37,0501FOR
50206002411,in,38,0501KAE
50206002411,in,39,0501MAU
50206002411,in,40,0501LRJ
50206002411,in,41,0501DBB
50206002411,in,42,0501KCL
50206002411,in,43,0503KNK
50206002411,out,0,0700KEL
50206002411,out,1,0700TLF
50206002411,out,2,0700CRP
50206002411,out,3,0700SHW
50206002411,out,4,0700MTO
50206002411,out,5,0700LEA
50206002411,out,6,0710LNN
50206002411,out,7,0700FVM
50206002411,out,8,0700RAC
50206002411,out,9,0700PWA
50206002411,out,10,0700KEO
50206002411,out,11,0700STK
50206002411,out,12,0700SGR
50206002411,out,13,0700TRD
50206002411,out,14,0700CDT
50206002411,out,15,0710NKT
50206002411,out,16,0710BBT
50206002411,out,17,0710IMJ
50206002411,out,18,0710POD
50206002411,out,19,0710ADC
50206002411,out,20,0710KRD
50206002411,out,21,0710TTL
50206002411,out,22,0700BMC
50206002411,out,23,0710CCT
50206002411,out,24,0710CME
50206002411,out,25,0712KNH
50206002411,out,26,0710TNA
50206002411,out,27,0700NHF
50206002411,out,28,0510AGP
50206002411,out,29,0712KNC
20801002511,out,0,0212BBT
20801002511,out,1,0211KNJ
20801002511,out,2,0211NGR
20801002511,out,3,0211PIO
20801002511,out,4,0201PNG
20801002511,out,5,0211MTG
20801002511,out,6,0211NYS
20801002511,out,7,0211KCA
20801002511,out,8,0211DRV
20801002511,out,9,0201DAW
20801002511,out,10,0201CON
20801002511,out,11,0201RUA
20801002511,out,12,0201BLE
20801002511,out,13,0201BLC
20801002511,out,14,0211CAT
20801002511,out,15,0201BBP
20801002511,out,16,0213BDT
20801002511,in,0,0213BDT
20801002511,in,1,0200BBC
20801002511,in,2,0200KEN
20801002511,in,3,0210NVS
20801002511,in,4,0200CON
20801002511,in,5,0210DRV
20801002511,in,6,0210KCA
20801002511,in,7,0210SUR
20801002511,in,8,0210MTG
20801002511,in,9,0210PNG
20801002511,in,10,0200GNK
20801002511,in,11,0210NGR
20801002511,in,12,0210FIG
20801002511,in,13,0210KNJ
20801002511,in,14,0212BBT
40501002611,out,0,0412MKD
40501002611,out,1,0401LUM
40501002611,out,2,0401JNB
40501002611,out,3,0401MTP
40501002611,out,4,0401BRG
40501002611,out,5,0401HRB
40501002611,out,6,0411HRB
40501002611,out,7,0401HUJ
40501002611,out,8,0401KBU
40501002611,out,9,0401KCT
40501002611,out,10,0401NBP
40501002611,out,11,0401BPR
40501002611,out,12,0411BP1
40501002611,out,13,0401RPL
40501002611,out,14,0411SOS
40501002611,out,15,0401MWS
40501002611,out,16,0400TTL
40501002611,out,17,0400MYK
40501002611,out,18,0401HMN
40501002611,out,19,0401RDB
40501002611,out,20,0401KCB
40501002611,out,21,0401EQY
40501002611,out,22,0401KSN
40501002611,out,23,0403BNG
40501002611,in,0,0403BNG
40501002611,in,1,0400KCB
40501002611,in,2,0403RAU
40501002611,in,3,0400HMN
40501002611,in,4,0401MYK
40501002611,in,5,0400PIO
40501002611,in,6,0401TTL
40501002611,in,7,0400TMW
40501002611,in,8,0400PSG
40501002611,in,9,0400PSM
40501002611,in,10,0400BPS
40501002611,in,11,0400BRB
40501002611,in,12,0400BNB
40501002611,in,13,0400BKB
40501002611,in,14,0400UJN
40501002611,in,15,0400HRB
40501002611,in,16,0410HRB
40501002611,in,17,0410BRG
40501002611,in,18,0400MTP
40501002611,in,19,0410MAK
40501002611,in,20,0400LMS
40501002611,in,21,0400N10
40501002611,in,22,0400HDH
40501002611,in,23,0400FDS
40501002611,in,24,0400PS1
40501002611,in,25,0402MWH
30800002811,out,0,0312GKM
30800002811,out,1,0210PMS
30800002811,out,2,0301MAP
30800002811,out,3,0301BHS
30800002811,out,4,0311AGP
30800002811,out,5,0311TEN
30800002811,out,6,0311THY
30800002811,out,7,0311CHF
30800002811,out,8,0301BAS
30800002811,out,9,0301FLT
30800002811,out,10,0311JSG
30800002811,out,11,0301MTS
30800002811,out,12,0303KRG
30800002811,in,0,0300KRG
30800002811,in,1,0303KRG
30800002811,in,2,0300JAS
30800002811,in,3,0310JST
30800002811,in,4,0310FLT
30800002811,in,5,0300BAS
30800002811,in,6,0310CHF
30800002811,in,7,0310TEN
30800002811,in,8,0310FRC
30800002811,in,9,0310JAY
30800002811,in,10,0210GRG
30800002811,in,11,0210PMH
30800002811,in,12,0312GKM
80400003011,out,0,0812ODE
80400003011,out,1,0811MUS
80400003011,out,2,0801CHR
80400003011,out,3,0812WST
80400003011,out,4,0801STM
80400003011,out,5,0801LIO
80400003011,out,6,0801BRK
80400003011,out,7,0801SAF
80400003011,out,8,0811AGA
80400003011,out,9,0811ABC
80400003011,out,10,0801ABE
80400003011,out,11,0801JGJ
80400003011,out,12,0811KAR
80400003011,out,13,0801NSH
80400003011,out,14,0801DEL
80400003011,out,15,0801AFL
80400003011,out,16,0811KND
80400003011,out,17,0801SDM
80400003011,out,18,0801SGS
80400003011,out,19,0801MVT
80400003011,out,20,0811NNS
80400003011,out,21,0801KBI
80400003011,out,22,0801ATI
80400003011,out,23,0801ILA
80400003011,out,24,0801FLF
80400003011,out,25,0803NDT
80400003011,in,0,0803NDT
80400003011,in,1,0800FON
80400003011,in,2,0810SGB
80400003011,in,3,0810KMI
80400003011,in,4,0800HES
80400003011,in,5,0800CCK
80400003011,in,6,0810NSH
80400003011,in,7,0810KAR
80400003011,in,8,0800KBB
80400003011,in,9,0800WDC
80400003011,in,10,0810WPS
80400003011,in,11,0810LIO
80400003011,in,12,0810STM
80400003011,in,13,0800GPR
80400003011,in,14,0810WST
80400003011,in,15,0800EDS
80400003011,in,16,0800CHR
80400003011,in,17,0800MUS
80400003011,in,18,0810MCP
80400003011,in,19,0812ODE
40601003611,out,0,0412CSD
40601003611,out,1,0411SMY
40601003611,out,2,0411MZW
40601003611,out,3,0401RKN
40601003611,out,4,0411CAR
40601003611,out,5,0411PST
40601003611,out,6,0401UJR
40601003611,out,7,0411HMZ
40601003611,out,8,0411BPF
40601003611,out,9,0401BPF
40601003611,out,10,0401NPC
40601003611,out,11,0411PFJ
40601003611,out,12,0401BFA
40601003611,out,13,0411PFS
40601003611,out,14,0401UCB
40601003611,out,15,0401TSK
40601003611,out,16,0403MTW
40601003611,out,17,0401KNL
40601003611,out,18,0401KNB
40601003611,out,19,0401BPH
40601003611,out,20,0401SOS
40601003611,out,21,0401KOB
40601003611,out,22,0401ACC
40601003611,out,23,0401SIX
40601003611,out,24,0401TSX
40601003611,out,25,0311RIS
40601003611,out,26,0311SEN
40601003611,out,27,0311TOT
40601003611,out,28,0301AIC
40601003611,out,29,0311NNE
40601003611,out,30,0311DIZ
40601003611,out,31,0311FTY
40601003611,out,32,0311CIN
40601003611,out,33,0311BET
40601003611,out,34,0311JUA
40601003611,out,35,0311JER
40601003611,out,36,0313DDS
40601003611,in,0,0313DDS
40601003611,in,1,0300FTY
40601003611,in,2,0300DSC
40601003611,in,3,0310EQT
40601003611,in,4,0300BPS
40601003611,in,5,0310DUN
40601003611,in,6,0310TOT
40601003611,in,7,0310SEN
40601003611,in,8,0310RIS
40601003611,in,9,0400TSX
40601003611,in,10,0300MUT
40601003611,in,11,0400SIX
40601003611,in,12,0410PCA
40601003611,in,13,0410KOB
40601003611,in,14,0400TMW
40601003611,in,15,0410BBP
40601003611,in,16,0400MTW
40601003611,in,17,0400UCB
40601003611,in,18,0400PFS
40601003611,in,19,0400BFA
40601003611,in,20,0410PFJ
40601003611,in,21,0400NPC
40601003611,in,22,0410BPF
40601003611,in,23,0410NCK
40601003611,in,24,0410HMZ
40601003611,in,25,0400TJR
40601003611,in,26,0410MKD
40601003611,in,27,0410DCJ
40601003611,in,28,0400UJR
40601003611,in,29,0410PST
40601003611,in,30,0412CAR
40601003611,in,31,0400MKG
40601003611,in,32,0400MZW
40601003611,in,33,0410KLL
40601003611,in,34,0412CSD
30007004111,out,0,0212GBT
30007004111,out,1,0210PMS
30007004111,out,2,0301MAP
30007004111,out,3,0301BHS
30007004111,out,4,0311AGP
30007004111,out,5,0311TEN
30007004111,out,6,0311THY
30007004111,out,7,0311CHF
30007004111,out,8,0301BAS
30007004111,out,9,0301FLT
30007004111,out,10,0311JSG
30007004111,out,11,0302RND
30007004111,out,12,0311SOK
30007004111,out,13,0311BAO
30007004111,out,14,0311RIS
30007004111,out,15,0311SEN
30007004111,out,16,0311TOT
30007004111,out,17,0301AIC
30007004111,out,18,0311NNE
30007004111,out,19,0311DIZ
30007004111,out,20,0311FTY
30007004111,out,21,0311CIN
30007004111,out,22,0311BET
30007004111,out,23,0311JUA
30007004111,out,24,0311JER
30007004111,out,25,0313DDS
30007004111,in,0,0313DDS
30007004111,in,1,0300FTY
30007004111,in,2,0300DSC
30007004111,in,3,0310EQT
30007004111,in,4,0300BPS
30007004111,in,5,0310DUN
30007004111,in,6,0310TOT
30007004111,in,7,0310SEN
30007004111,in,8,0310RIS
30007004111,in,9,0300MUT
30007004111,in,10,0310BAO
30007004111,in,11,0300RND
30007004111,in,12,0310FLT
30007004111,in,13,0300BAS
30007004111,in,14,0310CHF
30007004111,in,15,0310TEN
30007004111,in,16,0310FRC
30007004111,in,17,0310JAY
30007004111,in,18,0210GRG
30007004111,in,19,0210PMH
30007004111,in,20,0212GBT
20807042011,out,0,0212APT
20807042011,out,1,0201DAW
20807042011,out,2,0201KBM
20807042011,out,3,0201SHP
20807042011,out,4,0301RDR
20807042011,out,5,0311SOK
20807042011,out,6,0311BAO
20807042011,out,7,0311RIS
20807042011,out,8,0311SEN
20807042011,out,9,0311TOT
20807042011,out,10,0301AIC
20807042011,out,11,0311NNE
20807042011,out,12,0311DIZ
20807042011,out,13,0311FTY
20807042011,out,14,0311CIN
20807042011,out,15,0311BET
20807042011,out,16,0311JUA
20807042011,out,17,0311JER
20807042011,out,18,0313DDS
20807042011,in,0,0313DDS
20807042011,in,1,0300FTY
20807042011,in,2,0300DSC
20807042011,in,3,0310EQT
20807042011,in,4,0300BPS
20807042011,in,5,0310DUN
20807042011,in,6,0310TOT
20807042011,in,7,0310SEN
20807042011,in,8,0310RIS
20807042011,in,9,0300MUT
20807042011,in,10,0310BAO
20807042011,in,11,0210RND
20807042011,in,12,0200SHP
20807042011,in,13,0210KBM
20807042011,in,14,0200KBM
20807042011,in,15,0200FHA
20807042011,in,16,0200BDJ
20807042011,in,17,0210NIS
20807042011,in,18,0212APT
20901043011,out,0,0212NGS
20901043011,out,1,0211KMJ
20901043011,out,2,0201KRK
20901043011,out,3,0201PNG
20901043011,out,4,0211MTG
20901043011,out,5,0211NYS
20901043011,out,6,0211KCA
20901043011,out,7,0211DRV
20901043011,out,8,0201ALS
20901043011,out,9,0211ALS
20901043011,out,10,0200HML
20901043011,out,11,0201SHL
20901043011,out,12,0213NGB
20901043011,in,0,0213NGB
20901043011,in,1,0200SHL
20901043011,in,2,0210ALS
20901043011,in,3,0210DRV
20901043011,in,4,0210KCA
20901043011,in,5,0210SUR
20901043011,in,6,0210MTG
20901043011,in,7,0210PNG
20901043011,in,8,0210KRK
20901043011,in,9,0212NGS
21000004911,out,0,0212SNT
21000004911,out,1,0211KNJ
21000004911,out,2,0211NGR
21000004911,out,3,0211PIO
21000004911,out,4,0201PNG
21000004911,out,5,0211MTG
21000004911,out,6,0211NYS
21000004911,out,7,0211KCA
21000004911,out,8,0211DRV
21000004911,out,9,0201ALS
21000004911,out,10,0211ALS
21000004911,out,11,0201HML
21000004911,out,12,0211STD
21000004911,out,13,0211RSB
21000004911,out,14,0201RGC
21000004911,out,15,0201PPS
21000004911,out,16,0201NAS
21000004911,out,17,0211NAS
21000004911,out,18,0201MET
21000004911,out,19,0201EQT
21000004911,out,20,0201GRD
21000004911,out,21,0201DNK
21000004911,out,22,0211SSN
21000004911,out,23,0201SSN
21000004911,out,24,0211STM
21000004911,out,25,0201MRT
21000004911,out,26,0211HNT
21000004911,out,27,0203SND
21000004911,in,0,0203SND
21000004911,in,1,0200HUN
21000004911,in,2,0210HUN
21000004911,in,3,0200FRS
21000004911,in,4,0200MAT
21000004911,in,5,0200CRN
21000004911,in,6,0210PPS
21000004911,in,7,0200TDS
21000004911,in,8,0200MET
21000004911,in,9,0210MET
21000004911,in,10,0200NES
21000004911,in,11,0210BUL
21000004911,in,12,0200BUL
21000004911,in,13,0210NAS
21000004911,in,14,0200RGC
21000004911,in,15,0210RSB
21000004911,in,16,0210STD
21000004911,in,17,0200STD
21000004911,in,18,0200HML
21000004911,in,19,0210ALS
21000004911,in,20,0210DRV
21000004911,in,21,0210KCA
21000004911,in,22,0210SUR
21000004911,in,23,0210MTG
21000004911,in,24,0210PNG
21000004911,in,25,0200GNK
21000004911,in,26,0210NGR
21000004911,in,27,0210FIG
21000004911,in,28,0210KNJ
21000004911,in,29,0212SNT
20400005311,out,0,0201RST
20400005311,out,1,0201NEH
20400005311,out,2,0201RKN
20400005311,out,3,0201STM
20400005311,out,4,0201NYT
20400005311,out,5,0201MGN
20400005311,out,6,0201RUK
20400005311,out,7,0200MRR
20400005311,in,0,0200MRR
20400005311,in,1,0200RUK
20400005311,in,2,0200MGN
20400005311,in,3,0200NYT
20400005311,in,4,0200STM
20400005311,in,5,0200RKN
20400005311,in,6,0200NEH
20400005311,in,7,0200RST
60201005611,out,0,0712RWY
60201005611,out,1,0611SRN
60201005611,out,2,0601INT
60201005611,out,3,0611VRP
60201005611,out,4,0611DOD
60201005611,out,5,0611HUR
60201005611,out,6,0601QUA
60201005611,out,7,0611CKA
60201005611,out,8,0611YAY
60201005611,out,9,0603YAY
60201005611,out,10,0611KIL
60201005611,out,11,0601KIR
60201005611,out,12,0601MON
60201005611,out,13,0601ARC
60201005611,out,14,0601AMB
60201005611,out,15,0601BRB
60201005611,out,16,0601CNG
60201005611,out,17,0601HDH
60201005611,out,18,0601SFK
60201005611,out,19,0601WAR
60201005611,out,20,0601TWZ
60201005611,out,21,0611MKF
60201005611,out,22,0603KNG
60201005611,in,0,0600KNG
60201005611,in,1,0610MKF
60201005611,in,2,0600ZEB
60201005611,in,3,0610KSS
60201005611,in,4,0600SFK
60201005611,in,5,0600CNG
60201005611,in,6,0600RUS
60201005611,in,7,0600BRB
60201005611,in,8,0600AMB
60201005611,in,9,0600ARC
60201005611,in,10,0600OTH
60201005611,in,11,0600MON
60201005611,in,12,0600KIR
60201005611,in,13,0600KIL
60201005611,in,14,0600YAY
60201005611,in,15,0600CHK
60201005611,in,16,0610RMX
60201005611,in,17,0610NWH
60201005611,in,18,0610HUL
60201005611,in,19,0600DOD
60201005611,in,20,0600VRP
60201005611,in,21,0610PNF
60201005611,in,22,0611COM
60201005611,in,23,0700NHF
60201005611,in,24,0510AGP
60201005611,in,25,0712RLA
40601005811,out,0,0412AMB
40601005811,out,1,0411CST
40601005811,out,2,0411SMY
40601005811,out,3,0411MZW
40601005811,out,4,0401RKN
40601005811,out,5,0411CAR
40601005811,out,6,0411PST
40601005811,out,7,0401UJR
40601005811,out,8,0411HMZ
40601005811,out,9,0411BPF
40601005811,out,10,0401BPF
40601005811,out,11,0401NPC
40601005811,out,12,0411PFJ
40601005811,out,13,0401BFA
40601005811,out,14,0411PFS
40601005811,out,15,0401UCB
40601005811,out,16,0401TSK
40601005811,out,17,0403MTW
40601005811,in,0,0403MTW
40601005811,in,1,0400UCB
40601005811,in,2,0400PFS
40601005811,in,3,0400BFA
40601005811,in,4,0410PFJ
40601005811,in,5,0400NPC
40601005811,in,6,0410BPF
40601005811,in,7,0410NCK
40601005811,in,8,0410HMZ
40601005811,in,9,0400TJR
40601005811,in,10,0410MKD
40601005811,in,11,0400UJR
40601005811,in,12,0410PST
40601005811,in,13,0412CAR
40601005811,in,14,0400MKG
40601005811,in,15,0400MZW
40601005811,in,16,0410KLL
40601005811,in,17,0410CST
40601005811,in,18,0400NCC
40601005811,in,19,0400CTB
40601005811,in,20,0410SLA
40601005811,in,21,0412AMB
40102040511,out,0,0412MTW
40102040511,out,1,0402CTY
40102040511,out,2,0411DTB
40102040511,out,3,0401PSN
40102040511,out,4,0401DAR
40102040511,out,5,0401TAL
40102040511,out,6,0401HMB
40102040511,out,7,0401QTY
40102040511,out,8,0401BSA
40102040511,out,9,0401KPL
40102040511,out,10,0411KPL
40102040511,out,11,0401TPK
40102040511,out,12,0401SHL
40102040511,out,13,0401ROA
40102040511,out,14,0401CEX
40102040511,out,15,0401FLC
40102040511,out,16,0411GMM
40102040511,out,17,0403GMW
40102040511,in,0,0403GMW
40102040511,in,1,0400GMT
40102040511,in,2,0410CEX
40102040511,in,3,0400HCC
40102040511,in,4,0400ROA
40102040511,in,5,0400KRT
40102040511,in,6,0400TPK
40102040511,in,7,0400EXP
40102040511,in,8,0400CRN
40102040511,in,9,0400KYB
40102040511,in,10,0400BSA
40102040511,in,11,0400QTY
40102040511,in,12,0400KWA
40102040511,in,13,0410COM
40102040511,in,14,0410DTB
40102040511,in,15,0412CTI
40102040511,in,16,0412MTH
20100010011,out,0,0212GRD
20100010011,out,1,0211NGT
20100010011,out,2,0201SDP
20100010011,out,3,0201PNG
20100010011,out,4,0211MBS
20100010011,out,5,0201KFS
20100010011,out,6,0211CID
20100010011,out,7,0211SHP
20100010011,out,8,0201ROC
20100010011,out,9,0201WJY
20100010011,out,10,0201RDS
20100010011,out,11,0201NTR
20100010011,out,12,0201RND
20100010011,out,13,0201GTO
20100010011,out,14,0201KWH
20100010011,out,15,0201EVR
20100010011,out,16,0201KSR
20100010011,out,17,0201KSS
20100010011,out,18,0211TND
20100010011,out,19,0201MSH
20100010011,out,20,0201BRA
20100010011,out,21,0211KST
20100010011,out,22,0201KS2
20100010011,out,23,0201KJN
20100010011,out,24,0211KDO
20100010011,out,25,0201KCB
20100010011,out,26,0201KAM
20100010011,out,27,0213TMA
20100010011,in,0,0213TMA
20100010011,in,1,0200OKB
20100010011,in,2,0210KDO
20100010011,in,3,0200KJN
20100010011,in,4,0200KS2
20100010011,in,5,0200STR
20100010011,in,6,0200MSH
20100010011,in,7,0200TND
20100010011,in,8,0200DMD
20100010011,in,9,0200BWD
20100010011,in,10,0200BLN
20100010011,in,11,0200KWH
20100010011,in,12,0200GTO
20100010011,in,13,0200RND
20100010011,in,14,0210NTR
20100010011,in,15,0200RDS
20100010011,in,16,0200WJY
20100010011,in,17,0200ROC
20100010011,in,18,0200SHK
20100010011,in,19,0210CID
20100010011,in,20,0200MTE
20100010011,in,21,0210MGC
20100010011,in,22,0210SMB
20100010011,in,23,0200TSS
20100010011,in,24,0212GRD
70600010211,out,0,0712RWY
70600010211,out,1,0711NAT
70600010211,out,2,0712KNT
70600010211,out,3,0711MCP
70600010211,out,4,0711UCN
70600010211,out,5,0711NKP
70600010211,out,6,0711MTL
70600010211,out,7,0711AAD
70600010211,out,8,0701PSA
70600010211,out,9,0711PST
70600010211,out,10,0711IMP
70600010211,out,11,0711JKR
70600010211,out,12,0711NKJ
70600010211,out,13,0702DCS
70600010211,out,14,0701DCR
70600010211,out,15,0701KJI
70600010211,out,16,0711SGO
70600010211,out,17,0711MLK
70600010211,out,18,0701BPP
70600010211,out,19,0701PBG
70600010211,out,20,0701KRE
70600010211,out,21,0711KNG
70600010211,out,22,0701BMK
70600010211,out,23,0711MTE
70600010211,out,24,0701WTK
70600010211,out,25,0701MUT
70600010211,out,26,0701GCU
70600010211,out,27,0711RSS
70600010211,out,28,0701SDP
70600010211,out,29,0711DRC
70600010211,out,30,0701DNL
70600010211,out,31,0711KRG
70600010211,out,32,0701UKC
70600010211,out,33,0711UKS
70600010211,out,34,0701AHS
70600010211,out,35,0711ASS
70600010211,out,36,0701GRD
70600010211,out,37,0701FGS
70600010211,out,38,0701GGS
70600010211,out,39,0713KKY
70600010211,in,0,0713KKY
70600010211,in,1,0700GGL
70600010211,in,2,0700GRS
70600010211,in,3,0710AHL
70600010211,in,4,0700UKG
70600010211,in,5,0710UKT
70600010211,in,6,0700KRR
70600010211,in,7,0700GPF
70600010211,in,8,0700RCR
70600010211,in,9,0710SEL
70600010211,in,10,0700KPG
70600010211,in,11,0700GCP
70600010211,in,12,0700MRT
70600010211,in,13,0700WTA
70600010211,in,14,0700MTM
70600010211,in,15,0700NPS
70600010211,in,16,0710MIH
70600010211,in,17,0700BMY
70600010211,in,18,0710KWN
70600010211,in,19,0700AIC
70600010211,in,20,0700KEQ
70600010211,in,21,0700PBG
70600010211,in,22,0710DCD
70600010211,in,23,0700BPS
70600010211,in,24,0700MSK
70600010211,in,25,0710SIN
70600010211,in,26,0710KYJ
70600010211,in,27,0700DCT
70600010211,in,28,0700RIR
70600010211,in,29,0710KJS
70600010211,in,30,0700TBK
70600010211,in,31,0702KDC
70600010211,in,32,0710NKT
70600010211,in,33,0710BBT
70600010211,in,34,0710IMJ
70600010211,in,35,0710POD
70600010211,in,36,0710ADC
70600010211,in,37,0710KRD
70600010211,in,38,0710TTL
70600010211,in,39,0700BMC
70600010211,in,40,0710CCT
70600010211,in,41,0710CME
70600010211,in,42,0712KNH
70600010211,in,43,0710TNA
70600010211,in,44,0700NHF
70600010211,in,45,0510AGP
70600010211,in,46,0712RLA
70000010311,out,0,0702DCS
70000010311,out,1,0701DCR
70000010311,out,2,0701KJI
70000010311,out,3,0711SGO
70000010311,out,4,0711MLK
70000010311,out,5,0701BPP
70000010311,out,6,0701PBG
70000010311,out,7,0701REU
70000010311,out,8,0701NVI
70000010311,out,9,0701SJC
70000010311,out,10,0701NDW
70000010311,out,11,0701RSF
70000010311,out,12,0701GDB
70000010311,out,13,0711GTD
70000010311,out,14,0701SMR
70000010311,out,15,0701LRI
70000010311,out,16,0701THR
70000010311,out,17,0701WGT
70000010311,out,18,0703UTP
70000010311,out,19,0701WWU
70000010311,out,20,0801DEP
70000010311,out,21,0801SHC
70000010311,out,22,0801GCC
70000010311,out,23,0811ETT
70000010311,out,24,0801KGH
70000010311,out,25,0811JMK
70000010311,out,26,0801MUC
70000010311,out,27,0801MUM
70000010311,out,28,0801DMN
70000010311,out,29,0801RGN
70000010311,out,30,0811RNG
70000010311,out,31,0801KMP
70000010311,out,32,0701KIJ
70000010311,out,33,0701GTR
70000010311,out,34,0701KNR
70000010311,out,35,0711NJG
70000010311,out,36,0711MGU
70000010311,out,37,0701RNR
70000010311,out,38,0711MUT
70000010311,out,39,0701ACI
70000010311,out,40,0711KNY
70000010311,out,41,0701ACC
70000010311,out,42,0711PFE
70000010311,out,43,0701TTW
70000010311,out,44,0713WNG
70000010311,in,0,0713WNG
70000010311,in,1,0700KAK
70000010311,in,2,0700ACI
70000010311,in,3,0710KNA
70000010311,in,4,0700GBK
70000010311,in,5,0710MTE
70000010311,in,6,0700MAA
70000010311,in,7,0710MAU
70000010311,in,8,0700GRU
70000010311,in,9,0810KPL
70000010311,in,10,0810RUG
70000010311,in,11,0800REG
70000010311,in,12,0810MTG
70000010311,in,13,0800MTG
70000010311,in,14,0800KIN
70000010311,in,15,0810KIN
70000010311,in,16,0810EGT
70000010311,in,17,0810WJM
70000010311,in,18,0810COP
70000010311,in,19,0810UTH
70000010311,in,20,0800UTH
70000010311,in,21,0800NDJ
70000010311,in,22,0700URB
70000010311,in,23,0700SJK
70000010311,in,24,0700IRI
70000010311,in,25,0700SMK
70000010311,in,26,0710GKI
70000010311,in,27,0700NDU
70000010311,in,28,0700SJL
70000010311,in,29,0700MUL
70000010311,in,30,0700EUI
70000010311,in,31,0700PBG
70000010311,in,32,0710DCD
70000010311,in,33,0700BPS
70000010311,in,34,0700MSK
70000010311,in,35,0710SIN
70000010311,in,36,0710KYJ
70000010311,in,37,0700DCT
70000010311,in,38,0700RIR
70000010311,in,39,0710KJS
70000010311,in,40,0700TBK
70000010311,in,41,0702KDC
80500010511,out,0,0813KKS
80500010511,out,1,0800PCR
80500010511,out,2,0800KRY
80500010511,out,3,0710GVC
80500010511,out,4,0810KPL
80500010511,out,5,0810RUG
80500010511,out,6,0800REG
80500010511,out,7,0810MTG
80500010511,out,8,0800MTG
80500010511,out,9,0800KIN
80500010511,out,10,0810KIN
80500010511,out,11,0810EGT
80500010511,out,12,0810WJM
80500010511,out,13,0810COP
80500010511,out,14,0810UTH
80500010511,out,15,0800UTH
80500010511,out,16,0810MRG
80500010511,out,17,0810KBT
80500010511,out,18,0810TNG
80500010511,out,19,0800KGT
80500010511,out,20,0810KMI
80500010511,out,21,0800HES
80500010511,out,22,0800CCK
80500010511,out,23,0810NSH
80500010511,out,24,0810KAR
80500010511,out,25,0800KBB
80500010511,out,26,0800WDC
80500010511,out,27,0810WPS
80500010511,out,28,0810LIO
80500010511,out,29,0810STM
80500010511,out,30,0800GPR
80500010511,out,31,0810WST
80500010511,out,32,0800EDS
80500010511,out,33,0800CHR
80500010511,out,34,0800MUS
80500010511,out,35,0810MCP
80500010511,out,36,0812ODE
80500010511,in,0,0812ODE
80500010511,in,1,0811MUS
80500010511,in,2,0801CHR
80500010511,in,3,0812WST
80500010511,in,4,0801STM
80500010511,in,5,0801LIO
80500010511,in,6,0801BRK
80500010511,in,7,0801SAF
80500010511,in,8,0811AGA
80500010511,in,9,0811ABC
80500010511,in,10,0801ABE
80500010511,in,11,0801JGJ
80500010511,in,12,0811KAR
80500010511,in,13,0801NSH
80500010511,in,14,0801DEL
80500010511,in,15,0801AFL
80500010511,in,16,0811KND
80500010511,in,17,0801SDM
80500010511,in,18,0801SGS
80500010511,in,19,0801MVT
80500010511,in,20,0801CUS
80500010511,in,21,0811SKO
80500010511,in,22,0801KBP
80500010511,in,23,0801UEN
80500010511,in,24,0801DEP
80500010511,in,25,0801SHC
80500010511,in,26,0801GCC
80500010511,in,27,0811ETT
80500010511,in,28,0801KGH
80500010511,in,29,0811JMK
80500010511,in,30,0801MUC
80500010511,in,31,0801MUM
80500010511,in,32,0801DMN
80500010511,in,33,0801RGN
80500010511,in,34,0811RNG
80500010511,in,35,0801KMP
80500010511,in,36,0801NGA
80500010511,in,37,0801KKR
80500010511,in,38,0801STZ
80500010511,in,39,0801KOL
80500010511,in,40,0813KKS
10300106011,out,0,0102KHJ
10300106011,out,1,0101NGR
10300106011,out,2,0101JHS
10300106011,out,3,0101STP
10300106011,out,4,0111SPS
10300106011,out,5,0101WBR
10300106011,out,6,0101AGA
10300106011,out,7,0111OLB
10300106011,out,8,0101CPK
10300106011,out,9,0111RHK
10300106011,out,10,0111BEK
10300106011,out,11,0111TUN
10300106011,out,12,0111RHR
10300106011,out,13,0111VMA
10300106011,out,14,0111KRU
10300106011,out,15,0101REE
10300106011,out,16,0101ROR
10300106011,out,17,0101ROK
10300106011,out,18,0101SHR
10300106011,out,19,0101DPB
10300106011,out,20,0101RKJ
10300106011,out,21,0101CAV
10300106011,out,22,0111KEA
10300106011,out,23,0101MUC
10300106011,out,24,0101GOG
10300106011,out,25,0111JEK
10300106011,out,26,0101NTO
10300106011,out,27,0101MCC
10300106011,out,28,0101LSC
10300106011,out,29,0101MIC
10300106011,out,30,0101MDS
10300106011,out,31,0111KIV
10300106011,out,32,0101SHT
10300106011,out,33,0101NJK
10300106011,out,34,0101KAT
10300106011,out,35,0101VRY
10300106011,out,36,0101ZAK
10300106011,out,37,0101LIK
10300106011,out,38,0101MOM
10300106011,out,39,0101MKB
10300106011,out,40,0101KOB
10300106011,out,41,0113BAA
10300106011,in,0,0100MOM
10300106011,in,1,0100LIK
10300106011,in,2,0100CHL
10300106011,in,3,0100VIN
10300106011,in,4,0100NJT
10300106011,in,5,0100SHT
10300106011,in,6,0110TVM
10300106011,in,7,0100KSS
10300106011,in,8,0100MIS
10300106011,in,9,0100LSM
10300106011,in,10,0100TTM
10300106011,in,11,0100NAM
10300106011,in,12,0110WAM
10300106011,in,13,0100GUG
10300106011,in,14,0100PEF
10300106011,in,15,0110GTH
10300106011,in,16,0100VEV
10300106011,in,17,0100RBJ
10300106011,in,18,0100DPA
10300106011,in,19,0100MRC
10300106011,in,20,0100RRP
10300106011,in,21,0100RES
10300106011,in,22,0100RKH
10300106011,in,23,0110VMT
10300106011,in,24,0100RRJ
10300106011,in,25,0110UNA
10300106011,in,26,0110MTS
10300106011,in,27,0100TCP
10300106011,in,28,0110TPA
10300106011,in,29,0110AGK
10300106011,in,30,0102KHJ
10400010711,out,0,0112ODE
10400010711,out,1,0101NGR
10400010711,out,2,0101JHS
10400010711,out,3,0101STP
10400010711,out,4,0111SPS
10400010711,out,5,0101WBR
10400010711,out,6,0101AGA
10400010711,out,7,0111OLB
10400010711,out,8,0101CPK
10400010711,out,9,0111RHK
10400010711,out,10,0111BEK
10400010711,out,11,0111TUN
10400010711,out,12,0111RHR
10400010711,out,13,0111VMA
10400010711,out,14,0111KRU
10400010711,out,15,0101REE
10400010711,out,16,0101ROR
10400010711,out,17,0101ROK
10400010711,out,18,0101SHR
10400010711,out,19,0101DPB
10400010711,out,20,0111RST
10400010711,out,21,0101RCK
10400010711,out,22,0101RDC
10400010711,out,23,0101RCC
10400010711,out,24,0101SLT
10400010711,out,25,0101PMR
10400010711,out,26,0101PMV
10400010711,out,27,0111MCM
10400010711,out,28,0101KTO
10400010711,out,29,0101GRJ
10400010711,out,30,0101RMY
10400010711,out,31,0111AMB
10400010711,out,32,0101AME
10400010711,out,33,0101CHC
10400010711,out,34,0101FRK
10400010711,out,35,0111NDS
10400010711,out,36,0101REN
10400010711,out,37,0101NDJ
10400010711,out,38,0101NSA
10400010711,out,39,0101SAN
10400010711,out,40,0113KAR
10400010711,in,0,0110KRS
10400010711,in,1,0100STJ
10400010711,in,2,0100STN
10400010711,in,3,0100VDA
10400010711,in,4,0100NDT
10400010711,in,5,0110NGP
10400010711,in,6,0110NSG
10400010711,in,7,0100NKD
10400010711,in,8,0100CTC
10400010711,in,9,0100ASD
10400010711,in,10,0110AST
10400010711,in,11,0100RYA
10400010711,in,12,0100MFB
10400010711,in,13,0110PMT
10400010711,in,14,0100JYL
10400010711,in,15,0100SLG
10400010711,in,16,0100RCN
10400010711,in,17,0100RRD
10400010711,in,18,0100CBR
10400010711,in,19,0100RBJ
10400010711,in,20,0100DPA
10400010711,in,21,0100MRC
10400010711,in,22,0100RRP
10400010711,in,23,0100RES
10400010711,in,24,0100RKH
10400010711,in,25,0110VMT
10400010711,in,26,0100RRJ
10400010711,in,27,0110UNA
10400010711,in,28,0110MTS
10400010711,in,29,0100TCP
10400010711,in,30,0110TPA
10400010711,in,31,0110AGK
10400010711,in,32,0112ODE
10200010811,out,0,0112POL
10200010811,out,1,0101MTH
10200010811,out,2,0101NYR
10200010811,out,3,0101NYG
10200010811,out,4,0101NYP
10200010811,out,5,0101NGG
10200010811,out,6,0101RSH
10200010811,out,7,0101SDA
10200010811,out,8,0101KKB
10200010811,out,9,0111KNA
10200010811,out,10,0101CHF
10200010811,out,11,0101POW
10200010811,out,12,0101JAK
10200010811,out,13,0113GCH
10200010811,in,0,0100JAK
10200010811,in,1,0100POW
10200010811,in,2,0100KNA
10200010811,in,3,0110KKB
10200010811,in,4,0100CHE
10200010811,in,5,0100NMT
10200010811,in,6,0112POL
50800011011,out,0,0512ESC
50800011011,out,1,0501NYY
50800011011,out,2,0511IFC
50800011011,out,3,0511CPC
50800011011,out,4,0511BLV
50800011011,out,5,0511PST
50800011011,out,6,0511PNR
50800011011,out,7,0501SDG
50800011011,out,8,0511SMR
50800011011,out,9,0501GMS
50800011011,out,10,0501IMR
50800011011,out,11,0513CAB
50800011011,out,12,0501TFS
50800011011,out,13,0501APJ
50800011011,out,14,0501NNL
50800011011,out,15,0511KAP
50800011011,out,16,0501MBT
50800011011,out,17,0501NTN
50800011011,out,18,0511NTN
50800011011,out,19,0511SYK
50800011011,out,20,0511ALP
50800011011,out,21,0501ALP
50800011011,out,22,0501SYJ
50800011011,out,23,0511MLL
50800011011,out,24,0501SYC
50800011011,out,25,0501MJN
50800011011,out,26,0501SBK
50800011011,out,27,0501TLL
50800011011,out,28,0511TLL
50800011011,out,29,0501SHM
50800011011,out,30,0511SHL
50800011011,out,31,0501MLG
50800011011,out,32,0501VNL
50800011011,out,33,0501VLG
50800011011,out,34,0511EPZ
50800011011,out,35,0511TSH
50800011011,out,36,0513KIT
50800011011,in,0,0510KIT
50800011011,in,1,0500EPZ
50800011011,in,2,0510EPZ
50800011011,in,3,0510VNL
50800011011,in,4,0500PTL
50800011011,in,5,0510SHL
50800011011,in,6,0500SNR
50800011011,in,7,0500SHM
50800011011,in,8,0500TOL
50800011011,in,9,0500SBK
50800011011,in,10,0500KNC
50800011011,in,11,0500MJN
50800011011,in,12,0500SLN
50800011011,in,13,0510SLN
50800011011,in,14,0500SYC
50800011011,in,15,0510SYC
50800011011,in,16,0500SYJ
50800011011,in,17,0500OBT
50800011011,in,18,0500SYK
50800011011,in,19,0500NTN
50800011011,in,20,0500MBT
50800011011,in,21,0500KAP
50800011011,in,22,0500SKR
50800011011,in,23,0500RLN
50800011011,in,24,0500APJ
50800011011,in,25,0500STM
50800011011,in,26,0500AAL
50800011011,in,27,0500CAB
50800011011,in,28,0510GMS
50800011011,in,29,0500SMR
50800011011,in,30,0500PNR
50800011011,in,31,0510ATL
50800011011,in,32,0500SHL
50800011011,in,33,0510BLV
50800011011,in,34,0500NYY
50800011011,in,35,0510KAB
50800011011,in,36,0510AGP
50800011011,in,37,0512EAS
70400011111,out,0,0712RWY
70400011111,out,1,0711NAT
70400011111,out,2,0712KNT
70400011111,out,3,0711MCP
70400011111,out,4,0711UCN
70400011111,out,5,0711NKP
70400011111,out,6,0711MTL
70400011111,out,7,0711AAD
70400011111,out,8,0701PSA
70400011111,out,9,0711PST
70400011111,out,10,0711IMP
70400011111,out,11,0711JKR
70400011111,out,12,0711NKJ
70400011111,out,13,0701CMD
70400011111,out,14,0701TKS
70400011111,out,15,0701SWD
70400011111,out,16,0701SFY
70400011111,out,17,0701KNO
70400011111,out,18,0701PWY
70400011111,out,19,0701RCE
70400011111,out,20,0711LNN
70400011111,out,21,0701LNA
70400011111,out,22,0711MTI
70400011111,out,23,0701CRS
70400011111,out,24,0701KFR
70400011111,out,25,0711KRN
70400011111,out,26,0701WRG
70400011111,out,27,0711WDC
70400011111,out,28,0711MKP
70400011111,out,29,0701KCC
70400011111,out,30,0701SHT
70400011111,out,31,0701SHL
70400011111,out,32,0711JOG
70400011111,out,33,0701JBC
70400011111,out,34,0701MHS
70400011111,out,35,0701HKA
70400011111,out,36,0701UMJ
70400011111,out,37,0701BCA
70400011111,out,38,0711BLB
70400011111,out,39,0701BLC
70400011111,out,40,0701ELP
70400011111,out,41,0701KMC
70400011111,out,42,0701NVV
70400011111,out,43,0701KNC
70400011111,out,44,0701NYH
70400011111,out,45,0701KMH
70400011111,out,46,0711UNV
70400011111,out,47,0701GRG
70400011111,out,48,0701ZMB
70400011111,out,49,0701CWH
70400011111,out,50,0701PMS
70400011111,out,51,0701VNS
70400011111,out,52,0701SMN
70400011111,out,53,0701CCL
70400011111,out,54,0711KNO
70400011111,out,55,0701PCY
70400011111,out,56,0701KAJ
70400011111,out,57,0713NBT
70400011111,in,0,0713NBT
70400011111,in,1,0700KWK
70400011111,in,2,0700PCS
70400011111,in,3,0710JPS
70400011111,in,4,0700ZBA
70400011111,in,5,0700CWH
70400011111,in,6,0700UNV
70400011111,in,7,0710VAS
70400011111,in,8,0700KSS
70400011111,in,9,0710ELS
70400011111,in,10,0710BLL
70400011111,in,11,0700BDB
70400011111,in,12,0700MAU
70400011111,in,13,0700HKA
70400011111,in,14,0700KBN
70400011111,in,15,0710PMP
70400011111,in,16,0700SHE
70400011111,in,17,0700SAD
70400011111,in,18,0700KMM
70400011111,in,19,0700KPI
70400011111,in,20,0710KES
70400011111,in,21,0710WWD
70400011111,in,22,0700KPL
70400011111,in,23,0700KEL
70400011111,in,24,0700TLF
70400011111,in,25,0700CRP
70400011111,in,26,0700SHW
70400011111,in,27,0700MTO
70400011111,in,28,0700LEA
70400011111,in,29,0710LNN
70400011111,in,30,0700FVM
70400011111,in,31,0700RAC
70400011111,in,32,0700PWA
70400011111,in,33,0700KEO
70400011111,in,34,0700STK
70400011111,in,35,0700SGR
70400011111,in,36,0700TRD
70400011111,in,37,0700CDT
70400011111,in,38,0710NKT
70400011111,in,39,0710BBT
70400011111,in,40,0710IMJ
70400011111,in,41,0710POD
70400011111,in,42,0710ADC
70400011111,in,43,0710KRD
70400011111,in,44,0710TTL
70400011111,in,45,0700BMC
70400011111,in,46,0710CCT
70400011111,in,47,0710CME
70400011111,in,48,0712KNH
70400011111,in,49,0710TNA
70400011111,in,50,0700NHF
70400011111,in,51,0510AGP
70400011111,in,52,0712RLA
80000115011,out,0,0812KNJ
80000115011,out,1,0811CHR
80000115011,out,2,0801CHR
80000115011,out,3,0812WST
80000115011,out,4,0801STM
80000115011,out,5,0801LIO
80000115011,out,6,0801BRK
80000115011,out,7,0801SAF
80000115011,out,8,0811AGA
80000115011,out,9,0811ABC
80000115011,out,10,0801ABE
80000115011,out,11,0801JGJ
80000115011,out,12,0811KAR
80000115011,out,13,0801NSH
80000115011,out,14,0801DEL
80000115011,out,15,0801AFL
80000115011,out,16,0811KND
80000115011,out,17,0801SDM
80000115011,out,18,0811KNM
80000115011,out,19,0811KBP
80000115011,out,20,0811KIN
80000115011,out,21,0811MTG
80000115011,out,22,0811RNR
80000115011,out,23,0811GIT
80000115011,out,24,0811SIG
80000115011,out,25,0811ZOP
80000115011,out,26,0811GCN
80000115011,out,27,0811MUG
80000115011,out,28,0811IKA
80000115011,out,29,0801IKA
80000115011,out,30,0811JOR
80000115011,out,31,0801CNG
80000115011,out,32,0811CNG
80000115011,out,33,0811RRN
80000115011,out,34,0801RRN
80000115011,out,35,0801KPL
80000115011,out,36,0811KDR
80000115011,out,37,0801KRH
80000115011,out,38,0801MBR
80000115011,out,39,0811MBR
80000115011,out,40,0801DOS
80000115011,out,41,0813LMT
80000115011,in,0,0813LMT
80000115011,in,1,0801DOS
80000115011,in,2,0800KMR
80000115011,in,3,0800KMD
80000115011,in,4,0810JUN
80000115011,in,5,0810KBB
80000115011,in,6,0810ARM
80000115011,in,7,0810RIR
80000115011,in,8,0810CNG
80000115011,in,9,0810BEL
80000115011,in,10,0810IKA
80000115011,in,11,0810SIT
80000115011,in,12,0810MUG
80000115011,in,13,0810GIC
80000115011,in,14,0810KBA
80000115011,in,15,0800KBA
80000115011,in,16,0810ZAB
80000115011,in,17,0801WID
80000115011,in,18,0810SIG
80000115011,in,19,0810GCR
80000115011,in,20,0810GIT
80000115011,in,21,0800GIT
80000115011,in,22,0810KPL
80000115011,in,23,0810RUG
80000115011,in,24,0800REG
80000115011,in,25,0810MTG
80000115011,in,26,0800MTG
80000115011,in,27,0800KIN
80000115011,in,28,0810KIN
80000115011,in,29,0810EGT
80000115011,in,30,0810WJM
80000115011,in,31,0810COP
80000115011,in,32,0810UTH
80000115011,in,33,0800UTH
80000115011,in,34,0810MRG
80000115011,in,35,0810KBT
80000115011,in,36,0810NNN
80000115011,in,37,0810TNG
80000115011,in,38,0800KGT
80000115011,in,39,0800HES
80000115011,in,40,0800CCK
80000115011,in,41,0810NSH
80000115011,in,42,0810KAR
80000115011,in,43,0800KBB
80000115011,in,44,0800APD
80000115011,in,45,0800NJG
80000115011,in,46,0800WDC
80000115011,in,47,0810WPS
80000115011,in,48,0810LIO
80000115011,in,49,0810STM
80000115011,in,50,0800GPR
80000115011,in,51,0810WST
80000115011,in,52,0800EDS
80000115011,in,53,0800CHR
80000115011,in,54,0800MUS
80000115011,in,55,0810MCP
80000115011,in,56,0812KNJ
10000116011,out,0,0112LKT
10000116011,out,1,0101JHS
10000116011,out,2,0101STP
10000116011,out,3,0111SPS
10000116011,out,4,0101WBR
10000116011,out,5,0101AGA
10000116011,out,6,0111OLB
10000116011,out,7,0101CPK
10000116011,out,8,0111RHK
10000116011,out,9,0111BEK
10000116011,out,10,0111TUN
10000116011,out,11,0111RHR
10000116011,out,12,0111VMA
10000116011,out,13,0111KRU
10000116011,out,14,0101REE
10000116011,out,15,0101ROR
10000116011,out,16,0101ROK
10000116011,out,17,0101SHR
10000116011,out,18,0101DPB
10000116011,out,19,0101RKJ
10000116011,out,20,0101CAV
10000116011,out,21,0111KEA
10000116011,out,22,0101MUC
10000116011,out,23,0101GOG
10000116011,out,24,0111JEK
10000116011,out,25,0101NTO
10000116011,out,26,0101MCC
10000116011,out,27,0101LSC
10000116011,out,28,0101MIC
10000116011,out,29,0101MDS
10000116011,out,30,0111KIV
10000116011,out,31,0101SHT
10000116011,out,32,0101NJK
10000116011,out,33,0101KAT
10000116011,out,34,0101VRY
10000116011,out,35,0101ZAK
10000116011,out,36,0101LIK
10000116011,out,37,0101MOM
10000116011,out,38,0101MKB
10000116011,out,39,0101KOB
10000116011,out,40,0111BAA
10000116011,out,41,0111MKT
10000116011,out,42,0101KME
10000116011,out,43,0101MRB
10000116011,out,44,0101KCK
10000116011,out,45,0101LMC
10000116011,out,46,0101GVS
10000116011,out,47,0101TIG
10000116011,out,48,0113LMD
10000116011,in,0,0100LPS
10000116011,in,1,0100TIG
10000116011,in,2,0100GVS
10000116011,in,3,0100LMC
10000116011,in,4,0100KCK
10000116011,in,5,0100MRB
10000116011,in,6,0110MKT
10000116011,in,7,0110BAA
10000116011,in,8,0100MOM
10000116011,in,9,0100LIK
10000116011,in,10,0100CHL
10000116011,in,11,0100VIN
10000116011,in,12,0100NJT
10000116011,in,13,0100SHT
10000116011,in,14,0110TVM
10000116011,in,15,0100KSS
10000116011,in,16,0100MIS
10000116011,in,17,0100LSM
10000116011,in,18,0100TTM
10000116011,in,19,0100NAM
10000116011,in,20,0110WAM
10000116011,in,21,0100GUG
10000116011,in,22,0100PEF
10000116011,in,23,0110GTH
10000116011,in,24,0100VEV
10000116011,in,25,0100RBJ
10000116011,in,26,0100DPA
10000116011,in,27,0100MRC
10000116011,in,28,0100RRP
10000116011,in,29,0100RES
10000116011,in,30,0100RKH
10000116011,in,31,0110VMT
10000116011,in,32,0100RRJ
10000116011,in,33,0110UNA
10000116011,in,34,0110MTS
10000116011,in,35,0100TCP
10000116011,in,36,0110TPA
10000116011,in,37,0110AGK
10000116011,in,38,0112LKT
80100011811,out,0,0812KNJ
80100011811,out,1,0801PSC
80100011811,out,2,0801MPS
80100011811,out,3,0811MAY
80100011811,out,4,0813WSA
80100011811,out,5,0801SRT
80100011811,out,6,0801PPN
80100011811,out,7,0801BRD
80100011811,out,8,0801TOT
80100011811,out,9,0811SVL
80100011811,out,10,0801SVP
80100011811,out,11,0801HVW
80100011811,out,12,0801ZEN
80100011811,out,13,0811ZEN
80100011811,out,14,0801PSE
80100011811,out,15,0801KBT
80100011811,out,16,0801PST
80100011811,out,17,0811KSA
80100011811,out,18,0801UON
80100011811,out,19,0801RHY
80100011811,out,20,0801GAC
80100011811,out,21,0811KAM
80100011811,out,22,0801KAM
80100011811,out,23,0801MOS
80100011811,out,24,0801KIG
80100011811,out,25,0811WAG
80100011811,out,26,0713WNG
80100011811,in,0,0713WNG
80100011811,in,1,0800TOT
80100011811,in,2,0800ACC
80100011811,in,3,0800RGR
80100011811,in,4,0810KAM
80100011811,in,5,0810NDG
80100011811,in,6,0800KAS
80100011811,in,7,0810KRC
80100011811,in,8,0810UON
80100011811,in,9,0810POS
80100011811,in,10,0800KSP
80100011811,in,11,0800PEP
80100011811,in,12,0810ZEN
80100011811,in,13,0800HVW
80100011811,in,14,0800BYP
80100011811,in,15,0800KBL
80100011811,in,16,0800BRD
80100011811,in,17,0800PPN
80100011811,in,18,0800SRT
80100011811,in,19,0800WST
80100011811,in,20,0800LUN
80100011811,in,21,0800MAY
80100011811,in,22,0800TTM
80100011811,in,23,0800IMP
80100011811,in,24,0800MPS
80100011811,in,25,0800PPT
80100011811,in,26,0800KLH
80100011811,in,27,0800PSC
80100011811,in,28,0810MSM
80100011811,in,29,0800SHK
80100011811,in,30,0800NGR
80000011911,out,0,0812KNJ
80000011911,out,1,0801NGR
80000011911,out,2,0801PSC
80000011911,out,3,0801MPS
80000011911,out,4,0811MAY
80000011911,out,5,0813WSA
80000011911,out,6,0801SRT
80000011911,out,7,0801PPN
80000011911,out,8,0801BRD
80000011911,out,9,0801TOT
80000011911,out,10,0811SVL
80000011911,out,11,0801SVP
80000011911,out,12,0801HVW
80000011911,out,13,0801ZEN
80000011911,out,14,0811ZEN
80000011911,out,15,0801LVW
80000011911,out,16,0801KIA
80000011911,out,17,0801KRW
80000011911,out,18,0801KSR
80000011911,out,19,0811MWM
80000011911,out,20,0801AGM
80000011911,out,21,0801KNN
80000011911,out,22,0801BCM
80000011911,out,23,0811KRH
80000011911,out,24,0801OMH
80000011911,out,25,0801LKM
80000011911,out,26,0801KBU
80000011911,out,27,0801KHC
80000011911,out,28,0811AKK
80000011911,out,29,0801WHC
80000011911,in,0,0800ACA
80000011911,in,1,0810ACC
80000011911,in,2,0800KMC
80000011911,in,3,0800TCB
80000011911,in,4,0800ACB
80000011911,in,5,0800WHC
80000011911,in,6,0810WHC
80000011911,in,7,0800KHC
80000011911,in,8,0800KBY
80000011911,in,9,0800KKC
80000011911,in,10,0800LKM
80000011911,in,11,0800ACH
80000011911,in,12,0810OMH
80000011911,in,13,0800MMS
80000011911,in,14,0800KNN
80000011911,in,15,0800MWM
80000011911,in,16,0810MWM
80000011911,in,17,0800TAC
80000011911,in,18,0800NKE
80000011911,in,19,0800KWR
80000011911,in,20,0800KIA
80000011911,in,21,0800LVW
80000011911,in,22,0810ZEN
80000011911,in,23,0800HVW
80000011911,in,24,0800BYP
80000011911,in,25,0800KBL
80000011911,in,26,0800BRD
80000011911,in,27,0800PPN
80000011911,in,28,0800SRT
80000011911,in,29,0800WST
80000011911,in,30,0800LUN
80000011911,in,31,0800MAY
80000011911,in,32,0800TTM
80000011911,in,33,0800IMP
80000011911,in,34,0800MPS
80000011911,in,35,0800PPT
80000011911,in,36,0800KLH
80000011911,in,37,0800PSC
80000011911,in,38,0810MSM
80000011911,in,39,0800SHK
80000011911,in,40,0800NGR
80000011911,in,41,0812KNJ
20100012011,out,0,0213GGD
20100012011,out,1,0200MNO
20100012011,out,2,0200JAM
20100012011,out,3,0200JIN
20100012011,out,4,0200GPS
20100012011,out,5,0210TGA
20100012011,out,6,0200DBR
20100012011,out,7,0210DBR
20100012011,out,8,0210KPO
20100012011,out,9,0210KAD
20100012011,out,10,0210KDO
20100012011,out,11,0200KJN
20100012011,out,12,0200KS2
20100012011,out,13,0200STR
20100012011,out,14,0200MSH
20100012011,out,15,0200TND
20100012011,out,16,0200DMD
20100012011,out,17,0200BWD
20100012011,out,18,0200BLN
20100012011,out,19,0200KWH
20100012011,out,20,0200GTO
20100012011,out,21,0200RND
20100012011,out,22,0210NTR
20100012011,out,23,0200RDS
20100012011,out,24,0200WJY
20100012011,out,25,0200ROC
20100012011,out,26,0200SHK
20100012011,out,27,0210CID
20100012011,out,28,0200MTE
20100012011,out,29,0210MGC
20100012011,out,30,0210SMB
20100012011,out,31,0200TSS
20100012011,out,32,0212GRD
20100012011,in,0,0212GRD
20100012011,in,1,0201KRK
20100012011,in,2,0201PNG
20100012011,in,3,0211MBS
20100012011,in,4,0201KFS
20100012011,in,5,0211CID
20100012011,in,6,0211SHP
20100012011,in,7,0201ROC
20100012011,in,8,0201WJY
20100012011,in,9,0201RDS
20100012011,in,10,0201NTR
20100012011,in,11,0201RND
20100012011,in,12,0201GTO
20100012011,in,13,0201KWH
20100012011,in,14,0201EVR
20100012011,in,15,0201KSR
20100012011,in,16,0201KSS
20100012011,in,17,0211TND
20100012011,in,18,0201MSH
20100012011,in,19,0201BRA
20100012011,in,20,0211KST
20100012011,in,21,0201KS2
20100012011,in,22,0201KJN
20100012011,in,23,0211KDO
20100012011,in,24,0211KPO
20100012011,in,25,0211DBR
20100012011,in,26,0201DBR
20100012011,in,27,0211TGA
20100012011,in,28,0201POS
20100012011,in,29,0201AIP
20100012011,in,30,0201IKN
20100012011,in,31,0201GTJ
20100012011,in,32,0201JAM
20100012011,in,33,0201KGM
20100012011,in,34,0201MNO
20100012011,in,35,0201BHC
20100012011,in,36,0213GGD
20100012111,out,0,0212GRD
20100012111,out,1,0201KRK
20100012111,out,2,0201PNG
20100012111,out,3,0211MBS
20100012111,out,4,0201KFS
20100012111,out,5,0211CID
20100012111,out,6,0211SHP
20100012111,out,7,0201ROC
20100012111,out,8,0201WJY
20100012111,out,9,0201RDS
20100012111,out,10,0201NTR
20100012111,out,11,0201RND
20100012111,out,12,0201GTO
20100012111,out,13,0201KWH
20100012111,out,14,0201EVR
20100012111,out,15,0201KSR
20100012111,out,16,0201KSS
20100012111,out,17,0211TND
20100012111,out,18,0201MSH
20100012111,out,19,0201BRA
20100012111,out,20,0211KST
20100012111,out,21,0201KS2
20100012111,out,22,0201KJN
20100012111,out,23,0211KDO
20100012111,out,24,0211KPO
20100012111,out,25,0213DRD
20100012111,in,0,0213DRD
20100012111,in,1,0210KPO
20100012111,in,2,0210KDO
20100012111,in,3,0200KJN
20100012111,in,4,0200KS2
20100012111,in,5,0200STR
20100012111,in,6,0200MSH
20100012111,in,7,0200TND
20100012111,in,8,0200DMD
20100012111,in,9,0200BWD
20100012111,in,10,0200BLN
20100012111,in,11,0200KWH
20100012111,in,12,0200GTO
20100012111,in,13,0200RND
20100012111,in,14,0210NTR
20100012111,in,15,0200RDS
20100012111,in,16,0200WJY
20100012111,in,17,0200ROC
20100012111,in,18,0200SHK
20100012111,in,19,0210CID
20100012111,in,20,0200MTE
20100012111,in,21,0210MGC
20100012111,in,22,0210PNG
20100012111,in,23,0210KAR
20100012111,in,24,0212GRD
50205012511,out,0,0512RLW
50205012511,out,1,0501KBL
50205012511,out,2,0511NYS
50205012511,out,3,0511MAD
50205012511,out,4,0501TML
50205012511,out,5,0501WIL
50205012511,out,6,0501AMR
50205012511,out,7,0501DME
50205012511,out,8,0501UCH
50205012511,out,9,0511LGT
50205012511,out,10,0511BRK
50205012511,out,11,0500LGS
50205012511,out,12,0511OPR
50205012511,out,13,0501LGC
50205012511,out,14,0501WCK
50205012511,out,15,0501BMS
50205012511,out,16,0501NNP
50205012511,out,17,0511CUE
50205012511,out,18,0511TOL
50205012511,out,19,0501MRG
50205012511,out,20,0501BDS
50205012511,out,21,0501MKR
50205012511,out,22,0511MMU
50205012511,out,23,0501HCC
50205012511,out,24,0501NIB
50205012511,out,25,0511MSL
50205012511,out,26,0501RNG
50205012511,out,27,0511KOB
50205012511,out,28,0501STM
50205012511,out,29,0501ONM
50205012511,out,30,0501RNP
50205012511,out,31,0501KNL
50205012511,out,32,0511TUS
50205012511,out,33,0513KWR
50205012511,in,0,0510TKY
50205012511,in,1,0500NTU
50205012511,in,2,0510NST
50205012511,in,3,0500BAR
50205012511,in,4,0500MGT
50205012511,in,5,0510KOB
50205012511,in,6,0500RNG
50205012511,in,7,0510MSL
50205012511,in,8,0500MMU
50205012511,in,9,0510BKM
50205012511,in,10,0510SBR
50205012511,in,11,0500BDS
50205012511,in,12,0500CAM
50205012511,in,13,0500SWR
50205012511,in,14,0510PKP
50205012511,in,15,0500CUE
50205012511,in,16,0500CON
50205012511,in,17,0500BMS
50205012511,in,18,0500HST
50205012511,in,19,0500ORP
50205012511,in,20,0510BRC
50205012511,in,21,0510LGT
50205012511,in,22,0510HQS
50205012511,in,23,0510KAS
50205012511,in,24,0510CAN
50205012511,in,25,0510AMR
50205012511,in,26,0510LGP
50205012511,in,27,0510WIL
50205012511,in,28,0510TML
50205012511,in,29,0510MFL
50205012511,in,30,0510NYS
50205012511,in,31,0510AGP
50205012511,in,32,0512RLW
50205012611,out,0,0512RLW
50205012611,out,1,0501KBL
50205012611,out,2,0511NYS
50205012611,out,3,0511MAD
50205012611,out,4,0501TML
50205012611,out,5,0501WIL
50205012611,out,6,0501AMR
50205012611,out,7,0501DME
50205012611,out,8,0501UCH
50205012611,out,9,0511LGT
50205012611,out,10,0511BRK
50205012611,out,11,0500LGS
50205012611,out,12,0511OPR
50205012611,out,13,0501LGC
50205012611,out,14,0501WCK
50205012611,out,15,0501BMS
50205012611,out,16,0501NNP
50205012611,out,17,0511CUE
50205012611,out,18,0511TOL
50205012611,out,19,0501MRG
50205012611,out,20,0501BDS
50205012611,out,21,0501MKR
50205012611,out,22,0511MMU
50205012611,out,23,0501HCC
50205012611,out,24,0501NIB
50205012611,out,25,0511MSL
50205012611,out,26,0501RNG
50205012611,out,27,0511KOB
50205012611,out,28,0501STM
50205012611,out,29,0501ONM
50205012611,out,30,0501RNP
50205012611,out,31,0501KNL
50205012611,out,32,0511TUS
50205012611,out,33,0513KWR
50205012611,out,34,0501WMN
50205012611,out,35,0501OLR
50205012611,out,36,0501LSR
50205012611,out,37,0501EXC
50205012611,out,38,0501ACA
50205012611,out,39,0501ADV
50205012611,out,40,0501NKO
50205012611,out,41,0501PCE
50205012611,out,42,0501RIM
50205012611,out,43,0501NLP
50205012611,out,44,0501KSG
50205012611,out,45,0501KMT
50205012611,out,46,0501KIS
50205012611,in,0,0500KSR
50205012611,in,1,0500TRN
50205012611,in,2,0500GCG
50205012611,in,3,0500KJI
50205012611,in,4,0500KHN
50205012611,in,5,0500HSM
50205012611,in,6,0500NYT
50205012611,in,7,0500NLP
50205012611,in,8,0500KRT
50205012611,in,9,0500MSR
50205012611,in,10,0500RMP
50205012611,in,11,0500NGA
50205012611,in,12,0500KMR
50205012611,in,13,0500KAN
50205012611,in,14,0500FLT
50205012611,in,15,0500WTH
50205012611,in,16,0500BRM
50205012611,in,17,0500ACA
50205012611,in,18,0500MGC
50205012611,in,19,0500EXC
50205012611,in,20,0500KKM
50205012611,in,21,0500BPS
50205012611,in,22,0500CLX
50205012611,in,23,0500MLN
50205012611,in,24,0500PLC
50205012611,in,25,0500OLR
50205012611,in,26,0500FTM
50205012611,in,27,0500NBW
50205012611,in,28,0510KWR
50205012611,in,29,0510TKY
50205012611,in,30,0500NTU
50205012611,in,31,0510NST
50205012611,in,32,0500BAR
50205012611,in,33,0500MGT
50205012611,in,34,0510KOB
50205012611,in,35,0500RNG
50205012611,in,36,0510MSL
50205012611,in,37,0500MMU
50205012611,in,38,0510BKM
50205012611,in,39,0510SBR
50205012611,in,40,0500BDS
50205012611,in,41,0500CAM
50205012611,in,42,0500SWR
50205012611,in,43,0510PKP
50205012611,in,44,0500CUE
50205012611,in,45,0500CON
50205012611,in,46,0500BMS
50205012611,in,47,0500HST
50205012611,in,48,0500ORP
50205012611,in,49,0510BRC
50205012611,in,50,0510LGT
50205012611,in,51,0510HQS
50205012611,in,52,0510KAS
50205012611,in,53,0510CAN
50205012611,in,54,0510AMR
50205012611,in,55,0510LGP
50205012611,in,56,0510WIL
50205012611,in,57,0510TML
50205012611,in,58,0510MFL
50205012611,in,59,0510NYS
50205012611,in,60,0510AGP
50205012611,in,61,0512RLW
70000012911,out,0,0813KKS
70000012911,out,1,0800PCR
70000012911,out,2,0800KRY
70000012911,out,3,0701KIJ
70000012911,out,4,0701GTR
70000012911,out,5,0701KNR
70000012911,out,6,0711NJG
70000012911,out,7,0711MGU
70000012911,out,8,0701RNR
70000012911,out,9,0711MUT
70000012911,out,10,0701ACI
70000012911,out,11,0711KNY
70000012911,out,12,0701ACC
70000012911,out,13,0711PFE
70000012911,out,14,0701TTW
70000012911,out,15,0713WNG
70000012911,in,0,0713WNG
70000012911,in,1,0700KAK
70000012911,in,2,0700ACI
70000012911,in,3,0710KNA
70000012911,in,4,0700GBK
70000012911,in,5,0710MTE
70000012911,in,6,0700MAA
70000012911,in,7,0710MAU
70000012911,in,8,0700GRU
70000012911,in,9,0801NGA
70000012911,in,10,0801KKR
70000012911,in,11,0801STZ
70000012911,in,12,0801KOL
70000012911,in,13,0813KKS
80000135011,out,0,0812KAK
80000135011,out,1,0811CHR
80000135011,out,2,0801CHR
80000135011,out,3,0812WST
80000135011,out,4,0801STM
80000135011,out,5,0801LIO
80000135011,out,6,0801BRK
80000135011,out,7,0801SAF
80000135011,out,8,0811AGA
80000135011,out,9,0811ABC
80000135011,out,10,0801ABE
80000135011,out,11,0801JGJ
80000135011,out,12,0811KAR
80000135011,out,13,0801NSH
80000135011,out,14,0801DEL
80000135011,out,15,0801AFL
80000135011,out,16,0811KND
80000135011,out,17,0801SDM
80000135011,out,18,0811KNM
80000135011,out,19,0801CUS
80000135011,out,20,0811SKO
80000135011,out,21,0811KBP
80000135011,out,22,0811KIN
80000135011,out,23,0811MTG
80000135011,out,24,0811RNR
80000135011,out,25,0811GIT
80000135011,out,26,0811SIG
80000135011,out,27,0811ZOP
80000135011,out,28,0811GCN
80000135011,out,29,0811MUG
80000135011,out,30,0811IKA
80000135011,out,31,0801IKA
80000135011,out,32,0811JOR
80000135011,out,33,0801CNG
80000135011,out,34,0811CNG
80000135011,out,35,0811RRN
80000135011,out,36,0801RRN
80000135011,out,37,0801KPL
80000135011,out,38,0811KDR
80000135011,out,39,0801KRH
80000135011,out,40,0801MBR
80000135011,out,41,0811MBR
80000135011,out,42,0801DOS
80000135011,out,43,0813LMT
80000135011,in,0,0813LMT
80000135011,in,1,0800KMR
80000135011,in,2,0800KMD
80000135011,in,3,0810JUN
80000135011,in,4,0810KBB
80000135011,in,5,0810ARM
80000135011,in,6,0810RIR
80000135011,in,7,0810CNG
80000135011,in,8,0810BEL
80000135011,in,9,0810IKA
80000135011,in,10,0810SIT
80000135011,in,11,0810MUG
80000135011,in,12,0810GIC
80000135011,in,13,0810KBA
80000135011,in,14,0800KBA
80000135011,in,15,0810ZAB
80000135011,in,16,0801WID
80000135011,in,17,0810SIG
80000135011,in,18,0810GCR
80000135011,in,19,0810GIT
80000135011,in,20,0800GIT
80000135011,in,21,0810KPL
80000135011,in,22,0810RUG
80000135011,in,23,0800REG
80000135011,in,24,0810MTG
80000135011,in,25,0800MTG
80000135011,in,26,0800KIN
80000135011,in,27,0810KIN
80000135011,in,28,0810EGT
80000135011,in,29,0810WJM
80000135011,in,30,0810COP
80000135011,in,31,0810UTH
80000135011,in,32,0800UTH
80000135011,in,33,0810MRG
80000135011,in,34,0810KBT
80000135011,in,35,0810NNN
80000135011,in,36,0810TNG
80000135011,in,37,0800KGT
80000135011,in,38,0800HES
80000135011,in,39,0800CCK
80000135011,in,40,0810NSH
80000135011,in,41,0810KAR
80000135011,in,42,0800KBB
80000135011,in,43,0800APD
80000135011,in,44,0800NJG
80000135011,in,45,0800WDC
80000135011,in,46,0810WPS
80000135011,in,47,0810LIO
80000135011,in,48,0810STM
80000135011,in,49,0800GPR
80000135011,in,50,0810WST
80000135011,in,51,0800EDS
80000135011,in,52,0800CHR
80000135011,in,53,0800MUS
80000135011,in,54,0812KAK
20000145011,out,0,term_145_kenya_national_archives
20000145011,out,1,0212GHT
20000145011,out,2,0201KRK
20000145011,out,3,0201PNG
20000145011,out,4,0211MTG
20000145011,out,5,0211NYS
20000145011,out,6,0211KCA
20000145011,out,7,0211DRV
20000145011,out,8,0201ALS
20000145011,out,9,0211ALS
20000145011,out,10,0201HML
20000145011,out,11,0211STD
20000145011,out,12,0201RSB
20000145011,out,13,0201GIT
20000145011,out,14,0211GIT
20000145011,out,15,0201GIG
20000145011,out,16,0211KAH
20000145011,out,17,0211KRE
20000145011,out,18,0201KRE
20000145011,out,19,0213MKU
20000145011,out,20,0201CLY
20000145011,out,21,0211BYP
20000145011,out,22,0201KIH
20000145011,out,23,0211KIH
20000145011,out,24,0213MRY
20000145011,in,0,0213MRY
20000145011,in,1,0210FLY
20000145011,in,2,0210BYP
20000145011,in,3,0210CLM
20000145011,in,4,0210CLY
20000145011,in,5,0200KUF
20000145011,in,6,0210KUM
20000145011,in,7,0200KRE
20000145011,in,8,0210KRE
20000145011,in,9,0210KAH
20000145011,in,10,0200GIT
20000145011,in,11,0210GIT
20000145011,in,12,0210RSB
20000145011,in,13,0210STD
20000145011,in,14,0200STD
20000145011,in,15,0200HML
20000145011,in,16,0210ALS
20000145011,in,17,0210DRV
20000145011,in,18,0210KCA
20000145011,in,19,0210SUR
20000145011,in,20,0210MTG
20000145011,in,21,0210PNG
20000145011,in,22,0200GNK
20000145011,in,23,0210NGR
20000145011,in,24,0210FIG
20000145011,in,25,0210KNJ
20000145011,in,26,term_145_kenya_national_archives
20000237011,out,0,term_237_kenya_national_archives
20000237011,out,1,term_237_odeon_cinema
20000237011,out,2,term_237_mfangano___ronald_ngala
20000237011,out,3,0212TKT
20000237011,out,4,0201PNG
20000237011,out,5,0211MTG
20000237011,out,6,0211NYS
20000237011,out,7,0211KCA
20000237011,out,8,0211DRV
20000237011,out,9,0201ALS
20000237011,out,10,0211ALS
20000237011,out,11,0201HML
20000237011,out,12,0211STD
20000237011,out,13,0201RSB
20000237011,out,14,0201GIT
20000237011,out,15,0211GIT
20000237011,out,16,0201GIG
20000237011,out,17,0211KAH
20000237011,out,18,0211KRE
20000237011,out,19,0201KRE
20000237011,out,20,0213MKU
20000237011,out,21,0201CLY
20000237011,out,22,0211BYP
20000237011,out,23,0201KIH
20000237011,out,24,0211KIH
20000237011,out,25,0211FLY
20000237011,out,26,0201KAI
20000237011,out,27,0201KBO
20000237011,out,28,0211KRD
20000237011,out,29,0211JUJ
20000237011,out,30,0211JKT
20000237011,out,31,0211SEW
20000237011,out,32,0211HIP
20000237011,out,33,0211MNG
20000237011,out,34,0211WTH
20000237011,out,35,0201PTR
20000237011,out,36,0201JNT
20000237011,out,37,0201TKS
20000237011,out,38,0213TKD
20000237011,in,0,0213TKD
20000237011,in,1,0210WTH
20000237011,in,2,0210MNG
20000237011,in,3,0210HIP
20000237011,in,4,0210SEW
20000237011,in,5,0210JKT
20000237011,in,6,0210KBO
20000237011,in,7,0200KAI
20000237011,in,8,0210FLY
20000237011,in,9,0210BYP
20000237011,in,10,0210CLM
20000237011,in,11,0210CLY
20000237011,in,12,0200KUF
20000237011,in,13,0210KUM
20000237011,in,14,0200KRE
20000237011,in,15,0210KRE
20000237011,in,16,0210KAH
20000237011,in,17,0200GIT
20000237011,in,18,0210GIT
20000237011,in,19,0210RSB
20000237011,in,20,0210STD
20000237011,in,21,0200STD
20000237011,in,22,0200HML
20000237011,in,23,0210ALS
20000237011,in,24,0210DRV
20000237011,in,25,0210KCA
20000237011,in,26,0210SUR
20000237011,in,27,0210MTG
20000237011,in,28,0210PNG
20000237011,in,29,0200GNK
20000237011,in,30,0210NGR
20000237011,in,31,0210FIG
20000237011,in,32,0210KNJ
20000237011,in,33,0212TKT
20000237011,in,34,term_237_mfangano___ronald_ngala
20000237011,in,35,term_237_odeon_cinema
20000237011,in,36,term_237_kenya_national_archives
40101040501,out,0,0402CTY
40101040501,out,1,0411DTB
40101040501,out,2,0401IND
40101040501,out,3,0411CGR
40101040501,out,4,0401SLT
40101040501,out,5,0403NYO
40101040501,in,0,0403NYO
40101040501,in,1,0410CGR
40101040501,in,2,0400IND
40101040501,in,3,0410DTB
40101040501,in,4,0412CTI
40703196011,out,0,0402LDR
40703196011,out,1,0411CST
40703196011,out,2,0411SMY
40703196011,out,3,0411MZW
40703196011,out,4,0401RKN
40703196011,out,5,0411CAR
40703196011,out,6,0411PST
40703196011,out,7,0401UJR
40703196011,out,8,0411HMZ
40703196011,out,9,0411TMH
40703196011,out,10,0412NAI
40703196011,out,11,0401MYJ
40703196011,out,12,0411MYJ
40703196011,out,13,0411TEN
40703196011,out,14,0411MCW
40703196011,out,15,0411MRR
40703196011,out,16,0401MRR
40703196011,out,17,0411BEN
40703196011,out,18,0401BEN
40703196011,out,19,0401MBA
40703196011,out,20,0401JUN
40703196011,out,21,0411JUN
40703196011,out,22,0401POS
40703196011,out,23,0401SWT
40703196011,out,24,0411KOI
40703196011,out,25,0401NYD
40703196011,out,26,0401PMR
40703196011,out,27,0411RST
40703196011,out,28,0401MRA
40703196011,out,29,0401SBA
40703196011,out,30,0411KCF
40703196011,out,31,0401GKC
40703196011,out,32,0401DSL
40703196011,out,33,0401BSR
40703196011,out,34,0401KON
40703196011,out,35,0401NYR
40703196011,out,36,0401MHN
40703196011,out,37,0411MHN
40703196011,out,38,0401SWM
40703196011,out,39,0401KNM
40703196011,out,40,0403KY1
40703196011,in,0,0403KY1
40703196011,in,1,0400SP1
40703196011,in,2,0400TSH
40703196011,in,3,0410TSH
40703196011,in,4,0400KNS
40703196011,in,5,0400PCE
40703196011,in,6,0410PCE
40703196011,in,7,0400RCK
40703196011,in,8,0400KDO
40703196011,in,9,0410KDO
40703196011,in,10,0400NYV
40703196011,in,11,0400MSB
40703196011,in,12,0410MSB
40703196011,in,13,0400SOS
40703196011,in,14,0410BEN
40703196011,in,15,0400MRR
40703196011,in,16,0410MRR
40703196011,in,17,0400MCW
40703196011,in,18,0410MCW
40703196011,in,19,0410TEN
40703196011,in,20,0410MYJ
40703196011,in,21,0412DON
40703196011,in,22,0410DNR
40703196011,in,23,0410TMH
40703196011,in,24,0410HMZ
40703196011,in,25,0400TJR
40703196011,in,26,0410MKD
40703196011,in,27,0400UJR
40703196011,in,28,0410PST
40703196011,in,29,0412CAR
40703196011,in,30,0400MKG
40703196011,in,31,0400MZW
40703196011,in,32,0410KLL
40703196011,in,33,0410CST
40703196011,in,34,0400NCC
40703196011,in,35,0400CTB
40703196011,in,36,0402LDR
20800203001,out,0,0212APT
20800203001,out,1,0201DAW
20800203001,out,2,0201KBM
20800203001,out,3,0201SHP
20800203001,out,4,0213RNS
20800203001,in,0,0213RNS
20800203001,in,1,0200SHP
20800203001,in,2,0210KBM
20800203001,in,3,0200KBM
20800203001,in,4,0200FHA
20800203001,in,5,0200BDJ
20800203001,in,6,0210NIS
20800203001,in,7,0212APT
30603373812,out,0,0312SOK
30603373812,out,1,0311BAO
30603373812,out,2,0311RIS
30603373812,out,3,0311SEN
30603373812,out,4,0311TOT
30603373812,out,5,0301ACC
30603373812,out,6,0311TON
30603373812,out,7,0311JOD
30603373812,out,8,0301MSB
30603373812,out,9,0311SKA
30603373812,out,10,0403SKJ
30603373812,out,11,0411SKA
30603373812,out,12,0401KYJ
30603373812,out,13,0401TWS
30603373812,out,14,0411NJR
30603373812,out,15,0401CHK
30603373812,out,16,0401TKY
30603373812,out,17,0411BPS
30603373812,out,18,0401WKM
30603373812,out,19,0401DNE
30603373812,out,20,0403QKM
30603373812,in,0,0400DNE
30603373812,in,1,0400WKM
30603373812,in,2,0410BPS
30603373812,in,3,0410TKY
30603373812,in,4,0400CHK
30603373812,in,5,0410NJR
30603373812,in,6,0400KYJ
30603373812,in,7,0310JUN
30603373812,in,8,0300OLE
30603373812,in,9,0300MSB
30603373812,in,10,0310MSB
30603373812,in,11,0310MBO
30603373812,in,12,0310OGP
30603373812,in,13,0310SKA
30603373812,in,14,0310MPP
30603373812,in,15,0310TON
30603373812,in,16,0310ACC
30603373812,in,17,0310TOT
30603373812,in,18,0310SEN
30603373812,in,19,0310RIS
30603373812,in,20,0300MUT
30603373812,in,21,0310BAO
30603373812,in,22,0302RND
4070500SK11,out,0,0412TSR
4070500SK11,out,1,0411CST
4070500SK11,out,2,0411SMY
4070500SK11,out,3,0411MZW
4070500SK11,out,4,0401RKN
4070500SK11,out,5,0411CAR
4070500SK11,out,6,0411PST
4070500SK11,out,7,0401UJR
4070500SK11,out,8,0411HMZ
4070500SK11,out,9,0411TMH
4070500SK11,out,10,0412NAI
4070500SK11,out,11,0411MUT
4070500SK11,out,12,0401CLX
4070500SK11,out,13,0401UMJ
4070500SK11,out,14,0401UM3
4070500SK11,out,15,0401MLH
4070500SK11,out,16,0401SPL
4070500SK11,out,17,0401KMJ
4070500SK11,out,18,0403SKJ
4070500SK11,in,0,0403SKJ
4070500SK11,in,1,0400SKJ
4070500SK11,in,2,0400MYC
4070500SK11,in,3,0400KMJ
4070500SK11,in,4,0400MLH
4070500SK11,in,5,0400EST
4070500SK11,in,6,0400UMJ
4070500SK11,in,7,0400CLX
4070500SK11,in,8,0410MUT
4070500SK11,in,9,0400STL
4070500SK11,in,10,0410NAI
4070500SK11,in,11,0410DNR
4070500SK11,in,12,0410TMH
4070500SK11,in,13,0410HMZ
4070500SK11,in,14,0400TJR
4070500SK11,in,15,0410MKD
4070500SK11,in,16,0400UJR
4070500SK11,in,17,0410PST
4070500SK11,in,18,0412CAR
4070500SK11,in,19,0400MKG
4070500SK11,in,20,0400MZW
4070500SK11,in,21,0410KLL
4070500SK11,in,22,0410CST
4070500SK11,in,23,0400NCC
4070500SK11,in,24,0400CTB
4070500SK11,in,25,0410SLA
4070500SK11,in,26,0412TSR
20100100A11,out,0,0212NGB
20100100A11,out,1,0201PNG
20100100A11,out,2,0211MBS
20100100A11,out,3,0201KFS
20100100A11,out,4,0211CID
20100100A11,out,5,0211SHP
20100100A11,out,6,0201ROC
20100100A11,out,7,0201WJY
20100100A11,out,8,0201RDS
20100100A11,out,9,0201NTR
20100100A11,out,10,0201RND
20100100A11,out,11,0201GTO
20100100A11,out,12,0201KWH
20100100A11,out,13,0201EVR
20100100A11,out,14,0201KSR
20100100A11,out,15,0201KSS
20100100A11,out,16,0211TND
20100100A11,out,17,0201MSH
20100100A11,out,18,0201BRA
20100100A11,out,19,0211KST
20100100A11,out,20,0201KS2
20100100A11,out,21,0201KJN
20100100A11,out,22,0211KDO
20100100A11,out,23,0213KHO
20100100A11,in,0,0213KHO
20100100A11,in,1,0210KDO
20100100A11,in,2,0200KJN
20100100A11,in,3,0200KS2
20100100A11,in,4,0200STR
20100100A11,in,5,0200MSH
20100100A11,in,6,0200TND
20100100A11,in,7,0200DMD
20100100A11,in,8,0200BWD
20100100A11,in,9,0200BLN
20100100A11,in,10,0200KWH
20100100A11,in,11,0200GTO
20100100A11,in,12,0200RND
20100100A11,in,13,0210NTR
20100100A11,in,14,0200RDS
20100100A11,in,15,0200WJY
20100100A11,in,16,0200ROC
20100100A11,in,17,0200SHK
20100100A11,in,18,0210CID
20100100A11,in,19,0200MTE
20100100A11,in,20,0210MGC
20100100A11,in,21,0212NGB
10000107D11,out,0,0212RUS
10000107D11,out,1,0101MIM
10000107D11,out,2,0101RUD
10000107D11,out,3,0101BKH
10000107D11,out,4,0101WID
10000107D11,out,5,0101DGG
10000107D11,out,6,0101JLI
10000107D11,out,7,0101KHR
10000107D11,out,8,0101NRP
10000107D11,out,9,0101RJI
10000107D11,out,10,0111RPS
10000107D11,out,11,0213MRY
10000107D11,in,0,0213MRY
10000107D11,in,1,0110RPS
10000107D11,in,2,0100RJI
10000107D11,in,3,0100NRP
10000107D11,in,4,0100KHR
10000107D11,in,5,0100JLI
10000107D11,in,6,0100BKH
10000107D11,in,7,0100RUD
10000107D11,in,8,0212RUS
50100001121,out,0,0512BST
50100001121,out,1,0501KPU
50100001121,out,2,0501KBL
50100001121,out,3,0511IND
50100001121,out,4,0501INR
50100001121,out,5,0511MCH
50100001121,out,6,0511CNG
50100001121,out,7,0501BAN
50100001121,out,8,0501DAR
50100001121,out,9,0511MAT
50100001121,out,10,0511MAK
50100001121,out,11,0511MER
50100001121,out,12,0501MKN
50100001121,out,13,0501SGC
50100001121,out,14,0501MQE
50100001121,out,15,0501RIA
50100001121,out,16,0501SVK
50100001121,out,17,0501RTI
50100001121,out,18,0501SBD
50100001121,out,19,0501BAL
50100001121,out,20,0501BLZ
50100001121,out,21,0501PVW
50100001121,out,22,0501DPE
50100001121,in,0,0500DPE
50100001121,in,1,0500WNN
50100001121,in,2,0500BLZ
50100001121,in,3,0500JCC
50100001121,in,4,0500PLV
50100001121,in,5,0500PVE
50100001121,in,6,0500SNA
50100001121,in,7,0510MSA
50100001121,in,8,0510KPT
50100001121,in,9,0510MCU
50100001121,in,10,0510SMC
50100001121,in,11,0500VUM
50100001121,in,12,0500TAB
50100001121,in,13,0500MAR
50100001121,in,14,0510ARK
50100001121,in,15,0500KOB
50100001121,in,16,0510VCT
50100001121,in,17,0510CNG
50100001121,in,18,0500MCH
50100001121,in,19,0510NWT
50100001121,in,20,0500MAT
50100001121,in,21,0510KAB
50100001121,in,22,0510AGP
50100001121,in,23,0512BST
50901011012,out,0,0502DVK
50901011012,out,1,0501SKN
50901011012,out,2,0501KMC
50901011012,out,3,0501STS
50901011012,out,4,0501SLM
50901011012,out,5,0511MDK
50901011012,out,6,0501VNL
50901011012,out,7,0501VLG
50901011012,out,8,0511EPZ
50901011012,out,9,0511TSH
50901011012,out,10,0513KIT
50901011012,in,0,0513KIT
50901011012,in,1,0500EPZ
50901011012,in,2,0510EPZ
50901011012,in,3,0510VNL
50901011012,in,4,0500SMI
50901011012,in,5,0500STS
50901011012,in,6,0500KMC
50901011012,in,7,0501SKN
50901011012,in,8,0502DVK
50901011011,out,0,0512ESC
50901011011,out,1,0501NYY
50901011011,out,2,0511IFC
50901011011,out,3,0511CPC
50901011011,out,4,0511BLV
50901011011,out,5,0511PST
50901011011,out,6,0511PNR
50901011011,out,7,0501SDG
50901011011,out,8,0511SMR
50901011011,out,9,0501GMS
50901011011,out,10,0501IMR
50901011011,out,11,0513CAB
50901011011,out,12,0501TFS
50901011011,out,13,0501APJ
50901011011,out,14,0501NNL
50901011011,out,15,0511KAP
50901011011,out,16,0501MBT
50901011011,out,17,0501NTN
50901011011,out,18,0511NTN
50901011011,out,19,0511SYK
50901011011,out,20,0511ALP
50901011011,out,21,0501ALP
50901011011,out,22,0501SYJ
50901011011,out,23,0511MLL
50901011011,out,24,0501SYC
50901011011,out,25,0501MJN
50901011011,out,26,0501SBK
50901011011,out,27,0501TLL
50901011011,out,28,0511TLL
50901011011,out,29,0501NMJ
50901011011,out,30,0501S39
50901011011,out,31,0502DVK
50901011011,out,32,0501SKN
50901011011,out,33,0501KMC
50901011011,out,34,0501STS
50901011011,out,35,0501SLM
50901011011,out,36,0513MDK
50901011011,in,0,0500SMI
50901011011,in,1,0500STS
50901011011,in,2,0500KMC
50901011011,in,3,0510SKN
50901011011,in,4,0500DVK
50901011011,in,5,0500S39
50901011011,in,6,0500NMJ
50901011011,in,7,0500TOL
50901011011,in,8,0500SBK
50901011011,in,9,0500KNC
50901011011,in,10,0500MJN
50901011011,in,11,0500SLN
50901011011,in,12,0510SLN
50901011011,in,13,0500SYC
50901011011,in,14,0510SYC
50901011011,in,15,0500SYJ
50901011011,in,16,0500OBT
50901011011,in,17,0500SYK
50901011011,in,18,0500NTN
50901011011,in,19,0500MBT
50901011011,in,20,0500KAP
50901011011,in,21,0500SKR
50901011011,in,22,0500RLN
50901011011,in,23,0500APJ
50901011011,in,24,0500STM
50901011011,in,25,0500AAL
50901011011,in,26,0500CAB
50901011011,in,27,0510GMS
50901011011,in,28,0500SMR
50901011011,in,29,0500PNR
50901011011,in,30,0510ATL
50901011011,in,31,0500SHL
50901011011,in,32,0510BLV
50901011011,in,33,0500NYY
50901011011,in,34,0510KAB
50901011011,in,35,0510AGP
50901011011,in,36,0512ESC
10000114011,out,0,0111ARA
10000114011,out,1,0101JHS
10000114011,out,2,0101STP
10000114011,out,3,0111SPS
10000114011,out,4,0101WBR
10000114011,out,5,0101AGA
10000114011,out,6,0111OLB
10000114011,out,7,0101CPK
10000114011,out,8,0111RHK
10000114011,out,9,0111BEK
10000114011,out,10,0111TUN
10000114011,out,11,0111RHR
10000114011,out,12,0111VMA
10000114011,out,13,0111KRU
10000114011,out,14,0101REE
10000114011,out,15,0101ROR
10000114011,out,16,0101ROK
10000114011,out,17,0101SHR
10000114011,out,18,0101DPB
10000114011,out,19,0111RST
10000114011,out,20,0101RCK
10000114011,out,21,0101RDC
10000114011,out,22,0101RCC
10000114011,out,23,0101SLT
10000114011,out,24,0101PMR
10000114011,out,25,0101PMV
10000114011,out,26,0111MCM
10000114011,out,27,0101KTO
10000114011,out,28,0101GRJ
10000114011,out,29,0101RMY
10000114011,out,30,0111AMB
10000114011,out,31,0101AME
10000114011,out,32,0101CHC
10000114011,out,33,0101FRK
10000114011,out,34,0111NDS
10000114011,out,35,0101REN
10000114011,out,36,0111KAU
10000114011,out,37,0101MCY
10000114011,out,38,0111FRM
10000114011,out,39,0101RED
10000114011,out,40,0101BLU
10000114011,out,41,0111KIO
10000114011,out,42,0111BUK
10000114011,out,43,0111SPU
10000114011,out,44,0101ETA
10000114011,out,45,0101ION
10000114011,out,46,0101RIE
10000114011,out,47,0113LMD
10000114011,in,0,0113LMD
10000114011,in,1,0110SPU
10000114011,in,2,0110BUK
10000114011,in,3,0110FRM
10000114011,in,4,0100MCY
10000114011,in,5,0110KAU
10000114011,in,6,0100NDT
10000114011,in,7,0110NGP
10000114011,in,8,0110NSG
10000114011,in,9,0100NKD
10000114011,in,10,0100CTC
10000114011,in,11,0100ASD
10000114011,in,12,0110AST
10000114011,in,13,0100RYA
10000114011,in,14,0100MFB
10000114011,in,15,0110PMT
10000114011,in,16,0100JYL
10000114011,in,17,0100SLG
10000114011,in,18,0100RCN
10000114011,in,19,0100RRD
10000114011,in,20,0100CBR
10000114011,in,21,0100RBJ
10000114011,in,22,0100DPA
10000114011,in,23,0100MRC
10000114011,in,24,0100RRP
10000114011,in,25,0100RES
10000114011,in,26,0100RKH
10000114011,in,27,0110VMT
10000114011,in,28,0100RRJ
10000114011,in,29,0110UNA
10000114011,in,30,0110MTS
10000114011,in,31,0100TCP
10000114011,in,32,0110TPA
10000114011,in,33,0110AGK
10000114011,in,34,0111ARA
80000114011,out,0,0812GRT
80000114011,out,1,0811CHR
80000114011,out,2,0801CHR
80000114011,out,3,0812WST
80000114011,out,4,0801STM
80000114011,out,5,0801LIO
80000114011,out,6,0801BRK
80000114011,out,7,0801SAF
80000114011,out,8,0811AGA
80000114011,out,9,0811ABC
80000114011,out,10,0801ABE
80000114011,out,11,0801JGJ
80000114011,out,12,0811KAR
80000114011,out,13,0801NSH
80000114011,out,14,0801DEL
80000114011,out,15,0801AFL
80000114011,out,16,0811KND
80000114011,out,17,0801SDM
80000114011,out,18,0811KNM
80000114011,out,19,0801CUS
80000114011,out,20,0811SKO
80000114011,out,21,0811KBP
80000114011,out,22,0811KIN
80000114011,out,23,0811MTG
80000114011,out,24,0811RNR
80000114011,out,25,0811GIT
80000114011,out,26,0811SIG
80000114011,out,27,0811ZOP
80000114011,out,28,0811GCN
80000114011,out,29,0811MUG
80000114011,out,30,0811IKA
80000114011,out,31,0801IKA
80000114011,out,32,0811JOR
80000114011,out,33,0801CNG
80000114011,out,34,0811CNG
80000114011,out,35,0811RRN
80000114011,out,36,0801RRN
80000114011,out,37,0801KPL
80000114011,out,38,0811KDR
80000114011,out,39,0801KRH
80000114011,out,40,0801MBR
80000114011,out,41,0811MBR
80000114011,out,42,0801DOS
80000114011,out,43,0813LMT
80000114011,in,0,0813LMT
80000114011,in,1,0800KMR
80000114011,in,2,0800KMD
80000114011,in,3,0810JUN
80000114011,in,4,0810KBB
80000114011,in,5,0810ARM
80000114011,in,6,0810RIR
80000114011,in,7,0810CNG
80000114011,in,8,0810BEL
80000114011,in,9,0810IKA
80000114011,in,10,0810SIT
80000114011,in,11,0810MUG
80000114011,in,12,0810GIC
80000114011,in,13,0810KBA
80000114011,in,14,0800KBA
80000114011,in,15,0810ZAB
80000114011,in,16,0801WID
80000114011,in,17,0810SIG
80000114011,in,18,0810GCR
80000114011,in,19,0810GIT
80000114011,in,20,0800GIT
80000114011,in,21,0810KPL
80000114011,in,22,0810RUG
80000114011,in,23,0800REG
80000114011,in,24,0810MTG
80000114011,in,25,0800MTG
80000114011,in,26,0800KIN
80000114011,in,27,0810KIN
80000114011,in,28,0810EGT
80000114011,in,29,0810WJM
80000114011,in,30,0810COP
80000114011,in,31,0810UTH
80000114011,in,32,0800UTH
80000114011,in,33,0810MRG
80000114011,in,34,0810KBT
80000114011,in,35,0810NNN
80000114011,in,36,0810TNG
80000114011,in,37,0800KGT
80000114011,in,38,0800HES
80000114011,in,39,0800CCK
80000114011,in,40,0810NSH
80000114011,in,41,0810KAR
80000114011,in,42,0800KBB
80000114011,in,43,0800APD
80000114011,in,44,0800NJG
80000114011,in,45,0800WDC
80000114011,in,46,0810WPS
80000114011,in,47,0810LIO
80000114011,in,48,0810STM
80000114011,in,49,0800GPR
80000114011,in,50,0810WST
80000114011,in,51,0800EDS
80000114011,in,52,0800CHR
80000114011,in,53,0800MUS
80000114011,in,54,0812GRT
80000119A11,out,0,0812KNJ
80000119A11,out,1,0801PSC
80000119A11,out,2,0801MPS
80000119A11,out,3,0811MAY
80000119A11,out,4,0813WSA
80000119A11,out,5,0801SRT
80000119A11,out,6,0801PPI
80000119A11,out,7,0801GMN
80000119A11,out,8,0801ELW
80000119A11,out,9,0811SVI
80000119A11,out,10,0801TGR
80000119A11,out,11,0811KIM
80000119A11,out,12,0801BYS
80000119A11,out,13,0801STC
80000119A11,out,14,0811MGN
80000119A11,out,15,0811ISK
80000119A11,out,16,0801APH
80000119A11,out,17,0801GAT
80000119A11,out,18,0801KAH
80000119A11,out,19,0803GAT
80000119A11,in,0,0800GAT
80000119A11,in,1,0800KAH
80000119A11,in,2,0800APH
80000119A11,in,3,0800KIR
80000119A11,in,4,0800ISK
80000119A11,in,5,0800MAG
80000119A11,in,6,0800STC
80000119A11,in,7,0800BYS
80000119A11,in,8,0800TGR
80000119A11,in,9,0810SVI
80000119A11,in,10,0800WHS
80000119A11,in,11,0800GMG
80000119A11,in,12,0800PPN
80000119A11,in,13,0800SRT
80000119A11,in,14,0800WST
80000119A11,in,15,0800LUN
80000119A11,in,16,0800MAY
80000119A11,in,17,0800TTM
80000119A11,in,18,0800IMP
80000119A11,in,19,0800MPS
80000119A11,in,20,0800PPT
80000119A11,in,21,0800KLH
80000119A11,in,22,0800PSC
80000119A11,in,23,0810MSM
80000119A11,in,24,0800SHK
80000119A11,in,25,0800NGR
80000119A11,in,26,0812KNJ
10100011A11,out,0,0812ODE
10100011A11,out,1,0101NGR
10100011A11,out,2,0101JHS
10100011A11,out,3,0101STP
10100011A11,out,4,0111SPS
10100011A11,out,5,0101WBR
10100011A11,out,6,0101AGA
10100011A11,out,7,0111OLB
10100011A11,out,8,0101AKH
10100011A11,out,9,0111AKS
10100011A11,out,10,0101AKE
10100011A11,out,11,0101ARY
10100011A11,out,12,0111NKM
10100011A11,out,13,0101ALM
10100011A11,out,14,0101NRE
10100011A11,out,15,0103MSQ
10100011A11,in,0,0110KSL
10100011A11,in,1,0100CCD
10100011A11,in,2,0110NKT
10100011A11,in,3,0100ARG
10100011A11,in,4,0100AAE
10100011A11,in,5,0110APS
10100011A11,in,6,0110APT
10100011A11,in,7,0110TPA
10100011A11,in,8,0110AGK
10100011A11,in,9,0112ODE
80000011B11,out,0,0812KNJ
80000011B11,out,1,0801PSC
80000011B11,out,2,0801MPS
80000011B11,out,3,0811MAY
80000011B11,in,0,0813WSA
80000011B11,in,1,0800WST
80000011B11,in,2,0800LUN
80000011B11,in,3,0800MAY
80000011B11,in,4,0800TTM
80000011B11,in,5,0800IMP
80000011B11,in,6,0800MPS
80000011B11,in,7,0800PPT
80000011B11,in,8,0800KLH
80000011B11,in,9,0800PSC
80000011B11,in,10,0810MSM
80000011B11,in,11,0800SHK
80000011B11,in,12,0800NGR
80000011B11,in,13,0812KNJ
30100011C11,out,0,0212ODP
30100011C11,out,1,0211KNJ
30100011C11,out,2,0211NGR
30100011C11,out,3,0211PIO
30100011C11,out,4,0201PGF
30100011C11,out,5,0201CAL
30100011C11,out,6,0211GNK
30100011C11,out,7,0311PGP
30100011C11,out,8,0311PGG
30100011C11,out,9,0301MBP
30100011C11,out,10,0301MLG
30100011C11,out,11,0303PGT
30100011C11,in,0,0303PGT
30100011C11,in,1,0310PGP
30100011C11,in,2,0200GNK
30100011C11,in,3,0210NGR
30100011C11,in,4,0210FIG
30100011C11,in,5,0210KNJ
30100011C11,in,6,0212ODP
10300011F11,out,0,0112ODE
10300011F11,out,1,0101NGR
10300011F11,out,2,0101JHS
10300011F11,out,3,0101STP
10300011F11,out,4,0111SPS
10300011F11,out,5,0101WBR
10300011F11,out,6,0101AGA
10300011F11,out,7,0111OLB
10300011F11,out,8,0101CPK
10300011F11,out,9,0111RHK
10300011F11,out,10,0111BEK
10300011F11,out,11,0111TUN
10300011F11,out,12,0111RHR
10300011F11,out,13,0111VMA
10300011F11,out,14,0111KRU
10300011F11,out,15,0101REE
10300011F11,out,16,0101ROR
10300011F11,out,17,0101ROK
10300011F11,out,18,0101SHR
10300011F11,out,19,0101DPB
10300011F11,out,20,0113RST
10300011F11,in,0,0100RBJ
10300011F11,in,1,0100DPA
10300011F11,in,2,0100MRC
10300011F11,in,3,0100RRP
10300011F11,in,4,0100RES
10300011F11,in,5,0100RKH
10300011F11,in,6,0110VMT
10300011F11,in,7,0100RRJ
10300011F11,in,8,0110UNA
10300011F11,in,9,0110MTS
10300011F11,in,10,0100TCP
10300011F11,in,11,0110TPA
10300011F11,in,12,0110AGK
10300011F11,in,13,0112ODE
70400012611,out,0,0712NGG
70400012611,out,1,0701PTR
70400012611,out,2,0701N44
70400012611,out,3,0701KON
70400012611,out,4,0701NGR
70400012611,out,5,0701TSK
70400012611,out,6,0701MTS
70400012611,out,7,0711MTS
70400012611,out,8,0701RMN
70400012611,out,9,0701KNK
70400012611,out,10,0703KIS
70400012611,in,0,0703KIS
70400012611,in,1,0700OST
70400012611,in,2,0700RMN
70400012611,in,3,0700MTS
70400012611,in,4,0710MTS
70400012611,in,5,0700TSK
70400012611,in,6,0700KON
70400012611,in,7,0700N44
70400012611,in,8,0700NPC
70400012611,in,9,0700PTR
70400012611,in,10,0712NGG
50205012601,out,0,0513KWR
50205012601,out,1,0501WMN
50205012601,out,2,0501OLR
50205012601,out,3,0501LSR
50205012601,out,4,0501EXC
50205012601,out,5,0501ACA
50205012601,out,6,0501ADV
50205012601,out,7,0501NKO
50205012601,out,8,0501PCE
50205012601,out,9,0501RIM
50205012601,out,10,0501NLP
50205012601,out,11,0501KSG
50205012601,out,12,0501KMT
50205012601,out,13,0513TER
50205012601,in,0,0510KSM
50205012601,in,1,0500KSR
50205012601,in,2,0500TRN
50205012601,in,3,0500GCG
50205012601,in,4,0500KJI
50205012601,in,5,0500KHN
50205012601,in,6,0500HSM
50205012601,in,7,0500NYT
50205012601,in,8,0500NLP
50205012601,in,9,0500KRT
50205012601,in,10,0500MSR
50205012601,in,11,0500RMP
50205012601,in,12,0500NGA
50205012601,in,13,0500KMR
50205012601,in,14,0500KAN
50205012601,in,15,0500FLT
50205012601,in,16,0500WTH
50205012601,in,17,0500BRM
50205012601,in,18,0500ACA
50205012601,in,19,0500MGC
50205012601,in,20,0500EXC
50205012601,in,21,0500KKM
50205012601,in,22,0500BPS
50205012601,in,23,0500CLX
50205012601,in,24,0500MLN
50205012601,in,25,0500PLC
50205012601,in,26,0500OLR
50205012601,in,27,0500FTM
50205012601,in,28,0500NBW
50205012601,in,29,0513KWR
50300012C11,out,0,0512BST
50300012C11,out,1,0501NYY
50300012C11,out,2,0511IFC
50300012C11,out,3,0511CPC
50300012C11,out,4,0511BLV
50300012C11,out,5,0501MRT
50300012C11,out,6,0501OIN
50300012C11,out,7,0501NEK
50300012C11,out,8,0501RCK
50300012C11,out,9,0501KRD
50300012C11,out,10,0501AKL
50300012C11,out,11,0503CNA
50300012C11,in,0,0500MGY
50300012C11,in,1,0500KME
50300012C11,in,2,0500MGA
50300012C11,in,3,0500MOW
50300012C11,in,4,0500CIT
50300012C11,in,5,0500RRN
50300012C11,in,6,0500SAT
50300012C11,in,7,0500WAT
50300012C11,in,8,0500MIO
50300012C11,in,9,0500SFA
50300012C11,in,10,0500MSQ
50300012C11,in,11,0500PCH
50300012C11,in,12,0500MGH
50300012C11,in,13,0500KSG
50300012C11,in,14,0500SCS
50300012C11,in,15,0500KPS
50300012C11,in,16,0510KAB
50300012C11,in,17,0512BST
50301012D11,out,0,0512BST
50301012D11,out,1,0501NYY
50301012D11,out,2,0511IFC
50301012D11,out,3,0511CPC
50301012D11,out,4,0511BLV
50301012D11,out,5,0501MRT
50301012D11,out,6,0501OIN
50301012D11,out,7,0501NEK
50301012D11,out,8,0501RCR
50301012D11,out,9,0501BMH
50301012D11,out,10,0501COI
50301012D11,out,11,0501MDN
50301012D11,out,12,0501KAD
50301012D11,out,13,0501FRC
50301012D11,out,14,0501ATH
50301012D11,out,15,0501AMB
50301012D11,out,16,0503HWY
50301012D11,in,0,0500ABL
50301012D11,in,1,0500AHS
50301012D11,in,2,0500FCT
50301012D11,in,3,0500DAK
50301012D11,in,4,0500MIN
50301012D11,in,5,0500COC
50301012D11,in,6,0500GOE
50301012D11,in,7,0500AME
50301012D11,in,8,0500MPF
50301012D11,in,9,0500KLB
50301012D11,in,10,0501AKL
50301012D11,in,11,0503CNA
50301012D11,in,12,0500MGY
50301012D11,in,13,0500KME
50301012D11,in,14,0500MGA
50301012D11,in,15,0500MOW
50301012D11,in,16,0500CIT
50301012D11,in,17,0500RRN
50301012D11,in,18,0500SAT
50301012D11,in,19,0500WAT
50301012D11,in,20,0500MIO
50301012D11,in,21,0500SFA
50301012D11,in,22,0500MSQ
50301012D11,in,23,0500PCH
50301012D11,in,24,0500MGH
50301012D11,in,25,0500KSG
50301012D11,in,26,0500SCS
50301012D11,in,27,0500KPS
50301012D11,in,28,0510KAB
50301012D11,in,29,0512BSN
50700014501,out,0,0411BPS
50700014501,out,1,0411BYP
50700014501,out,2,0401ONT
50700014501,out,3,0401CNK
50700014501,out,4,0401KBE
50700014501,out,5,0401MTK
50700014501,out,6,0401KMK
50700014501,out,7,0401KRY
50700014501,out,8,0401SPE
50700014501,out,9,0211BYP
50700014501,out,10,0213MRY
50700014501,in,0,0213MRY
50700014501,in,1,0400SPE
50700014501,in,2,0400KRY
50700014501,in,3,0400KMK
50700014501,in,4,0400MTK
50700014501,in,5,0400KBE
50700014501,in,6,0400CNK
50700014501,in,7,0400ONT
50700014501,in,8,0410BYP
50700014501,in,9,0410BPS
20700145D01,out,0,0201SPH
20700145D01,out,1,0211TRT
20700145D01,out,2,0201TRT
20700145D01,out,3,0201MBC
20700145D01,out,4,0211KWD
20700145D01,out,5,0211MBL
20700145D01,out,6,0201EBR
20700145D01,out,7,0201KTJ
20700145D01,out,8,0211PRS
20700145D01,out,9,0211RUI
20700145D01,in,0,0211RUI
20700145D01,in,1,0210PRS
20700145D01,in,2,0200KTJ
20700145D01,in,3,0200EBR
20700145D01,in,4,0210MBL
20700145D01,in,5,0210KWD
20700145D01,in,6,0200TRT
20700145D01,in,7,0200MBC
20700145D01,in,8,0210TRT
20700145D01,in,9,0200SPH
50201014A11,out,0,0512BSN
50201014A11,out,1,0501KPU
50201014A11,out,2,0511NYS
50201014A11,out,3,0501WEB
50201014A11,out,4,0511NWT
50201014A11,out,5,0501DSC
50201014A11,out,6,0501KDO
50201014A11,out,7,0501KDT
50201014A11,out,8,0501MKS
50201014A11,out,9,0501NMD
50201014A11,out,10,0511SUP
50201014A11,out,11,0503STS
50201014A11,in,0,0500STR
50201014A11,in,1,0500SUP
50201014A11,in,2,0500MPS
50201014A11,in,3,0500MSC
50201014A11,in,4,0510NYS
50201014A11,in,5,0510KAB
50201014A11,in,6,0510AGP
50201014A11,in,7,0512BST
50201014B11,out,0,0512BSN
50201014B11,out,1,0501KPU
50201014B11,out,2,0511NYS
50201014B11,out,3,0501WEB
50201014B11,out,4,0511NWT
50201014B11,out,5,0501DSC
50201014B11,out,6,0501WEM
50201014B11,out,7,0501MIL
50201014B11,out,8,0501CIV
50201014B11,out,9,0501MOE
50201014B11,out,10,0501KSB
50201014B11,out,11,0501SPR
50201014B11,out,12,0501MAG
50201014B11,out,13,0503TMO
50201014B11,in,0,0510MFL
50201014B11,in,1,0510NYS
50201014B11,in,2,0510KAB
50201014B11,in,3,0510AGP
50201014B11,in,4,0512BST
30600186211,out,0,0312BSK
30600186211,out,1,0201KRK
30600186211,out,2,0311PGG
30600186211,out,3,0301MBP
30600186211,out,4,0301MLG
30600186211,out,5,0301SNT
30600186211,out,6,0301ALB
30600186211,out,7,0301MAP
30600186211,out,8,0301BHS
30600186211,out,9,0311AGP
30600186211,out,10,0311TEN
30600186211,out,11,0311THY
30600186211,out,12,0311CHF
30600186211,out,13,0301BAS
30600186211,out,14,0301FLT
30600186211,out,15,0311JSG
30600186211,out,16,0302RND
30600186211,out,17,0311SOK
30600186211,out,18,0311BAO
30600186211,out,19,0311RIS
30600186211,out,20,0311SEN
30600186211,out,21,0311TOT
30600186211,out,22,0301ACC
30600186211,out,23,0311TON
30600186211,out,24,0311JOD
30600186211,out,25,0301MSB
30600186211,out,26,0301JUN
30600186211,out,27,0311PSE
30600186211,out,28,0301ROD
30600186211,out,29,0303KND
30600186211,in,0,0303KND
30600186211,in,1,0400KON
30600186211,in,2,0403DSL
30600186211,in,3,0410KCF
30600186211,in,4,0400SBA
30600186211,in,5,0400MRA
30600186211,in,6,0400RST
30600186211,in,7,0400PMR
30600186211,in,8,0400NYD
30600186211,in,9,0400KDO
30600186211,in,10,0410KNS
30600186211,in,11,0300GHT
30600186211,in,12,0300GER
30600186211,in,13,0310GTR
30600186211,in,14,0300R0D
30600186211,in,15,0310PSE
30600186211,in,16,0401KOJ
30600186211,in,17,0310JUN
30600186211,in,18,0300OLE
30600186211,in,19,0300MSB
30600186211,in,20,0310MSB
30600186211,in,21,0310MBO
30600186211,in,22,0310OGP
30600186211,in,23,0310SKA
30600186211,in,24,0310MPP
30600186211,in,25,0310TON
30600186211,in,26,0310ACC
30600186211,in,27,0310TOT
30600186211,in,28,0310SEN
30600186211,in,29,0310RIS
30600186211,in,30,0300MUT
30600186211,in,31,0310BAO
30600186211,in,32,0300RND
30600186211,in,33,0310FLT
30600186211,in,34,0300BAS
30600186211,in,35,0310CHF
30600186211,in,36,0310TEN
30600186211,in,37,0310FRC
30600186211,in,38,0310JAY
30600186211,in,39,0310SNT
30600186211,in,40,0300MLG
30600186211,in,41,0310PGG
30600186211,in,42,0210KRK
30600186211,in,43,0312BSK
40705017A01,out,0,0403RAU
40705017A01,out,1,0401MYK
40705017A01,out,2,0401TTL
40705017A01,out,3,0401BDG
40705017A01,out,4,0401CLX
40705017A01,out,5,0401UJJ
40705017A01,out,6,0411CRN
40705017A01,out,7,0401JNT
40705017A01,out,8,0401PCK
40705017A01,out,9,0401OLJ
40705017A01,out,10,0401KCF
40705017A01,out,11,0401UM2
40705017A01,out,12,0401KSR
40705017A01,out,13,0411NSE
40705017A01,out,14,0401BEN
40705017A01,out,15,0401MSB
40705017A01,out,16,0411MAS
40705017A01,out,17,0401NYV
40705017A01,out,18,0401KDO
40705017A01,out,19,0411RCK
40705017A01,out,20,0401ROK
40705017A01,out,21,0401PCE
40705017A01,out,22,0411KNS
40705017A01,out,23,0401KNS
40705017A01,out,24,0411TSH
40705017A01,out,25,0411SP1
40705017A01,out,26,0401CLV
40705017A01,in,0,0402KY1
40705017A01,in,1,0400JNC
40705017A01,in,2,0410JNC
40705017A01,in,3,0400KPS
40705017A01,in,4,0400POS
40705017A01,in,5,0410K1M
40705017A01,in,6,0400KON
40705017A01,in,7,0403DSL
40705017A01,in,8,0410KCF
40705017A01,in,9,0400SBA
40705017A01,in,10,0400MRA
40705017A01,in,11,0400RST
40705017A01,in,12,0410RST
40705017A01,in,13,0400PMR
40705017A01,in,14,0400NYD
40705017A01,in,15,0400KOI
40705017A01,in,16,0400SWT
40705017A01,in,17,0400PST
40705017A01,in,18,0400MSB
40705017A01,in,19,0410MSB
40705017A01,in,20,0400BER
40705017A01,in,21,0410NSE
40705017A01,in,22,0400UM2
40705017A01,in,23,0400KWC
40705017A01,in,24,0410KWC
40705017A01,in,25,0400VSP
40705017A01,in,26,0400OOJ
40705017A01,in,27,0400PCK
40705017A01,in,28,0400JNT
40705017A01,in,29,0410CRN
40705017A01,in,30,0400UJJ
40705017A01,in,31,0400CTE
40705017A01,in,32,0400TTL
40705017A01,in,33,0400MYK
40705017A01,in,34,0403RAU
30600017A11,out,0,0312EST
30600017A11,out,1,0301SNT
30600017A11,out,2,0301ALB
30600017A11,out,3,0301MAP
30600017A11,out,4,0301BHS
30600017A11,out,5,0311AGP
30600017A11,out,6,0311TEN
30600017A11,out,7,0311THY
30600017A11,out,8,0311CHF
30600017A11,out,9,0301BAS
30600017A11,out,10,0301FLT
30600017A11,out,11,0311JSG
30600017A11,out,12,0302RND
30600017A11,out,13,0402RAU
30600017A11,out,14,0401MYK
30600017A11,out,15,0401TTL
30600017A11,out,16,0401BDG
30600017A11,out,17,0401CLX
30600017A11,out,18,0401UJJ
30600017A11,out,19,0411CRN
30600017A11,out,20,0401JNT
30600017A11,out,21,0401PCK
30600017A11,out,22,0401OLJ
30600017A11,out,23,0401KCF
30600017A11,out,24,0401UM2
30600017A11,out,25,0401KSR
30600017A11,out,26,0411NSE
30600017A11,out,27,0401BEN
30600017A11,out,28,0401MSB
30600017A11,out,29,0411MAS
30600017A11,out,30,0401NYV
30600017A11,out,31,0401KDO
30600017A11,out,32,0411RCK
30600017A11,out,33,0401ROK
30600017A11,out,34,0401PCE
30600017A11,out,35,0411KNS
30600017A11,out,36,0401KNS
30600017A11,out,37,0411TSH
30600017A11,out,38,0411SP1
30600017A11,out,39,0401CLV
30600017A11,out,40,0403KY1
30600017A11,in,0,0403KY1
30600017A11,in,1,0400JNC
30600017A11,in,2,0410JNC
30600017A11,in,3,0400KPS
30600017A11,in,4,0400POS
30600017A11,in,5,0410K1M
30600017A11,in,6,0400KON
30600017A11,in,7,0403DSL
30600017A11,in,8,0410KCF
30600017A11,in,9,0400SBA
30600017A11,in,10,0400MRA
30600017A11,in,11,0400RST
30600017A11,in,12,0410RST
30600017A11,in,13,0400PMR
30600017A11,in,14,0400NYD
30600017A11,in,15,0400KOI
30600017A11,in,16,0400SWT
30600017A11,in,17,0400PST
30600017A11,in,18,0400MSB
30600017A11,in,19,0410MSB
30600017A11,in,20,0400BER
30600017A11,in,21,0410NSE
30600017A11,in,22,0400UM2
30600017A11,in,23,0400KWC
30600017A11,in,24,0410KWC
30600017A11,in,25,0400VSP
30600017A11,in,26,0400OOJ
30600017A11,in,27,0400PCK
30600017A11,in,28,0400JNT
30600017A11,in,29,0410CRN
30600017A11,in,30,0400UJJ
30600017A11,in,31,0400CTE
30600017A11,in,32,0400TTL
30600017A11,in,33,0400MYK
30600017A11,in,34,0400RAU
30600017A11,in,35,0310FLT
30600017A11,in,36,0300BAS
30600017A11,in,37,0310CHF
30600017A11,in,38,0310TEN
30600017A11,in,39,0310FRC
30600017A11,in,40,0310JAY
30600017A11,in,41,0310SNT
30600017A11,in,42,0312EST
21000017B11,out,0,0212BST
21000017B11,out,1,0201BST
21000017B11,out,2,0211KMJ
21000017B11,out,3,0201KRK
21000017B11,out,4,0201PNG
21000017B11,out,5,0211MTG
21000017B11,out,6,0211NYS
21000017B11,out,7,0211KCA
21000017B11,out,8,0211DRV
21000017B11,out,9,0201ALS
21000017B11,out,10,0211ALS
21000017B11,out,11,0201HML
21000017B11,out,12,0211STD
21000017B11,out,13,0211RSB
21000017B11,out,14,0201RGC
21000017B11,out,15,0201PPS
21000017B11,out,16,0201NAS
21000017B11,out,17,0211NAS
21000017B11,out,18,0201MET
21000017B11,out,19,0201EQT
21000017B11,out,20,0201GRD
21000017B11,out,21,0201DNK
21000017B11,out,22,0211SSN
21000017B11,out,23,0201SSN
21000017B11,out,24,0211STM
21000017B11,out,25,0201MRT
21000017B11,out,26,0211HNT
21000017B11,out,27,0201SUN
21000017B11,out,28,0211SUN
21000017B11,out,29,0201KMT
21000017B11,out,30,0201GRG
21000017B11,out,31,0201MJM
21000017B11,out,32,0201MLM
21000017B11,out,33,0211MLM
21000017B11,out,34,0213STG
21000017B11,in,0,0213STG
21000017B11,in,1,0210SMW
21000017B11,in,2,0200BRK
21000017B11,in,3,0200KOB
21000017B11,in,4,0200MTI
21000017B11,in,5,0200GRG
21000017B11,in,6,0210SUN
21000017B11,in,7,0200HUN
21000017B11,in,8,0210HUN
21000017B11,in,9,0200FRS
21000017B11,in,10,0200MAT
21000017B11,in,11,0200CRN
21000017B11,in,12,0210PPS
21000017B11,in,13,0200TDS
21000017B11,in,14,0200MET
21000017B11,in,15,0210MET
21000017B11,in,16,0200NES
21000017B11,in,17,0210BUL
21000017B11,in,18,0200BUL
21000017B11,in,19,0210NAS
21000017B11,in,20,0200RGC
21000017B11,in,21,0210RSB
21000017B11,in,22,0210STD
21000017B11,in,23,0200STD
21000017B11,in,24,0200HML
21000017B11,in,25,0210ALS
21000017B11,in,26,0210DRV
21000017B11,in,27,0210KCA
21000017B11,in,28,0210SUR
21000017B11,in,29,0210MTG
21000017B11,in,30,0210PNG
21000017B11,in,31,0210KAR
21000017B11,in,32,0212BST
21200017B12,out,0,0212RSY
21200017B12,out,1,0201EQT
21200017B12,out,2,0201GRD
21200017B12,out,3,0201DNK
21200017B12,out,4,0211SSN
21200017B12,out,5,0201SSN
21200017B12,out,6,0211STM
21200017B12,out,7,0201MRT
21200017B12,out,8,0211HNT
21200017B12,out,9,0201SUN
21200017B12,out,10,0211SUN
21200017B12,out,11,0201KMT
21200017B12,out,12,0201GRG
21200017B12,out,13,0201MJM
21200017B12,out,14,0201MLM
21200017B12,out,15,0211MLM
21200017B12,out,16,0213STG
21200017B12,in,0,0213STG
21200017B12,in,1,0210SMW
21200017B12,in,2,0200BRK
21200017B12,in,3,0200KOB
21200017B12,in,4,0200MTI
21200017B12,in,5,0200GRG
21200017B12,in,6,0210SUN
21200017B12,in,7,0200HUN
21200017B12,in,8,0210HUN
21200017B12,in,9,0200FRS
21200017B12,in,10,0200MAT
21200017B12,in,11,0200CRN
21200017B12,in,12,0210PPS
21200017B12,in,13,0200TDS
21200017B12,in,14,0200MET
21200017B12,in,15,0210MET
21200017B12,in,16,0200NES
21200017B12,in,17,0212RSY
30600018C11,out,0,0303KND
30600018C11,out,1,0400KON
30600018C11,out,2,0403DSL
30600018C11,out,3,0410KCF
30600018C11,out,4,0400SBA
30600018C11,out,5,0400MRA
30600018C11,out,6,0400RST
30600018C11,out,7,0400PMR
30600018C11,out,8,0400NYD
30600018C11,out,9,0400KDO
30600018C11,out,10,0410KNS
30600018C11,out,11,0300GHT
30600018C11,out,12,0300GER
30600018C11,out,13,0310GTR
30600018C11,out,14,0300R0D
30600018C11,out,15,0310PSE
30600018C11,out,16,0401KOJ
30600018C11,out,17,0310JUN
30600018C11,out,18,0300OLE
30600018C11,out,19,0300MSB
30600018C11,out,20,0310MSB
30600018C11,out,21,0310MBO
30600018C11,out,22,0310OGP
30600018C11,out,23,0310SKA
30600018C11,out,24,0310MPP
30600018C11,out,25,0310TON
30600018C11,out,26,0310ACC
30600018C11,out,27,0310TOT
30600018C11,out,28,0310SEN
30600018C11,out,29,0310RIS
30600018C11,out,30,0300MUT
30600018C11,out,31,0310BAO
30600018C11,out,32,0300RND
30600018C11,out,33,0310FLT
30600018C11,out,34,0300BAS
30600018C11,out,35,0310CHF
30600018C11,out,36,0310TEN
30600018C11,out,37,0310FRC
30600018C11,out,38,0310JAY
30600018C11,out,39,0310SNT
30600018C11,out,40,0312EST
30600018C11,in,0,0312EST
30600018C11,in,1,0301SNT
30600018C11,in,2,0301ALB
30600018C11,in,3,0301MAP
30600018C11,in,4,0301BHS
30600018C11,in,5,0311AGP
30600018C11,in,6,0311TEN
30600018C11,in,7,0311THY
30600018C11,in,8,0311CHF
30600018C11,in,9,0301BAS
30600018C11,in,10,0301FLT
30600018C11,in,11,0311JSG
30600018C11,in,12,0302RND
30600018C11,in,13,0311SOK
30600018C11,in,14,0311BAO
30600018C11,in,15,0311RIS
30600018C11,in,16,0311SEN
30600018C11,in,17,0311TOT
30600018C11,in,18,0301ACC
30600018C11,in,19,0311TON
30600018C11,in,20,0311JOD
30600018C11,in,21,0301MSB
30600018C11,in,22,0301JUN
30600018C11,in,23,0311PSE
30600018C11,in,24,0301ROD
30600018C11,in,25,0303KND
40702196111,in,0,0403DSL
40702196111,in,1,0410KCF
40702196111,in,2,0400SBA
40702196111,in,3,0400MRA
40702196111,in,4,0400RST
40702196111,in,5,0410RST
40702196111,in,6,0400PMR
40702196111,in,7,0400NYD
40702196111,in,8,0400KDO
40702196111,in,9,0410KDO
40702196111,in,10,0400NYV
40702196111,in,11,0400MSB
40702196111,in,12,0410MSB
40702196111,in,13,0400SOS
40702196111,in,14,0400BEC
40702196111,in,15,0400GNS
40702196111,in,16,0403JCN
40702196111,in,17,0410PH8
40702196111,in,18,0400TSK
40702196111,in,19,0400PH5
40702196111,in,20,0410PS5
40702196111,in,21,0400HRS
40702196111,in,22,0401EPA
40702196111,in,23,0400EPA
40702196111,in,24,0400TMN
40702196111,in,25,0400SVN
40702196111,in,26,0400MRS
40702196111,in,27,0400KSD
40702196111,in,28,0410KSD
40702196111,in,29,0400CLT
40702196111,in,30,0412DON
40702196111,in,31,0410DNR
40702196111,in,32,0410TMH
40702196111,in,33,0410HMZ
40702196111,in,34,0400TJR
40702196111,in,35,0410MKD
40702196111,in,36,0400UJR
40702196111,in,37,0410PST
40702196111,in,38,0412CAR
40702196111,in,39,0400MKG
40702196111,in,40,0400MZW
40702196111,in,41,0410KLL
40702196111,in,42,0410CST
40702196111,in,43,0400NCC
40702196111,in,44,0400CTB
40702196111,in,45,0402LDR
40702196111,out,0,0402LDR
40702196111,out,1,0411CST
40702196111,out,2,0411SMY
40702196111,out,3,0411MZW
40702196111,out,4,0401RKN
40702196111,out,5,0411CAR
40702196111,out,6,0411PST
40702196111,out,7,0401UJR
40702196111,out,8,0411HMZ
40702196111,out,9,0411TMH
40702196111,out,10,0412DON
40702196111,out,11,04O2CLT
40702196111,out,12,0401KSD
40702196111,out,13,0411KSD
40702196111,out,14,0411SVN
40702196111,out,15,0401SVN
40702196111,out,16,0401GNF
40702196111,out,17,0411GNF
40702196111,out,18,0401HRS
40702196111,out,19,0411PH5
40702196111,out,20,0401TGS
40702196111,out,21,0411TGS
40702196111,out,22,0401JCN
40702196111,out,23,0411JCN
40702196111,out,24,0401GSE
40702196111,out,25,0401BEC
40702196111,out,26,0401MSB
40702196111,out,27,0411MAS
40702196111,out,28,0401NYV
40702196111,out,29,0401KDO
40702196111,out,30,0401NYD
40702196111,out,31,0401PMR
40702196111,out,32,0411RST
40702196111,out,33,0401MRA
40702196111,out,34,0401SBA
40702196111,out,35,0411KCF
40702196111,out,36,0401GKC
40702196111,out,37,0403DSL
40702196112,out,0,04O2CLT
40702196112,out,1,0401KSD
40702196112,out,2,0411KSD
40702196112,out,3,0411SVN
40702196112,out,4,0401SVN
40702196112,out,5,0401GNF
40702196112,out,6,0411GNF
40702196112,out,7,0401HRS
40702196112,out,8,0411PH5
40702196112,out,9,0401TGS
40702196112,out,10,0411TGS
40702196112,out,11,0401JCN
40702196112,out,12,0411JCN
40702196112,out,13,0401GSE
40702196112,out,14,0401BEC
40702196112,out,15,0401MSB
40702196112,out,16,0411MAS
40702196112,out,17,0401NYV
40702196112,out,18,0401KDO
40702196112,out,19,0401NYD
40702196112,out,20,0401PMR
40702196112,out,21,0411RST
40702196112,out,22,0401MRA
40702196112,out,23,0401SBA
40702196112,out,24,0411KCF
40702196112,out,25,0401GKC
40702196112,out,26,0403DSL
40702196112,in,0,0403DSL
40702196112,in,1,0410KCF
40702196112,in,2,0400SBA
40702196112,in,3,0400MRA
40702196112,in,4,0400RST
40702196112,in,5,0410RST
40702196112,in,6,0400PMR
40702196112,in,7,0400NYD
40702196112,in,8,0400KDO
40702196112,in,9,0410KDO
40702196112,in,10,0400NYV
40702196112,in,11,0400MSB
40702196112,in,12,0410MSB
40702196112,in,13,0400SOS
40702196112,in,14,0400BEC
40702196112,in,15,0400GNS
40702196112,in,16,0403JCN
40702196112,in,17,0410PH8
40702196112,in,18,0400TSK
40702196112,in,19,0400PH5
40702196112,in,20,0410PS5
40702196112,in,21,0400HRS
40702196112,in,22,0401EPA
40702196112,in,23,0400EPA
40702196112,in,24,0400TMN
40702196112,in,25,0400SVN
40702196112,in,26,0400MRS
40702196112,in,27,0400KSD
40702196112,in,28,0410KSD
40702196112,in,29,0402CLT
4070519C211,out,0,0412NAI
4070519C211,out,1,0411MUT
4070519C211,out,2,0401CLX
4070519C211,out,3,0401UMJ
4070519C211,out,4,0401UM3
4070519C211,out,5,0401MLH
4070519C211,out,6,0401SPL
4070519C211,out,7,0401KOJ
4070519C211,out,8,0401VWP
4070519C211,out,9,0411IFB
4070519C211,out,10,0401IFB
4070519C211,out,11,0401S3B
4070519C211,out,12,0411RND
4070519C211,out,13,0401P1M
4070519C211,out,14,0411P1M
4070519C211,out,15,0401MVC
4070519C211,out,16,0401MKC
4070519C211,out,17,0401MSC
4070519C211,out,18,0401MBC
4070519C211,out,19,0401MPC
4070519C211,out,20,0411MPC
4070519C211,out,21,0403MKC
4070519C211,out,22,0403MKC
4070519C211,out,23,0400SP1
4070519C211,out,24,0400TSH
4070519C211,out,25,0410TSH
4070519C211,in,0,0400KNS
4070519C211,in,1,0400RND
4070519C211,in,2,0400S3B
4070519C211,in,3,0400VPK
4070519C211,in,4,0400KMJ
4070519C211,in,5,0400MLH
4070519C211,in,6,0400EST
4070519C211,in,7,0400UMJ
4070519C211,in,8,0400CLX
4070519C211,in,9,0410MUT
4070519C211,in,10,0400STL
4070519C211,in,11,0412NAI
40705019C11,out,0,0402CMK
40705019C11,out,1,0411CST
40705019C11,out,2,0411SMY
40705019C11,out,3,0411MZW
40705019C11,out,4,0401RKN
40705019C11,out,5,0411CAR
40705019C11,out,6,0411PST
40705019C11,out,7,0401UJR
40705019C11,out,8,0411HMZ
40705019C11,out,9,0411TMH
40705019C11,out,10,0412NAI
40705019C11,out,11,0411MUT
40705019C11,out,12,0401CLX
40705019C11,out,13,0401UMJ
40705019C11,out,14,0401UM3
40705019C11,out,15,0401BEC
40705019C11,out,16,0401MSB
40705019C11,out,17,0411MAS
40705019C11,out,18,0401NYV
40705019C11,out,19,0401KDO
40705019C11,out,20,0411RCK
40705019C11,out,21,0401RCK
40705019C11,out,22,0401IFA
40705019C11,out,23,0401P3A
40705019C11,out,24,0411P3A
40705019C11,out,25,0401BMP
40705019C11,out,26,0401P3B
40705019C11,out,27,0401PS4
40705019C11,out,28,0401VWP
40705019C11,out,29,0411IFB
40705019C11,out,30,0401IFB
40705019C11,out,31,0401S3B
40705019C11,out,32,0411RND
40705019C11,out,33,0401P1M
40705019C11,out,34,0411P1M
40705019C11,out,35,0401MVC
40705019C11,out,36,0401MKC
40705019C11,out,37,0401MSC
40705019C11,out,38,0401MBC
40705019C11,out,39,0401MPC
40705019C11,out,40,0411MPC
40705019C11,out,41,0403MKC
40705019C11,out,42,0403MKC
40705019C11,in,0,0400SP1
40705019C11,in,1,0400TSH
40705019C11,in,2,0400KNS
40705019C11,in,3,0400RND
40705019C11,in,4,0400S3B
40705019C11,in,5,0400VPK
40705019C11,in,6,0400KMJ
40705019C11,in,7,0400MLH
40705019C11,in,8,0400EST
40705019C11,in,9,0400UMJ
40705019C11,in,10,0400CLX
40705019C11,in,11,0410MUT
40705019C11,in,12,0400STL
40705019C11,in,13,0410NAI
40705019C11,in,14,0410DNR
40705019C11,in,15,0410TMH
40705019C11,in,16,0410HMZ
40705019C11,in,17,0400TJR
40705019C11,in,18,0410MKD
40705019C11,in,19,0400UJR
40705019C11,in,20,0410PST
40705019C11,in,21,0412CAR
40705019C11,in,22,0400MKG
40705019C11,in,23,0400MZW
40705019C11,in,24,0410KLL
40705019C11,in,25,0410CST
40705019C11,in,26,0400NCC
40705019C11,in,27,0400CTB
40705019C11,in,28,0410SLA
40705019C11,in,29,0402CMK
40702019C11,out,0,0412AMB
40702019C11,out,1,0411CST
40702019C11,out,2,0411SMY
40702019C11,out,3,0411MZW
40702019C11,out,4,0401RKN
40702019C11,out,5,0411CAR
40702019C11,out,6,0411PST
40702019C11,out,7,0401UJR
40702019C11,out,8,0411HMZ
40702019C11,out,9,0411TMH
40702019C11,out,10,0412DON
40702019C11,out,11,04O2CLT
40702019C11,out,12,0401KSD
40702019C11,out,13,0411KSD
40702019C11,out,14,0411SVN
40702019C11,out,15,0401SVN
40702019C11,out,16,0401GNF
40702019C11,out,17,0411GNF
40702019C11,out,18,0401HRS
40702019C11,out,19,0411PH5
40702019C11,out,20,0401TGS
40702019C11,out,21,0411TGS
40702019C11,out,22,0401JCN
40702019C11,out,23,0411JCN
40702019C11,out,24,0401GSE
40702019C11,out,25,0401BEC
40702019C11,out,26,0401MSB
40702019C11,out,27,0411MAS
40702019C11,out,28,0401NYV
40702019C11,out,29,0401KDO
40702019C11,out,30,0411RCK
40702019C11,out,31,0401RCK
40702019C11,out,32,0401IFA
40702019C11,out,33,0401P3A
40702019C11,out,34,0411P3A
40702019C11,out,35,0401BMP
40702019C11,out,36,0401P3B
40702019C11,out,37,0401PS4
40702019C11,out,38,0401VWP
40702019C11,out,39,0411IFB
40702019C11,out,40,0401IFB
40702019C11,out,41,0401S3B
40702019C11,out,42,0411RND
40702019C11,out,43,0401P1M
40702019C11,out,44,0411P1M
40702019C11,out,45,0401MVC
40702019C11,out,46,0401MKC
40702019C11,out,47,0401MSC
40702019C11,out,48,0401MBC
40702019C11,out,49,0401MPC
40702019C11,out,50,0411MPC
40702019C11,out,51,0403MKC
40702019C11,out,52,0403MKC
40702019C11,in,0,0400SP1
40702019C11,in,1,0400TSH
40702019C11,in,2,0410TSH
40702019C11,in,3,0400KNS
40702019C11,in,4,0400PCE
40702019C11,in,5,0410PCE
40702019C11,in,6,0400RCK
40702019C11,in,7,0400KDO
40702019C11,in,8,0410KDO
40702019C11,in,9,0400NYV
40702019C11,in,10,0400MSB
40702019C11,in,11,0410MSB
40702019C11,in,12,0400SOS
40702019C11,in,13,0400BEC
40702019C11,in,14,0400GNS
40702019C11,in,15,0403JCN
40702019C11,in,16,0410PH8
40702019C11,in,17,0400TSK
40702019C11,in,18,0400PH5
40702019C11,in,19,0410PS5
40702019C11,in,20,0400HRS
40702019C11,in,21,0401EPA
40702019C11,in,22,0400EPA
40702019C11,in,23,0400TMN
40702019C11,in,24,0400SVN
40702019C11,in,25,0400MRS
40702019C11,in,26,0400KSD
40702019C11,in,27,0410KSD
40702019C11,in,28,0400CLT
40702019C11,in,29,0412DON
40702019C11,in,30,0410DNR
40702019C11,in,31,0410TMH
40702019C11,in,32,0410HMZ
40702019C11,in,33,0400TJR
40702019C11,in,34,0410MKD
40702019C11,in,35,0400UJR
40702019C11,in,36,0410PST
40702019C11,in,37,0412CAR
40702019C11,in,38,0400MKG
40702019C11,in,39,0400MZW
40702019C11,in,40,0410KLL
40702019C11,in,41,0410CST
40702019C11,in,42,0400NCC
40702019C11,in,43,0400CTB
40702019C11,in,44,0410SLA
40702019C11,in,45,0410BST
40702019C11,in,46,0412KNC
80000002311,out,0,0812ODE
80000002311,out,1,0811MUS
80000002311,out,2,0801CHR
80000002311,out,3,0812WST
80000002311,out,4,0801STM
80000002311,out,5,0801LIO
80000002311,out,6,0801BRK
80000002311,out,7,0801SAF
80000002311,out,8,0811AGA
80000002311,out,9,0811ABC
80000002311,out,10,0801ABE
80000002311,out,11,0801JGJ
80000002311,out,12,0811KAR
80000002311,out,13,0801NSH
80000002311,out,14,0801DEL
80000002311,out,15,0801AFL
80000002311,out,16,0811KND
80000002311,out,17,0801SDM
80000002311,out,18,0801PKN
80000002311,out,19,0801TKN
80000002311,out,20,0813KGT
80000002311,in,0,0813KGT
80000002311,in,1,0800HES
80000002311,in,2,0800CCK
80000002311,in,3,0810NSH
80000002311,in,4,0810KAR
80000002311,in,5,0800KBB
80000002311,in,6,0800WDC
80000002311,in,7,0810WPS
80000002311,in,8,0810LIO
80000002311,in,9,0810STM
80000002311,in,10,0800GPR
80000002311,in,11,0810WST
80000002311,in,12,0800EDS
80000002311,in,13,0800CHR
80000002311,in,14,0800MUS
80000002311,in,15,0810MCP
80000002311,in,16,0812ODE
40201002311,out,0,0412AMB
40201002311,out,1,0411CST
40201002311,out,2,0411SMY
40201002311,out,3,0411MZW
40201002311,out,4,0401RKN
40201002311,out,5,0401MKB
40201002311,out,6,0401MPS
40201002311,out,7,0401BPS
40201002311,out,8,0401KST
40201002311,out,9,0411DLP
40201002311,out,10,0411JSC
40201002311,out,11,0401USC
40201002311,out,12,0401UPS
40201002311,out,13,0401HUJ
40201002311,out,14,0401KBU
40201002311,out,15,0401KCT
40201002311,out,16,0401NBP
40201002311,out,17,0401BPR
40201002311,out,18,0411BP1
40201002311,out,19,0411SOS
40201002311,out,20,0401MWS
40201002311,out,21,0401PNR
40201002311,out,22,0401CVT
40201002311,out,23,0401CVS
40201002311,out,24,0401FNN
40201002311,out,25,0403KSE
40201002311,in,0,0403KSE
40201002311,in,1,0400DSP
40201002311,in,2,0400FSX
40201002311,in,3,0400FNN
40201002311,in,4,0400KSP
40201002311,in,5,0400CSV
40201002311,in,6,0400TTP
40201002311,in,7,0400PES
40201002311,in,8,0400TMW
40201002311,in,9,0400PSG
40201002311,in,10,0400PSM
40201002311,in,11,0400BPS
40201002311,in,12,0400BRB
40201002311,in,13,0400BNB
40201002311,in,14,0400BKB
40201002311,in,15,0400UJN
40201002311,in,16,0410USP
40201002311,in,17,0400USS
40201002311,in,18,0400UFD
40201002311,in,19,0400JSC
40201002311,in,20,0412DLP
40201002311,in,21,0400KAG
40201002311,in,22,0410BHS
40201002311,in,23,0410NPB
40201002311,in,24,0400BHC
40201002311,in,25,0400BDC
40201002311,in,26,0400MKG
40201002311,in,27,0400MZW
40201002311,in,28,0410KLL
40201002311,in,29,0410CST
40201002311,in,30,0400NCC
40201002311,in,31,0400CTB
40201002311,in,32,0412AMB
20000002311,out,0,0212NBT
20000002311,out,1,0201FIG
20000002311,out,2,0201KCL
20000002311,out,3,0201AGH
20000002311,out,4,0211GRF
20000002311,out,5,0213WTD
20000002311,in,0,0213WTD
20000002311,in,1,0210WTD
20000002311,in,2,0810MSM
20000002311,in,3,0212NBT
50000002412,out,0,0512NKG
50000002412,out,1,0501NPC
50000002412,out,2,0511CAT
50000002412,out,3,0501KNA
50000002412,out,4,0501AGC
50000002412,out,5,0501KSS
50000002412,out,6,0501MLK
50000002412,out,7,0501KCR
50000002412,out,8,0501KET
50000002412,out,9,0501FAR
50000002412,out,10,0501HLC
50000002412,out,11,0501HLR
50000002412,out,12,0501KSP
50000002412,out,13,0501DBC
50000002412,out,14,0511KNH
50000002412,out,15,0501NDG
50000002412,out,16,0501ZZL
50000002412,out,17,0503KRL
50000002412,in,0,0503KRL
50000002412,in,1,0510KNH
50000002412,in,2,0500DBC
50000002412,in,3,0500KSP
50000002412,in,4,0510HLC
50000002412,in,5,0500HLL
50000002412,in,6,0500ACC
50000002412,in,7,0500TTK
50000002412,in,8,0500KCY
50000002412,in,9,0500MSU
50000002412,in,10,0500NBA
50000002412,in,11,0500MKY
50000002412,in,12,0500CUV
50000002412,in,13,0500MPK
50000002412,in,14,0502BMA
70201024C11,out,0,0712KNC
70201024C11,out,1,0611GPO
70201024C11,out,2,0611SRN
70201024C11,out,3,0611VRP
70201024C11,out,4,0711MCP
70201024C11,out,5,0711UCN
70201024C11,out,6,0711NKP
70201024C11,out,7,0711MTL
70201024C11,out,8,0711AAD
70201024C11,out,9,0701PSA
70201024C11,out,10,0711PST
70201024C11,out,11,0711IMP
70201024C11,out,12,0711JKR
70201024C11,out,13,0711NKJ
70201024C11,out,14,0701CMD
70201024C11,out,15,0701TKS
70201024C11,out,16,0701SWD
70201024C11,out,17,0701SFY
70201024C11,out,18,0701KNO
70201024C11,out,19,0701PWY
70201024C11,out,20,0701RCE
70201024C11,out,21,0711LNN
70201024C11,out,22,0701LNA
70201024C11,out,23,0711MTI
70201024C11,out,24,0701CRS
70201024C11,out,25,0701KFR
70201024C11,out,26,0513KEN
70201024C11,in,0,0510SMP
70201024C11,in,1,0500KCH
70201024C11,in,2,0510ETG
70201024C11,in,3,0500KRJ
70201024C11,in,4,0500MRL
70201024C11,in,5,0500KCL
70201024C11,in,6,0500FRT
70201024C11,in,7,0500KBL
70201024C11,in,8,0500QRL
70201024C11,in,9,0500NDG
70201024C11,in,10,0500MSL
70201024C11,in,11,0500MSV
70201024C11,in,12,0500MSW
70201024C11,in,13,0500LBN
70201024C11,in,14,0500CMZ
70201024C11,in,15,0500MWR
70201024C11,in,16,0500AGB
70201024C11,in,17,0500HMN
70201024C11,in,18,0500HRN
70201024C11,in,19,0510HDY
70201024C11,in,20,0500GCT
70201024C11,in,21,0500MBZ
70201024C11,in,22,0500SOL
70201024C11,in,23,0510SOL
70201024C11,in,24,0510KJC
70201024C11,in,25,0510TNZ
70201024C11,in,26,0500LRJ
70201024C11,in,27,0500NBA
70201024C11,in,28,0500MKY
70201024C11,in,29,0500CUV
70201024C11,in,30,0500MPK
70201024C11,in,31,0502BMA
70201024C11,in,32,0500HST
70201024C11,in,33,0500ORP
70201024C11,in,34,0510BRC
70201024C11,in,35,0510LGT
70201024C11,in,36,0510HQS
70201024C11,in,37,0510KAS
70201024C11,in,38,0510CAN
70201024C11,in,39,0500DMS
70201024C11,in,40,0510AMR
70201024C11,in,41,0510WIL
70201024C11,in,42,0501BLU
70201024C11,in,43,0501APV
70201024C11,in,44,0503HRS
70201024C11,in,45,0601FLY
70201024C11,in,46,0600MOS
70201024C11,in,47,0600MBA
70201024C11,in,48,0712KNH
70201024C11,in,49,0710TNA
70201024C11,in,50,0700NHF
70201024C11,in,51,0510AGP
70201024C11,in,52,0712KNC
20801025A11,out,0,0212LUT
20801025A11,out,1,0211KNJ
20801025A11,out,2,0211NGR
20801025A11,out,3,0211PIO
20801025A11,out,4,0201PNG
20801025A11,out,5,0211MTG
20801025A11,out,6,0211NYS
20801025A11,out,7,0211KCA
20801025A11,out,8,0211DRV
20801025A11,out,9,0201ALP
20801025A11,out,10,0201DAW
20801025A11,out,11,0201CON
20801025A11,out,12,0201RUA
20801025A11,out,13,0201BLE
20801025A11,out,14,0201BLC
20801025A11,out,15,0211CAT
20801025A11,out,16,0201BBP
20801025A11,out,17,0213BDT
20801025A11,out,18,0201GTC
20801025A11,out,19,0201KEP
20801025A11,out,20,0201BPC
20801025A11,out,21,0201TJA
20801025A11,out,22,0201MOS
20801025A11,out,23,0201AIS
20801025A11,out,24,0201HSM
20801025A11,out,25,0213LUD
20801025A11,in,0,0213LUD
20801025A11,in,1,0200MOS
20801025A11,in,2,0200DEC
20801025A11,in,3,0200KEP
20801025A11,in,4,0200KSC
20801025A11,in,5,0210BBD
20801025A11,in,6,0210BBG
20801025A11,in,7,0200BBC
20801025A11,in,8,0200KEN
20801025A11,in,9,0210NVS
20801025A11,in,10,0200CON
20801025A11,in,11,0210ALP
20801025A11,in,12,0210DRV
20801025A11,in,13,0210KCA
20801025A11,in,14,0210SUR
20801025A11,in,15,0210MTG
20801025A11,in,16,0210PNG
20801025A11,in,17,0200GNK
20801025A11,in,18,0210NGR
20801025A11,in,19,0210FIG
20801025A11,in,20,0210KNJ
20801025A11,in,21,0212LUT
40403002611,out,0,0402AQN
40403002611,out,1,0401BPS
40403002611,out,2,0401KST
40403002611,out,3,0411DLP
40403002611,out,4,0411JSC
40403002611,out,5,0401USC
40403002611,out,6,0401UPS
40403002611,out,7,0401HUJ
40403002611,out,8,0401KBU
40403002611,out,9,0401KCT
40403002611,out,10,0401NBP
40403002611,out,11,0401BPR
40403002611,out,12,0411BP1
40403002611,out,13,0401RPL
40403002611,out,14,0411SOS
40403002611,out,15,0401MWS
40403002611,out,16,0400TTL
40403002611,out,17,0400MYK
40403002611,out,18,0401HMN
40403002611,out,19,0401RDB
40403002611,out,20,0401KCB
40403002611,out,21,0401EQY
40403002611,out,22,0401KSN
40403002611,out,23,0403BNG
40403002611,in,0,0403BNG
40403002611,in,1,0400KCB
40403002611,in,2,0403RAU
40403002611,in,3,0400HMN
40403002611,in,4,0401MYK
40403002611,in,5,0400PIO
40403002611,in,6,0401TTL
40403002611,in,7,0400TMW
40403002611,in,8,0400PSG
40403002611,in,9,0400PSM
40403002611,in,10,0400BPS
40403002611,in,11,0400BRB
40403002611,in,12,0400BNB
40403002611,in,13,0400BKB
40403002611,in,14,0400UJN
40403002611,in,15,0410USP
40403002611,in,16,0400USS
40403002611,in,17,0400UFD
40403002611,in,18,0400JSC
40403002611,in,19,0412DLP
40403002611,in,20,0400KAG
40403002611,in,21,0410BHS
40403002611,in,22,0402AQN
20701293011,out,0,0212NGB
20701293011,out,1,0211PIO
20701293011,out,2,0201PNG
20701293011,out,3,0211MTG
20701293011,out,4,0211NYS
20701293011,out,5,0211KCA
20701293011,out,6,0211DRV
20701293011,out,7,0201ASP
20701293011,out,8,0211DRN
20701293011,out,9,0201MSQ
20701293011,out,10,0213MAT
20701293011,in,0,0213MAT
20701293011,in,1,0210KCA
20701293011,in,2,0210SUR
20701293011,in,3,0210MTG
20701293011,in,4,0212NGB
70200003211,out,0,0412KNC
70200003211,out,1,0611GPO
70200003211,out,2,0611SRN
70200003211,out,3,0611COM
70200003211,out,4,0601OLL
70200003211,out,5,0713KNS
70200003211,out,6,0711NAT
70200003211,out,7,0712KNT
70200003211,out,8,0711MCP
70200003211,out,9,0701UCN
70200003211,out,10,0701ROS
70200003211,out,11,0701PKA
70200003211,out,12,0701NSC
70200003211,out,13,0701KBG
70200003211,out,14,0701MGJ
70200003211,out,15,0701ADC
70200003211,out,16,0701MKA
70200003211,out,17,0701NJR
70200003211,out,18,0701SSR
70200003211,out,19,0701KAR
70200003211,out,20,0701FJE
70200003211,out,21,0701OLY
70200003211,out,22,0711OLI
70200003211,out,23,0703EQY
70200003211,out,24,0713AYN
70200003211,in,0,0713AYN
70200003211,in,1,0700EAY
70200003211,in,2,0710OLS
70200003211,in,3,0700OLM
70200003211,in,4,0700FJS
70200003211,in,5,0700KRA
70200003211,in,6,0700TON
70200003211,in,7,0700MOG
70200003211,in,8,0710TTL
70200003211,in,9,0700BMC
70200003211,in,10,0710CCT
70200003211,in,11,0710CME
70200003211,in,12,0712KNH
70200003211,in,13,0710KNS
70200003211,in,14,0700KCQ
70200003211,in,15,0700BRM
70200003211,in,16,0710TNA
70200003211,in,17,1050COM
70200003211,in,18,0610SER
70200003211,in,19,0610GPO
70200003211,in,20,0610INM
70200003211,in,21,0412AMB
30907003211,out,0,0212DDT
30907003211,out,1,0211KMJ
30907003211,out,2,0201KRK
30907003211,out,3,0311PGG
30907003211,out,4,0301MBP
30907003211,out,5,0301MLG
30907003211,out,6,0301SNT
30907003211,out,7,0301ALB
30907003211,out,8,0301MAP
30907003211,out,9,0301BHS
30907003211,out,10,0311AGP
30907003211,out,11,0311TEN
30907003211,out,12,0311THY
30907003211,out,13,0311CHF
30907003211,out,14,0301BAS
30907003211,out,15,0301FLT
30907003211,out,16,0311JSG
30907003211,out,17,0302RND
30907003211,out,18,0311SOK
30907003211,out,19,0311BAO
30907003211,out,20,0311RIS
30907003211,out,21,0311SEN
30907003211,out,22,0311TOT
30907003211,out,23,0301AIC
30907003211,out,24,0311NNE
30907003211,out,25,0311DIZ
30907003211,out,26,0311FTY
30907003211,out,27,0311CIN
30907003211,out,28,0311BET
30907003211,out,29,0311JUA
30907003211,out,30,0311JER
30907003211,out,31,0313DDS
30907003211,in,0,0313DDS
30907003211,in,1,0300FTY
30907003211,in,2,0300DSC
30907003211,in,3,0310EQT
30907003211,in,4,0300BPS
30907003211,in,5,0310DUN
30907003211,in,6,0310TOT
30907003211,in,7,0310SEN
30907003211,in,8,0310RIS
30907003211,in,9,0300MUT
30907003211,in,10,0310BAO
30907003211,in,11,0300RND
30907003211,in,12,0310FLT
30907003211,in,13,0300BAS
30907003211,in,14,0310CHF
30907003211,in,15,0310TEN
30907003211,in,16,0310FRC
30907003211,in,17,0310JAY
30907003211,in,18,0310SNT
30907003211,in,19,0300MLG
30907003211,in,20,0310PGG
30907003211,in,21,0210KRK
30907003211,in,22,0212DDT
40700003311,out,0,0412DON
40700003311,out,1,0401CLT
40700003311,out,2,0401KWR
40700003311,out,3,0401TMI
40700003311,out,4,0401MLD
40700003311,out,5,0401STG
40700003311,out,6,0401FDA
40700003311,out,7,0401PPL
40700003311,out,8,0401CMT
40700003311,out,9,0401SPN
40700003311,out,10,0403RDA
40700003311,out,11,0401TRN
40700003311,out,12,0401KTN
40700003311,out,13,0403KBL
40700003311,in,0,0400CBN
40700003311,in,1,0403KBL
40700003311,in,2,0400KBL
40700003311,in,3,0400KTN
40700003311,in,4,0400TRN
40700003311,in,5,0400RDA
40700003311,in,6,0400CNT
40700003311,in,7,0400CMT
40700003311,in,8,0400PPL
40700003311,in,9,0400FDA
40700003311,in,10,0400AP1
40700003311,in,11,0400STG
40700003311,in,12,0400AP2
40700003311,in,13,0400TSA
40700003311,in,14,0400TMI
40700003311,in,15,0400KWR
40700003311,in,16,0400CLT
40700003311,in,17,0402DON
40700033C11,out,0,0512CMC
40700033C11,out,1,0411CST
40700033C11,out,2,0411SMY
40700033C11,out,3,0411MZW
40700033C11,out,4,0401RKN
40700033C11,out,5,0411CAR
40700033C11,out,6,0411PST
40700033C11,out,7,0401UJR
40700033C11,out,8,0411HMZ
40700033C11,out,9,0411TMH
40700033C11,out,10,0412DON
40700033C11,out,11,0401CLT
40700033C11,out,12,0401KWR
40700033C11,out,13,0401TMI
40700033C11,out,14,0401MLD
40700033C11,out,15,0401STG
40700033C11,out,16,0401FDA
40700033C11,out,17,0401PPL
40700033C11,out,18,0401CMT
40700033C11,out,19,0401SPN
40700033C11,out,20,0403RDA
40700033C11,out,21,0401TRN
40700033C11,out,22,0401KTN
40700033C11,out,23,0403KBL
40700033C11,in,0,0400CBN
40700033C11,in,1,0403KBL
40700033C11,in,2,0400KBL
40700033C11,in,3,0400KTN
40700033C11,in,4,0400TRN
40700033C11,in,5,0400RDA
40700033C11,in,6,0400CNT
40700033C11,in,7,0400CMT
40700033C11,in,8,0400PPL
40700033C11,in,9,0400FDA
40700033C11,in,10,0400AP1
40700033C11,in,11,0400STG
40700033C11,in,12,0400AP2
40700033C11,in,13,0400TSA
40700033C11,in,14,0400TMI
40700033C11,in,15,0400KWR
40700033C11,in,16,0400CLT
40700033C11,in,17,0412DON
40700033C11,in,18,0410DNR
40700033C11,in,19,0410TMH
40700033C11,in,20,0410HMZ
40700033C11,in,21,0400TJR
40700033C11,in,22,0410MKD
40700033C11,in,23,0400UJR
40700033C11,in,24,0410PST
40700033C11,in,25,0412CAR
40700033C11,in,26,0400MKG
40700033C11,in,27,0400MZW
40700033C11,in,28,0410KLL
40700033C11,in,29,0410CST
40700033C11,in,30,0400NCC
40700033C11,in,31,0400CTB
40700033C11,in,32,0412CMC
50703033C11,out,0,0511CMC
50703033C11,out,1,0511NYY
50703033C11,out,2,0511IFC
50703033C11,out,3,0511CPC
50703033C11,out,4,0511BLV
50703033C11,out,5,0511PST
50703033C11,out,6,0511PNR
50703033C11,out,7,0501SDG
50703033C11,out,8,0511SMR
50703033C11,out,9,0501GMS
50703033C11,out,10,0501IMR
50703033C11,out,11,0513CAB
50703033C11,out,12,0400KBL
50703033C11,out,13,0400KTN
50703033C11,out,14,0400TRN
50703033C11,out,15,0400RDA
50703033C11,out,16,0501TKS
50703033C11,out,17,0501VIL
50703033C11,out,18,0501EMB
50703033C11,out,19,0501KWK
50703033C11,out,20,0501CRW
50703033C11,out,21,0501JKL
50703033C11,out,22,0501CHN
50703033C11,out,23,0501KWG
50703033C11,out,24,0501BRE
50703033C11,in,0,0501BRE
50703033C11,in,1,0500KWG
50703033C11,in,2,0500CHN
50703033C11,in,3,0500KWT
50703033C11,in,4,0500JKL
50703033C11,in,5,0500CRW
50703033C11,in,6,0500EMB
50703033C11,in,7,0500KEA
50703033C11,in,8,0500TKS
50703033C11,in,9,0500RAJ
50703033C11,in,10,0510RBT
50703033C11,in,11,0401TRN
50703033C11,in,12,0401KTN
50703033C11,in,13,0403KBL
50703033C11,in,14,0500CAB
50703033C11,in,15,0510GMS
50703033C11,in,16,0500SMR
50703033C11,in,17,0500PNR
50703033C11,in,18,0510ATL
50703033C11,in,19,0500SHL
50703033C11,in,20,0510BLV
50703033C11,in,21,0500NYY
50703033C11,in,22,0501KAB
50703033C11,in,23,0501KAB
50703033C11,in,24,0512CML
50702003311,out,0,0512CMC
50702003311,out,1,0501NYY
50702003311,out,2,0511IFC
50702003311,out,3,0511CPC
50702003311,out,4,0511BLV
50702003311,out,5,0511PST
50702003311,out,6,0511PNR
50702003311,out,7,0501SDG
50702003311,out,8,0511SMR
50702003311,out,9,0501GMS
50702003311,out,10,0501IMR
50702003311,out,11,0513CAB
50702003311,out,12,0400KBL
50702003311,out,13,0400KTN
50702003311,out,14,0400TRN
50702003311,out,15,0400RDA
50702003311,out,16,0501TKS
50702003311,out,17,0501VIL
50702003311,out,18,0511GTA
50702003311,out,19,0501GTA
50702003311,out,20,0501GTD
50702003311,out,21,0503PEV
50702003311,in,0,0503PEV
50702003311,in,1,0500EVP
50702003311,in,2,0500KEA
50702003311,in,3,0500TKS
50702003311,in,4,0500RAJ
50702003311,in,5,0400RDA
50702003311,in,6,0400CNT
50702003311,in,7,0400CMT
50702003311,in,8,0400PPL
50702003311,in,9,0400FDA
50702003311,in,10,0400AP1
50702003311,in,11,0400STG
50702003311,in,12,0400AP2
50702003311,in,13,0400TSA
50702003311,in,14,0400TMI
50702003311,in,15,0400KWR
50702003311,in,16,0400CLT
50702003311,in,17,0402DON
50702003311,in,18,0410DNR
50702003311,in,19,0410TMH
50702003311,in,20,0410HMZ
50702003311,in,21,0400TJR
50702003311,in,22,0410MKD
50702003311,in,23,0400UJR
50702003311,in,24,0410PST
50702003311,in,25,0412CAR
50702003311,in,26,0400MKG
50702003311,in,27,0400MZW
50702003311,in,28,0410KLL
50702003311,in,29,0410CST
50702003311,in,30,0400NCC
50702003311,in,31,0400CTB
50702003311,in,32,0410SLA
50702003311,in,33,0412CMC
40701003311,out,0,0512CMC
40701003311,out,1,0411CST
40701003311,out,2,0411SMY
40701003311,out,3,0411MZW
40701003311,out,4,0401RKN
40701003311,out,5,0411CAR
40701003311,out,6,0411PST
40701003311,out,7,0401UJR
40701003311,out,8,0411HMZ
40701003311,out,9,0411TMH
40701003311,out,10,0412DON
40701003311,out,11,0401CLT
40701003311,out,12,0401KWR
40701003311,out,13,0401TMI
40701003311,out,14,0401MLD
40701003311,out,15,0401STG
40701003311,out,16,0401FDJ
40701003311,out,17,0401FDE
40701003311,out,18,0401CWS
40701003311,out,19,0403MWF
40701003311,in,0,0403MWF
40701003311,in,1,0410GTB
40701003311,in,2,0400FDE
40701003311,in,3,0400AP1
40701003311,in,4,0400STG
40701003311,in,5,0400AP2
40701003311,in,6,0400TSA
40701003311,in,7,0400TMI
40701003311,in,8,0400KWR
40701003311,in,9,0400CLT
40701003311,in,10,0412DON
40701003311,in,11,0410DNR
40701003311,in,12,0410TMH
40701003311,in,13,0410HMZ
40701003311,in,14,0400TJR
40701003311,in,15,0410MKD
40701003311,in,16,0400UJR
40701003311,in,17,0410PST
40701003311,in,18,0412CAR
40701003311,in,19,0400MKG
40701003311,in,20,0400MZW
40701003311,in,21,0410KLL
40701003311,in,22,0410CST
40701003311,in,23,0400NCC
40701003311,in,24,0400CTB
40701003311,in,25,0412CMC
50700033H01,out,0,0511CAB
50700033H01,out,1,0400KBL
50700033H01,out,2,0400KTN
50700033H01,out,3,0400TRN
50700033H01,out,4,0511RDA
50700033H01,out,5,0511NBK
50700033H01,out,6,0501BRK
50700033H01,out,7,0511CHN
50700033H01,out,8,0511GSU
50700033H01,out,9,0511MHG
50700033H01,out,10,0511ADP
50700033H01,out,11,0511KCF
50700033H01,out,12,0501AMN
50700033H01,out,13,0501UTJ
50700033H01,out,14,0511BND
50700033H01,out,15,0511UCC
50700033H01,out,16,0511BPS
50700033H01,in,0,0511BPS
50700033H01,in,1,0510UTJ
50700033H01,in,2,0510AMN
50700033H01,in,3,0510ADP
50700033H01,in,4,0510GSU
50700033H01,in,5,0510BRK
50700033H01,in,6,0510TSK
50700033H01,in,7,0510AVT
50700033H01,in,8,0510RBT
50700033H01,in,9,0401TRN
50700033H01,in,10,0401KTN
50700033H01,in,11,0403KBL
50700033H01,in,12,0500CAB
50600003311,out,0,0512CML
50600003311,out,1,0501NYY
50600003311,out,2,0511IFC
50600003311,out,3,0511CPC
50600003311,out,4,0511BLV
50600003311,out,5,0511PST
50600003311,out,6,0511PNR
50600003311,out,7,0501SDG
50600003311,out,8,0511SMR
50600003311,out,9,0501GMS
50600003311,out,10,0513IMD
50600003311,in,0,0500IMD
50600003311,in,1,0513IMD
50600003311,in,2,0510GMS
50600003311,in,3,0500SMR
50600003311,in,4,0500PNR
50600003311,in,5,0510ATL
50600003311,in,6,0500SHL
50600003311,in,7,0510BLV
50600003311,in,8,0500NYY
50600003311,in,9,0510KAB
50600003311,in,10,0510AGP
50600003311,in,11,0512CML
50703033J01,out,0,0511CAB
50703033J01,out,1,0400KBL
50703033J01,out,2,0400KTN
50703033J01,out,3,0400TRN
50703033J01,out,4,0511RDA
50703033J01,out,5,0511NBK
50703033J01,out,6,0501BRK
50703033J01,out,7,0511CHN
50703033J01,out,8,0511GSU
50703033J01,out,9,0511MHG
50703033J01,out,10,0511ADP
50703033J01,out,11,0511KCF
50703033J01,out,12,0501AMN
50703033J01,out,13,0511BND
50703033J01,out,14,0501KSN
50703033J01,out,15,0511SPM
50703033J01,out,16,0501ELD
50703033J01,out,17,0513GTR
50703033J01,in,0,0513GTR
50703033J01,in,1,0500ELD
50703033J01,in,2,0510SKY
50703033J01,in,3,0510AMN
50703033J01,in,4,0510ADP
50703033J01,in,5,0510GSU
50703033J01,in,6,0510BRK
50703033J01,in,7,0510TSK
50703033J01,in,8,0510AVT
50703033J01,in,9,0510RBT
50703033J01,in,10,0401TRN
50703033J01,in,11,0401KTN
50703033J01,in,12,0403KBL
50703033J01,in,13,0500CAB
50600033A11,out,0,0512BST
50600033A11,out,1,0501NYY
50600033A11,out,2,0511IFC
50600033A11,out,3,0511CPC
50600033A11,out,4,0511BLV
50600033A11,out,5,0511PST
50600033A11,out,6,0511PNR
50600033A11,out,7,0501SDG
50600033A11,out,8,0511SMR
50600033A11,out,9,0501GMS
50600033A11,out,10,0513IMD
50600033A11,out,11,0503MZW
50600033A11,in,0,0503MZW
50600033A11,in,1,0500IMD
50600033A11,in,2,0510GMS
50600033A11,in,3,0500SMR
50600033A11,in,4,0500PNR
50600033A11,in,5,0510ATL
50600033A11,in,6,0500SHL
50600033A11,in,7,0510BLV
50600033A11,in,8,0500NYY
50600033A11,in,9,0510KAB
50600033A11,in,10,0510AGP
50600033A11,in,11,0512BST
70000203311,out,0,0602STP
70000203311,out,1,0711NAT
70000203311,out,2,0712KNT
70000203311,out,3,0711KEM
70000203311,out,4,0711SUN
70000203311,out,5,0711NEW
70000203311,out,6,0711GCP
70000203311,out,7,0713NGM
70000203311,in,0,0713NGM
70000203311,in,1,0601HIG
70000203311,in,2,0601PCE
70000203311,in,3,0601HCO
70000203311,in,4,0710KEM
70000203311,in,5,0601FLY
70000203311,in,6,0600MOS
70000203311,in,7,0600MBA
70000203311,in,8,0712KNH
70000203311,in,9,0710TNA
70000203311,in,10,0700NHF
70000203311,in,11,0510AGP
70000203311,in,12,0602STP
40100003311,out,0,0412MTW
40100003311,out,1,0411CST
40100003311,out,2,0411SMY
40100003311,out,3,0411MZW
40100003311,out,4,0401RKN
40100003311,out,5,0411CAR
40100003311,out,6,0411PST
40100003311,out,7,0401UJR
40100003311,out,8,0411HMZ
40100003311,out,9,0411TMH
40100003311,out,10,0412DON
40100003311,out,11,0401CLT
40100003311,out,12,0401KWR
40100003311,out,13,0401TMI
40100003311,out,14,0401MLD
40100003311,out,15,0401STG
40100003311,out,16,0401FDA
40100003311,out,17,0401PPL
40100003311,out,18,0401CMT
40100003311,out,19,0401SPN
40100003311,out,20,0403RDA
40100003311,in,0,0403RDA
40100003311,in,1,0400RDA
40100003311,in,2,0400CNT
40100003311,in,3,0400CMT
40100003311,in,4,0400PPL
40100003311,in,5,0400FDA
40100003311,in,6,0400AP1
40100003311,in,7,0400STG
40100003311,in,8,0400AP2
40100003311,in,9,0400TSA
40100003311,in,10,0400TMI
40100003311,in,11,0400KWR
40100003311,in,12,0400CLT
40100003311,in,13,0412DON
40100003311,in,14,0410DNR
40100003311,in,15,0410TMH
40100003311,in,16,0410HMZ
40100003311,in,17,0400TJR
40100003311,in,18,0410MKD
40100003311,in,19,0400UJR
40100003311,in,20,0410PST
40100003311,in,21,0412CAR
40100003311,in,22,0400MKG
40100003311,in,23,0400MZW
40100003311,in,24,0410KLL
40100003311,in,25,0410CST
40100003311,in,26,0412MTW
50701003311,out,0,0512CMC
50701003311,out,1,0501NYY
50701003311,out,2,0511IFC
50701003311,out,3,0511CPC
50701003311,out,4,0511BLV
50701003311,out,5,0511PST
50701003311,out,6,0511PNR
50701003311,out,7,0501SDG
50701003311,out,8,0511SMR
50701003311,out,9,0501GMS
50701003311,out,10,0501IMR
50701003311,out,11,0513CAB
50701003311,out,12,0513CAB
50701003311,out,13,0400KBL
50701003311,out,14,0400KTN
50701003311,out,15,0400TRN
50701003311,in,0,0400RDA
50701003311,in,1,0400CNT
50701003311,in,2,0400CMT
50701003311,in,3,0400PPL
50701003311,in,4,0400FDA
50701003311,in,5,0400AP1
50701003311,in,6,0400STG
50701003311,in,7,0400AP2
50701003311,in,8,0400TSA
50701003311,in,9,0400TMI
50701003311,in,10,0400KWR
50701003311,in,11,0400CLT
50701003311,in,12,0402DON
50701003311,in,13,0410DNR
50701003311,in,14,0410TMH
50701003311,in,15,0410HMZ
50701003311,in,16,0400TJR
50701003311,in,17,0410MKD
50701003311,in,18,0400UJR
50701003311,in,19,0410PST
50701003311,in,20,0412CAR
50701003311,in,21,0400MKG
50701003311,in,22,0400MZW
50701003311,in,23,0410KLL
50701003311,in,24,0410CST
50701003311,in,25,0400NCC
50701003311,in,26,0400CTB
50701003311,in,27,0410SLA
50701003311,in,28,0412CMC
70101013301,out,0,0612NGM
70101013301,out,1,0611HGH
70101013301,out,2,0611STH
70101013301,out,3,0511MFL
70101013301,out,4,0501DSC
70101013301,out,5,0601MSQ
70101013301,out,6,0601SHP
70101013301,out,7,0601OLM
70101013301,out,8,0603STB
70101013301,in,0,0603STB
70101013301,in,1,0600OLM
70101013301,in,2,0610SHP
70101013301,in,3,0510MFL
70101013301,in,4,0501TML
70101013301,in,5,0600STH
70101013301,in,6,0600HGH
70101013301,in,7,0610MHS
70101013301,in,8,0600NGM
50700003311,out,0,0512AMU
50700003311,out,1,0501NYY
50700003311,out,2,0511IFC
50700003311,out,3,0511CPC
50700003311,out,4,0511BLV
50700003311,out,5,0511PST
50700003311,out,6,0511PNR
50700003311,out,7,0501SDG
50700003311,out,8,0511SMR
50700003311,out,9,0501GMS
50700003311,out,10,0501IMR
50700003311,out,11,0513CAB
50700003311,out,12,0400KBL
50700003311,out,13,0400KTN
50700003311,out,14,0400TRN
50700003311,out,15,0511RDA
50700003311,out,16,0511NBK
50700003311,out,17,0501BRK
50700003311,out,18,0511CHN
50700003311,out,19,0511GSU
50700003311,out,20,0511MHG
50700003311,out,21,0511ADP
50700003311,out,22,0511KCF
50700003311,out,23,0501AMN
50700003311,out,24,0511BND
50700003311,out,25,0501KSN
50700003311,out,26,0511SPM
50700003311,out,27,0501ELD
50700003311,out,28,0513GTR
50700003311,in,0,0513GTR
50700003311,in,1,0500ELD
50700003311,in,2,0510SKY
50700003311,in,3,0510AMN
50700003311,in,4,0510ADP
50700003311,in,5,0510GSU
50700003311,in,6,0510BRK
50700003311,in,7,0510TSK
50700003311,in,8,0510AVT
50700003311,in,9,0510RBT
50700003311,in,10,0401TRN
50700003311,in,11,0401KTN
50700003311,in,12,0403KBL
50700003311,in,13,0500CAB
50700003311,in,14,0510GMS
50700003311,in,15,0500SMR
50700003311,in,16,0500PNR
50700003311,in,17,0510ATL
50700003311,in,18,0500SHL
50700003311,in,19,0510BLV
50700003311,in,20,0500NYY
50700003311,in,21,0510KAB
50700003311,in,22,6050GPO
50700003311,in,23,0502AMB
40702034B11,out,0,0412AMB
40702034B11,out,1,0411CST
40702034B11,out,2,0411SMY
40702034B11,out,3,0411MZW
40702034B11,out,4,0401RKN
40702034B11,out,5,0411CAR
40702034B11,out,6,0411PST
40702034B11,out,7,0401UJR
40702034B11,out,8,0411HMZ
40702034B11,out,9,0411TMH
40702034B11,out,10,0412DON
40702034B11,out,11,04O2CLT
40702034B11,out,12,0401KSD
40702034B11,out,13,0411KSD
40702034B11,out,14,0411SVN
40702034B11,out,15,0401SVN
40702034B11,out,16,0401GNF
40702034B11,out,17,0411GNF
40702034B11,out,18,0401HRS
40702034B11,out,19,0411PH5
40702034B11,out,20,0401TGS
40702034B11,out,21,0411TGS
40702034B11,out,22,0403JCN
40702034B11,in,0,0403JCN
40702034B11,in,1,0410PH8
40702034B11,in,2,0400TSK
40702034B11,in,3,0400PH5
40702034B11,in,4,0410PS5
40702034B11,in,5,0400HRS
40702034B11,in,6,0401EPA
40702034B11,in,7,0400EPA
40702034B11,in,8,0400TMN
40702034B11,in,9,0400SVN
40702034B11,in,10,0400MRS
40702034B11,in,11,0400KSD
40702034B11,in,12,0410KSD
40702034B11,in,13,0400CLT
40702034B11,in,14,0412DON
40702034B11,in,15,0410DNR
40702034B11,in,16,0410TMH
40702034B11,in,17,0410HMZ
40702034B11,in,18,0400TJR
40702034B11,in,19,0410MKD
40702034B11,in,20,0400UJR
40702034B11,in,21,0410PST
40702034B11,in,22,0412CAR
40702034B11,in,23,0400MKG
40702034B11,in,24,0400MZW
40702034B11,in,25,0410KLL
40702034B11,in,26,0410CST
40702034B11,in,27,0400NCC
40702034B11,in,28,0400CTB
40702034B11,in,29,0410SLA
40702034B11,in,30,0410BST
40702034B11,in,31,0412KNC
40700003411,out,0,0412AMB
40700003411,out,1,0411CST
40700003411,out,2,0411SMY
40700003411,out,3,0411MZW
40700003411,out,4,0401RKN
40700003411,out,5,0411CAR
40700003411,out,6,0411PST
40700003411,out,7,0401UJR
40700003411,out,8,0411HMZ
40700003411,out,9,0411TMH
40700003411,out,10,0412DON
40700003411,out,11,0401CLT
40700003411,out,12,0401KWR
40700003411,out,13,0401TMI
40700003411,out,14,0401MLD
40700003411,out,15,0401STG
40700003411,out,16,0401FDA
40700003411,out,17,0401PPL
40700003411,out,18,0401CMT
40700003411,out,19,0401SPN
40700003411,out,20,0403RDA
40700003411,out,21,0401TNS
40700003411,out,22,0411CRG
40700003411,out,23,0401NAS
40700003411,out,24,0401PDO
40700003411,out,25,0401PD1
40700003411,out,26,0413PSB
40700003411,in,0,0413PSB
40700003411,in,1,0410APT
40700003411,in,2,0400RDA
40700003411,in,3,0400CNT
40700003411,in,4,0400CMT
40700003411,in,5,0400PPL
40700003411,in,6,0400FDA
40700003411,in,7,0400AP1
40700003411,in,8,0400STG
40700003411,in,9,0400AP2
40700003411,in,10,0400TSA
40700003411,in,11,0400TMI
40700003411,in,12,0400KWR
40700003411,in,13,0400CLT
40700003411,in,14,0412DON
40700003411,in,15,0410DNR
40700003411,in,16,0410TMH
40700003411,in,17,0410HMZ
40700003411,in,18,0400TJR
40700003411,in,19,0410MKD
40700003411,in,20,0400UJR
40700003411,in,21,0410PST
40700003411,in,22,0412CAR
40700003411,in,23,0400MKG
40700003411,in,24,0400MZW
40700003411,in,25,0410KLL
40700003411,in,26,0410CST
40700003411,in,27,0400NCC
40700003411,in,28,0400CTB
40700003411,in,29,0410SLA
40700003411,in,30,0410BST
40700003411,in,31,0412KNC
40700003411,in,32,0412KNC
70100203411,out,0,0712KNT
70100203411,out,1,0611HGH
70100203411,out,2,0611STH
70100203411,out,3,0511WIL
70100203411,out,4,0511DAM
70100203411,out,5,0511UCH
70100203411,out,6,0511UHU
70100203411,out,7,0511LAN
70100203411,out,8,0501OIL
70100203411,out,9,0501GAR
70100203411,out,10,0501KIR
70100203411,out,11,0511CIV
70100203411,out,12,0511SOU
70100203411,out,13,0511TAL
70100203411,out,14,0511HIG
70100203411,out,15,0501PET
70100203411,out,16,0501BAR
70100203411,out,17,0501CHI
70100203411,out,18,0511STA
70100203411,out,19,0511OTI
70100203411,out,20,0501PRI
70100203411,out,21,0513HOS
70100203411,in,0,0513HOS
70100203411,in,1,0501PRI
70100203411,in,2,0510BRC
70100203411,in,3,0510LGT
70100203411,in,4,0510KAS
70100203411,in,5,0510CAN
70100203411,in,6,0500DMS
70100203411,in,7,0510AMR
70100203411,in,8,0510LGP
70100203411,in,9,0510WIL
70100203411,in,10,0501BLU
70100203411,in,11,0501APV
70100203411,in,12,0503HRS
70100203411,in,13,0601FLY
70100203411,in,14,0600MOS
70100203411,in,15,0600MBA
70100203411,in,16,0712KNH
40704356011,out,0,0412TSR
40704356011,out,1,0411CST
40704356011,out,2,0411SMY
40704356011,out,3,0411MZW
40704356011,out,4,0401RKN
40704356011,out,5,0411CAR
40704356011,out,6,0411PST
40704356011,out,7,0401UJR
40704356011,out,8,0411HMZ
40704356011,out,9,0411TMH
40704356011,out,10,0412NAI
40704356011,out,11,0411MTN
40704356011,out,12,0401MTN
40704356011,out,13,0401UM1
40704356011,out,14,0400UMM
40704356011,in,0,0400UMD
40704356011,in,1,0411KPS
40704356011,in,2,0401GEE
40704356011,in,3,040HHH
40704356011,in,4,040PLB
40704356011,in,5,0401JNT
40704356011,in,6,0401PCK
40704356011,in,7,0401OLJ
40704356011,in,8,0401KCF
40704356011,in,9,04001LV
40704356011,in,10,0410INC
40704356011,in,11,0403INC
40704356011,in,12,0403INC
40704356011,in,13,0400GRS
40704356011,in,14,0400CST
40704356011,in,15,0410NBT
40704356011,in,16,0400SNG
40704356011,in,17,0410SNG
40704356011,in,18,0400JSK
40704356011,in,19,0400KNA
40704356011,in,20,0410JST
40704356011,in,21,0400JST
40704356011,in,22,0400GPM
40704356011,in,23,0400JMC
40704356011,in,24,0400UM1
40704356011,in,25,0400KCU
40704356011,in,26,0410MUT
40704356011,in,27,0400STL
40704356011,in,28,0410NAI
40704356011,in,29,0410DNR
40704356011,in,30,0410TMH
40704356011,in,31,0410HMZ
40704356011,in,32,0400TJR
40704356011,in,33,0410MKD
40704356011,in,34,0400UJR
40704356011,in,35,0410PST
40704356011,in,36,0412CAR
40704356011,in,37,0400MKG
40704356011,in,38,0400MZW
40704356011,in,39,0410KLL
40704356011,in,40,0410CST
40704356011,in,41,0400NCC
40704356011,in,42,0400CTB
40704356011,in,43,0410SLA
40704356011,in,44,0412TSR
40704356001,out,0,0412NAI
40704356001,out,1,0411MTN
40704356001,out,2,0401MTN
40704356001,out,3,0401UM1
40704356001,out,4,0401UMM
40704356001,out,5,0401UMD
40704356001,out,6,0411KPS
40704356001,out,7,0401GEE
40704356001,out,8,0401HHH
40704356001,out,9,0401PLB
40704356001,out,10,0401JNT
40704356001,out,11,0401PCK
40704356001,out,12,0401OLJ
40704356001,out,13,0401KCF
40704356001,out,14,0403UM2
40704356001,in,0,0403UM2
40704356001,in,1,0400KWC
40704356001,in,2,0410KWC
40704356001,in,3,0400VSP
40704356001,in,4,0400OOJ
40704356001,in,5,0400PCK
40704356001,in,6,0400HNB
40704356001,in,7,0400UMP
40704356001,in,8,0400UMM
40704356001,in,9,0400UM1
40704356001,in,10,0400KCU
40704356001,in,11,0410MUT
40704356001,in,12,0400STL
40704356001,in,13,0412NAI
40705383911,out,0,term_38_39_bus_station
40705383911,out,1,term_38_39_temple_road
40705383911,out,2,0412MTW
40705383911,out,3,0411CST
40705383911,out,4,0411SMY
40705383911,out,5,0411MZW
40705383911,out,6,0401RKN
40705383911,out,7,0411CAR
40705383911,out,8,0411PST
40705383911,out,9,0401UJR
40705383911,out,10,0411HMZ
40705383911,out,11,0411TMH
40705383911,out,12,0412NAI
40705383911,out,13,0411MUT
40705383911,out,14,0401CLX
40705383911,out,15,0401UMJ
40705383911,out,16,0401UM3
40705383911,out,17,0401MLH
40705383911,out,18,0401SPL
40705383911,out,19,0401KMJ
40705383911,out,20,0403SKJ
40705383911,out,21,0411SKA
40705383911,out,22,0401KYJ
40705383911,out,23,0401TWS
40705383911,out,24,0411NJR
40705383911,out,25,0401CHK
40705383911,out,26,0401TKY
40705383911,out,27,0411BPS
40705383911,out,28,0401WKM
40705383911,out,29,0401DNE
40705383911,out,30,0403QKM
40705383911,out,31,kr_ruai
40705383911,out,32,kr_block10
40705383911,out,33,kr_kangundo_rd
40705383911,out,34,kr_acacia
40705383911,out,35,kr_makongeni
40705383911,out,36,kr_26
40705383911,out,37,kr_kanisani
40705383911,out,38,kr_kipawa
40705383911,out,39,kr_sir_henry
40705383911,out,40,kr_kingoris
40705383911,out,41,kr_kamulu
40705383911,out,42,kr_joska
40705383911,in,0,kr_joska
40705383911,in,1,kr_kamulu
40705383911,in,2,kr_kingoris
40705383911,in,3,kr_sir_henry
40705383911,in,4,kr_kipawa
40705383911,in,5,kr_kanisani
40705383911,in,6,kr_26
40705383911,in,7,kr_makongeni
40705383911,in,8,kr_acacia
40705383911,in,9,kr_kangundo_rd
40705383911,in,10,kr_block10
40705383911,in,11,kr_ruai
40705383911,in,12,0403QKM
40705383911,in,13,0400DNE
40705383911,in,14,0400WKM
40705383911,in,15,0410BPS
40705383911,in,16,0410TKY
40705383911,in,17,0400CHK
40705383911,in,18,0410NJR
40705383911,in,19,0400KYJ
40705383911,in,20,0400SKJ
40705383911,in,21,0400MYC
40705383911,in,22,0400KMJ
40705383911,in,23,0400MLH
40705383911,in,24,0400EST
40705383911,in,25,0400UMJ
40705383911,in,26,0400CLX
40705383911,in,27,0410MUT
40705383911,in,28,0400STL
40705383911,in,29,0410NAI
40705383911,in,30,0410DNR
40705383911,in,31,0410TMH
40705383911,in,32,0410HMZ
40705383911,in,33,0400TJR
40705383911,in,34,0410MKD
40705383911,in,35,0400UJR
40705383911,in,36,0410PST
40705383911,in,37,0412CAR
40705383911,in,38,0400MKG
40705383911,in,39,0400MZW
40705383911,in,40,0410KLL
40705383911,in,41,0410CST
40705383911,in,42,0412MTW
40705383911,in,43,term_38_39_temple_road
40705383911,in,44,term_38_39_bus_station
30101000311,out,0,0312NGR
30101000311,out,1,0301PST
30101000311,out,2,0301TOT
30101000311,out,3,0301NGE
30101000311,out,4,0301KAR
30101000311,out,5,0311KAR
30101000311,out,6,0301KDC
30101000311,out,7,0301AIZ
30101000311,out,8,0303GKM
30101000311,in,0,0303GKM
30101000311,in,1,0300ZWN
30101000311,in,2,0300KRE
30101000311,in,3,0300KAR
30101000311,in,4,0300NGE
30101000311,in,5,0300EQT
30101000311,in,6,0300PST
30101000311,in,7,0312NGR
70000000311,out,0,0702DCS
70000000311,out,1,0701DCR
70000000311,out,2,0701KJI
70000000311,out,3,0711SGO
70000000311,out,4,0711MLK
70000000311,out,5,0701BPP
70000000311,out,6,0701PBG
70000000311,out,7,0701REU
70000000311,out,8,0701NVI
70000000311,out,9,0701SJC
70000000311,out,10,0701NDW
70000000311,out,11,0701RSF
70000000311,out,12,0701GDB
70000000311,out,13,0711GTD
70000000311,out,14,0701SMR
70000000311,out,15,0701LRI
70000000311,out,16,0701THR
70000000311,out,17,0701WGT
70000000311,out,18,0703UTP
70000000311,in,0,0703UTP
70000000311,in,1,0700URB
70000000311,in,2,0700SJK
70000000311,in,3,0700IRI
70000000311,in,4,0700SMK
70000000311,in,5,0710GKI
70000000311,in,6,0700NDU
70000000311,in,7,0700SJL
70000000311,in,8,0700MUL
70000000311,in,9,0700EUI
70000000311,in,10,0700PBG
70000000311,in,11,0710DCD
70000000311,in,12,0700BPS
70000000311,in,13,0700MSK
70000000311,in,14,0710SIN
70000000311,in,15,0710KYJ
70000000311,in,16,0700DCT
70000000311,in,17,0700RIR
70000000311,in,18,0710KJS
70000000311,in,19,0700TBK
70000000311,in,20,0702KDC
21100004411,out,0,0212PPS
21100004411,out,1,0211KNJ
21100004411,out,2,0211NGR
21100004411,out,3,0211PIO
21100004411,out,4,0201PNG
21100004411,out,5,0211MTG
21100004411,out,6,0211NYS
21100004411,out,7,0211KCA
21100004411,out,8,0211DRV
21100004411,out,9,0201ALS
21100004411,out,10,0211ALS
21100004411,out,11,0201HML
21100004411,out,12,0211STD
21100004411,out,13,0201RYS
21100004411,out,14,0211RYS
21100004411,out,15,0201SUP
21100004411,out,16,0211ROY
21100004411,out,17,0201GSP
21100004411,out,18,0201BAS
21100004411,out,19,0211BAS
21100004411,out,20,0201CAR
21100004411,out,21,0201LSM
21100004411,out,22,0211CAR
21100004411,out,23,0201JAC
21100004411,out,24,0211JAC
21100004411,out,25,0201SKL
21100004411,out,26,0201KAR
21100004411,out,27,0201MHG
21100004411,out,28,0201WST
21100004411,out,29,0201KNL
21100004411,out,30,0213KHW
21100004411,in,0,0213KHW
21100004411,in,1,0210MAZ
21100004411,in,2,0200KMT
21100004411,in,3,0210JUN
21100004411,in,4,0210CON
21100004411,in,5,0200JAC
21100004411,in,6,0210MTO
21100004411,in,7,0200AFY
21100004411,in,8,0200GAK
21100004411,in,9,0210EDE
21100004411,in,10,0200CHF
21100004411,in,11,0200CAT
21100004411,in,12,0210GAS
21100004411,in,13,0200MTM
21100004411,in,14,0210MRM
21100004411,in,15,0210RYS
21100004411,in,16,0210STD
21100004411,in,17,0200STD
21100004411,in,18,0200HML
21100004411,in,19,0210ALS
21100004411,in,20,0210DRV
21100004411,in,21,0210KCA
21100004411,in,22,0210SUR
21100004411,in,23,0210MTG
21100004411,in,24,0210PNG
21100004411,in,25,0200GNK
21100004411,in,26,0210NGR
21100004411,in,27,0210FIG
21100004411,in,28,0210KNJ
21100004411,in,29,0212PPS
21100004421,out,0,0202RSB
21100004421,out,1,0201SUP
21100004421,out,2,0211ROY
21100004421,out,3,0201GSP
21100004421,out,4,0201BAS
21100004421,out,5,0211BAS
21100004421,out,6,0201CAR
21100004421,out,7,0201LSM
21100004421,out,8,0211CAR
21100004421,out,9,0201JAC
21100004421,out,10,0211JAC
21100004421,out,11,0201SKL
21100004421,out,12,0201KAR
21100004421,out,13,0201MHG
21100004421,out,14,0201WST
21100004421,out,15,0201KNL
21100004421,out,16,0213KHW
21100004421,in,0,0213KHW
21100004421,in,1,0210MAZ
21100004421,in,2,0200KMT
21100004421,in,3,0210JUN
21100004421,in,4,0210CON
21100004421,in,5,0200JAC
21100004421,in,6,0210MTO
21100004421,in,7,0200AFY
21100004421,in,8,0200GAK
21100004421,in,9,0210EDE
21100004421,in,10,0200CHF
21100004421,in,11,0200CAT
21100004421,in,12,0210GAS
21100004421,in,13,0200MTM
21100004421,in,14,0210MRM
21100004421,in,15,0202RSB
21100004412,out,0,0212PPS
21100004412,out,1,0211KNJ
21100004412,out,2,0211NGR
21100004412,out,3,0211PIO
21100004412,out,4,0201PNG
21100004412,out,5,0211MTG
21100004412,out,6,0211NYS
21100004412,out,7,0211KCA
21100004412,out,8,0211DRV
21100004412,out,9,0201ALS
21100004412,out,10,0211ALS
21100004412,out,11,0201HML
21100004412,out,12,0211STD
21100004412,out,13,0201RYS
21100004412,out,14,0211RYS
21100004412,out,15,0201SUP
21100004412,out,16,0211ROY
21100004412,out,17,0201GSP
21100004412,out,18,0201BAS
21100004412,out,19,0211BAS
21100004412,out,20,0201CAR
21100004412,out,21,0211CAR
21100004412,out,22,0213ZMD
21100004412,in,0,0213ZMD
21100004412,in,1,0200GAK
21100004412,in,2,0210EDE
21100004412,in,3,0200CHF
21100004412,in,4,0200CAT
21100004412,in,5,0210GAS
21100004412,in,6,0200MTM
21100004412,in,7,0210MRM
21100004412,in,8,0210RYS
21100004412,in,9,0210STD
21100004412,in,10,0200STD
21100004412,in,11,0200HML
21100004412,in,12,0210ALS
21100004412,in,13,0210DRV
21100004412,in,14,0210KCA
21100004412,in,15,0210SUR
21100004412,in,16,0210MTG
21100004412,in,17,0210PNG
21100004412,in,18,0200GNK
21100004412,in,19,0210NGR
21100004412,in,20,0210FIG
21100004412,in,21,0210KNJ
21100004412,in,22,0212PPS
20000004512,out,0,0212GHT
20000004512,out,1,0201KRK
20000004512,out,2,0201PNG
20000004512,out,3,0211MTG
20000004512,out,4,0211NYS
20000004512,out,5,0211KCA
20000004512,out,6,0211DRV
20000004512,out,7,0201ALS
20000004512,out,8,0211ALS
20000004512,out,9,0201HML
20000004512,out,10,0211STD
20000004512,out,11,0201RSB
20000004512,out,12,0213GHD
20000004512,in,0,0213GHD
20000004512,in,1,0210RSB
20000004512,in,2,0210STD
20000004512,in,3,0200STD
20000004512,in,4,0200HML
20000004512,in,5,0210ALS
20000004512,in,6,0210DRV
20000004512,in,7,0210KCA
20000004512,in,8,0210SUR
20000004512,in,9,0210MTG
20000004512,in,10,0210PNG
20000004512,in,11,0210KAR
20000004512,in,12,0212GHT
20000004511,out,0,0212KUS
20000004511,out,1,0211KNJ
20000004511,out,2,0211NGR
20000004511,out,3,0211PIO
20000004511,out,4,0201PNG
20000004511,out,5,0211MTG
20000004511,out,6,0211NYS
20000004511,out,7,0211KCA
20000004511,out,8,0211DRV
20000004511,out,9,0201ALS
20000004511,out,10,0211ALS
20000004511,out,11,0201HML
20000004511,out,12,0211STD
20000004511,out,13,0201RSB
20000004511,out,14,0201GIT
20000004511,out,15,0211GIT
20000004511,out,16,0201GIG
20000004511,out,17,0211KAH
20000004511,out,18,0211KRE
20000004511,out,19,0201KRE
20000004511,out,20,0213MKU
20000004511,in,0,0200KRE
20000004511,in,1,0210KRE
20000004511,in,2,0210KAH
20000004511,in,3,0200GIT
20000004511,in,4,0210GIT
20000004511,in,5,0210RSB
20000004511,in,6,0210STD
20000004511,in,7,0200STD
20000004511,in,8,0200HML
20000004511,in,9,0210ALS
20000004511,in,10,0210DRV
20000004511,in,11,0210KCA
20000004511,in,12,0210SUR
20000004511,in,13,0210MTG
20000004511,in,14,0210PNG
20000004511,in,15,0200GNK
20000004511,in,16,0210NGR
20000004511,in,17,0210FIG
20000004511,in,18,0210KNJ
20000004511,in,19,0212KUS
20000004513,out,0,0212GTP
20000004513,out,1,0201RIL
20000004513,out,2,0201RET
20000004513,out,3,0213PGG
20000004513,in,0,0213PGG
20000004513,in,1,0200RIL
20000004513,in,2,0212GTP
30000046B11,out,0,0212RNT
30000046B11,out,1,0201KRK
30000046B11,out,2,0311PGG
30000046B11,out,3,0301MBP
30000046B11,out,4,0301MLG
30000046B11,out,5,0301SNT
30000046B11,out,6,0301ALB
30000046B11,out,7,0301MAP
30000046B11,out,8,0301BHS
30000046B11,out,9,0311AGP
30000046B11,out,10,0311TEN
30000046B11,out,11,0311THY
30000046B11,out,12,0311CHF
30000046B11,out,13,0301BAS
30000046B11,out,14,0301FLT
30000046B11,out,15,0311JSG
30000046B11,out,16,0313RND
30000046B11,in,0,0313RND
30000046B11,in,1,0310FLT
30000046B11,in,2,0300BAS
30000046B11,in,3,0310CHF
30000046B11,in,4,0310TEN
30000046B11,in,5,0310FRC
30000046B11,in,6,0310JAY
30000046B11,in,7,0310SNT
30000046B11,in,8,0300MLG
30000046B11,in,9,0310PGG
30000046B11,in,10,0310PGP
30000046B11,in,11,0200GNK
30000046B11,in,12,0210NGR
30000046B11,in,13,0210FIG
30000046B11,in,14,0210KNJ
30000046B11,in,15,0212RNT
30000004611,out,0,0212HRT
30000004611,out,1,0201KRK
30000004611,out,2,0311PGG
30000004611,out,3,0301MBP
30000004611,out,4,0301MLG
30000004611,out,5,0301KMB
30000004611,out,6,0301SNT
30000004611,out,7,0301ALB
30000004611,out,8,0301MAP
30000004611,out,9,0301BHS
30000004611,out,10,0311AGP
30000004611,out,11,0311TEN
30000004611,out,12,0311THY
30000004611,out,13,0311CHF
30000004611,out,14,0301BAS
30000004611,out,15,0301FLT
30000004611,out,16,0313JST
30000004611,in,0,0313JST
30000004611,in,1,0310FLT
30000004611,in,2,0300BAS
30000004611,in,3,0310CHF
30000004611,in,4,0310TEN
30000004611,in,5,0310FRC
30000004611,in,6,0310JAY
30000004611,in,7,0310SNT
30000004611,in,8,0300MLG
30000004611,in,9,0310PGG
30000004611,in,10,0200GNK
30000004611,in,11,0210FIG
30000004611,in,12,0210KNJ
30000004611,in,13,0212HRT
60200004611,out,0,0412KNC
60200004611,out,1,0611GPO
60200004611,out,2,0611SRN
60200004611,out,3,0611VRP
60200004611,out,4,0611DOD
60200004611,out,5,0611HUR
60200004611,out,6,0601QUA
60200004611,out,7,0611CKA
60200004611,out,8,0611YAY
60200004611,out,9,0611KIL
60200004611,out,10,0601KIR
60200004611,out,11,0601MON
60200004611,out,12,0601ARC
60200004611,out,13,0601AMB
60200004611,out,14,0601BRB
60200004611,out,15,0601KON
60200004611,out,16,0601COA
60200004611,out,17,0603COP
60200004611,out,18,0611SOK
60200004611,out,19,0613MWI
60200004611,in,0,0613MWI
60200004611,in,1,0610SOK
60200004611,in,2,0600COP
60200004611,in,3,0600RUS
60200004611,in,4,0600BRB
60200004611,in,5,0600AMB
60200004611,in,6,0600ARC
60200004611,in,7,0600OTH
60200004611,in,8,0600MON
60200004611,in,9,0600KIR
60200004611,in,10,0600KIL
60200004611,in,11,0600YAY
60200004611,in,12,0600CHK
60200004611,in,13,0600VRP
60200004611,in,14,0610PNF
60200004611,in,15,0610SER
60200004611,in,16,0610GPO
60200004611,in,17,0610INM
60200004611,in,18,0412AMB
60000004611,out,0,0412KNC
60000004611,out,1,0611GPO
60000004611,out,2,0611SRN
60000004611,out,3,0601INT
60000004611,out,4,0611VRP
60000004611,out,5,0611DOD
60000004611,out,6,0611HUR
60000004611,out,7,0601QUA
60000004611,out,8,0611CKA
60000004611,out,9,0603YAY
60000004611,in,0,0603YAY
60000004611,in,1,0600CHK
60000004611,in,2,0610RMX
60000004611,in,3,0610NWH
60000004611,in,4,0610HUL
60000004611,in,5,0600DOD
60000004611,in,6,0600VRP
60000004611,in,7,0610PNF
60000004611,in,8,0610SER
60000004611,in,9,0610GPO
60000004611,in,10,0610INM
60000004611,in,11,0412AMB
80100048A11,out,0,0812ODE
80100048A11,out,1,0811MUS
80100048A11,out,2,0801HIR
80100048A11,out,3,0801CFY
80100048A11,out,4,0801PBN
80100048A11,out,5,0801IMP
80100048A11,out,6,0801RLN
80100048A11,out,7,0801RPD
80100048A11,out,8,0811STR
80100048A11,out,9,0801STU
80100048A11,out,10,0811SAV
80100048A11,out,11,0803LAV
80100048A11,in,0,0803LAV
80100048A11,in,1,0800ELM
80100048A11,in,2,0800STT
80100048A11,in,3,0800STR
80100048A11,in,4,0800GRP
80100048A11,in,5,0800RLN
80100048A11,in,6,0800IML
80100048A11,in,7,0800PBB
80100048A11,in,8,0800TAS
80100048A11,in,9,0800CFL
80100048A11,in,10,0800CHO
80100048A11,in,11,0800CHR
80100048A11,in,12,0800MUS
80100048A11,in,13,0810MCP
80100048A11,in,14,0812ODE
80101048B11,out,0,0812ODE
80101048B11,out,1,0811MUS
80101048B11,out,2,0801HIR
80101048B11,out,3,0801CFY
80101048B11,out,4,0801PBN
80101048B11,out,5,0811PBG
80101048B11,out,6,0811SAB
80101048B11,out,7,0801MWK
80101048B11,out,8,0801KAC
80101048B11,out,9,0801KAN
80101048B11,out,10,0801KIL
80101048B11,out,11,0801KPR
80101048B11,out,12,0801CPS
80101048B11,out,13,0801KNG
80101048B11,out,14,0811SYJ
80101048B11,out,15,0801LKN
80101048B11,out,16,0801PPC
80101048B11,out,17,0803MDM
80101048B11,out,18,0800ORS
80101048B11,in,0,0800ORS
80101048B11,in,1,0800MRI
80101048B11,in,2,0800MWG
80101048B11,in,3,0800JCR
80101048B11,in,4,0800KRN
80101048B11,in,5,0800OKC
80101048B11,in,6,0800PLP
80101048B11,in,7,0800MGJ
80101048B11,in,8,0810KPR
80101048B11,in,9,0810ARB
80101048B11,in,10,0800PBB
80101048B11,in,11,0800TAS
80101048B11,in,12,0800CFL
80101048B11,in,13,0800CHO
80101048B11,in,14,0800CHR
80101048B11,in,15,0800MUS
80101048B11,in,16,0810MCP
80101048B11,in,17,0812ODE
80200048C11,out,0,0812ODE
80200048C11,out,1,0811MUS
80200048C11,out,2,0801CHR
80200048C11,out,3,0801WPB
80200048C11,out,4,0811CSL
80200048C11,out,5,0801PMB
80200048C11,out,6,0811PBG
80200048C11,out,7,0811SAB
80200048C11,out,8,0801MWK
80200048C11,out,9,0801KGD
80200048C11,out,10,0811SYJ
80200048C11,out,11,0801LNI
80200048C11,out,12,0801DPR
80200048C11,out,13,0801LNN
80200048C11,out,14,0801YYA
80200048C11,in,0,0800YYA
80200048C11,in,1,0800SNN
80200048C11,in,2,0800LNN
80200048C11,in,3,0800DPT
80200048C11,in,4,0800VRJ
80200048C11,in,5,0810SYY
80200048C11,in,6,0800KNG
80200048C11,in,7,0800QPK
80200048C11,in,8,0800KKI
80200048C11,in,9,0810ARB
80200048C11,in,10,0800PMN
80200048C11,in,11,0800WPB
80200048C11,in,12,0810WST
80200048C11,in,13,0800EDS
80200048C11,in,14,0800CHR
80200048C11,in,15,0800MUS
80200048C11,in,16,0810MCP
80200048C11,in,17,0812ODE
80200004811,out,0,0812WST
80200004811,out,1,0801STM
80200004811,out,2,0801LIO
80200004811,out,3,0801BRK
80200004811,out,4,0801SAF
80200004811,out,5,0811AGA
80200004811,out,6,0811ABC
80200004811,out,7,0801ABE
80200004811,out,8,0801CBA
80200004811,out,9,0801MSO
80200004811,out,10,0801MGI
80200004811,out,11,0801SNT
80200004811,out,12,0811STR
80200004811,out,13,0801STU
80200004811,out,14,0811SAV
80200004811,out,15,0803LAV
80200004811,out,16,0801ACI
80200004811,out,17,0801COV
80200004811,out,18,0801JGG
80200004811,out,19,0601AMB
80200004811,out,20,0601BRB
80200004811,out,21,0601KON
80200004811,out,22,0601COA
80200004811,out,23,0603COP
80200004811,in,0,0600COP
80200004811,in,1,0600RUS
80200004811,in,2,0600BRB
80200004811,in,3,0600AMB
80200004811,in,4,0800JGG
80200004811,in,5,0800RRD
80200004811,in,6,0800COT
80200004811,in,7,0800COS
80200004811,in,8,0800IGL
80200004811,in,9,0800ELM
80200004811,in,10,0800STT
80200004811,in,11,0800STR
80200004811,in,12,0800STY
80200004811,in,13,0810MUR
80200004811,in,14,0800LRS
80200004811,in,15,0800BAC
80200004811,in,16,0810KAR
80200004811,in,17,0800KBB
80200004811,in,18,0800WDC
80200004811,in,19,0810WPS
80200004811,in,20,0810LIO
80200004811,in,21,0810STM
80200004811,in,22,0800GPR
80200004811,in,23,0812WST
80101004811,out,0,0812ODE
80101004811,out,1,0811MUS
80101004811,out,2,0801HIR
80101004811,out,3,0801CFY
80101004811,out,4,0801PBN
80101004811,out,5,0811PBG
80101004811,out,6,0811SAB
80101004811,out,7,0801MWK
80101004811,out,8,0801KAC
80101004811,out,9,0801KAN
80101004811,out,10,0801KIL
80101004811,out,11,0801KPR
80101004811,out,12,0801CPS
80101004811,out,13,0801BPA
80101004811,out,14,0801OLK
80101004811,out,15,0801DCR
80101004811,out,16,0801JCA
80101004811,out,17,0801MWG
80101004811,out,18,0801MNI
80101004811,out,19,0801MUG
80101004811,out,20,0803OYA
80101004811,in,0,0800ORS
80101004811,in,1,0800MRI
80101004811,in,2,0800MWG
80101004811,in,3,0800JCR
80101004811,in,4,0800KRN
80101004811,in,5,0800OKC
80101004811,in,6,0800PLP
80101004811,in,7,0800MGJ
80101004811,in,8,0810KPR
80101004811,in,9,0810ARB
80101004811,in,10,0800PBB
80101004811,in,11,0800TAS
80101004811,in,12,0800CFL
80101004811,in,13,0800CHO
80101004811,in,14,0810MCP
80101004811,in,15,0812ODE
70500004W11,out,0,0712RWY
70500004W11,out,1,0711NAT
70500004W11,out,2,0712KNT
70500004W11,out,3,0711MCP
70500004W11,out,4,0711UCN
70500004W11,out,5,0711NKP
70500004W11,out,6,0711MTL
70500004W11,out,7,0711AAD
70500004W11,out,8,0701PSA
70500004W11,out,9,0711PST
70500004W11,out,10,0711IMP
70500004W11,out,11,0711JKR
70500004W11,out,12,0711NKJ
70500004W11,out,13,0702DCS
70500004W11,out,14,0711VWO
70500004W11,out,15,0701SMH
70500004W11,out,16,0701FGK
70500004W11,out,17,0701ITE
70500004W11,out,18,0701GHS
70500004W11,out,19,0711WST
70500004W11,out,20,0701BPS
70500004W11,out,21,0701MTW
70500004W11,out,22,0701JCR
70500004W11,out,23,0701GNS
70500004W11,out,24,0701NGD
70500004W11,out,25,0701SAT
70500004W11,out,26,0701RSP
70500004W11,out,27,0701KPY
70500004W11,out,28,0701NSP
70500004W11,out,29,0701SBR
70500004W11,out,30,0701KRC
70500004W11,out,31,0701SJO
70500004W11,out,32,0701SHC
70500004W11,out,33,0703MHR
70500004W11,out,34,0700CKK
70500004W11,in,0,0700CKK
70500004W11,in,1,0703MHR
70500004W11,in,2,0700ABB
70500004W11,in,3,0700RCK
70500004W11,in,4,0700KMJ
70500004W11,in,5,0700KMH
70500004W11,in,6,0700FPI
70500004W11,in,7,0700FDI
70500004W11,in,8,0700RSP
70500004W11,in,9,0700BTG
70500004W11,in,10,0700STY
70500004W11,in,11,0700MMB
70500004W11,in,12,0700JER
70500004W11,in,13,0700MDA
70500004W11,in,14,0700JLD
70500004W11,in,15,0710WSE
70500004W11,in,16,0700GEH
70500004W11,in,17,0710FGP
70500004W11,in,18,0700REL
70500004W11,in,19,0710VIC
70500004W11,in,20,0710KJS
70500004W11,in,21,0700TBK
70500004W11,in,22,0702KDC
70500004W11,in,23,0710NKT
70500004W11,in,24,0710BBT
70500004W11,in,25,0710IMJ
70500004W11,in,26,0710POD
70500004W11,in,27,0710ADC
70500004W11,in,28,0710KRD
70500004W11,in,29,0710TTL
70500004W11,in,30,0700BMC
70500004W11,in,31,0710CCT
70500004W11,in,32,0710CME
70500004W11,in,33,0712KNH
70500004W11,in,34,0710NAQ
70500004W11,in,35,0710TNA
70500004W11,in,36,0700NHF
70500004W11,in,37,0510AGP
40200000601,out,0,0412CAR
40200000601,out,1,0411RIK
40200000601,out,2,0411JNV
40200000601,out,3,0401BFR
40200000601,out,4,0411BFR
40200000601,out,5,0411SNC
40200000601,out,6,0403JOS
40200000601,in,0,0403JOS
40200000601,in,1,0400SNC
40200000601,in,2,0400BFR
40200000601,in,3,0400JNV
40200000601,in,4,0410JNV
40200000601,in,5,0410RIK
40200000601,in,6,0412CAR
40301707111,out,0,0412MTH
40301707111,out,1,0411CST
40301707111,out,2,0411SMY
40301707111,out,3,0411MZW
40301707111,out,4,0401RKN
40301707111,out,5,0411CAR
40301707111,out,6,0401LKN
40301707111,out,7,0401KIE
40301707111,out,8,0401VWA
40301707111,out,9,0411HOM
40301707111,out,10,0401MAM
40301707111,out,11,0411MRB
40301707111,out,12,0401TUY
40301707111,out,13,0401SNI
40301707111,out,14,0401CRS
40301707111,out,15,0403DMS
40301707111,in,0,0403DMS
40301707111,in,1,0400KNP
40301707111,in,2,0400DNB
40301707111,in,3,0410DNB
40301707111,in,4,0400CRS
40301707111,in,5,0410SNI
40301707111,in,6,0400SNI
40301707111,in,7,0400TUY
40301707111,in,8,0400RPY
40301707111,in,9,0400ONA
40301707111,in,10,0410ONA
40301707111,in,11,0400PTC
40301707111,in,12,0410MRB
40301707111,in,13,0400MRB
40301707111,in,14,0400CWN
40301707111,in,15,0410BAT
40301707111,in,16,0400LKN
40301707111,in,17,0412CAR
40301707111,in,18,0400MKG
40301707111,in,19,0410KLL
40301707111,in,20,0410CST
40301707111,in,21,0412MTH
60101007C11,out,0,0412KNC
60101007C11,out,1,0611GPO
60101007C11,out,2,0611SRN
60101007C11,out,3,0611COM
60101007C11,out,4,0601OLL
60101007C11,out,5,0713KNS
60101007C11,in,0,0713KNS
60101007C11,in,1,07113AV
60101007C11,in,2,1050COM
60101007C11,in,3,0610SER
60101007C11,in,4,0610GPO
60101007C11,in,5,0610INM
60101007C11,in,6,0412AMB
