route_id,direction,sequence,lat,lon
70401000111,out,0,-1.320547,36.70583
70401000111,out,1,-1.314646,36.700974
70401000111,out,2,-1.31349,36.699959
70401000111,out,3,-1.31349,36.699959
70401000111,out,4,-1.311739,36.698589
70401000111,out,5,-1.30577,36.693638
70401000111,out,6,-1.304887,36.693001
70401000111,out,7,-1.302137,36.690826
70401000111,out,8,-1.301926,36.690395
70401000111,out,9,-1.301805,36.689846
70401000111,out,10,-1.30175,36.689243
70401000111,out,11,-1.301869,36.685642
70401000111,out,12,-1.301831,36.684959
70401000111,out,13,-1.301584,36.683769
70401000111,out,14,-1.301269,36.682835
70401000111,out,15,-1.30106,36.682507
70401000111,out,16,-1.300602,36.682076
70401000111,out,17,-1.300207,36.681877
70401000111,out,18,-1.299771,36.681778
70401000111,out,19,-1.299386,36.681744
70401000111,out,20,-1.299093,36.681786
70401000111,out,21,-1.297947,36.682224
70401000111,out,22,-1.296219,36.683037
70401000111,out,23,-1.295639,36.68325
70401000111,out,24,-1.290165,36.684395
70401000111,out,25,-1.289787,36.684605
70401000111,out,26,-1.289669,36.684727
70401000111,out,27,-1.289383,36.685143
70401000111,out,28,-1.289104,36.685684
70401000111,out,29,-1.288742,36.686108
70401000111,out,30,-1.288418,36.686253
70401000111,out,31,-1.287814,36.686325
70401000111,in,0,-1.287484,36.68642
70401000111,in,1,-1.2879,36.686306
70401000111,in,2,-1.288418,36.686253
70401000111,in,3,-1.288742,36.686108
70401000111,in,4,-1.289104,36.685684
70401000111,in,5,-1.289383,36.685143
70401000111,in,6,-1.289669,36.684727
70401000111,in,7,-1.289787,36.684605
70401000111,in,8,-1.290165,36.684395
70401000111,in,9,-1.295639,36.68325
70401000111,in,10,-1.296219,36.683037
70401000111,in,11,-1.297947,36.682224
70401000111,in,12,-1.299093,36.681786
70401000111,in,13,-1.299386,36.681744
70401000111,in,14,-1.299771,36.681778
70401000111,in,15,-1.300207,36.681877
70401000111,in,16,-1.300602,36.682076
70401000111,in,17,-1.30106,36.682507
70401000111,in,18,-1.301269,36.682835
70401000111,in,19,-1.301584,36.683769
70401000111,in,20,-1.301831,36.684959
70401000111,in,21,-1.301869,36.685642
70401000111,in,22,-1.30175,36.689243
70401000111,in,23,-1.301805,36.689846
70401000111,in,24,-1.301926,36.690395
70401000111,in,25,-1.302137,36.690826
70401000111,in,26,-1.304887,36.693001
70401000111,in,27,-1.30577,36.693638
70401000111,in,28,-1.311739,36.698589
70401000111,in,29,-1.31349,36.699959
70401000111,in,30,-1.314646,36.700974
70401000111,in,31,-1.321202,36.706383
70601000211,out,0,-1.29048,36.827999
70601000211,out,1,-1.291455,36.828468
70601000211,out,2,-1.291455,36.828468
70601000211,out,3,-1.291317,36.828754
70601000211,out,4,-1.289362,36.827744
70601000211,out,5,-1.289362,36.827744
70601000211,out,6,-1.289452,36.827572
70601000211,out,7,-1.289384,36.827415
70601000211,out,8,-1.292658,36.821053
70601000211,out,9,-1.292658,36.821053
70601000211,out,10,-1.292799,36.820705
70601000211,out,11,-1.292786,36.820633
70601000211,out,12,-1.292786,36.820633
70601000211,out,13,-1.292933,36.820477
70601000211,out,14,-1.292924,36.820343
70601000211,out,15,-1.292791,36.820175
70601000211,out,16,-1.293516,36.816353
70601000211,out,17,-1.29384,36.815079
70601000211,out,18,-1.294067,36.814663
70601000211,out,19,-1.294579,36.81432
70601000211,out,20,-1.294796,36.81403
70601000211,out,21,-1.295284,36.812653
70601000211,out,22,-1.29545,36.810959
70601000211,out,23,-1.295454,36.809624
70601000211,out,24,-1.295454,36.809624
70601000211,out,25,-1.296895,36.807384
70601000211,out,26,-1.297814,36.803425
70601000211,out,27,-1.298116,36.802998
70601000211,out,28,-1.297959,36.80241
70601000211,out,29,-1.298019,36.801781
70601000211,out,30,-1.298564,36.79932
70601000211,out,31,-1.299293,36.795574
70601000211,out,32,-1.300059,36.779697
70601000211,out,33,-1.300175,36.779663
70601000211,out,34,-1.300252,36.779526
70601000211,out,35,-1.300189,36.779381
70601000211,out,36,-1.300056,36.779324
70601000211,out,37,-1.300487,36.770927
70601000211,out,38,-1.300466,36.769653
70601000211,out,39,-1.300402,36.768932
70601000211,out,40,-1.299107,36.762836
70601000211,out,41,-1.299147,36.762356
70601000211,out,42,-1.299245,36.761997
70601000211,out,43,-1.299098,36.761089
70601000211,out,44,-1.299126,36.76062
70601000211,out,45,-1.299023,36.760509
70601000211,out,46,-1.298851,36.760483
70601000211,out,47,-1.298851,36.760483
70601000211,out,48,-1.298661,36.760406
70601000211,out,49,-1.298527,36.760227
70601000211,out,50,-1.29798,36.757702
70601000211,out,51,-1.297669,36.757084
70601000211,out,52,-1.297237,36.756676
70601000211,out,53,-1.295534,36.755699
70601000211,out,54,-1.295071,36.755348
70601000211,out,55,-1.294338,36.754581
70601000211,out,56,-1.293252,36.753262
70601000211,out,57,-1.292943,36.752506
70601000211,out,58,-1.291563,36.747562
70601000211,out,59,-1.291408,36.747257
70601000211,out,60,-1.285656,36.738945
70601000211,out,61,-1.285084,36.738266
70601000211,out,62,-1.284617,36.737885
70601000211,out,63,-1.284617,36.737885
70601000211,out,64,-1.284703,36.737568
70601000211,out,65,-1.284625,36.737072
70601000211,out,66,-1.28428,36.73621
70601000211,out,67,-1.283814,36.734753
70601000211,out,68,-1.283623,36.733597
70601000211,out,69,-1.283792,36.731895
70601000211,out,70,-1.28402,36.730385
70601000211,out,71,-1.284056,36.729889
70601000211,out,72,-1.284011,36.728981
70601000211,out,73,-1.283333,36.726727
70601000211,out,74,-1.282951,36.725666
70601000211,out,75,-1.282791,36.724926
70601000211,out,76,-1.282446,36.723854
70601000211,out,77,-1.281911,36.722271
70601000211,out,78,-1.28159,36.721512
70601000211,out,79,-1.281303,36.720478
70601000211,out,80,-1.280574,36.7187
70601000211,out,81,-1.280439,36.718433
70601000211,out,82,-1.280095,36.718014
70601000211,out,83,-1.279011,36.717136
70601000211,out,84,-1.2789,36.716957
70601000211,out,85,-1.278815,36.716557
70601000211,out,86,-1.278943,36.71479
70601000211,out,87,-1.279126,36.713749
70601000211,out,88,-1.279418,36.712772
70601000211,out,89,-1.279874,36.711628
70601000211,out,90,-1.280331,36.709686
70601000211,out,91,-1.28066,36.708813
70601000211,out,92,-1.280998,36.708248
70601000211,out,93,-1.281196,36.707733
70601000211,out,94,-1.281944,36.706375
70601000211,out,95,-1.282033,36.706017
70601000211,out,96,-1.282056,36.705658
70601000211,out,97,-1.281978,36.705143
70601000211,out,98,-1.281349,36.703831
70601000211,out,99,-1.281305,36.703312
70601000211,out,100,-1.281433,36.702461
70601000211,out,101,-1.281605,36.701912
70601000211,out,102,-1.282092,36.701015
70601000211,out,103,-1.282433,36.699875
70601000211,out,104,-1.282466,36.698994
70601000211,out,105,-1.28221,36.698166
70601000211,out,106,-1.281937,36.696499
70601000211,out,107,-1.281727,36.696075
70601000211,out,108,-1.281299,36.694935
70601000211,out,109,-1.280924,36.693546
70601000211,out,110,-1.280937,36.693367
70601000211,out,111,-1.281359,36.692566
70601000211,out,112,-1.281428,36.692261
70601000211,out,113,-1.281423,36.692032
70601000211,out,114,-1.28105,36.691273
70601000211,out,115,-1.280554,36.690643
70601000211,out,116,-1.280554,36.690643
70601000211,out,117,-1.280751,36.690453
70601000211,out,118,-1.280935,36.690376
70601000211,out,119,-1.281204,36.690357
70601000211,out,120,-1.281652,36.690407
70601000211,out,121,-1.282059,36.690361
70601000211,out,122,-1.283062,36.689529
70601000211,out,123,-1.286334,36.686878
70601000211,in,0,-1.285091,36.687469
70601000211,in,1,-1.283678,36.688969
70601000211,in,2,-1.282184,36.690296
70601000211,in,3,-1.281767,36.690407
70601000211,in,4,-1.280935,36.690376
70601000211,in,5,-1.280751,36.690453
70601000211,in,6,-1.280554,36.690643
70601000211,in,7,-1.280554,36.690643
70601000211,in,8,-1.28105,36.691273
70601000211,in,9,-1.281423,36.692032
70601000211,in,10,-1.281428,36.692261
70601000211,in,11,-1.281359,36.692566
70601000211,in,12,-1.280937,36.693367
70601000211,in,13,-1.280924,36.693546
70601000211,in,14,-1.281299,36.694935
70601000211,in,15,-1.281727,36.696075
70601000211,in,16,-1.281937,36.696499
70601000211,in,17,-1.28221,36.698166
70601000211,in,18,-1.282466,36.698994
70601000211,in,19,-1.282433,36.699875
70601000211,in,20,-1.282092,36.701015
70601000211,in,21,-1.281605,36.701912
70601000211,in,22,-1.281433,36.702461
70601000211,in,23,-1.281305,36.703312
70601000211,in,24,-1.281349,36.703831
70601000211,in,25,-1.281978,36.705143
70601000211,in,26,-1.282056,36.705658
70601000211,in,27,-1.282033,36.706017
70601000211,in,28,-1.281944,36.706375
70601000211,in,29,-1.281196,36.707733
70601000211,in,30,-1.280998,36.708248
70601000211,in,31,-1.28066,36.708813
70601000211,in,32,-1.280331,36.709686
70601000211,in,33,-1.279874,36.711628
70601000211,in,34,-1.279418,36.712772
70601000211,in,35,-1.279126,36.713749
70601000211,in,36,-1.278943,36.71479
70601000211,in,37,-1.278815,36.716557
70601000211,in,38,-1.2789,36.716957
70601000211,in,39,-1.279011,36.717136
70601000211,in,40,-1.280095,36.718014
70601000211,in,41,-1.280439,36.718433
70601000211,in,42,-1.280574,36.7187
70601000211,in,43,-1.281303,36.720478
70601000211,in,44,-1.28159,36.721512
70601000211,in,45,-1.281911,36.722271
70601000211,in,46,-1.282446,36.723854
70601000211,in,47,-1.282791,36.724926
70601000211,in,48,-1.282951,36.725666
70601000211,in,49,-1.283333,36.726727
70601000211,in,50,-1.284011,36.728981
70601000211,in,51,-1.284056,36.729889
70601000211,in,52,-1.28402,36.730385
70601000211,in,53,-1.283792,36.731895
70601000211,in,54,-1.283623,36.733597
70601000211,in,55,-1.283814,36.734753
70601000211,in,56,-1.28428,36.73621
70601000211,in,57,-1.284625,36.737072
70601000211,in,58,-1.284703,36.737568
70601000211,in,59,-1.284617,36.737885
70601000211,in,60,-1.284617,36.737885
70601000211,in,61,-1.285084,36.738266
70601000211,in,62,-1.285656,36.738945
70601000211,in,63,-1.291408,36.747257
70601000211,in,64,-1.291563,36.747562
70601000211,in,65,-1.293042,36.752827
70601000211,in,66,-1.293389,36.753471
70601000211,in,67,-1.294338,36.754581
70601000211,in,68,-1.295071,36.755348
70601000211,in,69,-1.295534,36.755699
70601000211,in,70,-1.297237,36.756676
70601000211,in,71,-1.297457,36.756847
70601000211,in,72,-1.297752,36.757206
70601000211,in,73,-1.297899,36.757477
70601000211,in,74,-1.298032,36.757896
70601000211,in,75,-1.298926,36.761898
70601000211,in,76,-1.298926,36.761898
70601000211,in,77,-1.300402,36.768932
70601000211,in,78,-1.300466,36.769653
70601000211,in,79,-1.300487,36.770927
70601000211,in,80,-1.300056,36.779324
70601000211,in,81,-1.299927,36.779385
70601000211,in,82,-1.299871,36.779491
70601000211,in,83,-1.299916,36.779629
70601000211,in,84,-1.300059,36.779697
70601000211,in,85,-1.299293,36.795574
70601000211,in,86,-1.298564,36.79932
70601000211,in,87,-1.298019,36.801781
70601000211,in,88,-1.297959,36.80241
70601000211,in,89,-1.297724,36.802944
70601000211,in,90,-1.297814,36.803425
70601000211,in,91,-1.296895,36.807384
70601000211,in,92,-1.29606,36.808739
70601000211,in,93,-1.294522,36.811047
70601000211,in,94,-1.293981,36.811653
70601000211,in,95,-1.293981,36.811653
70601000211,in,96,-1.293871,36.811867
70601000211,in,97,-1.293914,36.812008
70601000211,in,98,-1.29471,36.812206
70601000211,in,99,-1.29471,36.812206
70601000211,in,100,-1.295284,36.812653
70601000211,in,101,-1.295284,36.812653
70601000211,in,102,-1.295026,36.813469
70601000211,in,103,-1.294708,36.814175
70601000211,in,104,-1.294418,36.814461
70601000211,in,105,-1.294067,36.814663
70601000211,in,106,-1.293883,36.814941
70601000211,in,107,-1.293516,36.816353
70601000211,in,108,-1.292785,36.82021
70601000211,in,109,-1.292785,36.82021
70601000211,in,110,-1.292601,36.820232
70601000211,in,111,-1.292506,36.820347
70601000211,in,112,-1.292507,36.820503
70601000211,in,113,-1.29261,36.820618
70601000211,in,114,-1.292572,36.820938
70601000211,in,115,-1.291871,36.822311
70601000211,in,116,-1.291871,36.822311
70601000211,in,117,-1.291648,36.822472
70601000211,in,118,-1.290845,36.823971
70601000211,in,119,-1.290845,36.823971
70601000211,in,120,-1.290843,36.824295
70601000211,in,121,-1.290843,36.824295
70601000211,in,122,-1.289849,36.826336
70601000211,in,123,-1.289283,36.827343
70601000211,in,124,-1.289283,36.827343
70601000211,in,125,-1.289117,36.827339
70601000211,in,126,-1.288972,36.827473
70601000211,in,127,-1.288969,36.827637
70601000211,in,128,-1.289089,36.827763
70601000211,in,129,-1.289213,36.827789
70601000211,in,130,-1.289362,36.827744
70601000211,in,131,-1.289443,36.827614
70601000211,in,132,-1.289441,36.827499
70601000211,in,133,-1.290858,36.828182
70301000511,out,0,-1.285808,36.824539
70301000511,out,1,-1.285974,36.824184
70301000511,out,2,-1.285974,36.824184
70301000511,out,3,-1.285239,36.823895
70301000511,out,4,-1.285239,36.823895
70301000511,out,5,-1.285041,36.824314
70301000511,out,6,-1.285041,36.824314
70301000511,out,7,-1.284324,36.82346
70301000511,out,8,-1.283887,36.822845
70301000511,out,9,-1.283887,36.822845
70301000511,out,10,-1.286493,36.8176
70301000511,out,11,-1.286647,36.8176
70301000511,out,12,-1.28678,36.817478
70301000511,out,13,-1.286807,36.817371
70301000511,out,14,-1.286721,36.817169
70301000511,out,15,-1.286778,36.816936
70301000511,out,16,-1.289285,36.811935
70301000511,out,17,-1.289504,36.810772
70301000511,out,18,-1.289645,36.810368
70301000511,out,19,-1.289645,36.810368
70301000511,out,20,-1.291604,36.806801
70301000511,out,21,-1.29178,36.806377
70301000511,out,22,-1.293012,36.804024
70301000511,out,23,-1.293459,36.80323
70301000511,out,24,-1.293701,36.802956
70301000511,out,25,-1.293964,36.802784
70301000511,out,26,-1.294318,36.802658
70301000511,out,27,-1.294993,36.802532
70301000511,out,28,-1.295248,36.802608
70301000511,out,29,-1.295336,36.802574
70301000511,out,30,-1.295404,36.802471
70301000511,out,31,-1.297157,36.802704
70301000511,out,32,-1.297503,36.802822
70301000511,out,33,-1.297737,36.803047
70301000511,out,34,-1.297737,36.803047
70301000511,out,35,-1.297924,36.803139
70301000511,out,36,-1.298073,36.803082
70301000511,out,37,-1.298116,36.802998
70301000511,out,38,-1.297959,36.80241
70301000511,out,39,-1.298019,36.801781
70301000511,out,40,-1.298564,36.79932
70301000511,out,41,-1.299293,36.795574
70301000511,out,42,-1.300059,36.779697
70301000511,out,43,-1.300059,36.779697
70301000511,out,44,-1.300175,36.779663
70301000511,out,45,-1.300252,36.779526
70301000511,out,46,-1.303787,36.779675
70301000511,out,47,-1.303787,36.779675
70301000511,out,48,-1.303943,36.775883
70301000511,out,49,-1.303873,36.775452
70301000511,out,50,-1.303705,36.775055
70301000511,out,51,-1.303705,36.775055
70301000511,out,52,-1.305632,36.774235
70301000511,out,53,-1.305632,36.774235
70301000511,out,54,-1.305723,36.773876
70301000511,out,55,-1.305646,36.773567
70301000511,in,0,-1.304506,36.771271
70301000511,in,1,-1.304048,36.770241
70301000511,in,2,-1.304048,36.770241
70301000511,in,3,-1.303951,36.77
70301000511,in,4,-1.303974,36.768227
70301000511,in,5,-1.303893,36.767971
70301000511,in,6,-1.303734,36.767784
70301000511,in,7,-1.300611,36.766296
70301000511,in,8,-1.300307,36.766258
70301000511,in,9,-1.299874,36.766346
70301000511,in,10,-1.299874,36.766346
70301000511,in,11,-1.300402,36.768932
70301000511,in,12,-1.300466,36.769653
70301000511,in,13,-1.300487,36.770927
70301000511,in,14,-1.300056,36.779324
70301000511,in,15,-1.299927,36.779385
70301000511,in,16,-1.299871,36.779491
70301000511,in,17,-1.299916,36.779629
70301000511,in,18,-1.300059,36.779697
70301000511,in,19,-1.299633,36.78812
70301000511,in,20,-1.299633,36.78812
70301000511,in,21,-1.297946,36.788059
70301000511,in,22,-1.292256,36.787209
70301000511,in,23,-1.292256,36.787209
70301000511,in,24,-1.292387,36.78801
70301000511,in,25,-1.293654,36.793823
70301000511,in,26,-1.294883,36.798828
70301000511,in,27,-1.295122,36.800037
70301000511,in,28,-1.295127,36.800274
70301000511,in,29,-1.295053,36.800442
70301000511,in,30,-1.295107,36.800556
70301000511,in,31,-1.295207,36.800591
70301000511,in,32,-1.29525,36.800735
70301000511,in,33,-1.295251,36.802299
70301000511,in,34,-1.295251,36.802299
70301000511,in,35,-1.294944,36.80246
70301000511,in,36,-1.294068,36.802662
70301000511,in,37,-1.293722,36.802834
70301000511,in,38,-1.293408,36.803154
70301000511,in,39,-1.289896,36.80975
70301000511,in,40,-1.289612,36.810001
70301000511,in,41,-1.289475,36.810303
70301000511,in,42,-1.289475,36.810303
70301000511,in,43,-1.289192,36.811798
70301000511,in,44,-1.28904,36.81205
70301000511,in,45,-1.288684,36.812912
70301000511,in,46,-1.286663,36.816948
70301000511,in,47,-1.286569,36.817074
70301000511,in,48,-1.286395,36.817123
70301000511,in,49,-1.286307,36.817242
70301000511,in,50,-1.286302,36.817425
70301000511,in,51,-1.286349,36.817513
70301000511,in,52,-1.286024,36.818245
70301000511,in,53,-1.283786,36.82275
70301000511,in,54,-1.283786,36.82275
70301000511,in,55,-1.285041,36.824314
70301000511,in,56,-1.285041,36.824314
70301000511,in,57,-1.28483,36.824692
70301000511,in,58,-1.284673,36.825207
70301000511,in,59,-1.284673,36.825207
70301000511,in,60,-1.285253,36.825588
70301000511,in,61,-1.287706,36.826839
70301000511,in,62,-1.288953,36.827541
70301000511,in,63,-1.288953,36.827541
70301000511,in,64,-1.289028,36.827717
70301000511,in,65,-1.289213,36.827789
70301000511,in,66,-1.289373,36.827736
70301000511,in,67,-1.289452,36.827572
70301000511,in,68,-1.289418,36.827454
70301000511,in,69,-1.289312,36.827354
70301000511,in,70,-1.289166,36.827328
70301000511,in,71,-1.289015,36.827412
70301000511,in,72,-1.286556,36.82618
70301000511,in,73,-1.285333,36.825493
70301000511,in,74,-1.285333,36.825493
70301000511,in,75,-1.285808,36.824539
20702000611,out,0,-1.281734,36.822754
20702000611,out,1,-1.281648,36.822674
20702000611,out,2,-1.281648,36.822674
20702000611,out,3,-1.281392,36.822384
20702000611,out,4,-1.281093,36.822308
20702000611,out,5,-1.280954,36.822201
20702000611,out,6,-1.280369,36.821541
20702000611,out,7,-1.280192,36.821381
20702000611,out,8,-1.27993,36.821255
20702000611,out,9,-1.279516,36.821159
20702000611,out,10,-1.27801,36.821224
20702000611,out,11,-1.277696,36.821304
20702000611,out,12,-1.277454,36.821423
20702000611,out,13,-1.277327,36.821545
20702000611,out,14,-1.276722,36.822529
20702000611,out,15,-1.276513,36.822735
20702000611,out,16,-1.275368,36.823215
20702000611,out,17,-1.275368,36.823215
20702000611,out,18,-1.274631,36.824097
20702000611,out,19,-1.271894,36.827785
20702000611,out,20,-1.269016,36.832413
20702000611,out,21,-1.268624,36.832882
20702000611,out,22,-1.267015,36.834183
20702000611,out,23,-1.267015,36.834183
20702000611,out,24,-1.266994,36.834351
20702000611,out,25,-1.266994,36.834351
20702000611,out,26,-1.267053,36.834377
20702000611,out,27,-1.267211,36.834282
20702000611,out,28,-1.267211,36.834282
20702000611,out,29,-1.268785,36.833
20702000611,out,30,-1.269154,36.832592
20702000611,out,31,-1.269154,36.832592
20702000611,out,32,-1.269407,36.832722
20702000611,out,33,-1.269482,36.832848
20702000611,out,34,-1.27034,36.835999
20702000611,out,35,-1.270246,36.836643
20702000611,out,36,-1.270086,36.837494
20702000611,out,37,-1.270053,36.837639
20702000611,out,38,-1.268959,36.84193
20702000611,out,39,-1.267367,36.843693
20702000611,out,40,-1.267367,36.843693
20702000611,out,41,-1.26723,36.844017
20702000611,out,42,-1.266487,36.847763
20702000611,out,43,-1.266487,36.847763
20702000611,out,44,-1.272204,36.848953
20702000611,in,0,-1.272204,36.848953
20702000611,in,1,-1.266487,36.847763
20702000611,in,2,-1.266487,36.847763
20702000611,in,3,-1.26723,36.844017
20702000611,in,4,-1.267462,36.843559
20702000611,in,5,-1.268959,36.84193
20702000611,in,6,-1.270053,36.837639
20702000611,in,7,-1.270093,36.837456
20702000611,in,8,-1.27033,36.836273
20702000611,in,9,-1.27034,36.835999
20702000611,in,10,-1.269482,36.832848
20702000611,in,11,-1.269482,36.832848
20702000611,in,12,-1.26967,36.832802
20702000611,in,13,-1.26967,36.832802
20702000611,in,14,-1.269398,36.83263
20702000611,in,15,-1.269268,36.832428
20702000611,in,16,-1.269268,36.832428
20702000611,in,17,-1.269997,36.831249
20702000611,in,18,-1.269997,36.831249
20702000611,in,19,-1.27224,36.827644
20702000611,in,20,-1.27224,36.827644
20702000611,in,21,-1.274102,36.825138
20702000611,in,22,-1.274401,36.824615
20702000611,in,23,-1.275311,36.823521
20702000611,in,24,-1.275676,36.823257
20702000611,in,25,-1.276723,36.822781
20702000611,in,26,-1.277186,36.822029
20702000611,in,27,-1.277186,36.822029
20702000611,in,28,-1.277304,36.821709
20702000611,in,29,-1.277492,36.82151
20702000611,in,30,-1.277822,36.821342
20702000611,in,31,-1.279468,36.821247
20702000611,in,32,-1.27993,36.821365
20702000611,in,33,-1.280391,36.82164
20702000611,in,34,-1.281037,36.822353
20702000611,in,35,-1.281037,36.822353
20702000611,in,36,-1.281037,36.822613
20702000611,in,37,-1.281246,36.822887
20702000611,in,38,-1.281378,36.822975
20702000611,in,39,-1.281587,36.822884
20702000611,in,40,-1.2818,36.822948
20702000611,in,41,-1.28225,36.823502
20702000611,in,42,-1.28225,36.823502
20702000611,in,43,-1.282321,36.823444
20702000611,in,44,-1.281893,36.822899
30100000711,out,0,-1.284816,36.827015
30100000711,out,1,-1.284638,36.826923
30100000711,out,2,-1.284638,36.826923
30100000711,out,3,-1.283579,36.828979
30100000711,out,4,-1.283579,36.828979
30100000711,out,5,-1.284491,36.83033
30100000711,out,6,-1.284491,36.83033
30100000711,out,7,-1.284026,36.831249
30100000711,out,8,-1.284026,36.831249
30100000711,out,9,-1.281611,36.832012
30100000711,out,10,-1.281007,36.832161
30100000711,out,11,-1.281007,36.832161
30100000711,out,12,-1.280776,36.832001
30100000711,out,13,-1.280466,36.831978
30100000711,out,14,-1.280376,36.8321
30100000711,out,15,-1.280358,36.832321
30100000711,out,16,-1.280406,36.83242
30100000711,out,17,-1.279219,36.833508
30100000711,out,18,-1.278624,36.83379
30100000711,out,19,-1.277444,36.834007
30100000711,out,20,-1.276643,36.834415
30100000711,out,21,-1.276643,36.834415
30100000711,out,22,-1.276816,36.834625
30100000711,out,23,-1.276988,36.835007
30100000711,out,24,-1.276993,36.835224
30100000711,out,25,-1.276993,36.835224
30100000711,out,26,-1.27696,36.83535
30100000711,out,27,-1.277004,36.835449
30100000711,out,28,-1.277243,36.835518
30100000711,out,29,-1.277381,36.835423
30100000711,out,30,-1.27741,36.83522
30100000711,out,31,-1.277578,36.835087
30100000711,out,32,-1.277578,36.835087
30100000711,out,33,-1.277738,36.835163
30100000711,out,34,-1.281723,36.839653
30100000711,out,35,-1.284172,36.840542
30100000711,out,36,-1.284172,36.840542
30100000711,out,37,-1.284052,36.840824
30100000711,in,0,-1.284052,36.840824
30100000711,in,1,-1.284658,36.839489
30100000711,in,2,-1.284674,36.839188
30100000711,in,3,-1.284492,36.838818
30100000711,in,4,-1.284492,36.838818
30100000711,in,5,-1.285001,36.838165
30100000711,in,6,-1.285172,36.837639
30100000711,in,7,-1.285267,36.835682
30100000711,in,8,-1.285417,36.834347
30100000711,in,9,-1.285584,36.834087
30100000711,in,10,-1.285959,36.833958
30100000711,in,11,-1.286048,36.833733
30100000711,in,12,-1.286048,36.833733
30100000711,in,13,-1.28591,36.833187
30100000711,in,14,-1.285855,36.832546
30100000711,in,15,-1.285855,36.832546
30100000711,in,16,-1.285935,36.832409
30100000711,in,17,-1.285908,36.832226
30100000711,in,18,-1.285817,36.832134
30100000711,in,19,-1.28568,36.8321
30100000711,in,20,-1.285631,36.831917
30100000711,in,21,-1.285056,36.831036
30100000711,in,22,-1.28505,36.830959
30100000711,in,23,-1.28505,36.830959
30100000711,in,24,-1.286658,36.83046
30100000711,in,25,-1.286658,36.83046
30100000711,in,26,-1.286243,36.829288
30100000711,in,27,-1.285279,36.828804
30100000711,in,28,-1.285279,36.828804
30100000711,in,29,-1.284491,36.83033
30100000711,in,30,-1.284491,36.83033
30100000711,in,31,-1.283579,36.828979
30100000711,in,32,-1.283579,36.828979
30100000711,in,33,-1.28472,36.826759
70200000811,out,0,-1.29048,36.827999
70200000811,out,1,-1.291455,36.828468
70200000811,out,2,-1.291455,36.828468
70200000811,out,3,-1.291317,36.828754
70200000811,out,4,-1.289362,36.827744
70200000811,out,5,-1.289362,36.827744
70200000811,out,6,-1.289452,36.827572
70200000811,out,7,-1.289384,36.827415
70200000811,out,8,-1.292658,36.821053
70200000811,out,9,-1.292658,36.821053
70200000811,out,10,-1.292799,36.820705
70200000811,out,11,-1.292786,36.820633
70200000811,out,12,-1.292786,36.820633
70200000811,out,13,-1.292933,36.820477
70200000811,out,14,-1.292924,36.820343
70200000811,out,15,-1.292791,36.820175
70200000811,out,16,-1.293516,36.816353
70200000811,out,17,-1.29384,36.815079
70200000811,out,18,-1.294067,36.814663
70200000811,out,19,-1.294579,36.81432
70200000811,out,20,-1.294796,36.81403
70200000811,out,21,-1.295284,36.812653
70200000811,out,22,-1.29545,36.810959
70200000811,out,23,-1.295454,36.809624
70200000811,out,24,-1.295454,36.809624
70200000811,out,25,-1.296895,36.807384
70200000811,out,26,-1.297814,36.803425
70200000811,out,27,-1.298116,36.802998
70200000811,out,28,-1.297959,36.80241
70200000811,out,29,-1.298019,36.801781
70200000811,out,30,-1.298564,36.79932
70200000811,out,31,-1.299293,36.795574
70200000811,out,32,-1.299424,36.792686
70200000811,out,33,-1.299424,36.792686
70200000811,out,34,-1.300202,36.792732
70200000811,out,35,-1.300434,36.792831
70200000811,out,36,-1.301004,36.792877
70200000811,out,37,-1.301157,36.792809
70200000811,out,38,-1.301202,36.79266
70200000811,out,39,-1.30128,36.790939
70200000811,out,40,-1.301345,36.790665
70200000811,out,41,-1.303225,36.788494
70200000811,out,42,-1.303387,36.78817
70200000811,out,43,-1.303387,36.78817
70200000811,out,44,-1.303752,36.788174
70200000811,out,45,-1.305483,36.787685
70200000811,out,46,-1.305831,36.787518
70200000811,out,47,-1.306142,36.787205
70200000811,out,48,-1.306241,36.78698
70200000811,out,49,-1.306243,36.786713
70200000811,out,50,-1.305816,36.785427
70200000811,out,51,-1.305804,36.785225
70200000811,out,52,-1.305898,36.78476
70200000811,out,53,-1.306312,36.783878
70200000811,out,54,-1.306851,36.783043
70200000811,out,55,-1.307183,36.782654
70200000811,out,56,-1.308429,36.78157
70200000811,out,57,-1.308949,36.780869
70200000811,out,58,-1.310288,36.779892
70200000811,out,59,-1.311726,36.777946
70200000811,out,60,-1.311812,36.777554
70200000811,out,61,-1.311793,36.777321
70200000811,out,62,-1.311254,36.776543
70200000811,out,63,-1.311096,36.776096
70200000811,out,64,-1.311058,36.775784
70200000811,in,0,-1.311058,36.775784
70200000811,in,1,-1.311096,36.776096
70200000811,in,2,-1.311254,36.776543
70200000811,in,3,-1.311793,36.777321
70200000811,in,4,-1.311812,36.777554
70200000811,in,5,-1.311726,36.777946
70200000811,in,6,-1.310288,36.779892
70200000811,in,7,-1.308949,36.780869
70200000811,in,8,-1.308429,36.78157
70200000811,in,9,-1.307183,36.782654
70200000811,in,10,-1.306851,36.783043
70200000811,in,11,-1.306312,36.783878
70200000811,in,12,-1.305898,36.78476
70200000811,in,13,-1.305804,36.785225
70200000811,in,14,-1.305816,36.785427
70200000811,in,15,-1.306243,36.786713
70200000811,in,16,-1.306241,36.78698
70200000811,in,17,-1.306142,36.787205
70200000811,in,18,-1.305831,36.787518
70200000811,in,19,-1.305483,36.787685
70200000811,in,20,-1.303752,36.788174
70200000811,in,21,-1.303387,36.78817
70200000811,in,22,-1.303387,36.78817
70200000811,in,23,-1.30337,36.787712
70200000811,in,24,-1.30337,36.787712
70200000811,in,25,-1.299684,36.787476
70200000811,in,26,-1.299684,36.787476
70200000811,in,27,-1.299293,36.795574
70200000811,in,28,-1.298564,36.79932
70200000811,in,29,-1.298019,36.801781
70200000811,in,30,-1.297959,36.80241
70200000811,in,31,-1.297724,36.802944
70200000811,in,32,-1.297814,36.803425
70200000811,in,33,-1.297457,36.805069
70200000811,in,34,-1.296895,36.807384
70200000811,in,35,-1.29606,36.808739
70200000811,in,36,-1.294522,36.811047
70200000811,in,37,-1.293981,36.811653
70200000811,in,38,-1.293981,36.811653
70200000811,in,39,-1.293871,36.811867
70200000811,in,40,-1.293914,36.812008
70200000811,in,41,-1.29471,36.812206
70200000811,in,42,-1.29471,36.812206
70200000811,in,43,-1.295284,36.812653
70200000811,in,44,-1.295284,36.812653
70200000811,in,45,-1.295026,36.813469
70200000811,in,46,-1.294708,36.814175
70200000811,in,47,-1.294418,36.814461
70200000811,in,48,-1.294067,36.814663
70200000811,in,49,-1.293883,36.814941
70200000811,in,50,-1.293516,36.816353
70200000811,in,51,-1.292785,36.82021
70200000811,in,52,-1.292785,36.82021
70200000811,in,53,-1.292633,36.820217
70200000811,in,54,-1.292515,36.820328
70200000811,in,55,-1.2925,36.82048
70200000811,in,56,-1.29261,36.820618
70200000811,in,57,-1.292572,36.820938
70200000811,in,58,-1.290668,36.824635
70200000811,in,59,-1.289849,36.826336
70200000811,in,60,-1.289283,36.827343
70200000811,in,61,-1.289283,36.827343
70200000811,in,62,-1.289117,36.827339
70200000811,in,63,-1.288972,36.827473
70200000811,in,64,-1.288969,36.827637
70200000811,in,65,-1.289089,36.827763
70200000811,in,66,-1.289213,36.827789
70200000811,in,67,-1.289362,36.827744
70200000811,in,68,-1.289443,36.827614
70200000811,in,69,-1.289441,36.827499
70200000811,in,70,-1.29048,36.827999
40401001011,out,0,-1.288484,36.834244
40401001011,out,1,-1.288468,36.833927
40401001011,out,2,-1.288468,36.833927
40401001011,out,3,-1.288666,36.834171
40401001011,out,4,-1.288663,36.834846
40401001011,out,5,-1.288843,36.835907
40401001011,out,6,-1.289003,36.836361
40401001011,out,7,-1.289228,36.836796
40401001011,out,8,-1.290381,36.838093
40401001011,out,9,-1.290918,36.838863
40401001011,out,10,-1.291386,36.839375
40401001011,out,11,-1.291736,36.840755
40401001011,out,12,-1.291736,36.840755
40401001011,out,13,-1.291548,36.840862
40401001011,out,14,-1.291495,36.841095
40401001011,out,15,-1.291564,36.841232
40401001011,out,16,-1.291714,36.841328
40401001011,out,17,-1.291892,36.841541
40401001011,out,18,-1.291999,36.841782
40401001011,out,19,-1.293454,36.848656
40401001011,out,20,-1.294088,36.851238
40401001011,out,21,-1.2941,36.852112
40401001011,out,22,-1.294497,36.852978
40401001011,out,23,-1.294927,36.854965
40401001011,out,24,-1.294982,36.855766
40401001011,out,25,-1.295235,36.856407
40401001011,out,26,-1.296394,36.862068
40401001011,out,27,-1.296394,36.862068
40401001011,out,28,-1.293894,36.862564
40401001011,out,29,-1.29334,36.86261
40401001011,out,30,-1.29334,36.86261
40401001011,out,31,-1.293323,36.863529
40401001011,out,32,-1.293429,36.864777
40401001011,out,33,-1.293226,36.86528
40401001011,out,34,-1.293065,36.865936
40401001011,out,35,-1.293167,36.868019
40401001011,out,36,-1.293167,36.868019
40401001011,out,37,-1.292187,36.868084
40401001011,out,38,-1.292187,36.868084
40401001011,out,39,-1.292311,36.870125
40401001011,out,40,-1.292189,36.870831
40401001011,out,41,-1.290621,36.873753
40401001011,in,0,-1.290621,36.873753
40401001011,in,1,-1.292189,36.870831
40401001011,in,2,-1.292311,36.870125
40401001011,in,3,-1.292187,36.868084
40401001011,in,4,-1.292187,36.868084
40401001011,in,5,-1.293167,36.868019
40401001011,in,6,-1.293167,36.868019
40401001011,in,7,-1.293065,36.865936
40401001011,in,8,-1.293226,36.86528
40401001011,in,9,-1.293429,36.864777
40401001011,in,10,-1.293323,36.863529
40401001011,in,11,-1.29334,36.86261
40401001011,in,12,-1.29334,36.86261
40401001011,in,13,-1.293894,36.862564
40401001011,in,14,-1.296394,36.862068
40401001011,in,15,-1.296394,36.862068
40401001011,in,16,-1.296591,36.863041
40401001011,in,17,-1.296729,36.862934
40401001011,in,18,-1.295384,36.856445
40401001011,in,19,-1.295309,36.855488
40401001011,in,20,-1.295162,36.855198
40401001011,in,21,-1.294322,36.851715
40401001011,in,22,-1.294295,36.851349
40401001011,in,23,-1.292142,36.841774
40401001011,in,24,-1.292119,36.841454
40401001011,in,25,-1.292194,36.841251
40401001011,in,26,-1.292194,36.841251
40401001011,in,27,-1.292304,36.841057
40401001011,in,28,-1.292255,36.840885
40401001011,in,29,-1.292022,36.840733
40401001011,in,30,-1.291736,36.840755
40401001011,in,31,-1.291386,36.839375
40401001011,in,32,-1.290918,36.838863
40401001011,in,33,-1.290381,36.838093
40401001011,in,34,-1.289228,36.836796
40401001011,in,35,-1.289122,36.836601
40401001011,in,36,-1.288843,36.835907
40401001011,in,37,-1.288663,36.834846
40401001011,in,38,-1.288666,36.834171
40401001011,in,39,-1.288468,36.833927
40401001011,in,40,-1.288468,36.833927
40401001011,in,41,-1.288378,36.833698
50100001111,out,0,-1.287486,36.8284
50100001111,out,1,-1.287778,36.827766
50100001111,out,2,-1.287778,36.827766
50100001111,out,3,-1.288712,36.828175
50100001111,out,4,-1.288712,36.828175
50100001111,out,5,-1.288673,36.828384
50100001111,out,6,-1.287799,36.830124
50100001111,out,7,-1.287799,36.830124
50100001111,out,8,-1.28763,36.830193
50100001111,out,9,-1.28767,36.830349
50100001111,out,10,-1.287796,36.830353
50100001111,out,11,-1.287861,36.830292
50100001111,out,12,-1.28916,36.827785
50100001111,out,13,-1.289316,36.82777
50100001111,out,14,-1.289415,36.827679
50100001111,out,15,-1.289451,36.827541
50100001111,out,16,-1.289384,36.827415
50100001111,out,17,-1.292658,36.821053
50100001111,out,18,-1.292658,36.821053
50100001111,out,19,-1.2929,36.820774
50100001111,out,20,-1.293391,36.820885
50100001111,out,21,-1.298268,36.823799
50100001111,out,22,-1.298751,36.823997
50100001111,out,23,-1.299475,36.824184
50100001111,out,24,-1.299656,36.824295
50100001111,out,25,-1.299656,36.824295
50100001111,out,26,-1.299752,36.824406
50100001111,out,27,-1.299571,36.824814
50100001111,out,28,-1.299085,36.826675
50100001111,out,29,-1.298031,36.828934
50100001111,out,30,-1.298031,36.828934
50100001111,out,31,-1.297898,36.82893
50100001111,out,32,-1.29783,36.828995
50100001111,out,33,-1.297866,36.829174
50100001111,out,34,-1.297992,36.829205
50100001111,out,35,-1.298095,36.829136
50100001111,out,36,-1.302282,36.831284
50100001111,out,37,-1.302282,36.831284
50100001111,out,38,-1.302272,36.831398
50100001111,out,39,-1.302341,36.831478
50100001111,out,40,-1.302459,36.831486
50100001111,out,41,-1.302542,36.831409
50100001111,out,42,-1.305223,36.832775
50100001111,out,43,-1.305223,36.832775
50100001111,out,44,-1.306842,36.833244
50100001111,out,45,-1.308114,36.833717
50100001111,out,46,-1.308552,36.833759
50100001111,out,47,-1.310727,36.833752
50100001111,out,48,-1.310727,36.833752
50100001111,out,49,-1.310738,36.83699
50100001111,out,50,-1.310698,36.837162
50100001111,out,51,-1.310424,36.837425
50100001111,out,52,-1.310424,36.837425
50100001111,out,53,-1.31134,36.838314
50100001111,out,54,-1.31134,36.838314
50100001111,out,55,-1.315768,36.838264
50100001111,out,56,-1.317129,36.838673
50100001111,out,57,-1.317493,36.838734
50100001111,out,58,-1.318322,36.838631
50100001111,out,59,-1.318322,36.838631
50100001111,out,60,-1.318393,36.838898
50100001111,out,61,-1.31837,36.839169
50100001111,out,62,-1.318821,36.840057
50100001111,out,63,-1.318851,36.840485
50100001111,out,64,-1.318725,36.840973
50100001111,out,65,-1.318725,36.840973
50100001111,out,66,-1.319759,36.841461
50100001111,out,67,-1.319829,36.841534
50100001111,out,68,-1.319841,36.841633
50100001111,out,69,-1.319297,36.843369
50100001111,out,70,-1.318662,36.844097
50100001111,out,71,-1.318286,36.845959
50100001111,out,72,-1.317953,36.847076
50100001111,out,73,-1.317809,36.847313
50100001111,out,74,-1.317382,36.847786
50100001111,out,75,-1.317103,36.848045
50100001111,out,76,-1.316831,36.848217
50100001111,out,77,-1.316263,36.848423
50100001111,out,78,-1.315186,36.848454
50100001111,in,0,-1.315633,36.848446
50100001111,in,1,-1.316427,36.848389
50100001111,in,2,-1.316967,36.848137
50100001111,in,3,-1.317382,36.847786
50100001111,in,4,-1.317809,36.847313
50100001111,in,5,-1.317953,36.847076
50100001111,in,6,-1.318286,36.845959
50100001111,in,7,-1.318662,36.844097
50100001111,in,8,-1.319297,36.843369
50100001111,in,9,-1.319841,36.841633
50100001111,in,10,-1.319829,36.841534
50100001111,in,11,-1.319759,36.841461
50100001111,in,12,-1.318725,36.840973
50100001111,in,13,-1.318725,36.840973
50100001111,in,14,-1.318851,36.840485
50100001111,in,15,-1.318821,36.840057
50100001111,in,16,-1.31837,36.839169
50100001111,in,17,-1.318393,36.838898
50100001111,in,18,-1.318322,36.838631
50100001111,in,19,-1.318322,36.838631
50100001111,in,20,-1.317493,36.838734
50100001111,in,21,-1.317129,36.838673
50100001111,in,22,-1.315768,36.838264
50100001111,in,23,-1.31134,36.838314
50100001111,in,24,-1.31134,36.838314
50100001111,in,25,-1.310424,36.837425
50100001111,in,26,-1.310424,36.837425
50100001111,in,27,-1.310698,36.837162
50100001111,in,28,-1.310738,36.83699
50100001111,in,29,-1.310727,36.833752
50100001111,in,30,-1.310727,36.833752
50100001111,in,31,-1.308552,36.833759
50100001111,in,32,-1.308114,36.833717
50100001111,in,33,-1.306842,36.833244
50100001111,in,34,-1.305223,36.832775
50100001111,in,35,-1.305223,36.832775
50100001111,in,36,-1.302542,36.831409
50100001111,in,37,-1.302542,36.831409
50100001111,in,38,-1.302547,36.83131
50100001111,in,39,-1.302472,36.831215
50100001111,in,40,-1.302343,36.831219
50100001111,in,41,-1.302282,36.831284
50100001111,in,42,-1.302076,36.831192
50100001111,in,43,-1.298095,36.829136
50100001111,in,44,-1.298095,36.829136
50100001111,in,45,-1.2981,36.829018
50100001111,in,46,-1.298031,36.828934
50100001111,in,47,-1.299085,36.826675
50100001111,in,48,-1.299571,36.824814
50100001111,in,49,-1.299752,36.824406
50100001111,in,50,-1.299752,36.824406
50100001111,in,51,-1.29996,36.824451
50100001111,in,52,-1.300131,36.824345
50100001111,in,53,-1.300184,36.824131
50100001111,in,54,-1.300073,36.823952
50100001111,in,55,-1.299913,36.823898
50100001111,in,56,-1.299698,36.823997
50100001111,in,57,-1.299514,36.824013
50100001111,in,58,-1.299011,36.823898
50100001111,in,59,-1.298395,36.823658
50100001111,in,60,-1.292938,36.820431
50100001111,in,61,-1.292938,36.820431
50100001111,in,62,-1.292904,36.820305
50100001111,in,63,-1.292785,36.82021
50100001111,in,64,-1.292633,36.820217
50100001111,in,65,-1.292515,36.820328
50100001111,in,66,-1.2925,36.82048
50100001111,in,67,-1.29261,36.820618
50100001111,in,68,-1.292572,36.820938
50100001111,in,69,-1.289558,36.8269
50100001111,in,70,-1.289283,36.827343
50100001111,in,71,-1.289117,36.827339
50100001111,in,72,-1.28898,36.827457
50100001111,in,73,-1.288953,36.827564
50100001111,in,74,-1.288996,36.827679
50100001111,in,75,-1.288712,36.828175
50100001111,in,76,-1.288673,36.828384
50100001111,in,77,-1.288415,36.828892
50100001111,in,78,-1.288415,36.828892
50100001111,in,79,-1.287486,36.8284
50100001111,in,80,-1.287486,36.8284
50100001111,in,81,-1.286868,36.829426
50100001111,in,82,-1.286464,36.829575
30800001411,out,0,-1.284061,36.831181
30800001411,out,1,-1.284026,36.831249
30800001411,out,2,-1.284026,36.831249
30800001411,out,3,-1.281611,36.832012
30800001411,out,4,-1.281007,36.832161
30800001411,out,5,-1.281007,36.832161
30800001411,out,6,-1.280776,36.832001
30800001411,out,7,-1.280466,36.831978
30800001411,out,8,-1.280376,36.8321
30800001411,out,9,-1.280358,36.832321
30800001411,out,10,-1.280406,36.83242
30800001411,out,11,-1.279219,36.833508
30800001411,out,12,-1.278877,36.833698
30800001411,out,13,-1.278355,36.833862
30800001411,out,14,-1.277444,36.834007
30800001411,out,15,-1.27579,36.834785
30800001411,out,16,-1.273206,36.835724
30800001411,out,17,-1.271,36.836628
30800001411,out,18,-1.270184,36.836914
30800001411,out,19,-1.270184,36.836914
30800001411,out,20,-1.27007,36.837566
30800001411,out,21,-1.270053,36.837639
30800001411,out,22,-1.268959,36.84193
30800001411,out,23,-1.267462,36.843559
30800001411,out,24,-1.26723,36.844017
30800001411,out,25,-1.265946,36.85043
30800001411,out,26,-1.265886,36.858452
30800001411,out,27,-1.265774,36.858791
30800001411,out,28,-1.265612,36.859039
30800001411,out,29,-1.264907,36.859509
30800001411,out,30,-1.264515,36.85984
30800001411,out,31,-1.264238,36.860188
30800001411,out,32,-1.264043,36.86055
30800001411,out,33,-1.263819,36.861179
30800001411,out,34,-1.26161,36.868938
30800001411,out,35,-1.261453,36.869598
30800001411,out,36,-1.261441,36.869965
30800001411,out,37,-1.261944,36.87326
30800001411,out,38,-1.261986,36.874027
30800001411,out,39,-1.257667,36.874279
30800001411,out,40,-1.257667,36.874279
30800001411,out,41,-1.25727,36.875084
30800001411,out,42,-1.255571,36.878086
30800001411,out,43,-1.25528,36.878735
30800001411,in,0,-1.25528,36.878735
30800001411,in,1,-1.255571,36.878086
30800001411,in,2,-1.25727,36.875084
30800001411,in,3,-1.257667,36.874279
30800001411,in,4,-1.257667,36.874279
30800001411,in,5,-1.261986,36.874027
30800001411,in,6,-1.261944,36.87326
30800001411,in,7,-1.261441,36.869965
30800001411,in,8,-1.261453,36.869598
30800001411,in,9,-1.26161,36.868938
30800001411,in,10,-1.263819,36.861179
30800001411,in,11,-1.264043,36.86055
30800001411,in,12,-1.264238,36.860188
30800001411,in,13,-1.264515,36.85984
30800001411,in,14,-1.264907,36.859509
30800001411,in,15,-1.265612,36.859039
30800001411,in,16,-1.265774,36.858791
30800001411,in,17,-1.265886,36.858452
30800001411,in,18,-1.265946,36.85043
30800001411,in,19,-1.26723,36.844017
30800001411,in,20,-1.267462,36.843559
30800001411,in,21,-1.268959,36.84193
30800001411,in,22,-1.270053,36.837639
30800001411,in,23,-1.27007,36.837566
30800001411,in,24,-1.270184,36.836914
30800001411,in,25,-1.270184,36.836914
30800001411,in,26,-1.271,36.836628
30800001411,in,27,-1.273206,36.835724
30800001411,in,28,-1.27579,36.834785
30800001411,in,29,-1.277444,36.834007
30800001411,in,30,-1.278355,36.833862
30800001411,in,31,-1.278355,36.833862
30800001411,in,32,-1.278515,36.834045
30800001411,in,33,-1.278588,36.834267
30800001411,in,34,-1.279459,36.833458
30800001411,in,35,-1.279459,36.833458
30800001411,in,36,-1.279503,36.83337
30800001411,in,37,-1.280622,36.832493
30800001411,in,38,-1.280622,36.832493
30800001411,in,39,-1.280815,36.8325
30800001411,in,40,-1.280954,36.832439
30800001411,in,41,-1.281011,36.832355
30800001411,in,42,-1.281007,36.832161
30800001411,in,43,-1.286658,36.83046
30800001411,in,44,-1.286658,36.83046
30800001411,in,45,-1.286243,36.829288
30800001411,in,46,-1.285279,36.828804
30800001411,in,47,-1.285279,36.828804
30800001411,in,48,-1.284061,36.831181
50204001511,out,0,-1.287672,36.828499
50204001511,out,1,-1.287486,36.8284
50204001511,out,2,-1.287486,36.8284
50204001511,out,3,-1.287778,36.827766
50204001511,out,4,-1.287778,36.827766
50204001511,out,5,-1.288712,36.828175
50204001511,out,6,-1.288712,36.828175
50204001511,out,7,-1.288673,36.828384
50204001511,out,8,-1.287799,36.830124
50204001511,out,9,-1.287799,36.830124
50204001511,out,10,-1.28763,36.830193
50204001511,out,11,-1.28767,36.830349
50204001511,out,12,-1.287796,36.830353
50204001511,out,13,-1.287861,36.830292
50204001511,out,14,-1.28916,36.827785
50204001511,out,15,-1.289316,36.82777
50204001511,out,16,-1.289415,36.827679
50204001511,out,17,-1.289451,36.827541
50204001511,out,18,-1.289384,36.827415
50204001511,out,19,-1.292658,36.821053
50204001511,out,20,-1.292658,36.821053
50204001511,out,21,-1.2929,36.820774
50204001511,out,22,-1.293391,36.820885
50204001511,out,23,-1.298268,36.823799
50204001511,out,24,-1.298751,36.823997
50204001511,out,25,-1.299475,36.824184
50204001511,out,26,-1.299824,36.824444
50204001511,out,27,-1.300055,36.824409
50204001511,out,28,-1.300322,36.824448
50204001511,out,29,-1.30445,36.826389
50204001511,out,30,-1.304667,36.826561
50204001511,out,31,-1.304667,36.826561
50204001511,out,32,-1.304719,36.826706
50204001511,out,33,-1.304885,36.826782
50204001511,out,34,-1.305107,36.826725
50204001511,out,35,-1.305217,36.826557
50204001511,out,36,-1.305178,36.826389
50204001511,out,37,-1.305438,36.825676
50204001511,out,38,-1.305785,36.823059
50204001511,out,39,-1.306024,36.821957
50204001511,out,40,-1.306469,36.820469
50204001511,out,41,-1.306673,36.82016
50204001511,out,42,-1.306837,36.820004
50204001511,out,43,-1.307181,36.81992
50204001511,out,44,-1.307268,36.819798
50204001511,out,45,-1.307274,36.819641
50204001511,out,46,-1.308698,36.819004
50204001511,out,47,-1.30897,36.818836
50204001511,out,48,-1.312507,36.816032
50204001511,out,49,-1.312728,36.816048
50204001511,out,50,-1.312823,36.815956
50204001511,out,51,-1.314934,36.814911
50204001511,out,52,-1.315671,36.814442
50204001511,out,53,-1.318177,36.811832
50204001511,out,54,-1.321586,36.808517
50204001511,out,55,-1.32186,36.808186
50204001511,out,56,-1.322168,36.807625
50204001511,out,57,-1.322409,36.806751
50204001511,out,58,-1.322758,36.80489
50204001511,out,59,-1.323116,36.802582
50204001511,out,60,-1.324165,36.797428
50204001511,out,61,-1.324313,36.796982
50204001511,out,62,-1.324729,36.796154
50204001511,out,63,-1.328392,36.789825
50204001511,out,64,-1.332943,36.781677
50204001511,out,65,-1.332943,36.781677
50204001511,out,66,-1.33054,36.780457
50204001511,out,67,-1.329676,36.780163
50204001511,out,68,-1.328789,36.780048
50204001511,out,69,-1.328165,36.780029
50204001511,out,70,-1.32722,36.780148
50204001511,out,71,-1.326451,36.780331
50204001511,out,72,-1.326308,36.780308
50204001511,out,73,-1.326079,36.780041
50204001511,out,74,-1.325846,36.779976
50204001511,out,75,-1.323448,36.779972
50204001511,out,76,-1.323448,36.779972
50204001511,out,77,-1.323442,36.778595
50204001511,out,78,-1.323442,36.778595
50204001511,out,79,-1.323251,36.778564
50204001511,out,80,-1.323251,36.778564
50204001511,out,81,-1.323251,36.777313
50204001511,out,82,-1.3234,36.776993
50204001511,out,83,-1.3234,36.776993
50204001511,out,84,-1.32307,36.776806
50204001511,out,85,-1.32307,36.776806
50204001511,out,86,-1.323104,36.776585
50204001511,out,87,-1.323011,36.776405
50204001511,out,88,-1.32192,36.776028
50204001511,out,89,-1.321699,36.775818
50204001511,out,90,-1.32166,36.77552
50204001511,out,91,-1.321824,36.774303
50204001511,in,0,-1.321824,36.774303
50204001511,in,1,-1.32166,36.77552
50204001511,in,2,-1.321699,36.775818
50204001511,in,3,-1.32192,36.776028
50204001511,in,4,-1.323011,36.776405
50204001511,in,5,-1.323104,36.776585
50204001511,in,6,-1.32307,36.776806
50204001511,in,7,-1.32307,36.776806
50204001511,in,8,-1.3234,36.776993
50204001511,in,9,-1.3234,36.776993
50204001511,in,10,-1.323251,36.777313
50204001511,in,11,-1.323251,36.778564
50204001511,in,12,-1.323251,36.778564
50204001511,in,13,-1.323442,36.778595
50204001511,in,14,-1.323442,36.778595
50204001511,in,15,-1.323448,36.779972
50204001511,in,16,-1.323448,36.779972
50204001511,in,17,-1.325846,36.779976
50204001511,in,18,-1.326079,36.780041
50204001511,in,19,-1.326308,36.780308
50204001511,in,20,-1.326451,36.780331
50204001511,in,21,-1.327825,36.78006
50204001511,in,22,-1.328789,36.780048
50204001511,in,23,-1.329776,36.780186
50204001511,in,24,-1.330558,36.780464
50204001511,in,25,-1.330558,36.780464
50204001511,in,26,-1.329065,36.78339
50204001511,in,27,-1.328743,36.783928
50204001511,in,28,-1.328045,36.784832
50204001511,in,29,-1.327515,36.785175
50204001511,in,30,-1.326808,36.785328
50204001511,in,31,-1.325409,36.785419
50204001511,in,32,-1.324768,36.785629
50204001511,in,33,-1.324363,36.785831
50204001511,in,34,-1.324012,36.78606
50204001511,in,35,-1.323045,36.786896
50204001511,in,36,-1.322356,36.787529
50204001511,in,37,-1.322165,36.787819
50204001511,in,38,-1.322152,36.788074
50204001511,in,39,-1.322236,36.788273
50204001511,in,40,-1.323572,36.789856
50204001511,in,41,-1.325025,36.79052
50204001511,in,42,-1.325887,36.790546
50204001511,in,43,-1.325977,36.790504
50204001511,in,44,-1.326756,36.789745
50204001511,in,45,-1.327303,36.78886
50204001511,in,46,-1.327303,36.78886
50204001511,in,47,-1.32829,36.789375
50204001511,in,48,-1.32829,36.789375
50204001511,in,49,-1.327843,36.790405
50204001511,in,50,-1.327388,36.791267
50204001511,in,51,-1.324728,36.795887
50204001511,in,52,-1.324156,36.796955
50204001511,in,53,-1.32403,36.797291
50204001511,in,54,-1.322819,36.803223
50204001511,in,55,-1.322608,36.805187
50204001511,in,56,-1.322236,36.807018
50204001511,in,57,-1.322058,36.807575
50204001511,in,58,-1.321724,36.808147
50204001511,in,59,-1.319649,36.810253
50204001511,in,60,-1.316997,36.812836
50204001511,in,61,-1.315587,36.81432
50204001511,in,62,-1.314919,36.814751
50204001511,in,63,-1.313031,36.815651
50204001511,in,64,-1.312788,36.815693
50204001511,in,65,-1.312615,36.815628
50204001511,in,66,-1.312496,36.815674
50204001511,in,67,-1.312415,36.815884
50204001511,in,68,-1.312055,36.816307
50204001511,in,69,-1.309006,36.818691
50204001511,in,70,-1.308279,36.819061
50204001511,in,71,-1.307192,36.819508
50204001511,in,72,-1.307018,36.819439
50204001511,in,73,-1.30684,36.819504
50204001511,in,74,-1.306755,36.819637
50204001511,in,75,-1.306764,36.819805
50204001511,in,76,-1.306305,36.820419
50204001511,in,77,-1.306305,36.820419
50204001511,in,78,-1.305493,36.823498
50204001511,in,79,-1.305172,36.825775
50204001511,in,80,-1.304921,36.826218
50204001511,in,81,-1.304921,36.826218
50204001511,in,82,-1.30477,36.826267
50204001511,in,83,-1.302622,36.825325
50204001511,in,84,-1.300383,36.824245
50204001511,in,85,-1.300184,36.824131
50204001511,in,86,-1.300123,36.824001
50204001511,in,87,-1.300013,36.823921
50204001511,in,88,-1.299841,36.82391
50204001511,in,89,-1.299698,36.823997
50204001511,in,90,-1.299514,36.824013
50204001511,in,91,-1.299011,36.823898
50204001511,in,92,-1.298395,36.823658
50204001511,in,93,-1.292938,36.820431
50204001511,in,94,-1.292938,36.820431
50204001511,in,95,-1.292904,36.820305
50204001511,in,96,-1.292785,36.82021
50204001511,in,97,-1.292633,36.820217
50204001511,in,98,-1.292515,36.820328
50204001511,in,99,-1.2925,36.82048
50204001511,in,100,-1.29261,36.820618
50204001511,in,101,-1.292572,36.820938
50204001511,in,102,-1.289558,36.8269
50204001511,in,103,-1.289283,36.827343
50204001511,in,104,-1.289117,36.827339
50204001511,in,105,-1.28898,36.827457
50204001511,in,106,-1.288953,36.827564
50204001511,in,107,-1.288996,36.827679
50204001511,in,108,-1.288712,36.828175
50204001511,in,109,-1.288673,36.828384
50204001511,in,110,-1.288415,36.828892
50204001511,in,111,-1.288415,36.828892
50204001511,in,112,-1.287672,36.828499
50203001611,out,0,-1.28762,36.828106
50203001611,out,1,-1.287778,36.827766
50203001611,out,2,-1.287778,36.827766
50203001611,out,3,-1.288712,36.828175
50203001611,out,4,-1.288712,36.828175
50203001611,out,5,-1.288673,36.828384
50203001611,out,6,-1.287799,36.830124
50203001611,out,7,-1.287799,36.830124
50203001611,out,8,-1.28763,36.830193
50203001611,out,9,-1.28767,36.830349
50203001611,out,10,-1.287796,36.830353
50203001611,out,11,-1.287861,36.830292
50203001611,out,12,-1.28916,36.827785
50203001611,out,13,-1.289316,36.82777
50203001611,out,14,-1.289415,36.827679
50203001611,out,15,-1.289451,36.827541
50203001611,out,16,-1.289384,36.827415
50203001611,out,17,-1.292658,36.821053
50203001611,out,18,-1.292658,36.821053
50203001611,out,19,-1.2929,36.820774
50203001611,out,20,-1.293391,36.820885
50203001611,out,21,-1.298268,36.823799
50203001611,out,22,-1.298751,36.823997
50203001611,out,23,-1.299475,36.824184
50203001611,out,24,-1.299824,36.824444
50203001611,out,25,-1.300055,36.824409
50203001611,out,26,-1.300322,36.824448
50203001611,out,27,-1.30445,36.826389
50203001611,out,28,-1.304667,36.826561
50203001611,out,29,-1.304667,36.826561
50203001611,out,30,-1.304719,36.826706
50203001611,out,31,-1.304885,36.826782
50203001611,out,32,-1.305107,36.826725
50203001611,out,33,-1.305217,36.826557
50203001611,out,34,-1.305178,36.826389
50203001611,out,35,-1.305438,36.825676
50203001611,out,36,-1.305785,36.823059
50203001611,out,37,-1.306024,36.821957
50203001611,out,38,-1.306469,36.820469
50203001611,out,39,-1.306673,36.82016
50203001611,out,40,-1.306837,36.820004
50203001611,out,41,-1.307181,36.81992
50203001611,out,42,-1.307268,36.819798
50203001611,out,43,-1.307274,36.819641
50203001611,out,44,-1.308698,36.819004
50203001611,out,45,-1.30897,36.818836
50203001611,out,46,-1.312507,36.816032
50203001611,out,47,-1.312507,36.816032
50203001611,out,48,-1.312712,36.816055
50203001611,out,49,-1.312835,36.815929
50203001611,out,50,-1.312826,36.815742
50203001611,out,51,-1.312688,36.815636
50203001611,out,52,-1.314725,36.810196
50203001611,out,53,-1.314823,36.809685
50203001611,out,54,-1.314824,36.808712
50203001611,out,55,-1.314707,36.808258
50203001611,out,56,-1.314486,36.807941
50203001611,in,0,-1.314486,36.807941
50203001611,in,1,-1.314049,36.807419
50203001611,in,2,-1.313618,36.807076
50203001611,in,3,-1.312477,36.806385
50203001611,in,4,-1.308764,36.804474
50203001611,in,5,-1.30659,36.803417
50203001611,in,6,-1.305704,36.803131
50203001611,in,7,-1.304647,36.802876
50203001611,in,8,-1.304647,36.802876
50203001611,in,9,-1.304495,36.802921
50203001611,in,10,-1.304617,36.803036
50203001611,in,11,-1.304617,36.803036
50203001611,in,12,-1.305376,36.8032
50203001611,in,13,-1.306408,36.803513
50203001611,in,14,-1.307499,36.804001
50203001611,in,15,-1.311334,36.80592
50203001611,in,16,-1.313273,36.806976
50203001611,in,17,-1.31385,36.807423
50203001611,in,18,-1.314176,36.807751
50203001611,in,19,-1.314486,36.808182
50203001611,in,20,-1.314619,36.808502
50203001611,in,21,-1.314706,36.809166
50203001611,in,22,-1.314644,36.80991
50203001611,in,23,-1.314506,36.81044
50203001611,in,24,-1.312996,36.814308
50203001611,in,25,-1.312515,36.815662
50203001611,in,26,-1.312515,36.815662
50203001611,in,27,-1.31243,36.815758
50203001611,in,28,-1.312415,36.815884
50203001611,in,29,-1.312055,36.816307
50203001611,in,30,-1.309006,36.818691
50203001611,in,31,-1.308279,36.819061
50203001611,in,32,-1.307192,36.819508
50203001611,in,33,-1.307018,36.819439
50203001611,in,34,-1.30684,36.819504
50203001611,in,35,-1.306755,36.819637
50203001611,in,36,-1.306764,36.819805
50203001611,in,37,-1.306305,36.820419
50203001611,in,38,-1.306305,36.820419
50203001611,in,39,-1.305493,36.823498
50203001611,in,40,-1.305172,36.825775
50203001611,in,41,-1.304921,36.826218
50203001611,in,42,-1.304921,36.826218
50203001611,in,43,-1.30477,36.826267
50203001611,in,44,-1.302622,36.825325
50203001611,in,45,-1.300383,36.824245
50203001611,in,46,-1.300184,36.824131
50203001611,in,47,-1.300123,36.824001
50203001611,in,48,-1.300013,36.823921
50203001611,in,49,-1.299841,36.82391
50203001611,in,50,-1.299698,36.823997
50203001611,in,51,-1.299514,36.824013
50203001611,in,52,-1.299011,36.823898
50203001611,in,53,-1.298395,36.823658
50203001611,in,54,-1.292938,36.820431
50203001611,in,55,-1.292938,36.820431
50203001611,in,56,-1.292904,36.820305
50203001611,in,57,-1.292785,36.82021
50203001611,in,58,-1.292633,36.820217
50203001611,in,59,-1.292515,36.820328
50203001611,in,60,-1.2925,36.82048
50203001611,in,61,-1.29261,36.820618
50203001611,in,62,-1.292572,36.820938
50203001611,in,63,-1.289558,36.8269
50203001611,in,64,-1.289283,36.827343
50203001611,in,65,-1.289117,36.827339
50203001611,in,66,-1.28898,36.827457
50203001611,in,67,-1.288953,36.827564
50203001611,in,68,-1.288996,36.827679
50203001611,in,69,-1.288712,36.828175
50203001611,in,70,-1.288673,36.828384
50203001611,in,71,-1.288415,36.828892
50203001611,in,72,-1.288415,36.828892
50203001611,in,73,-1.287486,36.8284
50203001611,in,74,-1.287486,36.8284
50203001611,in,75,-1.28762,36.828106
40702002001,out,0,-1.275035,36.898525
40702002001,out,1,-1.282787,36.902534
40702002001,out,2,-1.282787,36.902534
40702002001,out,3,-1.28278,36.902683
40702002001,out,4,-1.28285,36.902756
40702002001,out,5,-1.282013,36.904354
40702002001,out,6,-1.281497,36.905231
40702002001,out,7,-1.281063,36.905548
40702002001,out,8,-1.279831,36.906162
40702002001,out,9,-1.278454,36.907711
40702002001,out,10,-1.278123,36.908009
40702002001,out,11,-1.278123,36.908009
40702002001,out,12,-1.278505,36.90889
40702002001,out,13,-1.278861,36.909561
40702002001,out,14,-1.279904,36.910835
40702002001,out,15,-1.280273,36.911476
40702002001,out,16,-1.280704,36.912872
40702002001,out,17,-1.281332,36.914406
40702002001,out,18,-1.2814,36.914715
40702002001,out,19,-1.2814,36.914715
40702002001,out,20,-1.280987,36.914944
40702002001,out,21,-1.279931,36.915283
40702002001,out,22,-1.279224,36.915413
40702002001,out,23,-1.278181,36.915527
40702002001,out,24,-1.277716,36.915657
40702002001,out,25,-1.277387,36.915821
40702002001,out,26,-1.275689,36.917259
40702002001,out,27,-1.27507,36.917587
40702002001,out,28,-1.272433,36.918404
40702002001,out,29,-1.271379,36.919052
40702002001,out,30,-1.27065,36.919632
40702002001,out,31,-1.270324,36.919819
40702002001,out,32,-1.268582,36.920532
40702002001,out,33,-1.268582,36.920532
40702002001,out,34,-1.267887,36.919327
40702002001,out,35,-1.267428,36.918411
40702002001,out,36,-1.266924,36.916973
40702002001,out,37,-1.266425,36.91608
40702002001,out,38,-1.266425,36.91608
40702002001,out,39,-1.264913,36.91663
40702002001,out,40,-1.264568,36.916927
40702002001,out,41,-1.263544,36.91827
40702002001,out,42,-1.263053,36.918755
40702002001,out,43,-1.262169,36.919392
40702002001,out,44,-1.261993,36.919579
40702002001,out,45,-1.260703,36.920437
40702002001,out,46,-1.260288,36.921013
40702002001,out,47,-1.259418,36.92313
40702002001,out,48,-1.259295,36.923264
40702002001,out,49,-1.259295,36.923264
40702002001,out,50,-1.257357,36.922832
40702002001,out,51,-1.257357,36.922832
40702002001,out,52,-1.256397,36.926311
40702002001,out,53,-1.255809,36.928066
40702002001,out,54,-1.25471,36.930969
40702002001,out,55,-1.250537,36.93988
40702002001,out,56,-1.250537,36.93988
40702002001,out,57,-1.250173,36.939732
40702002001,out,58,-1.249946,36.939762
40702002001,out,59,-1.248853,36.940697
40702002001,out,60,-1.248682,36.940796
40702002001,out,61,-1.248237,36.940929
40702002001,out,62,-1.247889,36.940948
40702002001,out,63,-1.244876,36.94038
40702002001,out,64,-1.243979,36.940376
40702002001,out,65,-1.242667,36.94075
40702002001,out,66,-1.240351,36.941551
40702002001,out,67,-1.238244,36.942135
40702002001,out,68,-1.237832,36.941708
40702002001,out,69,-1.237374,36.941055
40702002001,out,70,-1.237266,36.940807
40702002001,out,71,-1.237126,36.940239
40702002001,out,72,-1.236944,36.938732
40702002001,out,73,-1.236699,36.937515
40702002001,out,74,-1.236792,36.937016
40702002001,out,75,-1.236772,36.936844
40702002001,out,76,-1.235916,36.934875
40702002001,in,0,-1.235916,36.934875
40702002001,in,1,-1.236772,36.936844
40702002001,in,2,-1.236792,36.937016
40702002001,in,3,-1.236699,36.937515
40702002001,in,4,-1.236944,36.938732
40702002001,in,5,-1.237126,36.940239
40702002001,in,6,-1.237266,36.940807
40702002001,in,7,-1.237374,36.941055
40702002001,in,8,-1.237832,36.941708
40702002001,in,9,-1.238244,36.942135
40702002001,in,10,-1.240351,36.941551
40702002001,in,11,-1.242667,36.94075
40702002001,in,12,-1.243979,36.940376
40702002001,in,13,-1.244876,36.94038
40702002001,in,14,-1.247889,36.940948
40702002001,in,15,-1.248237,36.940929
40702002001,in,16,-1.248682,36.940796
40702002001,in,17,-1.248853,36.940697
40702002001,in,18,-1.249946,36.939762
40702002001,in,19,-1.250173,36.939732
40702002001,in,20,-1.250537,36.93988
40702002001,in,21,-1.250537,36.93988
40702002001,in,22,-1.25471,36.930969
40702002001,in,23,-1.255809,36.928066
40702002001,in,24,-1.256397,36.926311
40702002001,in,25,-1.257357,36.922832
40702002001,in,26,-1.257357,36.922832
40702002001,in,27,-1.259295,36.923264
40702002001,in,28,-1.259295,36.923264
40702002001,in,29,-1.259418,36.92313
40702002001,in,30,-1.260288,36.921013
40702002001,in,31,-1.260703,36.920437
40702002001,in,32,-1.261993,36.919579
40702002001,in,33,-1.262169,36.919392
40702002001,in,34,-1.263053,36.918755
40702002001,in,35,-1.263544,36.91827
40702002001,in,36,-1.264568,36.916927
40702002001,in,37,-1.264913,36.91663
40702002001,in,38,-1.266425,36.91608
40702002001,in,39,-1.266425,36.91608
40702002001,in,40,-1.266924,36.916973
40702002001,in,41,-1.267428,36.918411
40702002001,in,42,-1.267887,36.919327
40702002001,in,43,-1.268582,36.920532
40702002001,in,44,-1.268582,36.920532
40702002001,in,45,-1.270324,36.919819
40702002001,in,46,-1.27065,36.919632
40702002001,in,47,-1.271379,36.919052
40702002001,in,48,-1.272433,36.918404
40702002001,in,49,-1.27507,36.917587
40702002001,in,50,-1.275689,36.917259
40702002001,in,51,-1.277387,36.915821
40702002001,in,52,-1.277716,36.915657
40702002001,in,53,-1.278181,36.915527
40702002001,in,54,-1.279224,36.915413
40702002001,in,55,-1.279931,36.915283
40702002001,in,56,-1.280987,36.914944
40702002001,in,57,-1.2814,36.914715
40702002001,in,58,-1.2814,36.914715
40702002001,in,59,-1.281332,36.914406
40702002001,in,60,-1.280704,36.912872
40702002001,in,61,-1.280273,36.911476
40702002001,in,62,-1.279904,36.910835
40702002001,in,63,-1.278861,36.909561
40702002001,in,64,-1.278505,36.90889
40702002001,in,65,-1.278123,36.908009
40702002001,in,66,-1.278123,36.908009
40702002001,in,67,-1.278454,36.907711
40702002001,in,68,-1.279009,36.907078
40702002001,in,69,-1.279009,36.907078
40702002001,in,70,-1.279831,36.906162
40702002001,in,71,-1.281063,36.905548
40702002001,in,72,-1.281497,36.905231
40702002001,in,73,-1.282013,36.904354
40702002001,in,74,-1.28285,36.902756
40702002001,in,75,-1.28285,36.902756
40702002001,in,76,-1.282968,36.902771
40702002001,in,77,-1.283067,36.902687
40702002001,in,78,-1.283076,36.902569
40702002001,in,79,-1.28301,36.902489
40702002001,in,80,-1.28288,36.90247
40702002001,in,81,-1.282787,36.902534
40702002001,in,82,-1.282333,36.902313
40702002001,in,83,-1.275035,36.898525
50206002411,in,0,-1.286108,36.826038
50206002411,in,1,-1.287706,36.826839
50206002411,in,2,-1.288953,36.827541
50206002411,in,3,-1.288953,36.827541
50206002411,in,4,-1.288986,36.827667
50206002411,in,5,-1.289112,36.82777
50206002411,in,6,-1.289291,36.827778
50206002411,in,7,-1.289415,36.827679
50206002411,in,8,-1.289451,36.827541
50206002411,in,9,-1.289384,36.827415
50206002411,in,10,-1.292658,36.821053
50206002411,in,11,-1.292658,36.821053
50206002411,in,12,-1.2929,36.820774
50206002411,in,13,-1.293391,36.820885
50206002411,in,14,-1.298268,36.823799
50206002411,in,15,-1.298751,36.823997
50206002411,in,16,-1.299475,36.824184
50206002411,in,17,-1.299824,36.824444
50206002411,in,18,-1.300055,36.824409
50206002411,in,19,-1.300322,36.824448
50206002411,in,20,-1.30445,36.826389
50206002411,in,21,-1.304667,36.826561
50206002411,in,22,-1.304667,36.826561
50206002411,in,23,-1.304719,36.826706
50206002411,in,24,-1.304885,36.826782
50206002411,in,25,-1.305107,36.826725
50206002411,in,26,-1.305217,36.826557
50206002411,in,27,-1.305178,36.826389
50206002411,in,28,-1.305438,36.825676
50206002411,in,29,-1.305785,36.823059
50206002411,in,30,-1.306024,36.821957
50206002411,in,31,-1.306469,36.820469
50206002411,in,32,-1.306673,36.82016
50206002411,in,33,-1.306837,36.820004
50206002411,in,34,-1.307181,36.81992
50206002411,in,35,-1.307268,36.819798
50206002411,in,36,-1.307274,36.819641
50206002411,in,37,-1.308698,36.819004
50206002411,in,38,-1.30897,36.818836
50206002411,in,39,-1.312507,36.816032
50206002411,in,40,-1.312728,36.816048
50206002411,in,41,-1.312823,36.815956
50206002411,in,42,-1.314934,36.814911
50206002411,in,43,-1.315671,36.814442
50206002411,in,44,-1.318177,36.811832
50206002411,in,45,-1.321586,36.808517
50206002411,in,46,-1.32186,36.808186
50206002411,in,47,-1.322168,36.807625
50206002411,in,48,-1.322409,36.806751
50206002411,in,49,-1.322758,36.80489
50206002411,in,50,-1.323116,36.802582
50206002411,in,51,-1.324165,36.797428
50206002411,in,52,-1.324494,36.796581
50206002411,in,53,-1.328392,36.789825
50206002411,in,54,-1.332016,36.783283
50206002411,in,55,-1.33337,36.780945
50206002411,in,56,-1.333458,36.780712
50206002411,in,57,-1.334908,36.778111
50206002411,in,58,-1.335915,36.776379
50206002411,in,59,-1.336488,36.775517
50206002411,in,60,-1.338396,36.773113
50206002411,in,61,-1.341319,36.7696
50206002411,in,62,-1.3421,36.768501
50206002411,in,63,-1.342433,36.767838
50206002411,in,64,-1.342774,36.7668
50206002411,in,65,-1.340464,36.750671
50206002411,in,66,-1.340464,36.750671
50206002411,in,67,-1.352696,36.747818
50206002411,in,68,-1.352958,36.747696
50206002411,in,69,-1.354286,36.746765
50206002411,in,70,-1.354562,36.746635
50206002411,in,71,-1.354971,36.746544
50206002411,in,72,-1.35568,36.746578
50206002411,in,73,-1.358183,36.746853
50206002411,in,74,-1.36317,36.747467
50206002411,in,75,-1.363456,36.747429
50206002411,in,76,-1.364009,36.747108
50206002411,in,77,-1.36417,36.746925
50206002411,in,78,-1.364309,36.746544
50206002411,in,79,-1.364309,36.746544
50206002411,in,80,-1.364672,36.743565
50206002411,in,81,-1.364672,36.743565
50206002411,in,82,-1.36678,36.743725
50206002411,in,83,-1.36678,36.743725
50206002411,in,84,-1.366837,36.743416
50206002411,in,85,-1.366746,36.743008
50206002411,in,86,-1.366484,36.742691
50206002411,in,87,-1.366274,36.742569
50206002411,in,88,-1.364816,36.742336
50206002411,in,89,-1.364816,36.742336
50206002411,in,90,-1.365311,36.737885
50206002411,in,91,-1.36561,36.735855
50206002411,in,92,-1.36561,36.735855
50206002411,in,93,-1.363638,36.734623
50206002411,in,94,-1.360856,36.729969
50206002411,in,95,-1.360963,36.722603
50206002411,in,96,-1.360963,36.722603
50206002411,in,97,-1.355211,36.723225
50206002411,in,98,-1.355211,36.723225
50206002411,in,99,-1.354075,36.713142
50206002411,in,100,-1.354075,36.713142
50206002411,in,101,-1.343213,36.714756
50206002411,in,102,-1.342961,36.714729
50206002411,in,103,-1.341472,36.714153
50206002411,in,104,-1.340824,36.714085
50206002411,in,105,-1.34055,36.714119
50206002411,in,106,-1.340033,36.714329
50206002411,in,107,-1.338746,36.715363
50206002411,in,108,-1.338628,36.715412
50206002411,in,109,-1.333649,36.716164
50206002411,in,110,-1.33316,36.716305
50206002411,in,111,-1.33316,36.716305
50206002411,in,112,-1.322606,36.707565
50206002411,in,113,-1.322606,36.707565
50206002411,in,114,-1.322379,36.707325
50206002411,in,115,-1.322379,36.707325
50206002411,in,116,-1.322307,36.707211
50206002411,in,117,-1.322244,36.707195
50206002411,in,118,-1.322169,36.707256
50206002411,in,119,-1.322152,36.707657
50206002411,in,120,-1.322064,36.707893
50206002411,out,0,-1.322064,36.707893
50206002411,out,1,-1.320885,36.711102
50206002411,out,2,-1.320616,36.711983
50206002411,out,3,-1.320272,36.713566
50206002411,out,4,-1.320058,36.714081
50206002411,out,5,-1.317279,36.717297
50206002411,out,6,-1.315514,36.719238
50206002411,out,7,-1.310644,36.724964
50206002411,out,8,-1.31034,36.725468
50206002411,out,9,-1.309958,36.72646
50206002411,out,10,-1.309736,36.726894
50206002411,out,11,-1.308288,36.72842
50206002411,out,12,-1.308048,36.728809
50206002411,out,13,-1.307951,36.729355
50206002411,out,14,-1.307953,36.730202
50206002411,out,15,-1.308423,36.731644
50206002411,out,16,-1.308477,36.732224
50206002411,out,17,-1.307764,36.734272
50206002411,out,18,-1.306916,36.736977
50206002411,out,19,-1.306424,36.73914
50206002411,out,20,-1.305682,36.742874
50206002411,out,21,-1.304185,36.746922
50206002411,out,22,-1.303021,36.750317
50206002411,out,23,-1.29929,36.760311
50206002411,out,24,-1.299076,36.760448
50206002411,out,25,-1.298715,36.760498
50206002411,out,26,-1.298639,36.76059
50206002411,out,27,-1.298629,36.760704
50206002411,out,28,-1.298926,36.761898
50206002411,out,29,-1.298926,36.761898
50206002411,out,30,-1.300402,36.768932
50206002411,out,31,-1.300466,36.769653
50206002411,out,32,-1.300487,36.770927
50206002411,out,33,-1.300056,36.779324
50206002411,out,34,-1.299927,36.779385
50206002411,out,35,-1.299871,36.779491
50206002411,out,36,-1.299916,36.779629
50206002411,out,37,-1.300059,36.779697
50206002411,out,38,-1.299293,36.795574
50206002411,out,39,-1.298564,36.79932
50206002411,out,40,-1.298019,36.801781
50206002411,out,41,-1.297959,36.80241
50206002411,out,42,-1.297724,36.802944
50206002411,out,43,-1.297814,36.803425
50206002411,out,44,-1.296895,36.807384
50206002411,out,45,-1.29606,36.808739
50206002411,out,46,-1.294522,36.811047
50206002411,out,47,-1.293981,36.811653
50206002411,out,48,-1.293981,36.811653
50206002411,out,49,-1.293871,36.811867
50206002411,out,50,-1.293914,36.812008
50206002411,out,51,-1.29471,36.812206
50206002411,out,52,-1.29471,36.812206
50206002411,out,53,-1.295284,36.812653
50206002411,out,54,-1.295284,36.812653
50206002411,out,55,-1.295026,36.813469
50206002411,out,56,-1.294708,36.814175
50206002411,out,57,-1.294418,36.814461
50206002411,out,58,-1.294067,36.814663
50206002411,out,59,-1.293883,36.814941
50206002411,out,60,-1.293516,36.816353
50206002411,out,61,-1.292785,36.82021
50206002411,out,62,-1.292785,36.82021
50206002411,out,63,-1.292633,36.820217
50206002411,out,64,-1.292515,36.820328
50206002411,out,65,-1.2925,36.82048
50206002411,out,66,-1.29261,36.820618
50206002411,out,67,-1.292572,36.820938
50206002411,out,68,-1.290668,36.824635
50206002411,out,69,-1.289849,36.826336
50206002411,out,70,-1.289283,36.827343
50206002411,out,71,-1.289283,36.827343
50206002411,out,72,-1.289142,36.827332
50206002411,out,73,-1.289015,36.827412
50206002411,out,74,-1.286556,36.82618
50206002411,out,75,-1.285333,36.825493
50206002411,out,76,-1.285333,36.825493
50206002411,out,77,-1.285465,36.825245
20801002511,out,0,-1.282668,36.82402
20801002511,out,1,-1.283086,36.824539
20801002511,out,2,-1.283086,36.824539
20801002511,out,3,-1.283154,36.824482
20801002511,out,4,-1.2819,36.822906
20801002511,out,5,-1.281648,36.822674
20801002511,out,6,-1.281648,36.822674
20801002511,out,7,-1.281392,36.822384
20801002511,out,8,-1.281093,36.822308
20801002511,out,9,-1.280954,36.822201
20801002511,out,10,-1.280369,36.821541
20801002511,out,11,-1.280192,36.821381
20801002511,out,12,-1.27993,36.821255
20801002511,out,13,-1.279516,36.821159
20801002511,out,14,-1.27801,36.821224
20801002511,out,15,-1.277696,36.821304
20801002511,out,16,-1.277454,36.821423
20801002511,out,17,-1.277327,36.821545
20801002511,out,18,-1.276722,36.822529
20801002511,out,19,-1.276513,36.822735
20801002511,out,20,-1.275368,36.823215
20801002511,out,21,-1.275368,36.823215
20801002511,out,22,-1.274631,36.824097
20801002511,out,23,-1.271894,36.827785
20801002511,out,24,-1.269016,36.832413
20801002511,out,25,-1.268624,36.832882
20801002511,out,26,-1.267015,36.834183
20801002511,out,27,-1.267015,36.834183
20801002511,out,28,-1.266184,36.834805
20801002511,out,29,-1.264883,36.836166
20801002511,out,30,-1.264232,36.837017
20801002511,out,31,-1.26221,36.840233
20801002511,out,32,-1.260896,36.841896
20801002511,out,33,-1.260459,36.842583
20801002511,out,34,-1.258246,36.847012
20801002511,out,35,-1.258053,36.847523
20801002511,out,36,-1.258019,36.847916
20801002511,out,37,-1.25801,36.851063
20801002511,out,38,-1.25793,36.852398
20801002511,out,39,-1.25771,36.853127
20801002511,out,40,-1.257252,36.854
20801002511,out,41,-1.256621,36.854897
20801002511,out,42,-1.254964,36.856911
20801002511,out,43,-1.253466,36.858398
20801002511,out,44,-1.249121,36.862492
20801002511,out,45,-1.247762,36.863846
20801002511,out,46,-1.247762,36.863846
20801002511,out,47,-1.247482,36.863991
20801002511,out,48,-1.245343,36.866066
20801002511,out,49,-1.244758,36.866367
20801002511,out,50,-1.244457,36.866596
20801002511,out,51,-1.244457,36.866596
20801002511,out,52,-1.246295,36.868721
20801002511,out,53,-1.246729,36.869415
20801002511,out,54,-1.247034,36.870159
20801002511,out,55,-1.247184,36.871143
20801002511,out,56,-1.247148,36.874908
20801002511,out,57,-1.247148,36.874908
20801002511,out,58,-1.244923,36.875599
20801002511,out,59,-1.244046,36.87569
20801002511,out,60,-1.243894,36.875774
20801002511,out,61,-1.243639,36.876278
20801002511,out,62,-1.243689,36.877869
20801002511,out,63,-1.244291,36.88739
20801002511,in,0,-1.244291,36.88739
20801002511,in,1,-1.243689,36.877869
20801002511,in,2,-1.243639,36.876278
20801002511,in,3,-1.243894,36.875774
20801002511,in,4,-1.244046,36.87569
20801002511,in,5,-1.244923,36.875599
20801002511,in,6,-1.247148,36.874908
20801002511,in,7,-1.247148,36.874908
20801002511,in,8,-1.247184,36.871143
20801002511,in,9,-1.247034,36.870159
20801002511,in,10,-1.246884,36.869743
20801002511,in,11,-1.246526,36.869045
20801002511,in,12,-1.245343,36.867619
20801002511,in,13,-1.245343,36.867619
20801002511,in,14,-1.245268,36.86718
20801002511,in,15,-1.245311,36.866898
20801002511,in,16,-1.245611,36.866451
20801002511,in,17,-1.248832,36.863415
20801002511,in,18,-1.248832,36.863415
20801002511,in,19,-1.253715,36.858643
20801002511,in,20,-1.253715,36.858643
20801002511,in,21,-1.255232,36.857056
20801002511,in,22,-1.256466,36.855553
20801002511,in,23,-1.257456,36.854225
20801002511,in,24,-1.257456,36.854225
20801002511,in,25,-1.257886,36.853523
20801002511,in,26,-1.258118,36.852898
20801002511,in,27,-1.258235,36.852226
20801002511,in,28,-1.258367,36.850491
20801002511,in,29,-1.258414,36.84906
20801002511,in,30,-1.258384,36.848633
20801002511,in,31,-1.258486,36.847687
20801002511,in,32,-1.258618,36.847218
20801002511,in,33,-1.26088,36.842468
20801002511,in,34,-1.261355,36.841751
20801002511,in,35,-1.262003,36.841122
20801002511,in,36,-1.262474,36.840778
20801002511,in,37,-1.262474,36.840778
20801002511,in,38,-1.26251,36.840527
20801002511,in,39,-1.262332,36.840385
20801002511,in,40,-1.262332,36.840385
20801002511,in,41,-1.262735,36.839775
20801002511,in,42,-1.262735,36.839775
20801002511,in,43,-1.264366,36.83707
20801002511,in,44,-1.265031,36.83617
20801002511,in,45,-1.265514,36.835629
20801002511,in,46,-1.266254,36.834942
20801002511,in,47,-1.266994,36.834351
20801002511,in,48,-1.266994,36.834351
20801002511,in,49,-1.268686,36.832954
20801002511,in,50,-1.269171,36.832439
20801002511,in,51,-1.272132,36.827644
20801002511,in,52,-1.274102,36.824978
20801002511,in,53,-1.27457,36.824409
20801002511,in,54,-1.275466,36.82338
20801002511,in,55,-1.276723,36.822781
20801002511,in,56,-1.277186,36.822029
20801002511,in,57,-1.277186,36.822029
20801002511,in,58,-1.277304,36.821709
20801002511,in,59,-1.277492,36.82151
20801002511,in,60,-1.277822,36.821342
20801002511,in,61,-1.279468,36.821247
20801002511,in,62,-1.27993,36.821365
20801002511,in,63,-1.280391,36.82164
20801002511,in,64,-1.281037,36.822353
20801002511,in,65,-1.281037,36.822353
20801002511,in,66,-1.281019,36.822552
20801002511,in,67,-1.281116,36.82275
20801002511,in,68,-1.281378,36.822975
20801002511,in,69,-1.281587,36.822884
20801002511,in,70,-1.2818,36.822948
20801002511,in,71,-1.282978,36.824406
40501002611,out,0,-1.2965,36.862595
40501002611,out,1,-1.297482,36.867367
40501002611,out,2,-1.297482,36.867367
40501002611,out,3,-1.297009,36.867416
40501002611,out,4,-1.295631,36.867802
40501002611,out,5,-1.292187,36.868084
40501002611,out,6,-1.292187,36.868084
40501002611,out,7,-1.292311,36.870125
40501002611,out,8,-1.292189,36.870831
40501002611,out,9,-1.290621,36.873753
40501002611,out,10,-1.290183,36.874958
40501002611,out,11,-1.289822,36.875572
40501002611,out,12,-1.289822,36.875572
40501002611,out,13,-1.2875,36.874355
40501002611,out,14,-1.287012,36.874207
40501002611,out,15,-1.285096,36.873829
40501002611,out,16,-1.284537,36.873638
40501002611,out,17,-1.283685,36.873013
40501002611,out,18,-1.281669,36.871246
40501002611,out,19,-1.281166,36.870998
40501002611,out,20,-1.280825,36.87101
40501002611,out,21,-1.280285,36.871181
40501002611,out,22,-1.279547,36.871597
40501002611,out,23,-1.279259,36.871834
40501002611,out,24,-1.279019,36.872124
40501002611,out,25,-1.278418,36.872955
40501002611,out,26,-1.278166,36.873478
40501002611,out,27,-1.277992,36.874111
40501002611,out,28,-1.27734,36.877377
40501002611,out,29,-1.27734,36.877377
40501002611,out,30,-1.277253,36.877411
40501002611,out,31,-1.277221,36.877495
40501002611,out,32,-1.271797,36.87751
40501002611,out,33,-1.271699,36.877659
40501002611,out,34,-1.271663,36.878353
40501002611,out,35,-1.271709,36.880074
40501002611,out,36,-1.271438,36.881248
40501002611,out,37,-1.271438,36.881248
40501002611,out,38,-1.262418,36.879047
40501002611,out,39,-1.256664,36.878838
40501002611,in,0,-1.256664,36.878838
40501002611,in,1,-1.262418,36.879047
40501002611,in,2,-1.271438,36.881248
40501002611,in,3,-1.271438,36.881248
40501002611,in,4,-1.271709,36.880074
40501002611,in,5,-1.271663,36.878353
40501002611,in,6,-1.271699,36.877659
40501002611,in,7,-1.271797,36.87751
40501002611,in,8,-1.277221,36.877495
40501002611,in,9,-1.277221,36.877495
40501002611,in,10,-1.27733,36.877586
40501002611,in,11,-1.277435,36.877506
40501002611,in,12,-1.277422,36.877422
40501002611,in,13,-1.27734,36.877377
40501002611,in,14,-1.277992,36.874111
40501002611,in,15,-1.278166,36.873478
40501002611,in,16,-1.278418,36.872955
40501002611,in,17,-1.279019,36.872124
40501002611,in,18,-1.279259,36.871834
40501002611,in,19,-1.279547,36.871597
40501002611,in,20,-1.280285,36.871181
40501002611,in,21,-1.280825,36.87101
40501002611,in,22,-1.281166,36.870998
40501002611,in,23,-1.281669,36.871246
40501002611,in,24,-1.283685,36.873013
40501002611,in,25,-1.284537,36.873638
40501002611,in,26,-1.285096,36.873829
40501002611,in,27,-1.287012,36.874207
40501002611,in,28,-1.2875,36.874355
40501002611,in,29,-1.289822,36.875572
40501002611,in,30,-1.289822,36.875572
40501002611,in,31,-1.290183,36.874958
40501002611,in,32,-1.290621,36.873753
40501002611,in,33,-1.292189,36.870831
40501002611,in,34,-1.292311,36.870125
40501002611,in,35,-1.292187,36.868084
40501002611,in,36,-1.292187,36.868084
40501002611,in,37,-1.293167,36.868019
40501002611,in,38,-1.293167,36.868019
40501002611,in,39,-1.293065,36.865936
40501002611,in,40,-1.293226,36.86528
40501002611,in,41,-1.293429,36.864777
40501002611,in,42,-1.293323,36.863529
40501002611,in,43,-1.29334,36.86261
40501002611,in,44,-1.29334,36.86261
40501002611,in,45,-1.293894,36.862564
40501002611,in,46,-1.296106,36.862106
30800002811,out,0,-1.284126,36.840649
30800002811,out,1,-1.28391,36.841255
30800002811,out,2,-1.283877,36.842014
30800002811,out,3,-1.284039,36.842522
30800002811,out,4,-1.284456,36.843147
30800002811,out,5,-1.284456,36.843147
30800002811,out,6,-1.282013,36.844688
30800002811,out,7,-1.28,36.84457
30800002811,out,8,-1.28,36.84457
30800002811,out,9,-1.279966,36.846344
30800002811,out,10,-1.279139,36.850224
30800002811,out,11,-1.279139,36.850224
30800002811,out,12,-1.279047,36.850254
30800002811,out,13,-1.278993,36.850338
30800002811,out,14,-1.278367,36.850227
30800002811,out,15,-1.266487,36.847763
30800002811,out,16,-1.266487,36.847763
30800002811,out,17,-1.266162,36.849201
30800002811,out,18,-1.265946,36.85043
30800002811,out,19,-1.265886,36.858452
30800002811,out,20,-1.265774,36.858791
30800002811,out,21,-1.265612,36.859039
30800002811,out,22,-1.264907,36.859509
30800002811,out,23,-1.264515,36.85984
30800002811,out,24,-1.264238,36.860188
30800002811,out,25,-1.264043,36.86055
30800002811,out,26,-1.263819,36.861179
30800002811,out,27,-1.262425,36.866047
30800002811,out,28,-1.261453,36.869598
30800002811,out,29,-1.261459,36.870129
30800002811,out,30,-1.262058,36.874023
30800002811,out,31,-1.262058,36.874023
30800002811,out,32,-1.257667,36.874279
30800002811,out,33,-1.257667,36.874279
30800002811,out,34,-1.25727,36.875084
30800002811,out,35,-1.255571,36.878086
30800002811,in,0,-1.2554,36.878468
30800002811,in,1,-1.256158,36.877007
30800002811,in,2,-1.25727,36.875084
30800002811,in,3,-1.257667,36.874279
30800002811,in,4,-1.257667,36.874279
30800002811,in,5,-1.262058,36.874023
30800002811,in,6,-1.262058,36.874023
30800002811,in,7,-1.261459,36.870129
30800002811,in,8,-1.261453,36.869598
30800002811,in,9,-1.262425,36.866047
30800002811,in,10,-1.263819,36.861179
30800002811,in,11,-1.264043,36.86055
30800002811,in,12,-1.264238,36.860188
30800002811,in,13,-1.264515,36.85984
30800002811,in,14,-1.264907,36.859509
30800002811,in,15,-1.265612,36.859039
30800002811,in,16,-1.265774,36.858791
30800002811,in,17,-1.265886,36.858452
30800002811,in,18,-1.265946,36.85043
30800002811,in,19,-1.266162,36.849201
30800002811,in,20,-1.266487,36.847763
30800002811,in,21,-1.266487,36.847763
30800002811,in,22,-1.278993,36.850338
30800002811,in,23,-1.278993,36.850338
30800002811,in,24,-1.27902,36.850449
30800002811,in,25,-1.279099,36.850491
30800002811,in,26,-1.279247,36.850388
30800002811,in,27,-1.279229,36.850292
30800002811,in,28,-1.279139,36.850224
30800002811,in,29,-1.279966,36.846344
30800002811,in,30,-1.28,36.84457
30800002811,in,31,-1.28,36.84457
30800002811,in,32,-1.282013,36.844688
30800002811,in,33,-1.284456,36.843147
30800002811,in,34,-1.284456,36.843147
30800002811,in,35,-1.284039,36.842522
30800002811,in,36,-1.283877,36.842014
30800002811,in,37,-1.28391,36.841255
30800002811,in,38,-1.284126,36.840649
80400003011,out,0,-1.282794,36.82505
80400003011,out,1,-1.283306,36.82465
80400003011,out,2,-1.283306,36.82465
80400003011,out,3,-1.281553,36.822525
80400003011,out,4,-1.281392,36.822384
80400003011,out,5,-1.281093,36.822308
80400003011,out,6,-1.280994,36.82222
80400003011,out,7,-1.280331,36.821404
80400003011,out,8,-1.280098,36.821224
80400003011,out,9,-1.280098,36.821224
80400003011,out,10,-1.279546,36.821064
80400003011,out,11,-1.279546,36.821064
80400003011,out,12,-1.279329,36.820831
80400003011,out,13,-1.279342,36.820572
80400003011,out,14,-1.280085,36.819317
80400003011,out,15,-1.280123,36.819115
80400003011,out,16,-1.280123,36.819115
80400003011,out,17,-1.280066,36.818707
80400003011,out,18,-1.280243,36.818275
80400003011,out,19,-1.280243,36.818275
80400003011,out,20,-1.28175,36.815289
80400003011,out,21,-1.28175,36.815289
80400003011,out,22,-1.281935,36.815182
80400003011,out,23,-1.281993,36.815044
80400003011,out,24,-1.281935,36.814842
80400003011,out,25,-1.281829,36.814777
80400003011,out,26,-1.281703,36.814766
80400003011,out,27,-1.281545,36.814838
80400003011,out,28,-1.280125,36.814201
80400003011,out,29,-1.279305,36.814034
80400003011,out,30,-1.278078,36.813877
80400003011,out,31,-1.277231,36.813675
80400003011,out,32,-1.276072,36.813187
80400003011,out,33,-1.275296,36.812695
80400003011,out,34,-1.275296,36.812695
80400003011,out,35,-1.274499,36.812012
80400003011,out,36,-1.274144,36.811615
80400003011,out,37,-1.273131,36.809734
80400003011,out,38,-1.272256,36.808544
80400003011,out,39,-1.265149,36.802315
80400003011,out,40,-1.26496,36.802135
80400003011,out,41,-1.264798,36.801811
80400003011,out,42,-1.264616,36.801765
80400003011,out,43,-1.264396,36.801594
80400003011,out,44,-1.263968,36.801449
80400003011,out,45,-1.263519,36.801075
80400003011,out,46,-1.263519,36.801075
80400003011,out,47,-1.262485,36.80011
80400003011,out,48,-1.261918,36.799358
80400003011,out,49,-1.261591,36.798576
80400003011,out,50,-1.261294,36.797588
80400003011,out,51,-1.260887,36.794437
80400003011,out,52,-1.260735,36.792377
80400003011,out,53,-1.260374,36.791157
80400003011,out,54,-1.260085,36.789616
80400003011,out,55,-1.259633,36.785126
80400003011,out,56,-1.259131,36.781364
80400003011,out,57,-1.258971,36.779404
80400003011,out,58,-1.259034,36.778088
80400003011,out,59,-1.25952,36.775063
80400003011,out,60,-1.260907,36.76849
80400003011,out,61,-1.261271,36.767544
80400003011,out,62,-1.262461,36.7658
80400003011,out,63,-1.262863,36.765049
80400003011,out,64,-1.26309,36.764397
80400003011,out,65,-1.263618,36.761616
80400003011,out,66,-1.26413,36.756737
80400003011,out,67,-1.264276,36.753147
80400003011,out,68,-1.264213,36.751045
80400003011,out,69,-1.264298,36.747459
80400003011,out,70,-1.264655,36.738644
80400003011,out,71,-1.264655,36.738644
80400003011,out,72,-1.264698,36.737091
80400003011,out,73,-1.26465,36.7356
80400003011,out,74,-1.26465,36.7356
80400003011,out,75,-1.263965,36.730263
80400003011,out,76,-1.263665,36.729187
80400003011,out,77,-1.263665,36.729187
80400003011,out,78,-1.263601,36.727749
80400003011,out,79,-1.263822,36.723476
80400003011,out,80,-1.26398,36.722946
80400003011,out,81,-1.264594,36.721909
80400003011,out,82,-1.264976,36.721699
80400003011,out,83,-1.264976,36.721699
80400003011,out,84,-1.265196,36.721676
80400003011,out,85,-1.26532,36.721565
80400003011,out,86,-1.265447,36.721252
80400003011,out,87,-1.265404,36.721069
80400003011,out,88,-1.265298,36.720924
80400003011,out,89,-1.264984,36.720814
80400003011,out,90,-1.264751,36.720886
80400003011,out,91,-1.264579,36.721104
80400003011,out,92,-1.264434,36.721176
80400003011,out,93,-1.263649,36.721184
80400003011,out,94,-1.262108,36.721443
80400003011,out,95,-1.259698,36.722191
80400003011,out,96,-1.258306,36.722897
80400003011,out,97,-1.256943,36.723705
80400003011,in,0,-1.256943,36.723705
80400003011,in,1,-1.258306,36.722897
80400003011,in,2,-1.259698,36.722191
80400003011,in,3,-1.261568,36.721581
80400003011,in,4,-1.262108,36.721443
80400003011,in,5,-1.263649,36.721184
80400003011,in,6,-1.264292,36.721199
80400003011,in,7,-1.264573,36.72139
80400003011,in,8,-1.264573,36.72139
80400003011,in,9,-1.264648,36.721527
80400003011,in,10,-1.26481,36.721645
80400003011,in,11,-1.264976,36.721699
80400003011,in,12,-1.265196,36.721676
80400003011,in,13,-1.26543,36.721378
80400003011,in,14,-1.265427,36.72113
80400003011,in,15,-1.265253,36.720886
80400003011,in,16,-1.264913,36.720821
80400003011,in,17,-1.264711,36.720913
80400003011,in,18,-1.264579,36.721104
80400003011,in,19,-1.264434,36.721176
80400003011,in,20,-1.263649,36.721184
80400003011,in,21,-1.262108,36.721443
80400003011,in,22,-1.259698,36.722191
80400003011,in,23,-1.259698,36.722191
80400003011,in,24,-1.259142,36.722183
80400003011,in,25,-1.258757,36.721992
80400003011,in,26,-1.258659,36.721783
80400003011,in,27,-1.258653,36.721375
80400003011,in,28,-1.258754,36.721123
80400003011,in,29,-1.259016,36.720909
80400003011,in,30,-1.259404,36.720882
80400003011,in,31,-1.259735,36.721043
80400003011,in,32,-1.259916,36.72131
80400003011,in,33,-1.260102,36.72179
80400003011,in,34,-1.260357,36.723061
80400003011,in,35,-1.260884,36.724579
80400003011,in,36,-1.261538,36.725838
80400003011,in,37,-1.262721,36.727631
80400003011,in,38,-1.263276,36.728951
80400003011,in,39,-1.263658,36.730293
80400003011,in,40,-1.264179,36.73415
80400003011,in,41,-1.264378,36.735729
80400003011,in,42,-1.264404,36.73774
80400003011,in,43,-1.264139,36.744911
80400003011,in,44,-1.264089,36.748138
80400003011,in,45,-1.263982,36.750744
80400003011,in,46,-1.264084,36.753899
80400003011,in,47,-1.263877,36.757507
80400003011,in,48,-1.263555,36.761044
80400003011,in,49,-1.262937,36.764168
80400003011,in,50,-1.262729,36.764912
80400003011,in,51,-1.262524,36.765411
80400003011,in,52,-1.262245,36.765884
80400003011,in,53,-1.261135,36.767544
80400003011,in,54,-1.260916,36.767944
80400003011,in,55,-1.260456,36.769558
80400003011,in,56,-1.259451,36.77454
80400003011,in,57,-1.259213,36.775143
80400003011,in,58,-1.259133,36.775513
80400003011,in,59,-1.259187,36.776329
80400003011,in,60,-1.258868,36.77845
80400003011,in,61,-1.258866,36.780041
80400003011,in,62,-1.258985,36.781376
80400003011,in,63,-1.259443,36.785027
80400003011,in,64,-1.259683,36.787994
80400003011,in,65,-1.25983,36.789139
80400003011,in,66,-1.26001,36.790375
80400003011,in,67,-1.260487,36.79229
80400003011,in,68,-1.26059,36.79361
80400003011,in,69,-1.260975,36.79686
80400003011,in,70,-1.261132,36.797569
80400003011,in,71,-1.261758,36.799469
80400003011,in,72,-1.261956,36.799854
80400003011,in,73,-1.262207,36.800194
80400003011,in,74,-1.263548,36.801373
80400003011,in,75,-1.264438,36.802006
80400003011,in,76,-1.264438,36.802006
80400003011,in,77,-1.264532,36.802174
80400003011,in,78,-1.264939,36.802326
80400003011,in,79,-1.265082,36.802444
80400003011,in,80,-1.266112,36.803375
80400003011,in,81,-1.266845,36.804214
80400003011,in,82,-1.267475,36.80484
80400003011,in,83,-1.267906,36.805168
80400003011,in,84,-1.272415,36.809128
80400003011,in,85,-1.272893,36.809715
80400003011,in,86,-1.27367,36.811146
80400003011,in,87,-1.274155,36.811852
80400003011,in,88,-1.274977,36.812607
80400003011,in,89,-1.2758,36.813183
80400003011,in,90,-1.2758,36.813183
80400003011,in,91,-1.276335,36.813499
80400003011,in,92,-1.277351,36.813847
80400003011,in,93,-1.279284,36.814152
80400003011,in,94,-1.280059,36.814365
80400003011,in,95,-1.28124,36.814854
80400003011,in,96,-1.281484,36.81501
80400003011,in,97,-1.281484,36.81501
80400003011,in,98,-1.281549,36.815201
80400003011,in,99,-1.280687,36.817047
80400003011,in,100,-1.280079,36.818184
80400003011,in,101,-1.280079,36.818184
80400003011,in,102,-1.279914,36.818687
80400003011,in,103,-1.279967,36.819092
80400003011,in,104,-1.279967,36.819092
80400003011,in,105,-1.27994,36.819355
80400003011,in,106,-1.279254,36.820496
80400003011,in,107,-1.279096,36.820644
80400003011,in,108,-1.279096,36.820644
80400003011,in,109,-1.27889,36.820541
80400003011,in,110,-1.278579,36.820492
80400003011,in,111,-1.278187,36.82056
80400003011,in,112,-1.277849,36.82082
80400003011,in,113,-1.277715,36.821117
80400003011,in,114,-1.277758,36.821362
80400003011,in,115,-1.27792,36.821728
80400003011,in,116,-1.278028,36.821857
80400003011,in,117,-1.27833,36.822002
80400003011,in,118,-1.278686,36.822044
80400003011,in,119,-1.279166,36.821861
80400003011,in,120,-1.279502,36.821541
80400003011,in,121,-1.279783,36.821423
80400003011,in,122,-1.28003,36.821487
80400003011,in,123,-1.280256,36.821629
80400003011,in,124,-1.280906,36.822269
80400003011,in,125,-1.28101,36.822449
80400003011,in,126,-1.28101,36.822449
80400003011,in,127,-1.281116,36.82275
80400003011,in,128,-1.281378,36.822975
80400003011,in,129,-1.281393,36.825615
80400003011,in,130,-1.281553,36.825909
80400003011,in,131,-1.281553,36.825909
80400003011,in,132,-1.282769,36.825066
40601003611,out,0,-1.292244,36.843018
40601003611,out,1,-1.293454,36.848656
40601003611,out,2,-1.294088,36.851238
40601003611,out,3,-1.2941,36.852112
40601003611,out,4,-1.294497,36.852978
40601003611,out,5,-1.294927,36.854965
40601003611,out,6,-1.294982,36.855766
40601003611,out,7,-1.295235,36.856407
40601003611,out,8,-1.297852,36.869064
40601003611,out,9,-1.297882,36.869644
40601003611,out,10,-1.296876,36.87677
40601003611,out,11,-1.296876,36.87677
40601003611,out,12,-1.294689,36.87653
40601003611,out,13,-1.294689,36.87653
40601003611,out,14,-1.294611,36.877148
40601003611,out,15,-1.29387,36.881046
40601003611,out,16,-1.293694,36.881554
40601003611,out,17,-1.293501,36.881859
40601003611,out,18,-1.293355,36.881981
40601003611,out,19,-1.292292,36.882538
40601003611,out,20,-1.291758,36.882675
40601003611,out,21,-1.290824,36.882523
40601003611,out,22,-1.289573,36.882133
40601003611,out,23,-1.286426,36.880985
40601003611,out,24,-1.284169,36.880447
40601003611,out,25,-1.281903,36.879543
40601003611,out,26,-1.280474,36.878563
40601003611,out,27,-1.279765,36.878166
40601003611,out,28,-1.278246,36.877552
40601003611,out,29,-1.27744,36.877487
40601003611,out,30,-1.27734,36.877377
40601003611,out,31,-1.277253,36.877411
40601003611,out,32,-1.277221,36.877495
40601003611,out,33,-1.271797,36.87751
40601003611,out,34,-1.271699,36.877659
40601003611,out,35,-1.271663,36.878353
40601003611,out,36,-1.271709,36.880074
40601003611,out,37,-1.271438,36.881248
40601003611,out,38,-1.271438,36.881248
40601003611,out,39,-1.269544,36.880779
40601003611,out,40,-1.269544,36.880779
40601003611,out,41,-1.26934,36.881783
40601003611,out,42,-1.269401,36.882378
40601003611,out,43,-1.269626,36.883499
40601003611,out,44,-1.269614,36.883732
40601003611,out,45,-1.269374,36.884178
40601003611,out,46,-1.2685,36.885071
40601003611,out,47,-1.268327,36.885193
40601003611,out,48,-1.267827,36.885349
40601003611,out,49,-1.266167,36.885666
40601003611,out,50,-1.265652,36.885799
40601003611,out,51,-1.265488,36.885887
40601003611,out,52,-1.26483,36.886955
40601003611,out,53,-1.264519,36.887634
40601003611,out,54,-1.264322,36.887772
40601003611,out,55,-1.264133,36.887756
40601003611,out,56,-1.261416,36.886402
40601003611,out,57,-1.261416,36.886402
40601003611,out,58,-1.260949,36.888386
40601003611,out,59,-1.260345,36.890232
40601003611,out,60,-1.260064,36.890785
40601003611,out,61,-1.258193,36.893421
40601003611,out,62,-1.256648,36.897984
40601003611,out,63,-1.256648,36.897984
40601003611,out,64,-1.256251,36.898037
40601003611,out,65,-1.255992,36.898235
40601003611,out,66,-1.252244,36.902588
40601003611,out,67,-1.24999,36.906082
40601003611,out,68,-1.24909,36.907349
40601003611,out,69,-1.248445,36.908161
40601003611,out,70,-1.248138,36.908337
40601003611,out,71,-1.247813,36.908401
40601003611,out,72,-1.245143,36.908428
40601003611,in,0,-1.245143,36.908428
40601003611,in,1,-1.245112,36.908428
40601003611,in,2,-1.245112,36.908428
40601003611,in,3,-1.245117,36.907433
40601003611,in,4,-1.245147,36.907234
40601003611,in,5,-1.245253,36.907017
40601003611,in,6,-1.248031,36.903545
40601003611,in,7,-1.248521,36.901955
40601003611,in,8,-1.249083,36.901196
40601003611,in,9,-1.251864,36.897793
40601003611,in,10,-1.252532,36.897461
40601003611,in,11,-1.253081,36.897011
40601003611,in,12,-1.25455,36.895084
40601003611,in,13,-1.254628,36.894848
40601003611,in,14,-1.254622,36.894264
40601003611,in,15,-1.254622,36.894264
40601003611,in,16,-1.25511,36.894257
40601003611,in,17,-1.255423,36.8941
40601003611,in,18,-1.255922,36.893509
40601003611,in,19,-1.256227,36.893059
40601003611,in,20,-1.256227,36.893059
40601003611,in,21,-1.258193,36.893421
40601003611,in,22,-1.258193,36.893421
40601003611,in,23,-1.260064,36.890785
40601003611,in,24,-1.260345,36.890232
40601003611,in,25,-1.260949,36.888386
40601003611,in,26,-1.261416,36.886402
40601003611,in,27,-1.261416,36.886402
40601003611,in,28,-1.264133,36.887756
40601003611,in,29,-1.26427,36.887775
40601003611,in,30,-1.26427,36.887775
40601003611,in,31,-1.264383,36.887753
40601003611,in,32,-1.264519,36.887634
40601003611,in,33,-1.26483,36.886955
40601003611,in,34,-1.265488,36.885887
40601003611,in,35,-1.265652,36.885799
40601003611,in,36,-1.266167,36.885666
40601003611,in,37,-1.267827,36.885349
40601003611,in,38,-1.268327,36.885193
40601003611,in,39,-1.2685,36.885071
40601003611,in,40,-1.269374,36.884178
40601003611,in,41,-1.269542,36.88393
40601003611,in,42,-1.269614,36.883732
40601003611,in,43,-1.269626,36.883499
40601003611,in,44,-1.269346,36.882011
40601003611,in,45,-1.269392,36.881443
40601003611,in,46,-1.269544,36.880779
40601003611,in,47,-1.269544,36.880779
40601003611,in,48,-1.271438,36.881248
40601003611,in,49,-1.271438,36.881248
40601003611,in,50,-1.271709,36.880074
40601003611,in,51,-1.271663,36.878353
40601003611,in,52,-1.271699,36.877659
40601003611,in,53,-1.271797,36.87751
40601003611,in,54,-1.275514,36.877468
40601003611,in,55,-1.277221,36.877495
40601003611,in,56,-1.27733,36.877586
40601003611,in,57,-1.27744,36.877487
40601003611,in,58,-1.278064,36.877525
40601003611,in,59,-1.278458,36.877625
40601003611,in,60,-1.280056,36.878307
40601003611,in,61,-1.281903,36.879543
40601003611,in,62,-1.283456,36.88018
40601003611,in,63,-1.284328,36.880505
40601003611,in,64,-1.286426,36.880985
40601003611,in,65,-1.289573,36.882133
40601003611,in,66,-1.290799,36.882519
40601003611,in,67,-1.291758,36.882675
40601003611,in,68,-1.292292,36.882538
40601003611,in,69,-1.293355,36.881981
40601003611,in,70,-1.293501,36.881859
40601003611,in,71,-1.293694,36.881554
40601003611,in,72,-1.29387,36.881046
40601003611,in,73,-1.294611,36.877148
40601003611,in,74,-1.294689,36.87653
40601003611,in,75,-1.294689,36.87653
40601003611,in,76,-1.296876,36.87677
40601003611,in,77,-1.297002,36.876678
40601003611,in,78,-1.297002,36.876678
40601003611,in,79,-1.297298,36.87492
40601003611,in,80,-1.297999,36.869648
40601003611,in,81,-1.297972,36.869041
40601003611,in,82,-1.295384,36.856445
40601003611,in,83,-1.295314,36.855961
40601003611,in,84,-1.295328,36.855576
40601003611,in,85,-1.295162,36.855198
40601003611,in,86,-1.294322,36.851715
40601003611,in,87,-1.294295,36.851349
40601003611,in,88,-1.292142,36.841774
40601003611,in,89,-1.292119,36.841454
40601003611,in,90,-1.292194,36.841251
40601003611,in,91,-1.292194,36.841251
40601003611,in,92,-1.292289,36.841118
40601003611,in,93,-1.292296,36.840981
40601003611,in,94,-1.29224,36.84087
40601003611,in,95,-1.292069,36.840744
40601003611,in,96,-1.291736,36.840755
40601003611,in,97,-1.291548,36.840862
40601003611,in,98,-1.291495,36.840958
40601003611,in,99,-1.291495,36.841095
40601003611,in,100,-1.291564,36.841232
40601003611,in,101,-1.291714,36.841328
40601003611,in,102,-1.291954,36.841637
40601003611,in,103,-1.292244,36.843018
30007004111,out,0,-1.284172,36.840542
30007004111,out,1,-1.28391,36.841255
30007004111,out,2,-1.283877,36.842014
30007004111,out,3,-1.284039,36.842522
30007004111,out,4,-1.284456,36.843147
30007004111,out,5,-1.284456,36.843147
30007004111,out,6,-1.282013,36.844688
30007004111,out,7,-1.28,36.84457
30007004111,out,8,-1.28,36.84457
30007004111,out,9,-1.279966,36.846344
30007004111,out,10,-1.279139,36.850224
30007004111,out,11,-1.279047,36.850254
30007004111,out,12,-1.278993,36.850338
30007004111,out,13,-1.27902,36.850449
30007004111,out,14,-1.279099,36.850491
30007004111,out,15,-1.278837,36.851711
30007004111,out,16,-1.278837,36.851711
30007004111,out,17,-1.27875,36.851803
30007004111,out,18,-1.266162,36.849201
30007004111,out,19,-1.266162,36.849201
30007004111,out,20,-1.265935,36.850643
30007004111,out,21,-1.265886,36.858452
30007004111,out,22,-1.265774,36.858791
30007004111,out,23,-1.265612,36.859039
30007004111,out,24,-1.264907,36.859509
30007004111,out,25,-1.264515,36.85984
30007004111,out,26,-1.264238,36.860188
30007004111,out,27,-1.264043,36.86055
30007004111,out,28,-1.263819,36.861179
30007004111,out,29,-1.262425,36.866047
30007004111,out,30,-1.261453,36.869598
30007004111,out,31,-1.261459,36.870129
30007004111,out,32,-1.262555,36.877377
30007004111,out,33,-1.262526,36.878223
30007004111,out,34,-1.262401,36.879044
30007004111,out,35,-1.262401,36.879044
30007004111,out,36,-1.262185,36.881405
30007004111,out,37,-1.261816,36.884445
30007004111,out,38,-1.261416,36.886402
30007004111,out,39,-1.26086,36.888687
30007004111,out,40,-1.260345,36.890232
30007004111,out,41,-1.260064,36.890785
30007004111,out,42,-1.258193,36.893421
30007004111,out,43,-1.256648,36.897984
30007004111,out,44,-1.256648,36.897984
30007004111,out,45,-1.256251,36.898037
30007004111,out,46,-1.255992,36.898235
30007004111,out,47,-1.252244,36.902588
30007004111,out,48,-1.24999,36.906082
30007004111,out,49,-1.24909,36.907349
30007004111,out,50,-1.248445,36.908161
30007004111,out,51,-1.248138,36.908337
30007004111,out,52,-1.247813,36.908401
30007004111,out,53,-1.245132,36.908428
30007004111,in,0,-1.245132,36.908428
30007004111,in,1,-1.245112,36.908428
30007004111,in,2,-1.245112,36.908428
30007004111,in,3,-1.245117,36.907433
30007004111,in,4,-1.245147,36.907234
30007004111,in,5,-1.245253,36.907017
30007004111,in,6,-1.248031,36.903545
30007004111,in,7,-1.248521,36.901955
30007004111,in,8,-1.249083,36.901196
30007004111,in,9,-1.251864,36.897793
30007004111,in,10,-1.252532,36.897461
30007004111,in,11,-1.253081,36.897011
30007004111,in,12,-1.25455,36.895084
30007004111,in,13,-1.254628,36.894848
30007004111,in,14,-1.254622,36.894264
30007004111,in,15,-1.254622,36.894264
30007004111,in,16,-1.25511,36.894257
30007004111,in,17,-1.255423,36.8941
30007004111,in,18,-1.255922,36.893509
30007004111,in,19,-1.256227,36.893059
30007004111,in,20,-1.256227,36.893059
30007004111,in,21,-1.258193,36.893421
30007004111,in,22,-1.258193,36.893421
30007004111,in,23,-1.26015,36.890629
30007004111,in,24,-1.260345,36.890232
30007004111,in,25,-1.260949,36.888386
30007004111,in,26,-1.261653,36.885345
30007004111,in,27,-1.261816,36.884445
30007004111,in,28,-1.262185,36.881405
30007004111,in,29,-1.262401,36.879044
30007004111,in,30,-1.262401,36.879044
30007004111,in,31,-1.262526,36.878223
30007004111,in,32,-1.262555,36.877377
30007004111,in,33,-1.261459,36.870129
30007004111,in,34,-1.261453,36.869598
30007004111,in,35,-1.262425,36.866047
30007004111,in,36,-1.263819,36.861179
30007004111,in,37,-1.264043,36.86055
30007004111,in,38,-1.264238,36.860188
30007004111,in,39,-1.264515,36.85984
30007004111,in,40,-1.264907,36.859509
30007004111,in,41,-1.265612,36.859039
30007004111,in,42,-1.265774,36.858791
30007004111,in,43,-1.265886,36.858452
30007004111,in,44,-1.265946,36.85043
30007004111,in,45,-1.266162,36.849201
30007004111,in,46,-1.266487,36.847763
30007004111,in,47,-1.266487,36.847763
30007004111,in,48,-1.278993,36.850338
30007004111,in,49,-1.278993,36.850338
30007004111,in,50,-1.27902,36.850449
30007004111,in,51,-1.279099,36.850491
30007004111,in,52,-1.279247,36.850388
30007004111,in,53,-1.279229,36.850292
30007004111,in,54,-1.279139,36.850224
30007004111,in,55,-1.279966,36.846344
30007004111,in,56,-1.28,36.84457
30007004111,in,57,-1.28,36.84457
30007004111,in,58,-1.282013,36.844688
30007004111,in,59,-1.284456,36.843147
30007004111,in,60,-1.284456,36.843147
30007004111,in,61,-1.284039,36.842522
30007004111,in,62,-1.283877,36.842014
30007004111,in,63,-1.28391,36.841255
30007004111,in,64,-1.284172,36.840542
20807042011,out,0,-1.245199,36.867432
20807042011,out,1,-1.246526,36.869045
20807042011,out,2,-1.246884,36.869743
20807042011,out,3,-1.247034,36.870159
20807042011,out,4,-1.247184,36.871143
20807042011,out,5,-1.247139,36.874859
20807042011,out,6,-1.247268,36.875595
20807042011,out,7,-1.247504,36.876247
20807042011,out,8,-1.247877,36.876896
20807042011,out,9,-1.248328,36.877438
20807042011,out,10,-1.24872,36.877789
20807042011,out,11,-1.249553,36.878277
20807042011,out,12,-1.250332,36.878529
20807042011,out,13,-1.250735,36.878597
20807042011,out,14,-1.262401,36.879044
20807042011,out,15,-1.262401,36.879044
20807042011,out,16,-1.262185,36.881405
20807042011,out,17,-1.261816,36.884445
20807042011,out,18,-1.261416,36.886402
20807042011,out,19,-1.26086,36.888687
20807042011,out,20,-1.260345,36.890232
20807042011,out,21,-1.260064,36.890785
20807042011,out,22,-1.258193,36.893421
20807042011,out,23,-1.256648,36.897984
20807042011,out,24,-1.256648,36.897984
20807042011,out,25,-1.256251,36.898037
20807042011,out,26,-1.255992,36.898235
20807042011,out,27,-1.252244,36.902588
20807042011,out,28,-1.24999,36.906082
20807042011,out,29,-1.24909,36.907349
20807042011,out,30,-1.248445,36.908161
20807042011,out,31,-1.248138,36.908337
20807042011,out,32,-1.247813,36.908401
20807042011,out,33,-1.24316,36.908466
20807042011,in,0,-1.245178,36.908428
20807042011,in,1,-1.245112,36.908428
20807042011,in,2,-1.245112,36.908428
20807042011,in,3,-1.245117,36.907433
20807042011,in,4,-1.245147,36.907234
20807042011,in,5,-1.245253,36.907017
20807042011,in,6,-1.248031,36.903545
20807042011,in,7,-1.248521,36.901955
20807042011,in,8,-1.249083,36.901196
20807042011,in,9,-1.251864,36.897793
20807042011,in,10,-1.252532,36.897461
20807042011,in,11,-1.253081,36.897011
20807042011,in,12,-1.25455,36.895084
20807042011,in,13,-1.254628,36.894848
20807042011,in,14,-1.254622,36.894264
20807042011,in,15,-1.254622,36.894264
20807042011,in,16,-1.25511,36.894257
20807042011,in,17,-1.255423,36.8941
20807042011,in,18,-1.255922,36.893509
20807042011,in,19,-1.256227,36.893059
20807042011,in,20,-1.256227,36.893059
20807042011,in,21,-1.258193,36.893421
20807042011,in,22,-1.258193,36.893421
20807042011,in,23,-1.26015,36.890629
20807042011,in,24,-1.260345,36.890232
20807042011,in,25,-1.260949,36.888386
20807042011,in,26,-1.261653,36.885345
20807042011,in,27,-1.261816,36.884445
20807042011,in,28,-1.262185,36.881405
20807042011,in,29,-1.262401,36.879044
20807042011,in,30,-1.262401,36.879044
20807042011,in,31,-1.250735,36.878597
20807042011,in,32,-1.250332,36.878529
20807042011,in,33,-1.249553,36.878277
20807042011,in,34,-1.24872,36.877789
20807042011,in,35,-1.248328,36.877438
20807042011,in,36,-1.247877,36.876896
20807042011,in,37,-1.247504,36.876247
20807042011,in,38,-1.247268,36.875595
20807042011,in,39,-1.247139,36.874859
20807042011,in,40,-1.247184,36.871143
20807042011,in,41,-1.247034,36.870159
20807042011,in,42,-1.246884,36.869743
20807042011,in,43,-1.246526,36.869045
20807042011,in,44,-1.245228,36.86747
20901043011,out,0,-1.287078,36.830353
20901043011,out,1,-1.287623,36.830215
20901043011,out,2,-1.287623,36.830215
20901043011,out,3,-1.28767,36.830349
20901043011,out,4,-1.287628,36.830513
20901043011,out,5,-1.287196,36.831287
20901043011,out,6,-1.28577,36.832111
20901043011,out,7,-1.28577,36.832111
20901043011,out,8,-1.285566,36.83213
20901043011,out,9,-1.28398,36.833084
20901043011,out,10,-1.28345,36.833248
20901043011,out,11,-1.282975,36.833302
20901043011,out,12,-1.282282,36.833282
20901043011,out,13,-1.282035,36.833199
20901043011,out,14,-1.281435,36.832821
20901043011,out,15,-1.281011,36.832355
20901043011,out,16,-1.281011,36.832355
20901043011,out,17,-1.281019,36.832207
20901043011,out,18,-1.280953,36.8321
20901043011,out,19,-1.280665,36.83197
20901043011,out,20,-1.280466,36.831978
20901043011,out,21,-1.280376,36.8321
20901043011,out,22,-1.280358,36.832321
20901043011,out,23,-1.280406,36.83242
20901043011,out,24,-1.279219,36.833508
20901043011,out,25,-1.278877,36.833698
20901043011,out,26,-1.278355,36.833862
20901043011,out,27,-1.277444,36.834007
20901043011,out,28,-1.27579,36.834785
20901043011,out,29,-1.273206,36.835724
20901043011,out,30,-1.27026,36.836895
20901043011,out,31,-1.270083,36.836895
20901043011,out,32,-1.268524,36.835728
20901043011,out,33,-1.268524,36.835728
20901043011,out,34,-1.268436,36.835533
20901043011,out,35,-1.268189,36.835327
20901043011,out,36,-1.267085,36.834526
20901043011,out,37,-1.266677,36.834515
20901043011,out,38,-1.265904,36.835087
20901043011,out,39,-1.265904,36.835087
20901043011,out,40,-1.264883,36.836166
20901043011,out,41,-1.264232,36.837017
20901043011,out,42,-1.26221,36.840233
20901043011,out,43,-1.260896,36.841896
20901043011,out,44,-1.260555,36.842415
20901043011,out,45,-1.258246,36.847012
20901043011,out,46,-1.258053,36.847523
20901043011,out,47,-1.258019,36.847916
20901043011,out,48,-1.25801,36.851063
20901043011,out,49,-1.257901,36.852581
20901043011,out,50,-1.257595,36.85339
20901043011,out,51,-1.257252,36.854
20901043011,out,52,-1.2563,36.855305
20901043011,out,53,-1.255309,36.856529
20901043011,out,54,-1.25431,36.857586
20901043011,out,55,-1.249121,36.862492
20901043011,out,56,-1.245289,36.866272
20901043011,out,57,-1.244356,36.867256
20901043011,out,58,-1.24345,36.868107
20901043011,out,59,-1.242972,36.868404
20901043011,out,60,-1.241701,36.869034
20901043011,out,61,-1.237443,36.870937
20901043011,out,62,-1.237443,36.870937
20901043011,out,63,-1.23667,36.871128
20901043011,out,64,-1.236201,36.871429
20901043011,out,65,-1.235294,36.872192
20901043011,out,66,-1.234379,36.873127
20901043011,out,67,-1.234189,36.873146
20901043011,out,68,-1.234011,36.873058
20901043011,out,69,-1.234011,36.873058
20901043011,out,70,-1.233749,36.872787
20901043011,out,71,-1.233549,36.872772
20901043011,out,72,-1.233107,36.873238
20901043011,out,73,-1.233051,36.873425
20901043011,out,74,-1.233071,36.873562
20901043011,out,75,-1.233258,36.873684
20901043011,out,76,-1.233539,36.873692
20901043011,out,77,-1.233997,36.87331
20901043011,out,78,-1.2346,36.873745
20901043011,out,79,-1.235048,36.873165
20901043011,out,80,-1.2362,36.875008
20901043011,out,81,-1.236398,36.875477
20901043011,out,82,-1.236414,36.875957
20901043011,out,83,-1.236269,36.877995
20901043011,out,84,-1.236123,36.878399
20901043011,out,85,-1.236053,36.879398
20901043011,out,86,-1.23605,36.880535
20901043011,out,87,-1.235489,36.881954
20901043011,out,88,-1.235211,36.882355
20901043011,out,89,-1.234648,36.882698
20901043011,out,90,-1.234502,36.88287
20901043011,out,91,-1.233753,36.884514
20901043011,in,0,-1.233753,36.884514
20901043011,in,1,-1.234502,36.88287
20901043011,in,2,-1.234648,36.882698
20901043011,in,3,-1.235211,36.882355
20901043011,in,4,-1.235489,36.881954
20901043011,in,5,-1.23605,36.880535
20901043011,in,6,-1.236053,36.879398
20901043011,in,7,-1.236123,36.878399
20901043011,in,8,-1.236269,36.877995
20901043011,in,9,-1.236414,36.875957
20901043011,in,10,-1.236398,36.875477
20901043011,in,11,-1.2362,36.875008
20901043011,in,12,-1.235048,36.873165
20901043011,in,13,-1.235048,36.873165
20901043011,in,14,-1.235614,36.872517
20901043011,in,15,-1.235987,36.872181
20901043011,in,16,-1.236703,36.871655
20901043011,in,17,-1.237322,36.8713
20901043011,in,18,-1.23969,36.870213
20901043011,in,19,-1.242648,36.868946
20901043011,in,20,-1.243573,36.868401
20901043011,in,21,-1.243573,36.868401
20901043011,in,22,-1.243929,36.868095
20901043011,in,23,-1.243929,36.868095
20901043011,in,24,-1.244512,36.867573
20901043011,in,25,-1.245069,36.867256
20901043011,in,26,-1.245069,36.867256
20901043011,in,27,-1.245611,36.866451
20901043011,in,28,-1.248832,36.863415
20901043011,in,29,-1.248832,36.863415
20901043011,in,30,-1.253715,36.858643
20901043011,in,31,-1.253715,36.858643
20901043011,in,32,-1.255232,36.857056
20901043011,in,33,-1.256466,36.855553
20901043011,in,34,-1.257456,36.854225
20901043011,in,35,-1.257456,36.854225
20901043011,in,36,-1.257886,36.853523
20901043011,in,37,-1.258118,36.852898
20901043011,in,38,-1.258235,36.852226
20901043011,in,39,-1.258367,36.850491
20901043011,in,40,-1.258414,36.84906
20901043011,in,41,-1.258384,36.848633
20901043011,in,42,-1.258486,36.847687
20901043011,in,43,-1.258618,36.847218
20901043011,in,44,-1.26052,36.843189
20901043011,in,45,-1.26088,36.842468
20901043011,in,46,-1.261355,36.841751
20901043011,in,47,-1.261355,36.841751
20901043011,in,48,-1.262003,36.841122
20901043011,in,49,-1.262474,36.840778
20901043011,in,50,-1.262474,36.840778
20901043011,in,51,-1.262727,36.840504
20901043011,in,52,-1.26299,36.839626
20901043011,in,53,-1.263575,36.838554
20901043011,in,54,-1.264982,36.836437
20901043011,in,55,-1.264982,36.836437
20901043011,in,56,-1.26553,36.835773
20901043011,in,57,-1.266057,36.83527
20901043011,in,58,-1.266057,36.83527
20901043011,in,59,-1.266313,36.835026
20901043011,in,60,-1.266642,36.834839
20901043011,in,61,-1.267058,36.834782
20901043011,in,62,-1.267245,36.834866
20901043011,in,63,-1.268386,36.835701
20901043011,in,64,-1.268524,36.835728
20901043011,in,65,-1.268524,36.835728
20901043011,in,66,-1.269943,36.8368
20901043011,in,67,-1.270169,36.836918
20901043011,in,68,-1.271,36.836628
20901043011,in,69,-1.273206,36.835724
20901043011,in,70,-1.27579,36.834785
20901043011,in,71,-1.277444,36.834007
20901043011,in,72,-1.278355,36.833862
20901043011,in,73,-1.278355,36.833862
20901043011,in,74,-1.278515,36.834045
20901043011,in,75,-1.278588,36.834267
20901043011,in,76,-1.279459,36.833458
20901043011,in,77,-1.279459,36.833458
20901043011,in,78,-1.279503,36.83337
20901043011,in,79,-1.280622,36.832493
20901043011,in,80,-1.280622,36.832493
20901043011,in,81,-1.280958,36.832554
20901043011,in,82,-1.281514,36.833004
20901043011,in,83,-1.28196,36.833275
20901043011,in,84,-1.282266,36.833366
20901043011,in,85,-1.283056,36.833405
20901043011,in,86,-1.283731,36.83329
20901043011,in,87,-1.284039,36.833176
20901043011,in,88,-1.285439,36.832401
20901043011,in,89,-1.285439,36.832401
20901043011,in,90,-1.285566,36.832577
20901043011,in,91,-1.285763,36.832596
20901043011,in,92,-1.285904,36.832485
20901043011,in,93,-1.285933,36.832291
20901043011,in,94,-1.285839,36.83215
20901043011,in,95,-1.28568,36.8321
20901043011,in,96,-1.285631,36.831917
20901043011,in,97,-1.285056,36.831036
20901043011,in,98,-1.28505,36.830959
20901043011,in,99,-1.28505,36.830959
20901043011,in,100,-1.287078,36.830353
21000004911,out,0,-1.282756,36.824654
21000004911,out,1,-1.282915,36.824886
21000004911,out,2,-1.282915,36.824886
21000004911,out,3,-1.282469,36.825245
21000004911,out,4,-1.28152,36.825863
21000004911,out,5,-1.28152,36.825863
21000004911,out,6,-1.281356,36.825603
21000004911,out,7,-1.281313,36.823784
21000004911,out,8,-1.281323,36.823532
21000004911,out,9,-1.281403,36.823303
21000004911,out,10,-1.281361,36.822952
21000004911,out,11,-1.281361,36.822952
21000004911,out,12,-1.28148,36.822899
21000004911,out,13,-1.281609,36.822731
21000004911,out,14,-1.281631,36.822651
21000004911,out,15,-1.281573,36.822556
21000004911,out,16,-1.281391,36.822384
21000004911,out,17,-1.281076,36.822285
21000004911,out,18,-1.280308,36.821445
21000004911,out,19,-1.279739,36.821182
21000004911,out,20,-1.279078,36.821163
21000004911,out,21,-1.27801,36.821224
21000004911,out,22,-1.277516,36.821388
21000004911,out,23,-1.277327,36.821545
21000004911,out,24,-1.27671,36.822426
21000004911,out,25,-1.276465,36.822678
21000004911,out,26,-1.275384,36.823181
21000004911,out,27,-1.275384,36.823181
21000004911,out,28,-1.274349,36.824413
21000004911,out,29,-1.272027,36.827549
21000004911,out,30,-1.268859,36.832581
21000004911,out,31,-1.268292,36.833138
21000004911,out,32,-1.267015,36.834183
21000004911,out,33,-1.267015,36.834183
21000004911,out,34,-1.266184,36.834805
21000004911,out,35,-1.264883,36.836166
21000004911,out,36,-1.264232,36.837017
21000004911,out,37,-1.26221,36.840233
21000004911,out,38,-1.260896,36.841896
21000004911,out,39,-1.260459,36.842583
21000004911,out,40,-1.258493,36.846565
21000004911,out,41,-1.258225,36.847267
21000004911,out,42,-1.258072,36.848083
21000004911,out,43,-1.257968,36.851944
21000004911,out,44,-1.257815,36.852844
21000004911,out,45,-1.257595,36.85339
21000004911,out,46,-1.257252,36.854
21000004911,out,47,-1.256621,36.854897
21000004911,out,48,-1.255309,36.856529
21000004911,out,49,-1.25431,36.857586
21000004911,out,50,-1.249121,36.862492
21000004911,out,51,-1.245289,36.866272
21000004911,out,52,-1.244356,36.867256
21000004911,out,53,-1.24345,36.868107
21000004911,out,54,-1.242972,36.868404
21000004911,out,55,-1.241701,36.869034
21000004911,out,56,-1.237148,36.871078
21000004911,out,57,-1.236086,36.871731
21000004911,out,58,-1.235432,36.872292
21000004911,out,59,-1.23485,36.872913
21000004911,out,60,-1.230245,36.878613
21000004911,out,61,-1.228419,36.88097
21000004911,out,62,-1.224287,36.886677
21000004911,out,63,-1.223064,36.88802
21000004911,out,64,-1.221587,36.889446
21000004911,out,65,-1.221587,36.889446
21000004911,out,66,-1.221281,36.889603
21000004911,out,67,-1.221281,36.889603
21000004911,out,68,-1.219649,36.891151
21000004911,out,69,-1.219649,36.891151
21000004911,out,70,-1.21949,36.891171
21000004911,out,71,-1.219337,36.891281
21000004911,out,72,-1.219272,36.891434
21000004911,out,73,-1.219316,36.891632
21000004911,out,74,-1.219483,36.891769
21000004911,out,75,-1.219688,36.891781
21000004911,out,76,-1.219856,36.891869
21000004911,out,77,-1.220394,36.892281
21000004911,out,78,-1.22062,36.892624
21000004911,out,79,-1.220689,36.892891
21000004911,out,80,-1.220647,36.893093
21000004911,out,81,-1.220522,36.893433
21000004911,out,82,-1.217673,36.89703
21000004911,out,83,-1.217485,36.897465
21000004911,out,84,-1.217461,36.89764
21000004911,out,85,-1.217742,36.898991
21000004911,out,86,-1.218872,36.90313
21000004911,out,87,-1.219418,36.90374
21000004911,out,88,-1.21988,36.904114
21000004911,out,89,-1.223892,36.908154
21000004911,out,90,-1.22396,36.90844
21000004911,out,91,-1.223064,36.911453
21000004911,out,92,-1.223008,36.911736
21000004911,out,93,-1.223044,36.911903
21000004911,out,94,-1.223244,36.912235
21000004911,out,95,-1.227511,36.917999
21000004911,out,96,-1.229527,36.920822
21000004911,in,0,-1.229522,36.920818
21000004911,in,1,-1.227511,36.917999
21000004911,in,2,-1.223244,36.912235
21000004911,in,3,-1.223044,36.911903
21000004911,in,4,-1.223008,36.911736
21000004911,in,5,-1.223064,36.911453
21000004911,in,6,-1.22396,36.90844
21000004911,in,7,-1.223892,36.908154
21000004911,in,8,-1.21988,36.904114
21000004911,in,9,-1.219418,36.90374
21000004911,in,10,-1.218872,36.90313
21000004911,in,11,-1.217742,36.898991
21000004911,in,12,-1.217461,36.89764
21000004911,in,13,-1.217485,36.897465
21000004911,in,14,-1.217673,36.89703
21000004911,in,15,-1.220522,36.893433
21000004911,in,16,-1.220689,36.892891
21000004911,in,17,-1.22062,36.892624
21000004911,in,18,-1.220503,36.89241
21000004911,in,19,-1.220306,36.892197
21000004911,in,20,-1.220306,36.892197
21000004911,in,21,-1.220176,36.891872
21000004911,in,22,-1.220144,36.891579
21000004911,in,23,-1.220219,36.891266
21000004911,in,24,-1.220528,36.890762
21000004911,in,25,-1.221497,36.889904
21000004911,in,26,-1.221497,36.889904
21000004911,in,27,-1.221691,36.889557
21000004911,in,28,-1.223461,36.887852
21000004911,in,29,-1.224695,36.886414
21000004911,in,30,-1.228945,36.880554
21000004911,in,31,-1.234804,36.873184
21000004911,in,32,-1.235367,36.872547
21000004911,in,33,-1.236354,36.871704
21000004911,in,34,-1.237325,36.871124
21000004911,in,35,-1.243069,36.868626
21000004911,in,36,-1.243535,36.868343
21000004911,in,37,-1.244627,36.867348
21000004911,in,38,-1.245971,36.865894
21000004911,in,39,-1.251944,36.860168
21000004911,in,40,-1.254573,36.857571
21000004911,in,41,-1.256576,36.855259
21000004911,in,42,-1.257378,36.854153
21000004911,in,43,-1.257764,36.853489
21000004911,in,44,-1.25801,36.852863
21000004911,in,45,-1.258102,36.852486
21000004911,in,46,-1.25819,36.851212
21000004911,in,47,-1.258204,36.848038
21000004911,in,48,-1.258228,36.847679
21000004911,in,49,-1.258397,36.847126
21000004911,in,50,-1.260719,36.842503
21000004911,in,51,-1.261277,36.841648
21000004911,in,52,-1.261979,36.840855
21000004911,in,53,-1.262735,36.839775
21000004911,in,54,-1.262735,36.839775
21000004911,in,55,-1.264336,36.837093
21000004911,in,56,-1.265012,36.836182
21000004911,in,57,-1.265509,36.835625
21000004911,in,58,-1.266265,36.834923
21000004911,in,59,-1.268238,36.833336
21000004911,in,60,-1.268925,36.832714
21000004911,in,61,-1.269157,36.832432
21000004911,in,62,-1.272107,36.827637
21000004911,in,63,-1.275028,36.823746
21000004911,in,64,-1.275469,36.823296
21000004911,in,65,-1.276156,36.82299
21000004911,in,66,-1.276744,36.822609
21000004911,in,67,-1.276744,36.822609
21000004911,in,68,-1.277303,36.821709
21000004911,in,69,-1.277641,36.821415
21000004911,in,70,-1.278007,36.821308
21000004911,in,71,-1.279198,36.821213
21000004911,in,72,-1.279756,36.821266
21000004911,in,73,-1.280126,36.821415
21000004911,in,74,-1.28039,36.821613
21000004911,in,75,-1.281019,36.82233
21000004911,in,76,-1.281019,36.82233
21000004911,in,77,-1.280993,36.82243
21000004911,in,78,-1.281099,36.822731
21000004911,in,79,-1.281361,36.822952
21000004911,in,80,-1.281403,36.823303
21000004911,in,81,-1.281323,36.823532
21000004911,in,82,-1.281313,36.823784
21000004911,in,83,-1.281356,36.825603
21000004911,in,84,-1.28152,36.825863
21000004911,in,85,-1.28152,36.825863
21000004911,in,86,-1.282469,36.825245
21000004911,in,87,-1.282915,36.824886
21000004911,in,88,-1.282915,36.824886
21000004911,in,89,-1.282756,36.824654
20400005311,out,0,-1.233788,36.872555
20400005311,out,1,-1.233107,36.873238
20400005311,out,2,-1.232861,36.87339
20400005311,out,3,-1.232861,36.87339
20400005311,out,4,-1.232451,36.873138
20400005311,out,5,-1.231585,36.87244
20400005311,out,6,-1.227648,36.869583
20400005311,out,7,-1.227648,36.869583
20400005311,out,8,-1.227284,36.870579
20400005311,out,9,-1.2259,36.873901
20400005311,out,10,-1.225748,36.874084
20400005311,out,11,-1.225194,36.874054
20400005311,out,12,-1.22297,36.872322
20400005311,out,13,-1.221749,36.871807
20400005311,out,14,-1.221749,36.871807
20400005311,out,15,-1.22147,36.872341
20400005311,out,16,-1.221296,36.872841
20400005311,out,17,-1.220997,36.873219
20400005311,out,18,-1.220687,36.873219
20400005311,out,19,-1.2196,36.872833
20400005311,out,20,-1.219317,36.872852
20400005311,out,21,-1.219089,36.872955
20400005311,out,22,-1.21891,36.873081
20400005311,out,23,-1.218759,36.873302
20400005311,out,24,-1.218315,36.874149
20400005311,out,25,-1.218093,36.874447
20400005311,out,26,-1.217778,36.874809
20400005311,out,27,-1.217255,36.875256
20400005311,out,28,-1.214454,36.876282
20400005311,out,29,-1.214242,36.876286
20400005311,out,30,-1.214012,36.876213
20400005311,out,31,-1.212294,36.875282
20400005311,out,32,-1.211066,36.874714
20400005311,out,33,-1.211066,36.874714
20400005311,out,34,-1.211183,36.874496
20400005311,out,35,-1.211183,36.874496
20400005311,out,36,-1.211091,36.874462
20400005311,in,0,-1.211091,36.874462
20400005311,in,1,-1.211183,36.874496
20400005311,in,2,-1.211183,36.874496
20400005311,in,3,-1.211066,36.874714
20400005311,in,4,-1.211066,36.874714
20400005311,in,5,-1.212294,36.875282
20400005311,in,6,-1.214012,36.876213
20400005311,in,7,-1.214242,36.876286
20400005311,in,8,-1.214454,36.876282
20400005311,in,9,-1.217255,36.875256
20400005311,in,10,-1.217778,36.874809
20400005311,in,11,-1.218093,36.874447
20400005311,in,12,-1.218315,36.874149
20400005311,in,13,-1.218759,36.873302
20400005311,in,14,-1.21891,36.873081
20400005311,in,15,-1.219089,36.872955
20400005311,in,16,-1.219317,36.872852
20400005311,in,17,-1.2196,36.872833
20400005311,in,18,-1.220687,36.873219
20400005311,in,19,-1.220997,36.873219
20400005311,in,20,-1.221296,36.872841
20400005311,in,21,-1.22147,36.872341
20400005311,in,22,-1.221749,36.871807
20400005311,in,23,-1.221749,36.871807
20400005311,in,24,-1.22297,36.872322
20400005311,in,25,-1.225194,36.874054
20400005311,in,26,-1.225748,36.874084
20400005311,in,27,-1.2259,36.873901
20400005311,in,28,-1.227486,36.870033
20400005311,in,29,-1.227517,36.869949
20400005311,in,30,-1.227648,36.869583
20400005311,in,31,-1.227648,36.869583
20400005311,in,32,-1.23277,36.873341
60201005611,out,0,-1.290613,36.82823
60201005611,out,1,-1.290581,36.82808
60201005611,out,2,-1.290484,36.827962
60201005611,out,3,-1.290366,36.827898
60201005611,out,4,-1.290237,36.827822
60201005611,out,5,-1.290034,36.827726
60201005611,out,6,-1.289894,36.827683
60201005611,out,7,-1.289744,36.827597
60201005611,out,8,-1.289594,36.827533
60201005611,out,9,-1.289465,36.827447
60201005611,out,10,-1.28942,36.827347
60201005611,out,11,-1.292658,36.821053
60201005611,out,12,-1.292658,36.821053
60201005611,out,13,-1.292799,36.820705
60201005611,out,14,-1.292786,36.820633
60201005611,out,15,-1.292786,36.820633
60201005611,out,16,-1.292885,36.820576
60201005611,out,17,-1.292937,36.820454
60201005611,out,18,-1.292914,36.820324
60201005611,out,19,-1.292825,36.820229
60201005611,out,20,-1.292601,36.820232
60201005611,out,21,-1.291565,36.819756
60201005611,out,22,-1.286807,36.817371
60201005611,out,23,-1.286807,36.817371
60201005611,out,24,-1.286721,36.817169
60201005611,out,25,-1.286778,36.816936
60201005611,out,26,-1.289285,36.811935
60201005611,out,27,-1.289504,36.810772
60201005611,out,28,-1.289645,36.810368
60201005611,out,29,-1.289645,36.810368
60201005611,out,30,-1.291604,36.806801
60201005611,out,31,-1.292395,36.805164
60201005611,out,32,-1.293459,36.80323
60201005611,out,33,-1.293701,36.802956
60201005611,out,34,-1.294137,36.802711
60201005611,out,35,-1.294897,36.80254
60201005611,out,36,-1.29514,36.802567
60201005611,out,37,-1.29514,36.802567
60201005611,out,38,-1.295284,36.802601
60201005611,out,39,-1.295404,36.802471
60201005611,out,40,-1.29535,36.802345
60201005611,out,41,-1.295251,36.802299
60201005611,out,42,-1.295278,36.801487
60201005611,out,43,-1.295207,36.800591
60201005611,out,44,-1.295276,36.800461
60201005611,out,45,-1.295187,36.799679
60201005611,out,46,-1.294838,36.798691
60201005611,out,47,-1.293988,36.795277
60201005611,out,48,-1.292251,36.787273
60201005611,out,49,-1.292324,36.784306
60201005611,out,50,-1.292817,36.774567
60201005611,out,51,-1.292817,36.774567
60201005611,out,52,-1.290315,36.774658
60201005611,out,53,-1.290315,36.774658
60201005611,out,54,-1.2902,36.77457
60201005611,out,55,-1.290141,36.774075
60201005611,out,56,-1.289353,36.753883
60201005611,out,57,-1.289266,36.753036
60201005611,out,58,-1.289266,36.753036
60201005611,out,59,-1.28809,36.753323
60201005611,out,60,-1.286828,36.753426
60201005611,out,61,-1.285889,36.753384
60201005611,out,62,-1.28481,36.753223
60201005611,out,63,-1.284355,36.753124
60201005611,out,64,-1.283309,36.752785
60201005611,out,65,-1.278279,36.750816
60201005611,in,0,-1.278279,36.750816
60201005611,in,1,-1.283309,36.752785
60201005611,in,2,-1.284355,36.753124
60201005611,in,3,-1.28481,36.753223
60201005611,in,4,-1.285889,36.753384
60201005611,in,5,-1.286828,36.753426
60201005611,in,6,-1.28809,36.753323
60201005611,in,7,-1.289266,36.753036
60201005611,in,8,-1.289266,36.753036
60201005611,in,9,-1.289353,36.753883
60201005611,in,10,-1.290138,36.773979
60201005611,in,11,-1.290121,36.774158
60201005611,in,12,-1.290007,36.774395
60201005611,in,13,-1.289997,36.774685
60201005611,in,14,-1.289997,36.774685
60201005611,in,15,-1.292817,36.774567
60201005611,in,16,-1.292817,36.774567
60201005611,in,17,-1.292324,36.784306
60201005611,in,18,-1.292251,36.787273
60201005611,in,19,-1.293654,36.793823
60201005611,in,20,-1.294883,36.798828
60201005611,in,21,-1.295122,36.800037
60201005611,in,22,-1.295127,36.800274
60201005611,in,23,-1.295053,36.800442
60201005611,in,24,-1.295107,36.800556
60201005611,in,25,-1.295207,36.800591
60201005611,in,26,-1.29525,36.800735
60201005611,in,27,-1.295251,36.802299
60201005611,in,28,-1.295251,36.802299
60201005611,in,29,-1.294944,36.80246
60201005611,in,30,-1.294068,36.802662
60201005611,in,31,-1.293722,36.802834
60201005611,in,32,-1.293408,36.803154
60201005611,in,33,-1.289896,36.80975
60201005611,in,34,-1.289612,36.810001
60201005611,in,35,-1.289475,36.810303
60201005611,in,36,-1.289475,36.810303
60201005611,in,37,-1.289246,36.811546
60201005611,in,38,-1.289326,36.811813
60201005611,in,39,-1.289433,36.811878
60201005611,in,40,-1.289562,36.811964
60201005611,in,41,-1.289628,36.812023
60201005611,in,42,-1.289798,36.812382
60201005611,in,43,-1.28984,36.813412
60201005611,in,44,-1.289968,36.81377
60201005611,in,45,-1.290535,36.814335
60201005611,in,46,-1.29093,36.81443
60201005611,in,47,-1.291138,36.814362
60201005611,in,48,-1.291311,36.814198
60201005611,in,49,-1.291567,36.813519
60201005611,in,50,-1.291731,36.813244
60201005611,in,51,-1.293454,36.812092
60201005611,in,52,-1.293454,36.812092
60201005611,in,53,-1.293733,36.812019
60201005611,in,54,-1.29471,36.812206
60201005611,in,55,-1.29471,36.812206
60201005611,in,56,-1.295284,36.812653
60201005611,in,57,-1.295284,36.812653
60201005611,in,58,-1.295026,36.813469
60201005611,in,59,-1.294708,36.814175
60201005611,in,60,-1.294418,36.814461
60201005611,in,61,-1.294067,36.814663
60201005611,in,62,-1.293883,36.814941
60201005611,in,63,-1.293516,36.816353
60201005611,in,64,-1.292844,36.819778
60201005611,in,65,-1.292667,36.820206
60201005611,in,66,-1.292667,36.820206
60201005611,in,67,-1.292552,36.820274
60201005611,in,68,-1.292494,36.820396
60201005611,in,69,-1.292516,36.820522
60201005611,in,70,-1.29261,36.820618
60201005611,in,71,-1.292572,36.820938
60201005611,in,72,-1.290668,36.824635
60201005611,in,73,-1.289849,36.826336
60201005611,in,74,-1.289332,36.827263
60201005611,in,75,-1.289175,36.827307
60201005611,in,76,-1.289057,36.827393
60201005611,in,77,-1.288982,36.827458
60201005611,in,78,-1.288972,36.827565
60201005611,in,79,-1.289004,36.827651
60201005611,in,80,-1.289068,36.827694
60201005611,in,81,-1.289154,36.827737
60201005611,in,82,-1.289261,36.827737
60201005611,in,83,-1.289358,36.827769
60201005611,in,84,-1.289422,36.82778
60201005611,in,85,-1.289519,36.827812
60201005611,in,86,-1.289604,36.827865
60201005611,in,87,-1.28968,36.827898
60201005611,in,88,-1.289776,36.82794
60201005611,in,89,-1.289873,36.827983
60201005611,in,90,-1.289948,36.828026
60201005611,in,91,-1.290044,36.828058
40601005811,out,0,-1.284676,36.826164
40601005811,out,1,-1.287716,36.82769
40601005811,out,2,-1.28777,36.827763
40601005811,out,3,-1.28786,36.827766
40601005811,out,4,-1.288712,36.828175
40601005811,out,5,-1.288712,36.828175
40601005811,out,6,-1.288673,36.828384
40601005811,out,7,-1.287919,36.829922
40601005811,out,8,-1.287799,36.830124
40601005811,out,9,-1.28763,36.830193
40601005811,out,10,-1.28767,36.830349
40601005811,out,11,-1.287628,36.830513
40601005811,out,12,-1.287284,36.831181
40601005811,out,13,-1.286949,36.831459
40601005811,out,14,-1.28577,36.832111
40601005811,out,15,-1.28577,36.832111
40601005811,out,16,-1.285566,36.83213
40601005811,out,17,-1.28544,36.832298
40601005811,out,18,-1.285494,36.832516
40601005811,out,19,-1.28541,36.833794
40601005811,out,20,-1.285532,36.833961
40601005811,out,21,-1.286025,36.834091
40601005811,out,22,-1.286163,36.83424
40601005811,out,23,-1.286944,36.836292
40601005811,out,24,-1.287382,36.837189
40601005811,out,25,-1.287733,36.838051
40601005811,out,26,-1.288545,36.839382
40601005811,out,27,-1.289299,36.840874
40601005811,out,28,-1.289551,36.841198
40601005811,out,29,-1.289966,36.8414
40601005811,out,30,-1.290339,36.841377
40601005811,out,31,-1.291266,36.841187
40601005811,out,32,-1.29162,36.841282
40601005811,out,33,-1.29162,36.841282
40601005811,out,34,-1.291892,36.841541
40601005811,out,35,-1.291999,36.841782
40601005811,out,36,-1.293454,36.848656
40601005811,out,37,-1.294088,36.851238
40601005811,out,38,-1.2941,36.852112
40601005811,out,39,-1.294497,36.852978
40601005811,out,40,-1.294927,36.854965
40601005811,out,41,-1.294982,36.855766
40601005811,out,42,-1.295235,36.856407
40601005811,out,43,-1.297852,36.869064
40601005811,out,44,-1.297882,36.869644
40601005811,out,45,-1.296876,36.87677
40601005811,out,46,-1.296876,36.87677
40601005811,out,47,-1.294689,36.87653
40601005811,out,48,-1.294689,36.87653
40601005811,out,49,-1.29443,36.878139
40601005811,out,50,-1.293768,36.881386
40601005811,out,51,-1.29361,36.881702
40601005811,out,52,-1.293355,36.881981
40601005811,out,53,-1.292292,36.882538
40601005811,out,54,-1.291758,36.882675
40601005811,out,55,-1.290824,36.882523
40601005811,out,56,-1.289573,36.882133
40601005811,out,57,-1.287875,36.881485
40601005811,out,58,-1.28611,36.880901
40601005811,in,0,-1.285957,36.880863
40601005811,in,1,-1.286426,36.880985
40601005811,in,2,-1.289573,36.882133
40601005811,in,3,-1.290824,36.882523
40601005811,in,4,-1.291758,36.882675
40601005811,in,5,-1.292292,36.882538
40601005811,in,6,-1.293355,36.881981
40601005811,in,7,-1.29361,36.881702
40601005811,in,8,-1.293768,36.881386
40601005811,in,9,-1.29443,36.878139
40601005811,in,10,-1.294689,36.87653
40601005811,in,11,-1.294689,36.87653
40601005811,in,12,-1.296876,36.87677
40601005811,in,13,-1.297002,36.876678
40601005811,in,14,-1.297002,36.876678
40601005811,in,15,-1.297298,36.87492
40601005811,in,16,-1.297999,36.869648
40601005811,in,17,-1.297972,36.869041
40601005811,in,18,-1.295384,36.856445
40601005811,in,19,-1.295314,36.855961
40601005811,in,20,-1.295328,36.855576
40601005811,in,21,-1.295162,36.855198
40601005811,in,22,-1.294322,36.851715
40601005811,in,23,-1.294295,36.851349
40601005811,in,24,-1.292142,36.841774
40601005811,in,25,-1.292119,36.841454
40601005811,in,26,-1.292194,36.841251
40601005811,in,27,-1.292194,36.841251
40601005811,in,28,-1.2923,36.84108
40601005811,in,29,-1.292276,36.840923
40601005811,in,30,-1.292152,36.84079
40601005811,in,31,-1.29198,36.840725
40601005811,in,32,-1.291736,36.840755
40601005811,in,33,-1.291221,36.841057
40601005811,in,34,-1.290124,36.841301
40601005811,in,35,-1.289766,36.841198
40601005811,in,36,-1.289492,36.84095
40601005811,in,37,-1.289128,36.840324
40601005811,in,38,-1.288671,36.839321
40601005811,in,39,-1.287457,36.837158
40601005811,in,40,-1.287045,36.836285
40601005811,in,41,-1.286021,36.833656
40601005811,in,42,-1.28591,36.833187
40601005811,in,43,-1.285855,36.832546
40601005811,in,44,-1.285855,36.832546
40601005811,in,45,-1.285935,36.832409
40601005811,in,46,-1.285908,36.832226
40601005811,in,47,-1.285817,36.832134
40601005811,in,48,-1.28568,36.8321
40601005811,in,49,-1.285631,36.831917
40601005811,in,50,-1.285056,36.831036
40601005811,in,51,-1.28505,36.830959
40601005811,in,52,-1.28505,36.830959
40601005811,in,53,-1.286658,36.83046
40601005811,in,54,-1.286658,36.83046
40601005811,in,55,-1.286243,36.829288
40601005811,in,56,-1.285279,36.828804
40601005811,in,57,-1.285279,36.828804
40601005811,in,58,-1.286227,36.826843
40601005811,in,59,-1.286227,36.826843
40601005811,in,60,-1.284481,36.825981
40601005811,in,61,-1.284481,36.825981
40601005811,in,62,-1.284439,36.826042
40102040511,out,0,-1.288484,36.834244
40102040511,out,1,-1.288468,36.833927
40102040511,out,2,-1.288468,36.833927
40102040511,out,3,-1.288666,36.834171
40102040511,out,4,-1.288663,36.834846
40102040511,out,5,-1.288843,36.835907
40102040511,out,6,-1.289003,36.836361
40102040511,out,7,-1.289228,36.836796
40102040511,out,8,-1.290381,36.838093
40102040511,out,9,-1.290918,36.838863
40102040511,out,10,-1.291386,36.839375
40102040511,out,11,-1.291736,36.840755
40102040511,out,12,-1.291736,36.840755
40102040511,out,13,-1.291524,36.840904
40102040511,out,14,-1.291513,36.841141
40102040511,out,15,-1.291714,36.841328
40102040511,out,16,-1.291993,36.841339
40102040511,out,17,-1.292194,36.841251
40102040511,out,18,-1.292277,36.841141
40102040511,out,19,-1.292494,36.841076
40102040511,out,20,-1.293846,36.84087
40102040511,out,21,-1.294564,36.840683
40102040511,out,22,-1.294936,36.840515
40102040511,out,23,-1.29562,36.840126
40102040511,out,24,-1.299304,36.837296
40102040511,out,25,-1.299662,36.837158
40102040511,out,26,-1.299662,36.837158
40102040511,out,27,-1.299855,36.83712
40102040511,out,28,-1.30011,36.837173
40102040511,out,29,-1.303074,36.838623
40102040511,out,30,-1.30406,36.839161
40102040511,out,31,-1.304131,36.839245
40102040511,out,32,-1.304249,36.839245
40102040511,out,33,-1.304943,36.839554
40102040511,out,34,-1.305099,36.839706
40102040511,out,35,-1.306319,36.84156
40102040511,out,36,-1.307278,36.842888
40102040511,out,37,-1.307283,36.843021
40102040511,out,38,-1.307398,36.843063
40102040511,out,39,-1.308089,36.844013
40102040511,out,40,-1.310774,36.848022
40102040511,out,41,-1.31138,36.849667
40102040511,out,42,-1.311437,36.850002
40102040511,out,43,-1.312537,36.853203
40102040511,out,44,-1.313216,36.855049
40102040511,out,45,-1.313201,36.855167
40102040511,out,46,-1.313326,36.85535
40102040511,out,47,-1.313471,36.855431
40102040511,out,48,-1.313471,36.855431
40102040511,out,49,-1.313569,36.855579
40102040511,out,50,-1.313724,36.856113
40102040511,out,51,-1.313776,36.856148
40102040511,out,52,-1.313921,36.856888
40102040511,out,53,-1.314392,36.858322
40102040511,out,54,-1.315407,36.861027
40102040511,out,55,-1.315864,36.86158
40102040511,out,56,-1.316412,36.862087
40102040511,out,57,-1.316848,36.862312
40102040511,out,58,-1.317548,36.862576
40102040511,out,59,-1.317755,36.862713
40102040511,out,60,-1.31795,36.862934
40102040511,out,61,-1.319333,36.865692
40102040511,out,62,-1.320068,36.866722
40102040511,out,63,-1.322191,36.869484
40102040511,out,64,-1.322856,36.870014
40102040511,out,65,-1.323528,36.870438
40102040511,out,66,-1.324129,36.870682
40102040511,out,67,-1.324753,36.870804
40102040511,out,68,-1.325742,36.870831
40102040511,out,69,-1.328127,36.870312
40102040511,out,70,-1.328432,36.870293
40102040511,in,0,-1.328432,36.870293
40102040511,in,1,-1.328127,36.870312
40102040511,in,2,-1.325742,36.870831
40102040511,in,3,-1.324753,36.870804
40102040511,in,4,-1.324129,36.870682
40102040511,in,5,-1.323528,36.870438
40102040511,in,6,-1.322856,36.870014
40102040511,in,7,-1.322191,36.869484
40102040511,in,8,-1.320068,36.866722
40102040511,in,9,-1.319333,36.865692
40102040511,in,10,-1.31795,36.862934
40102040511,in,11,-1.317755,36.862713
40102040511,in,12,-1.317548,36.862576
40102040511,in,13,-1.316848,36.862312
40102040511,in,14,-1.316412,36.862087
40102040511,in,15,-1.315864,36.86158
40102040511,in,16,-1.315407,36.861027
40102040511,in,17,-1.315068,36.860195
40102040511,in,18,-1.314021,36.857235
40102040511,in,19,-1.313776,36.856148
40102040511,in,20,-1.313776,36.856148
40102040511,in,21,-1.313865,36.855618
40102040511,in,22,-1.314003,36.855259
40102040511,in,23,-1.314003,36.855259
40102040511,in,24,-1.314457,36.854855
40102040511,in,25,-1.314457,36.854855
40102040511,in,26,-1.314754,36.854267
40102040511,in,27,-1.314769,36.853836
40102040511,in,28,-1.314633,36.85342
40102040511,in,29,-1.312381,36.85075
40102040511,in,30,-1.31138,36.849667
40102040511,in,31,-1.310774,36.848022
40102040511,in,32,-1.307901,36.843742
40102040511,in,33,-1.307471,36.84288
40102040511,in,34,-1.307383,36.842834
40102040511,in,35,-1.305148,36.839596
40102040511,in,36,-1.304859,36.839378
40102040511,in,37,-1.304336,36.839127
40102040511,in,38,-1.304271,36.838989
40102040511,in,39,-1.304126,36.838997
40102040511,in,40,-1.303261,36.838585
40102040511,in,41,-1.300187,36.837009
40102040511,in,42,-1.29998,36.836834
40102040511,in,43,-1.29998,36.836834
40102040511,in,44,-1.299844,36.836605
40102040511,in,45,-1.299671,36.836575
40102040511,in,46,-1.299525,36.836632
40102040511,in,47,-1.299427,36.836761
40102040511,in,48,-1.299399,36.836895
40102040511,in,49,-1.298356,36.837818
40102040511,in,50,-1.296984,36.838833
40102040511,in,51,-1.295635,36.839924
40102040511,in,52,-1.294871,36.840408
40102040511,in,53,-1.293702,36.840717
40102040511,in,54,-1.292255,36.840885
40102040511,in,55,-1.292255,36.840885
40102040511,in,56,-1.292022,36.840733
40102040511,in,57,-1.291736,36.840755
40102040511,in,58,-1.291386,36.839375
40102040511,in,59,-1.290918,36.838863
40102040511,in,60,-1.290381,36.838093
40102040511,in,61,-1.289228,36.836796
40102040511,in,62,-1.288862,36.835979
20100010011,out,0,-1.2852,36.83144
20100010011,out,1,-1.285527,36.831921
20100010011,out,2,-1.285566,36.83213
20100010011,out,3,-1.285566,36.83213
20100010011,out,4,-1.28398,36.833084
20100010011,out,5,-1.28345,36.833248
20100010011,out,6,-1.282975,36.833302
20100010011,out,7,-1.282282,36.833282
20100010011,out,8,-1.282035,36.833199
20100010011,out,9,-1.281435,36.832821
20100010011,out,10,-1.281011,36.832355
20100010011,out,11,-1.281011,36.832355
20100010011,out,12,-1.281019,36.832207
20100010011,out,13,-1.280953,36.8321
20100010011,out,14,-1.280776,36.832001
20100010011,out,15,-1.280561,36.83197
20100010011,out,16,-1.278644,36.830486
20100010011,out,17,-1.278323,36.830437
20100010011,out,18,-1.278323,36.830437
20100010011,out,19,-1.278264,36.830242
20100010011,out,20,-1.278073,36.830193
20100010011,out,21,-1.277923,36.830349
20100010011,out,22,-1.277938,36.830475
20100010011,out,23,-1.278025,36.830566
20100010011,out,24,-1.275981,36.831173
20100010011,out,25,-1.269482,36.832848
20100010011,out,26,-1.269482,36.832848
20100010011,out,27,-1.27034,36.835999
20100010011,out,28,-1.27033,36.836273
20100010011,out,29,-1.270184,36.836914
20100010011,out,30,-1.270184,36.836914
20100010011,out,31,-1.269943,36.8368
20100010011,out,32,-1.268524,36.835728
20100010011,out,33,-1.268524,36.835728
20100010011,out,34,-1.268436,36.835533
20100010011,out,35,-1.268189,36.835327
20100010011,out,36,-1.267085,36.834526
20100010011,out,37,-1.266677,36.834515
20100010011,out,38,-1.265904,36.835087
20100010011,out,39,-1.265904,36.835087
20100010011,out,40,-1.264883,36.836166
20100010011,out,41,-1.264232,36.837017
20100010011,out,42,-1.262969,36.839069
20100010011,out,43,-1.262969,36.839069
20100010011,out,44,-1.26205,36.839897
20100010011,out,45,-1.26205,36.839897
20100010011,out,46,-1.262142,36.840023
20100010011,out,47,-1.262106,36.840157
20100010011,out,48,-1.262009,36.840214
20100010011,out,49,-1.261912,36.840202
20100010011,out,50,-1.261813,36.840046
20100010011,out,51,-1.261692,36.840332
20100010011,out,52,-1.261529,36.840542
20100010011,out,53,-1.261529,36.840542
20100010011,out,54,-1.259603,36.842369
20100010011,out,55,-1.256747,36.843159
20100010011,out,56,-1.256029,36.843464
20100010011,out,57,-1.249338,36.847095
20100010011,out,58,-1.249037,36.847191
20100010011,out,59,-1.248488,36.847187
20100010011,out,60,-1.248069,36.847084
20100010011,out,61,-1.247643,36.846851
20100010011,out,62,-1.246791,36.846062
20100010011,out,63,-1.246424,36.845844
20100010011,out,64,-1.244069,36.844723
20100010011,out,65,-1.243518,36.844563
20100010011,out,66,-1.233101,36.843456
20100010011,out,67,-1.23253,36.843334
20100010011,out,68,-1.231988,36.843098
20100010011,out,69,-1.231667,36.842892
20100010011,out,70,-1.231207,36.842278
20100010011,out,71,-1.230471,36.841591
20100010011,out,72,-1.229435,36.840881
20100010011,out,73,-1.225651,36.839066
20100010011,out,74,-1.224295,36.83836
20100010011,out,75,-1.223542,36.837765
20100010011,out,76,-1.221788,36.83606
20100010011,out,77,-1.220938,36.835537
20100010011,out,78,-1.220578,36.835434
20100010011,out,79,-1.219704,36.83551
20100010011,out,80,-1.218614,36.835819
20100010011,out,81,-1.217865,36.835911
20100010011,out,82,-1.216861,36.835762
20100010011,out,83,-1.211888,36.833649
20100010011,out,84,-1.21048,36.833103
20100010011,out,85,-1.209074,36.833035
20100010011,out,86,-1.20855,36.832932
20100010011,out,87,-1.207048,36.832058
20100010011,out,88,-1.206811,36.831982
20100010011,out,89,-1.20636,36.831944
20100010011,out,90,-1.205831,36.832043
20100010011,out,91,-1.205388,36.83223
20100010011,out,92,-1.198662,36.835892
20100010011,out,93,-1.197894,36.836456
20100010011,out,94,-1.194599,36.839294
20100010011,out,95,-1.194041,36.839672
20100010011,out,96,-1.193633,36.839859
20100010011,out,97,-1.193008,36.839993
20100010011,out,98,-1.192655,36.839996
20100010011,out,99,-1.191978,36.839893
20100010011,out,100,-1.181854,36.838261
20100010011,out,101,-1.178844,36.837399
20100010011,out,102,-1.177802,36.837048
20100010011,out,103,-1.177386,36.836857
20100010011,out,104,-1.176673,36.836395
20100010011,out,105,-1.176262,36.835987
20100010011,out,106,-1.175489,36.835011
20100010011,out,107,-1.17388,36.832661
20100010011,out,108,-1.172014,36.829693
20100010011,out,109,-1.170981,36.828152
20100010011,out,110,-1.170627,36.827808
20100010011,out,111,-1.170155,36.827461
20100010011,out,112,-1.168437,36.826305
20100010011,in,0,-1.168437,36.826305
20100010011,in,1,-1.166919,36.825214
20100010011,in,2,-1.166919,36.825214
20100010011,in,3,-1.167132,36.825001
20100010011,in,4,-1.167593,36.824734
20100010011,in,5,-1.167861,36.824627
20100010011,in,6,-1.168134,36.82465
20100010011,in,7,-1.168702,36.824875
20100010011,in,8,-1.169099,36.825279
20100010011,in,9,-1.169453,36.82579
20100010011,in,10,-1.17016,36.826221
20100010011,in,11,-1.170936,36.826195
20100010011,in,12,-1.171236,36.826077
20100010011,in,13,-1.171396,36.826077
20100010011,in,14,-1.173014,36.826729
20100010011,in,15,-1.173728,36.827728
20100010011,in,16,-1.174112,36.828045
20100010011,in,17,-1.174852,36.828918
20100010011,in,18,-1.175098,36.829407
20100010011,in,19,-1.17538,36.830532
20100010011,in,20,-1.17562,36.832024
20100010011,in,21,-1.175002,36.834335
20100010011,in,22,-1.175002,36.834335
20100010011,in,23,-1.175871,36.835522
20100010011,in,24,-1.176673,36.836395
20100010011,in,25,-1.177386,36.836857
20100010011,in,26,-1.177802,36.837048
20100010011,in,27,-1.178844,36.837399
20100010011,in,28,-1.181854,36.838261
20100010011,in,29,-1.191978,36.839893
20100010011,in,30,-1.192655,36.839996
20100010011,in,31,-1.193008,36.839993
20100010011,in,32,-1.193857,36.839771
20100010011,in,33,-1.194599,36.839294
20100010011,in,34,-1.197894,36.836456
20100010011,in,35,-1.198662,36.835892
20100010011,in,36,-1.205388,36.83223
20100010011,in,37,-1.206129,36.831959
20100010011,in,38,-1.206811,36.831982
20100010011,in,39,-1.207265,36.832165
20100010011,in,40,-1.20855,36.832932
20100010011,in,41,-1.209074,36.833035
20100010011,in,42,-1.21048,36.833103
20100010011,in,43,-1.211888,36.833649
20100010011,in,44,-1.216861,36.835762
20100010011,in,45,-1.217865,36.835911
20100010011,in,46,-1.218614,36.835819
20100010011,in,47,-1.219704,36.83551
20100010011,in,48,-1.220578,36.835434
20100010011,in,49,-1.220938,36.835537
20100010011,in,50,-1.221788,36.83606
20100010011,in,51,-1.223542,36.837765
20100010011,in,52,-1.224295,36.83836
20100010011,in,53,-1.225651,36.839066
20100010011,in,54,-1.229435,36.840881
20100010011,in,55,-1.230471,36.841591
20100010011,in,56,-1.231207,36.842278
20100010011,in,57,-1.231667,36.842892
20100010011,in,58,-1.231988,36.843098
20100010011,in,59,-1.23253,36.843334
20100010011,in,60,-1.233101,36.843456
20100010011,in,61,-1.243518,36.844563
20100010011,in,62,-1.244069,36.844723
20100010011,in,63,-1.246424,36.845844
20100010011,in,64,-1.246791,36.846062
20100010011,in,65,-1.247643,36.846851
20100010011,in,66,-1.248069,36.847084
20100010011,in,67,-1.24872,36.847221
20100010011,in,68,-1.249037,36.847191
20100010011,in,69,-1.249338,36.847095
20100010011,in,70,-1.256029,36.843464
20100010011,in,71,-1.256747,36.843159
20100010011,in,72,-1.259992,36.842247
20100010011,in,73,-1.259992,36.842247
20100010011,in,74,-1.261355,36.841751
20100010011,in,75,-1.262003,36.841122
20100010011,in,76,-1.262474,36.840778
20100010011,in,77,-1.262474,36.840778
20100010011,in,78,-1.26251,36.840527
20100010011,in,79,-1.262332,36.840385
20100010011,in,80,-1.262332,36.840385
20100010011,in,81,-1.262735,36.839775
20100010011,in,82,-1.262735,36.839775
20100010011,in,83,-1.264366,36.83707
20100010011,in,84,-1.265031,36.83617
20100010011,in,85,-1.265514,36.835629
20100010011,in,86,-1.266254,36.834942
20100010011,in,87,-1.266994,36.834351
20100010011,in,88,-1.266994,36.834351
20100010011,in,89,-1.267053,36.834377
20100010011,in,90,-1.267211,36.834282
20100010011,in,91,-1.267211,36.834282
20100010011,in,92,-1.268785,36.833
20100010011,in,93,-1.269154,36.832592
20100010011,in,94,-1.269154,36.832592
20100010011,in,95,-1.269396,36.832703
20100010011,in,96,-1.269482,36.832848
20100010011,in,97,-1.269482,36.832848
20100010011,in,98,-1.275981,36.831173
20100010011,in,99,-1.278025,36.830566
20100010011,in,100,-1.278025,36.830566
20100010011,in,101,-1.27821,36.830574
20100010011,in,102,-1.278323,36.830437
20100010011,in,103,-1.278644,36.830486
20100010011,in,104,-1.280561,36.83197
20100010011,in,105,-1.280561,36.83197
20100010011,in,106,-1.280466,36.831978
20100010011,in,107,-1.280376,36.8321
20100010011,in,108,-1.280372,36.832378
20100010011,in,109,-1.28049,36.832466
20100010011,in,110,-1.280815,36.8325
20100010011,in,111,-1.280999,36.83239
20100010011,in,112,-1.281007,36.832161
20100010011,in,113,-1.28486,36.831009
20100010011,in,114,-1.28486,36.831009
20100010011,in,115,-1.284967,36.831074
20100010011,in,116,-1.2852,36.83144
70600010211,out,0,-1.29048,36.827999
70600010211,out,1,-1.291455,36.828468
70600010211,out,2,-1.291455,36.828468
70600010211,out,3,-1.291317,36.828754
70600010211,out,4,-1.289362,36.827744
70600010211,out,5,-1.289362,36.827744
70600010211,out,6,-1.289452,36.827572
70600010211,out,7,-1.289384,36.827415
70600010211,out,8,-1.292658,36.821053
70600010211,out,9,-1.292658,36.821053
70600010211,out,10,-1.292799,36.820705
70600010211,out,11,-1.292786,36.820633
70600010211,out,12,-1.292786,36.820633
70600010211,out,13,-1.292933,36.820477
70600010211,out,14,-1.292924,36.820343
70600010211,out,15,-1.292791,36.820175
70600010211,out,16,-1.293516,36.816353
70600010211,out,17,-1.29384,36.815079
70600010211,out,18,-1.294067,36.814663
70600010211,out,19,-1.294579,36.81432
70600010211,out,20,-1.294796,36.81403
70600010211,out,21,-1.295284,36.812653
70600010211,out,22,-1.29545,36.810959
70600010211,out,23,-1.295454,36.809624
70600010211,out,24,-1.295454,36.809624
70600010211,out,25,-1.296895,36.807384
70600010211,out,26,-1.297814,36.803425
70600010211,out,27,-1.298116,36.802998
70600010211,out,28,-1.297959,36.80241
70600010211,out,29,-1.298019,36.801781
70600010211,out,30,-1.298564,36.79932
70600010211,out,31,-1.299293,36.795574
70600010211,out,32,-1.300059,36.779697
70600010211,out,33,-1.300175,36.779663
70600010211,out,34,-1.300252,36.779526
70600010211,out,35,-1.300189,36.779381
70600010211,out,36,-1.300056,36.779324
70600010211,out,37,-1.300487,36.770927
70600010211,out,38,-1.300466,36.769653
70600010211,out,39,-1.300402,36.768932
70600010211,out,40,-1.299107,36.762836
70600010211,out,41,-1.299147,36.762356
70600010211,out,42,-1.299245,36.761997
70600010211,out,43,-1.299098,36.761089
70600010211,out,44,-1.299126,36.76062
70600010211,out,45,-1.299023,36.760509
70600010211,out,46,-1.298851,36.760483
70600010211,out,47,-1.298851,36.760483
70600010211,out,48,-1.298661,36.760406
70600010211,out,49,-1.298527,36.760227
70600010211,out,50,-1.29798,36.757702
70600010211,out,51,-1.297669,36.757084
70600010211,out,52,-1.297237,36.756676
70600010211,out,53,-1.295534,36.755699
70600010211,out,54,-1.295071,36.755348
70600010211,out,55,-1.294338,36.754581
70600010211,out,56,-1.293252,36.753262
70600010211,out,57,-1.292943,36.752506
70600010211,out,58,-1.291563,36.747562
70600010211,out,59,-1.291408,36.747257
70600010211,out,60,-1.285656,36.738945
70600010211,out,61,-1.285084,36.738266
70600010211,out,62,-1.284617,36.737885
70600010211,out,63,-1.284617,36.737885
70600010211,out,64,-1.284703,36.737568
70600010211,out,65,-1.284625,36.737072
70600010211,out,66,-1.28428,36.73621
70600010211,out,67,-1.283814,36.734753
70600010211,out,68,-1.283623,36.733597
70600010211,out,69,-1.283792,36.731895
70600010211,out,70,-1.28402,36.730385
70600010211,out,71,-1.284056,36.729889
70600010211,out,72,-1.284011,36.728981
70600010211,out,73,-1.283333,36.726727
70600010211,out,74,-1.282951,36.725666
70600010211,out,75,-1.282791,36.724926
70600010211,out,76,-1.282446,36.723854
70600010211,out,77,-1.281911,36.722271
70600010211,out,78,-1.28159,36.721512
70600010211,out,79,-1.281303,36.720478
70600010211,out,80,-1.280574,36.7187
70600010211,out,81,-1.280439,36.718433
70600010211,out,82,-1.280095,36.718014
70600010211,out,83,-1.279011,36.717136
70600010211,out,84,-1.2789,36.716957
70600010211,out,85,-1.278815,36.716557
70600010211,out,86,-1.278943,36.71479
70600010211,out,87,-1.279126,36.713749
70600010211,out,88,-1.279418,36.712772
70600010211,out,89,-1.279874,36.711628
70600010211,out,90,-1.280331,36.709686
70600010211,out,91,-1.28066,36.708813
70600010211,out,92,-1.280998,36.708248
70600010211,out,93,-1.281196,36.707733
70600010211,out,94,-1.281944,36.706375
70600010211,out,95,-1.282033,36.706017
70600010211,out,96,-1.282056,36.705658
70600010211,out,97,-1.281978,36.705143
70600010211,out,98,-1.281349,36.703831
70600010211,out,99,-1.281305,36.703312
70600010211,out,100,-1.281433,36.702461
70600010211,out,101,-1.281605,36.701912
70600010211,out,102,-1.282092,36.701015
70600010211,out,103,-1.282433,36.699875
70600010211,out,104,-1.282486,36.699211
70600010211,out,105,-1.282466,36.698994
70600010211,out,106,-1.28221,36.698166
70600010211,out,107,-1.281937,36.696499
70600010211,out,108,-1.281727,36.696075
70600010211,out,109,-1.281299,36.694935
70600010211,out,110,-1.280924,36.693546
70600010211,out,111,-1.280937,36.693367
70600010211,out,112,-1.281359,36.692566
70600010211,out,113,-1.281428,36.692261
70600010211,out,114,-1.281401,36.691952
70600010211,out,115,-1.28122,36.691563
70600010211,out,116,-1.280938,36.691116
70600010211,out,117,-1.280554,36.690643
70600010211,out,118,-1.278256,36.688061
70600010211,out,119,-1.276866,36.686676
70600010211,out,120,-1.275647,36.685707
70600010211,out,121,-1.273406,36.684166
70600010211,out,122,-1.272206,36.683205
70600010211,out,123,-1.270487,36.681644
70600010211,out,124,-1.269143,36.680138
70600010211,out,125,-1.267699,36.678135
70600010211,out,126,-1.267057,36.67712
70600010211,out,127,-1.266343,36.675781
70600010211,out,128,-1.264892,36.672634
70600010211,out,129,-1.264383,36.671719
70600010211,out,130,-1.263749,36.670818
70600010211,out,131,-1.262966,36.669903
70600010211,out,132,-1.26263,36.669556
70600010211,out,133,-1.2619,36.668941
70600010211,out,134,-1.261089,36.66835
70600010211,out,135,-1.260484,36.66798
70600010211,out,136,-1.259715,36.667568
70600010211,out,137,-1.258887,36.66721
70600010211,out,138,-1.252205,36.665127
70600010211,out,139,-1.250602,36.664856
70600010211,out,140,-1.24931,36.664795
70600010211,out,141,-1.248592,36.664818
70600010211,out,142,-1.246258,36.665066
70600010211,in,0,-1.246551,36.665035
70600010211,in,1,-1.248592,36.664818
70600010211,in,2,-1.249843,36.664806
70600010211,in,3,-1.251171,36.664932
70600010211,in,4,-1.252447,36.665188
70600010211,in,5,-1.258887,36.66721
70600010211,in,6,-1.259715,36.667568
70600010211,in,7,-1.260484,36.66798
70600010211,in,8,-1.261089,36.66835
70600010211,in,9,-1.2619,36.668941
70600010211,in,10,-1.26263,36.669556
70600010211,in,11,-1.262966,36.669903
70600010211,in,12,-1.263749,36.670818
70600010211,in,13,-1.264383,36.671719
70600010211,in,14,-1.264892,36.672634
70600010211,in,15,-1.266343,36.675781
70600010211,in,16,-1.267057,36.67712
70600010211,in,17,-1.267699,36.678135
70600010211,in,18,-1.269143,36.680138
70600010211,in,19,-1.270487,36.681644
70600010211,in,20,-1.272206,36.683205
70600010211,in,21,-1.273406,36.684166
70600010211,in,22,-1.275647,36.685707
70600010211,in,23,-1.276866,36.686676
70600010211,in,24,-1.278256,36.688061
70600010211,in,25,-1.280554,36.690643
70600010211,in,26,-1.280938,36.691116
70600010211,in,27,-1.28122,36.691563
70600010211,in,28,-1.281401,36.691952
70600010211,in,29,-1.281428,36.692261
70600010211,in,30,-1.281359,36.692566
70600010211,in,31,-1.280937,36.693367
70600010211,in,32,-1.280924,36.693546
70600010211,in,33,-1.281299,36.694935
70600010211,in,34,-1.281727,36.696075
70600010211,in,35,-1.281937,36.696499
70600010211,in,36,-1.28221,36.698166
70600010211,in,37,-1.282466,36.698994
70600010211,in,38,-1.282486,36.699211
70600010211,in,39,-1.282433,36.699875
70600010211,in,40,-1.282092,36.701015
70600010211,in,41,-1.281605,36.701912
70600010211,in,42,-1.281433,36.702461
70600010211,in,43,-1.281305,36.703312
70600010211,in,44,-1.281349,36.703831
70600010211,in,45,-1.281978,36.705143
70600010211,in,46,-1.282056,36.705658
70600010211,in,47,-1.282033,36.706017
70600010211,in,48,-1.281944,36.706375
70600010211,in,49,-1.281196,36.707733
70600010211,in,50,-1.280998,36.708248
70600010211,in,51,-1.28066,36.708813
70600010211,in,52,-1.280331,36.709686
70600010211,in,53,-1.279874,36.711628
70600010211,in,54,-1.279418,36.712772
70600010211,in,55,-1.279126,36.713749
70600010211,in,56,-1.278943,36.71479
70600010211,in,57,-1.278815,36.716557
70600010211,in,58,-1.2789,36.716957
70600010211,in,59,-1.279011,36.717136
70600010211,in,60,-1.280095,36.718014
70600010211,in,61,-1.280439,36.718433
70600010211,in,62,-1.280574,36.7187
70600010211,in,63,-1.281303,36.720478
70600010211,in,64,-1.28159,36.721512
70600010211,in,65,-1.281911,36.722271
70600010211,in,66,-1.282446,36.723854
70600010211,in,67,-1.282791,36.724926
70600010211,in,68,-1.282951,36.725666
70600010211,in,69,-1.283333,36.726727
70600010211,in,70,-1.284011,36.728981
70600010211,in,71,-1.284056,36.729889
70600010211,in,72,-1.28402,36.730385
70600010211,in,73,-1.283792,36.731895
70600010211,in,74,-1.283623,36.733597
70600010211,in,75,-1.283814,36.734753
70600010211,in,76,-1.28428,36.73621
70600010211,in,77,-1.284625,36.737072
70600010211,in,78,-1.284703,36.737568
70600010211,in,79,-1.284617,36.737885
70600010211,in,80,-1.284617,36.737885
70600010211,in,81,-1.285084,36.738266
70600010211,in,82,-1.285656,36.738945
70600010211,in,83,-1.291408,36.747257
70600010211,in,84,-1.291563,36.747562
70600010211,in,85,-1.293042,36.752827
70600010211,in,86,-1.293389,36.753471
70600010211,in,87,-1.294338,36.754581
70600010211,in,88,-1.295071,36.755348
70600010211,in,89,-1.295534,36.755699
70600010211,in,90,-1.297237,36.756676
70600010211,in,91,-1.297457,36.756847
70600010211,in,92,-1.297752,36.757206
70600010211,in,93,-1.297899,36.757477
70600010211,in,94,-1.298032,36.757896
70600010211,in,95,-1.298926,36.761898
70600010211,in,96,-1.298926,36.761898
70600010211,in,97,-1.300402,36.768932
70600010211,in,98,-1.300466,36.769653
70600010211,in,99,-1.300487,36.770927
70600010211,in,100,-1.300056,36.779324
70600010211,in,101,-1.299927,36.779385
70600010211,in,102,-1.299871,36.779491
70600010211,in,103,-1.299916,36.779629
70600010211,in,104,-1.300059,36.779697
70600010211,in,105,-1.299293,36.795574
70600010211,in,106,-1.298564,36.79932
70600010211,in,107,-1.298019,36.801781
70600010211,in,108,-1.297959,36.80241
70600010211,in,109,-1.297724,36.802944
70600010211,in,110,-1.297814,36.803425
70600010211,in,111,-1.296895,36.807384
70600010211,in,112,-1.29606,36.808739
70600010211,in,113,-1.294522,36.811047
70600010211,in,114,-1.293981,36.811653
70600010211,in,115,-1.293981,36.811653
70600010211,in,116,-1.293871,36.811867
70600010211,in,117,-1.293914,36.812008
70600010211,in,118,-1.29471,36.812206
70600010211,in,119,-1.29471,36.812206
70600010211,in,120,-1.295284,36.812653
70600010211,in,121,-1.295284,36.812653
70600010211,in,122,-1.295026,36.813469
70600010211,in,123,-1.294708,36.814175
70600010211,in,124,-1.294418,36.814461
70600010211,in,125,-1.294067,36.814663
70600010211,in,126,-1.293883,36.814941
70600010211,in,127,-1.293516,36.816353
70600010211,in,128,-1.292785,36.82021
70600010211,in,129,-1.292785,36.82021
70600010211,in,130,-1.292601,36.820232
70600010211,in,131,-1.292506,36.820347
70600010211,in,132,-1.292507,36.820503
70600010211,in,133,-1.29261,36.820618
70600010211,in,134,-1.292572,36.820938
70600010211,in,135,-1.291871,36.822311
70600010211,in,136,-1.291871,36.822311
70600010211,in,137,-1.291648,36.822472
70600010211,in,138,-1.290845,36.823971
70600010211,in,139,-1.290845,36.823971
70600010211,in,140,-1.290843,36.824295
70600010211,in,141,-1.290843,36.824295
70600010211,in,142,-1.289849,36.826336
70600010211,in,143,-1.289283,36.827343
70600010211,in,144,-1.289283,36.827343
70600010211,in,145,-1.289117,36.827339
70600010211,in,146,-1.288972,36.827473
70600010211,in,147,-1.288969,36.827637
70600010211,in,148,-1.289089,36.827763
70600010211,in,149,-1.289213,36.827789
70600010211,in,150,-1.289362,36.827744
70600010211,in,151,-1.289443,36.827614
70600010211,in,152,-1.289441,36.827499
70600010211,in,153,-1.290887,36.828194
70000010311,out,0,-1.298477,36.76001
70000010311,out,1,-1.29798,36.757702
70000010311,out,2,-1.297669,36.757084
70000010311,out,3,-1.297237,36.756676
70000010311,out,4,-1.295534,36.755699
70000010311,out,5,-1.295071,36.755348
70000010311,out,6,-1.294338,36.754581
70000010311,out,7,-1.293252,36.753262
70000010311,out,8,-1.292943,36.752506
70000010311,out,9,-1.291563,36.747562
70000010311,out,10,-1.291408,36.747257
70000010311,out,11,-1.285411,36.738632
70000010311,out,12,-1.285084,36.738266
70000010311,out,13,-1.284392,36.737713
70000010311,out,14,-1.28405,36.737518
70000010311,out,15,-1.283465,36.737297
70000010311,out,16,-1.281086,36.736729
70000010311,out,17,-1.280244,36.736267
70000010311,out,18,-1.279492,36.735962
70000010311,out,19,-1.279211,36.735912
70000010311,out,20,-1.277681,36.73587
70000010311,out,21,-1.277198,36.735725
70000010311,out,22,-1.276546,36.735054
70000010311,out,23,-1.275987,36.73418
70000010311,out,24,-1.275708,36.733864
70000010311,out,25,-1.27379,36.732918
70000010311,out,26,-1.272947,36.732407
70000010311,out,27,-1.272823,36.732231
70000010311,out,28,-1.272655,36.731773
70000010311,out,29,-1.27234,36.730618
70000010311,out,30,-1.272101,36.730148
70000010311,out,31,-1.270117,36.727718
70000010311,out,32,-1.268123,36.724609
70000010311,out,33,-1.266804,36.723137
70000010311,out,34,-1.266139,36.722267
70000010311,out,35,-1.265632,36.721752
70000010311,out,36,-1.265445,36.72131
70000010311,out,37,-1.265445,36.72131
70000010311,out,38,-1.265427,36.72113
70000010311,out,39,-1.265337,36.720963
70000010311,out,40,-1.26518,36.720852
70000010311,out,41,-1.264984,36.720814
70000010311,out,42,-1.264611,36.720535
70000010311,out,43,-1.261661,36.717155
70000010311,out,44,-1.261331,36.716881
70000010311,out,45,-1.26082,36.716591
70000010311,out,46,-1.26082,36.716591
70000010311,out,47,-1.261052,36.715645
70000010311,out,48,-1.261034,36.714417
70000010311,out,49,-1.260907,36.713512
70000010311,out,50,-1.259506,36.705791
70000010311,out,51,-1.258681,36.703251
70000010311,out,52,-1.258681,36.703251
70000010311,out,53,-1.255272,36.69355
70000010311,out,54,-1.25448,36.691505
70000010311,out,55,-1.253683,36.690224
70000010311,out,56,-1.246917,36.680637
70000010311,out,57,-1.246498,36.680138
70000010311,out,58,-1.246112,36.67979
70000010311,out,59,-1.242196,36.676441
70000010311,out,60,-1.241694,36.676132
70000010311,out,61,-1.237284,36.673798
70000010311,out,62,-1.236356,36.673222
70000010311,out,63,-1.235565,36.672405
70000010311,out,64,-1.234669,36.671192
70000010311,out,65,-1.234669,36.671192
70000010311,out,66,-1.234679,36.671097
70000010311,out,67,-1.234542,36.670792
70000010311,out,68,-1.234556,36.670612
70000010311,out,69,-1.234648,36.67041
70000010311,out,70,-1.23482,36.670212
70000010311,out,71,-1.235215,36.669891
70000010311,out,72,-1.235412,36.669434
70000010311,out,73,-1.235524,36.668594
70000010311,out,74,-1.235513,36.668289
70000010311,out,75,-1.23539,36.668003
70000010311,out,76,-1.23539,36.668003
70000010311,out,77,-1.234876,36.66835
70000010311,out,78,-1.234876,36.66835
70000010311,out,79,-1.233204,36.66943
70000010311,out,80,-1.232798,36.669815
70000010311,out,81,-1.232506,36.669949
70000010311,out,82,-1.231598,36.670952
70000010311,out,83,-1.231222,36.671673
70000010311,out,84,-1.231062,36.672218
70000010311,out,85,-1.230831,36.673367
70000010311,out,86,-1.230669,36.674644
70000010311,out,87,-1.229761,36.68779
70000010311,out,88,-1.229601,36.689384
70000010311,out,89,-1.229377,36.690971
70000010311,out,90,-1.228998,36.693302
70000010311,out,91,-1.228694,36.694725
70000010311,out,92,-1.227769,36.6982
70000010311,out,93,-1.226638,36.70166
70000010311,out,94,-1.225565,36.704311
70000010311,out,95,-1.2245,36.706631
70000010311,out,96,-1.222451,36.710499
70000010311,out,97,-1.222164,36.710918
70000010311,out,98,-1.221785,36.711327
70000010311,out,99,-1.220894,36.712032
70000010311,out,100,-1.21982,36.712486
70000010311,out,101,-1.219235,36.712605
70000010311,in,0,-1.219235,36.712605
70000010311,in,1,-1.21982,36.712486
70000010311,in,2,-1.220894,36.712032
70000010311,in,3,-1.221785,36.711327
70000010311,in,4,-1.222164,36.710918
70000010311,in,5,-1.222451,36.710499
70000010311,in,6,-1.224305,36.707016
70000010311,in,7,-1.225238,36.70507
70000010311,in,8,-1.226638,36.70166
70000010311,in,9,-1.227508,36.699055
70000010311,in,10,-1.228068,36.697144
70000010311,in,11,-1.228694,36.694725
70000010311,in,12,-1.228998,36.693302
70000010311,in,13,-1.229601,36.689384
70000010311,in,14,-1.229849,36.686588
70000010311,in,15,-1.230646,36.674915
70000010311,in,16,-1.230934,36.672764
70000010311,in,17,-1.231222,36.671673
70000010311,in,18,-1.231598,36.670952
70000010311,in,19,-1.232506,36.669949
70000010311,in,20,-1.232798,36.669815
70000010311,in,21,-1.232798,36.669815
70000010311,in,22,-1.233084,36.670063
70000010311,in,23,-1.233084,36.670063
70000010311,in,24,-1.23407,36.67083
70000010311,in,25,-1.234355,36.671139
70000010311,in,26,-1.235215,36.67244
70000010311,in,27,-1.239404,36.675034
70000010311,in,28,-1.241641,36.676201
70000010311,in,29,-1.242393,36.676693
70000010311,in,30,-1.246521,36.680279
70000010311,in,31,-1.248983,36.683681
70000010311,in,32,-1.253587,36.690243
70000010311,in,33,-1.254154,36.691074
70000010311,in,34,-1.254455,36.691647
70000010311,in,35,-1.258933,36.704277
70000010311,in,36,-1.259485,36.706089
70000010311,in,37,-1.260768,36.713409
70000010311,in,38,-1.260884,36.714363
70000010311,in,39,-1.260821,36.715569
70000010311,in,40,-1.260188,36.71859
70000010311,in,41,-1.260067,36.719467
70000010311,in,42,-1.260067,36.719467
70000010311,in,43,-1.259686,36.720249
70000010311,in,44,-1.259441,36.720528
70000010311,in,45,-1.258797,36.721027
70000010311,in,46,-1.258653,36.721375
70000010311,in,47,-1.258659,36.721783
70000010311,in,48,-1.259005,36.722534
70000010311,in,49,-1.259005,36.722534
70000010311,in,50,-1.259893,36.722118
70000010311,in,51,-1.262108,36.721443
70000010311,in,52,-1.263649,36.721184
70000010311,in,53,-1.264292,36.721199
70000010311,in,54,-1.264573,36.72139
70000010311,in,55,-1.264573,36.72139
70000010311,in,56,-1.264648,36.721527
70000010311,in,57,-1.26481,36.721645
70000010311,in,58,-1.265632,36.721752
70000010311,in,59,-1.26583,36.72192
70000010311,in,60,-1.266804,36.723137
70000010311,in,61,-1.268123,36.724609
70000010311,in,62,-1.270117,36.727718
70000010311,in,63,-1.271794,36.729725
70000010311,in,64,-1.272187,36.730286
70000010311,in,65,-1.272438,36.7309
70000010311,in,66,-1.272655,36.731773
70000010311,in,67,-1.272823,36.732231
70000010311,in,68,-1.272947,36.732407
70000010311,in,69,-1.27379,36.732918
70000010311,in,70,-1.275708,36.733864
70000010311,in,71,-1.275987,36.73418
70000010311,in,72,-1.276546,36.735054
70000010311,in,73,-1.277198,36.735725
70000010311,in,74,-1.277681,36.73587
70000010311,in,75,-1.279211,36.735912
70000010311,in,76,-1.279492,36.735962
70000010311,in,77,-1.280244,36.736267
70000010311,in,78,-1.281086,36.736729
70000010311,in,79,-1.283465,36.737297
70000010311,in,80,-1.28405,36.737518
70000010311,in,81,-1.284392,36.737713
70000010311,in,82,-1.285233,36.738426
70000010311,in,83,-1.285656,36.738945
70000010311,in,84,-1.291408,36.747257
70000010311,in,85,-1.291563,36.747562
70000010311,in,86,-1.292943,36.752506
70000010311,in,87,-1.293252,36.753262
70000010311,in,88,-1.294338,36.754581
70000010311,in,89,-1.295071,36.755348
70000010311,in,90,-1.295534,36.755699
70000010311,in,91,-1.297237,36.756676
70000010311,in,92,-1.297669,36.757084
70000010311,in,93,-1.29798,36.757702
70000010311,in,94,-1.298511,36.760155
80500010511,out,0,-1.24559,36.665142
80500010511,out,1,-1.240618,36.66571
80500010511,out,2,-1.239888,36.665825
80500010511,out,3,-1.239064,36.666035
80500010511,out,4,-1.238305,36.66629
80500010511,out,5,-1.237312,36.666752
80500010511,out,6,-1.234876,36.66835
80500010511,out,7,-1.234876,36.66835
80500010511,out,8,-1.233204,36.66943
80500010511,out,9,-1.232798,36.669815
80500010511,out,10,-1.232798,36.669815
80500010511,out,11,-1.234071,36.67083
80500010511,out,12,-1.234662,36.671307
80500010511,out,13,-1.235653,36.672649
80500010511,out,14,-1.236389,36.673363
80500010511,out,15,-1.237997,36.674274
80500010511,out,16,-1.241869,36.676331
80500010511,out,17,-1.242908,36.67712
80500010511,out,18,-1.246521,36.680279
80500010511,out,19,-1.248983,36.683681
80500010511,out,20,-1.253587,36.690243
80500010511,out,21,-1.254154,36.691074
80500010511,out,22,-1.254455,36.691647
80500010511,out,23,-1.258933,36.704277
80500010511,out,24,-1.259485,36.706089
80500010511,out,25,-1.260768,36.713409
80500010511,out,26,-1.260884,36.714363
80500010511,out,27,-1.260821,36.715569
80500010511,out,28,-1.260095,36.719147
80500010511,out,29,-1.260033,36.720726
80500010511,out,30,-1.260102,36.72179
80500010511,out,31,-1.260357,36.723061
80500010511,out,32,-1.260884,36.724579
80500010511,out,33,-1.261538,36.725838
80500010511,out,34,-1.262721,36.727631
80500010511,out,35,-1.263276,36.728951
80500010511,out,36,-1.263658,36.730293
80500010511,out,37,-1.264378,36.735729
80500010511,out,38,-1.264404,36.73774
80500010511,out,39,-1.264139,36.744911
80500010511,out,40,-1.264089,36.748138
80500010511,out,41,-1.263982,36.750744
80500010511,out,42,-1.264084,36.753899
80500010511,out,43,-1.263877,36.757507
80500010511,out,44,-1.263555,36.761044
80500010511,out,45,-1.262937,36.764168
80500010511,out,46,-1.262729,36.764912
80500010511,out,47,-1.262524,36.765411
80500010511,out,48,-1.262245,36.765884
80500010511,out,49,-1.261135,36.767544
80500010511,out,50,-1.260916,36.767944
80500010511,out,51,-1.260456,36.769558
80500010511,out,52,-1.259451,36.77454
80500010511,out,53,-1.259213,36.775143
80500010511,out,54,-1.259133,36.775513
80500010511,out,55,-1.259187,36.776329
80500010511,out,56,-1.258868,36.77845
80500010511,out,57,-1.258866,36.780041
80500010511,out,58,-1.258985,36.781376
80500010511,out,59,-1.259443,36.785027
80500010511,out,60,-1.259683,36.787994
80500010511,out,61,-1.25983,36.789139
80500010511,out,62,-1.26001,36.790375
80500010511,out,63,-1.260487,36.79229
80500010511,out,64,-1.26059,36.79361
80500010511,out,65,-1.260975,36.79686
80500010511,out,66,-1.261132,36.797569
80500010511,out,67,-1.261758,36.799469
80500010511,out,68,-1.261956,36.799854
80500010511,out,69,-1.262207,36.800194
80500010511,out,70,-1.263548,36.801373
80500010511,out,71,-1.264438,36.802006
80500010511,out,72,-1.264438,36.802006
80500010511,out,73,-1.264532,36.802174
80500010511,out,74,-1.264939,36.802326
80500010511,out,75,-1.265082,36.802444
80500010511,out,76,-1.266112,36.803375
80500010511,out,77,-1.266845,36.804214
80500010511,out,78,-1.267475,36.80484
80500010511,out,79,-1.267906,36.805168
80500010511,out,80,-1.272415,36.809128
80500010511,out,81,-1.272893,36.809715
80500010511,out,82,-1.27367,36.811146
80500010511,out,83,-1.274155,36.811852
80500010511,out,84,-1.274977,36.812607
80500010511,out,85,-1.2758,36.813183
80500010511,out,86,-1.2758,36.813183
80500010511,out,87,-1.276335,36.813499
80500010511,out,88,-1.277351,36.813847
80500010511,out,89,-1.279284,36.814152
80500010511,out,90,-1.280059,36.814365
80500010511,out,91,-1.28124,36.814854
80500010511,out,92,-1.281484,36.81501
80500010511,out,93,-1.281484,36.81501
80500010511,out,94,-1.281549,36.815201
80500010511,out,95,-1.280687,36.817047
80500010511,out,96,-1.280079,36.818184
80500010511,out,97,-1.280079,36.818184
80500010511,out,98,-1.279914,36.818687
80500010511,out,99,-1.279967,36.819092
80500010511,out,100,-1.279967,36.819092
80500010511,out,101,-1.27994,36.819355
80500010511,out,102,-1.279254,36.820496
80500010511,out,103,-1.279096,36.820644
80500010511,out,104,-1.279096,36.820644
80500010511,out,105,-1.27889,36.820541
80500010511,out,106,-1.278579,36.820492
80500010511,out,107,-1.278187,36.82056
80500010511,out,108,-1.277849,36.82082
80500010511,out,109,-1.277715,36.821117
80500010511,out,110,-1.277758,36.821362
80500010511,out,111,-1.27792,36.821728
80500010511,out,112,-1.278028,36.821857
80500010511,out,113,-1.27833,36.822002
80500010511,out,114,-1.278686,36.822044
80500010511,out,115,-1.279166,36.821861
80500010511,out,116,-1.279502,36.821541
80500010511,out,117,-1.279783,36.821423
80500010511,out,118,-1.28003,36.821487
80500010511,out,119,-1.280256,36.821629
80500010511,out,120,-1.280906,36.822269
80500010511,out,121,-1.28101,36.822449
80500010511,out,122,-1.28101,36.822449
80500010511,out,123,-1.281116,36.82275
80500010511,out,124,-1.281378,36.822975
80500010511,out,125,-1.281393,36.825615
80500010511,out,126,-1.281553,36.825909
80500010511,out,127,-1.281553,36.825909
80500010511,out,128,-1.282769,36.825066
80500010511,in,0,-1.282794,36.82505
80500010511,in,1,-1.283306,36.82465
80500010511,in,2,-1.283306,36.82465
80500010511,in,3,-1.281553,36.822525
80500010511,in,4,-1.281392,36.822384
80500010511,in,5,-1.281093,36.822308
80500010511,in,6,-1.280994,36.82222
80500010511,in,7,-1.280331,36.821404
80500010511,in,8,-1.280098,36.821224
80500010511,in,9,-1.280098,36.821224
80500010511,in,10,-1.279546,36.821064
80500010511,in,11,-1.279546,36.821064
80500010511,in,12,-1.279329,36.820831
80500010511,in,13,-1.279342,36.820572
80500010511,in,14,-1.280085,36.819317
80500010511,in,15,-1.280123,36.819115
80500010511,in,16,-1.280123,36.819115
80500010511,in,17,-1.280066,36.818707
80500010511,in,18,-1.280243,36.818275
80500010511,in,19,-1.280243,36.818275
80500010511,in,20,-1.28175,36.815289
80500010511,in,21,-1.28175,36.815289
80500010511,in,22,-1.281935,36.815182
80500010511,in,23,-1.281993,36.815044
80500010511,in,24,-1.281935,36.814842
80500010511,in,25,-1.281829,36.814777
80500010511,in,26,-1.281703,36.814766
80500010511,in,27,-1.281545,36.814838
80500010511,in,28,-1.280125,36.814201
80500010511,in,29,-1.279305,36.814034
80500010511,in,30,-1.278078,36.813877
80500010511,in,31,-1.277231,36.813675
80500010511,in,32,-1.276072,36.813187
80500010511,in,33,-1.275296,36.812695
80500010511,in,34,-1.275296,36.812695
80500010511,in,35,-1.274499,36.812012
80500010511,in,36,-1.274144,36.811615
80500010511,in,37,-1.273131,36.809734
80500010511,in,38,-1.272256,36.808544
80500010511,in,39,-1.265149,36.802315
80500010511,in,40,-1.26496,36.802135
80500010511,in,41,-1.264798,36.801811
80500010511,in,42,-1.264616,36.801765
80500010511,in,43,-1.264396,36.801594
80500010511,in,44,-1.263968,36.801449
80500010511,in,45,-1.263519,36.801075
80500010511,in,46,-1.263519,36.801075
80500010511,in,47,-1.262485,36.80011
80500010511,in,48,-1.261918,36.799358
80500010511,in,49,-1.261591,36.798576
80500010511,in,50,-1.261294,36.797588
80500010511,in,51,-1.260887,36.794437
80500010511,in,52,-1.260735,36.792377
80500010511,in,53,-1.260374,36.791157
80500010511,in,54,-1.260085,36.789616
80500010511,in,55,-1.259633,36.785126
80500010511,in,56,-1.259131,36.781364
80500010511,in,57,-1.258971,36.779404
80500010511,in,58,-1.259034,36.778088
80500010511,in,59,-1.25952,36.775063
80500010511,in,60,-1.260907,36.76849
80500010511,in,61,-1.261271,36.767544
80500010511,in,62,-1.262461,36.7658
80500010511,in,63,-1.262863,36.765049
80500010511,in,64,-1.26309,36.764397
80500010511,in,65,-1.263618,36.761616
80500010511,in,66,-1.26413,36.756737
80500010511,in,67,-1.264276,36.753147
80500010511,in,68,-1.264213,36.751045
80500010511,in,69,-1.264298,36.747459
80500010511,in,70,-1.264655,36.738644
80500010511,in,71,-1.264655,36.738644
80500010511,in,72,-1.264698,36.737091
80500010511,in,73,-1.26465,36.7356
80500010511,in,74,-1.26465,36.7356
80500010511,in,75,-1.263965,36.730263
80500010511,in,76,-1.263665,36.729187
80500010511,in,77,-1.263114,36.727962
80500010511,in,78,-1.262288,36.72654
80500010511,in,79,-1.26145,36.725254
80500010511,in,80,-1.261187,36.724705
80500010511,in,81,-1.260894,36.724052
80500010511,in,82,-1.260668,36.72337
80500010511,in,83,-1.260392,36.722263
80500010511,in,84,-1.260233,36.720848
80500010511,in,85,-1.260233,36.719841
80500010511,in,86,-1.260325,36.718948
80500010511,in,87,-1.260457,36.718254
80500010511,in,88,-1.261052,36.715645
80500010511,in,89,-1.261034,36.714417
80500010511,in,90,-1.260907,36.713512
80500010511,in,91,-1.259506,36.705791
80500010511,in,92,-1.258681,36.703251
80500010511,in,93,-1.258681,36.703251
80500010511,in,94,-1.255272,36.69355
80500010511,in,95,-1.25448,36.691505
80500010511,in,96,-1.253683,36.690224
80500010511,in,97,-1.246917,36.680637
80500010511,in,98,-1.246498,36.680138
80500010511,in,99,-1.246112,36.67979
80500010511,in,100,-1.242196,36.676441
80500010511,in,101,-1.241694,36.676132
80500010511,in,102,-1.237284,36.673798
80500010511,in,103,-1.236356,36.673222
80500010511,in,104,-1.235565,36.672405
80500010511,in,105,-1.234669,36.671192
80500010511,in,106,-1.234669,36.671192
80500010511,in,107,-1.234679,36.671097
80500010511,in,108,-1.234542,36.670792
80500010511,in,109,-1.234556,36.670612
80500010511,in,110,-1.234648,36.67041
80500010511,in,111,-1.23482,36.670212
80500010511,in,112,-1.235215,36.669891
80500010511,in,113,-1.235412,36.669434
80500010511,in,114,-1.235524,36.668594
80500010511,in,115,-1.235513,36.668289
80500010511,in,116,-1.23539,36.668003
80500010511,in,117,-1.23539,36.668003
80500010511,in,118,-1.237312,36.666752
80500010511,in,119,-1.238305,36.66629
80500010511,in,120,-1.239064,36.666035
80500010511,in,121,-1.239888,36.665825
80500010511,in,122,-1.240618,36.66571
80500010511,in,123,-1.24559,36.665142
10300106011,out,0,-1.282794,36.82505
10300106011,out,1,-1.283306,36.82465
10300106011,out,2,-1.283306,36.82465
10300106011,out,3,-1.2819,36.822906
10300106011,out,4,-1.281648,36.822674
10300106011,out,5,-1.281648,36.822674
10300106011,out,6,-1.281392,36.822384
10300106011,out,7,-1.281093,36.822308
10300106011,out,8,-1.280954,36.822201
10300106011,out,9,-1.280369,36.821541
10300106011,out,10,-1.280192,36.821381
10300106011,out,11,-1.27993,36.821255
10300106011,out,12,-1.279516,36.821159
10300106011,out,13,-1.27801,36.821224
10300106011,out,14,-1.277696,36.821304
10300106011,out,15,-1.277454,36.821423
10300106011,out,16,-1.277327,36.821545
10300106011,out,17,-1.276722,36.822529
10300106011,out,18,-1.276513,36.822735
10300106011,out,19,-1.275368,36.823215
10300106011,out,20,-1.275368,36.823215
10300106011,out,21,-1.274368,36.823322
10300106011,out,22,-1.273988,36.823406
10300106011,out,23,-1.273988,36.823406
10300106011,out,24,-1.271641,36.821972
10300106011,out,25,-1.270562,36.820671
10300106011,out,26,-1.270312,36.820465
10300106011,out,27,-1.269804,36.820412
10300106011,out,28,-1.269112,36.820427
10300106011,out,29,-1.268756,36.820534
10300106011,out,30,-1.268265,36.820934
10300106011,out,31,-1.267112,36.822647
10300106011,out,32,-1.266678,36.823067
10300106011,out,33,-1.265142,36.824142
10300106011,out,34,-1.258543,36.827106
10300106011,out,35,-1.258286,36.827156
10300106011,out,36,-1.258125,36.827118
10300106011,out,37,-1.256637,36.826275
10300106011,out,38,-1.255678,36.825836
10300106011,out,39,-1.25514,36.824978
10300106011,out,40,-1.254792,36.823769
10300106011,out,41,-1.254578,36.823364
10300106011,out,42,-1.253137,36.821369
10300106011,out,43,-1.252546,36.820366
10300106011,out,44,-1.25213,36.819859
10300106011,out,45,-1.252052,36.819401
10300106011,out,46,-1.252111,36.818111
10300106011,out,47,-1.252021,36.817787
10300106011,out,48,-1.251853,36.817677
10300106011,out,49,-1.25165,36.817657
10300106011,out,50,-1.251459,36.817795
10300106011,out,51,-1.250553,36.819576
10300106011,out,52,-1.250178,36.82103
10300106011,out,53,-1.249963,36.82122
10300106011,out,54,-1.24971,36.821178
10300106011,out,55,-1.249537,36.820942
10300106011,out,56,-1.249244,36.820068
10300106011,out,57,-1.248972,36.818714
10300106011,out,58,-1.248674,36.817688
10300106011,out,59,-1.248566,36.817036
10300106011,out,60,-1.248473,36.81675
10300106011,out,61,-1.248302,36.816509
10300106011,out,62,-1.248016,36.816242
10300106011,out,63,-1.247561,36.815952
10300106011,out,64,-1.244633,36.8148
10300106011,out,65,-1.243825,36.814056
10300106011,out,66,-1.243693,36.813995
10300106011,out,67,-1.241228,36.813534
10300106011,out,68,-1.24091,36.8134
10300106011,out,69,-1.240624,36.81321
10300106011,out,70,-1.239809,36.812305
10300106011,out,71,-1.238417,36.810501
10300106011,out,72,-1.237996,36.809872
10300106011,out,73,-1.237727,36.809437
10300106011,out,74,-1.235138,36.804386
10300106011,out,75,-1.234813,36.803909
10300106011,out,76,-1.234461,36.80365
10300106011,out,77,-1.233276,36.803177
10300106011,out,78,-1.232821,36.803101
10300106011,out,79,-1.232281,36.80315
10300106011,out,80,-1.227588,36.804913
10300106011,out,81,-1.227154,36.805038
10300106011,out,82,-1.226551,36.805061
10300106011,out,83,-1.22453,36.804359
10300106011,out,84,-1.224088,36.804077
10300106011,out,85,-1.223886,36.803879
10300106011,out,86,-1.223314,36.80283
10300106011,out,87,-1.222731,36.80196
10300106011,out,88,-1.221945,36.801506
10300106011,out,89,-1.221495,36.801418
10300106011,out,90,-1.22073,36.801464
10300106011,out,91,-1.219837,36.801765
10300106011,out,92,-1.219152,36.801842
10300106011,out,93,-1.218589,36.801762
10300106011,out,94,-1.21795,36.801418
10300106011,out,95,-1.21748,36.800919
10300106011,out,96,-1.21589,36.798466
10300106011,out,97,-1.215781,36.798241
10300106011,out,98,-1.215298,36.796627
10300106011,out,99,-1.214238,36.794483
10300106011,out,100,-1.213387,36.793091
10300106011,out,101,-1.212546,36.791901
10300106011,out,102,-1.212167,36.79147
10300106011,out,103,-1.207584,36.786648
10300106011,out,104,-1.207128,36.785892
10300106011,out,105,-1.207128,36.785892
10300106011,out,106,-1.206887,36.785931
10300106011,out,107,-1.206131,36.785637
10300106011,out,108,-1.205244,36.785503
10300106011,out,109,-1.202099,36.7855
10300106011,out,110,-1.20093,36.785175
10300106011,out,111,-1.199055,36.784439
10300106011,out,112,-1.198131,36.783997
10300106011,out,113,-1.197692,36.783623
10300106011,out,114,-1.19716,36.782936
10300106011,out,115,-1.195653,36.780815
10300106011,out,116,-1.192381,36.776463
10300106011,out,117,-1.192024,36.775864
10300106011,out,118,-1.190884,36.774479
10300106011,out,119,-1.190043,36.773678
10300106011,out,120,-1.189176,36.772655
10300106011,out,121,-1.187342,36.769855
10300106011,out,122,-1.186737,36.768581
10300106011,out,123,-1.185434,36.765377
10300106011,out,124,-1.185179,36.764935
10300106011,out,125,-1.184837,36.764484
10300106011,out,126,-1.184161,36.763878
10300106011,out,127,-1.178175,36.760429
10300106011,out,128,-1.173768,36.758759
10300106011,in,0,-1.173768,36.758759
10300106011,in,1,-1.178175,36.760429
10300106011,in,2,-1.184161,36.763878
10300106011,in,3,-1.184837,36.764484
10300106011,in,4,-1.185179,36.764935
10300106011,in,5,-1.185434,36.765377
10300106011,in,6,-1.186737,36.768581
10300106011,in,7,-1.187342,36.769855
10300106011,in,8,-1.189176,36.772655
10300106011,in,9,-1.190043,36.773678
10300106011,in,10,-1.190884,36.774479
10300106011,in,11,-1.192024,36.775864
10300106011,in,12,-1.192381,36.776463
10300106011,in,13,-1.195653,36.780815
10300106011,in,14,-1.19716,36.782936
10300106011,in,15,-1.197692,36.783623
10300106011,in,16,-1.198131,36.783997
10300106011,in,17,-1.199055,36.784439
10300106011,in,18,-1.20093,36.785175
10300106011,in,19,-1.202099,36.7855
10300106011,in,20,-1.205244,36.785503
10300106011,in,21,-1.206131,36.785637
10300106011,in,22,-1.206887,36.785931
10300106011,in,23,-1.207128,36.785892
10300106011,in,24,-1.207128,36.785892
10300106011,in,25,-1.207584,36.786648
10300106011,in,26,-1.212167,36.79147
10300106011,in,27,-1.212546,36.791901
10300106011,in,28,-1.213387,36.793091
10300106011,in,29,-1.214238,36.794483
10300106011,in,30,-1.215298,36.796627
10300106011,in,31,-1.215781,36.798241
10300106011,in,32,-1.21589,36.798466
10300106011,in,33,-1.21748,36.800919
10300106011,in,34,-1.21795,36.801418
10300106011,in,35,-1.218589,36.801762
10300106011,in,36,-1.219152,36.801842
10300106011,in,37,-1.219837,36.801765
10300106011,in,38,-1.22073,36.801464
10300106011,in,39,-1.221495,36.801418
10300106011,in,40,-1.221945,36.801506
10300106011,in,41,-1.222731,36.80196
10300106011,in,42,-1.223314,36.80283
10300106011,in,43,-1.223886,36.803879
10300106011,in,44,-1.224088,36.804077
10300106011,in,45,-1.22453,36.804359
10300106011,in,46,-1.226551,36.805061
10300106011,in,47,-1.227154,36.805038
10300106011,in,48,-1.227588,36.804913
10300106011,in,49,-1.232281,36.80315
10300106011,in,50,-1.232821,36.803101
10300106011,in,51,-1.233276,36.803177
10300106011,in,52,-1.234461,36.80365
10300106011,in,53,-1.234813,36.803909
10300106011,in,54,-1.235138,36.804386
10300106011,in,55,-1.237727,36.809437
10300106011,in,56,-1.237996,36.809872
10300106011,in,57,-1.238417,36.810501
10300106011,in,58,-1.239809,36.812305
10300106011,in,59,-1.240624,36.81321
10300106011,in,60,-1.24091,36.8134
10300106011,in,61,-1.241228,36.813534
10300106011,in,62,-1.243693,36.813995
10300106011,in,63,-1.243825,36.814056
10300106011,in,64,-1.244633,36.8148
10300106011,in,65,-1.247561,36.815952
10300106011,in,66,-1.248016,36.816242
10300106011,in,67,-1.248302,36.816509
10300106011,in,68,-1.248473,36.81675
10300106011,in,69,-1.248566,36.817036
10300106011,in,70,-1.248674,36.817688
10300106011,in,71,-1.248972,36.818714
10300106011,in,72,-1.249244,36.820068
10300106011,in,73,-1.249537,36.820942
10300106011,in,74,-1.24971,36.821178
10300106011,in,75,-1.249963,36.82122
10300106011,in,76,-1.250178,36.82103
10300106011,in,77,-1.250553,36.819576
10300106011,in,78,-1.251459,36.817795
10300106011,in,79,-1.25165,36.817657
10300106011,in,80,-1.251853,36.817677
10300106011,in,81,-1.252021,36.817787
10300106011,in,82,-1.252111,36.818111
10300106011,in,83,-1.252052,36.819401
10300106011,in,84,-1.25213,36.819859
10300106011,in,85,-1.252546,36.820366
10300106011,in,86,-1.253137,36.821369
10300106011,in,87,-1.254578,36.823364
10300106011,in,88,-1.254792,36.823769
10300106011,in,89,-1.25514,36.824978
10300106011,in,90,-1.255678,36.825836
10300106011,in,91,-1.256637,36.826275
10300106011,in,92,-1.258125,36.827118
10300106011,in,93,-1.258286,36.827156
10300106011,in,94,-1.258543,36.827106
10300106011,in,95,-1.265142,36.824142
10300106011,in,96,-1.267004,36.82283
10300106011,in,97,-1.26716,36.822674
10300106011,in,98,-1.268097,36.821331
10300106011,in,99,-1.268097,36.821331
10300106011,in,100,-1.268255,36.821297
10300106011,in,101,-1.26844,36.821323
10300106011,in,102,-1.268528,36.821392
10300106011,in,103,-1.268581,36.821594
10300106011,in,104,-1.268709,36.8241
10300106011,in,105,-1.268595,36.825039
10300106011,in,106,-1.268595,36.825039
10300106011,in,107,-1.26847,36.825439
10300106011,in,108,-1.267984,36.82803
10300106011,in,109,-1.267219,36.831387
10300106011,in,110,-1.267219,36.831387
10300106011,in,111,-1.266718,36.833633
10300106011,in,112,-1.266786,36.83403
10300106011,in,113,-1.266905,36.833988
10300106011,in,114,-1.26722,36.832813
10300106011,in,115,-1.26722,36.832813
10300106011,in,116,-1.268426,36.833057
10300106011,in,117,-1.268426,36.833057
10300106011,in,118,-1.267015,36.834183
10300106011,in,119,-1.267015,36.834183
10300106011,in,120,-1.266994,36.834351
10300106011,in,121,-1.268938,36.832718
10300106011,in,122,-1.269442,36.832008
10300106011,in,123,-1.272132,36.827644
10300106011,in,124,-1.274102,36.824978
10300106011,in,125,-1.275466,36.82338
10300106011,in,126,-1.276723,36.822781
10300106011,in,127,-1.277186,36.822029
10300106011,in,128,-1.277186,36.822029
10300106011,in,129,-1.277304,36.821709
10300106011,in,130,-1.277492,36.82151
10300106011,in,131,-1.277822,36.821342
10300106011,in,132,-1.279468,36.821247
10300106011,in,133,-1.27993,36.821365
10300106011,in,134,-1.280391,36.82164
10300106011,in,135,-1.281037,36.822353
10300106011,in,136,-1.281037,36.822353
10300106011,in,137,-1.281019,36.822552
10300106011,in,138,-1.281116,36.82275
10300106011,in,139,-1.281378,36.822975
10300106011,in,140,-1.281587,36.822884
10300106011,in,141,-1.2818,36.822948
10300106011,in,142,-1.283236,36.824707
10300106011,in,143,-1.283236,36.824707
10300106011,in,144,-1.282794,36.82505
10400010711,out,0,-1.282846,36.825005
10400010711,out,1,-1.281553,36.825909
10400010711,out,2,-1.281553,36.825909
10400010711,out,3,-1.281393,36.825615
10400010711,out,4,-1.281378,36.822975
10400010711,out,5,-1.281378,36.822975
10400010711,out,6,-1.281539,36.822926
10400010711,out,7,-1.281658,36.822796
10400010711,out,8,-1.281648,36.822674
10400010711,out,9,-1.281553,36.822525
10400010711,out,10,-1.281392,36.822384
10400010711,out,11,-1.281093,36.822308
10400010711,out,12,-1.280954,36.822201
10400010711,out,13,-1.280192,36.821381
10400010711,out,14,-1.279736,36.82119
10400010711,out,15,-1.279077,36.821167
10400010711,out,16,-1.27801,36.821224
10400010711,out,17,-1.277516,36.821388
10400010711,out,18,-1.277327,36.821545
10400010711,out,19,-1.276722,36.822529
10400010711,out,20,-1.276513,36.822735
10400010711,out,21,-1.275368,36.823215
10400010711,out,22,-1.275368,36.823215
10400010711,out,23,-1.274368,36.823322
10400010711,out,24,-1.273988,36.823406
10400010711,out,25,-1.273988,36.823406
10400010711,out,26,-1.271641,36.821972
10400010711,out,27,-1.270562,36.820671
10400010711,out,28,-1.270312,36.820465
10400010711,out,29,-1.269804,36.820412
10400010711,out,30,-1.268903,36.820465
10400010711,out,31,-1.268554,36.820663
10400010711,out,32,-1.268265,36.820934
10400010711,out,33,-1.267112,36.822647
10400010711,out,34,-1.266643,36.823093
10400010711,out,35,-1.265142,36.824142
10400010711,out,36,-1.258543,36.827106
10400010711,out,37,-1.258286,36.827156
10400010711,out,38,-1.258125,36.827118
10400010711,out,39,-1.256637,36.826275
10400010711,out,40,-1.255678,36.825836
10400010711,out,41,-1.255549,36.82568
10400010711,out,42,-1.25514,36.824978
10400010711,out,43,-1.254792,36.823769
10400010711,out,44,-1.254578,36.823364
10400010711,out,45,-1.253137,36.821369
10400010711,out,46,-1.252546,36.820366
10400010711,out,47,-1.25213,36.819859
10400010711,out,48,-1.252052,36.819401
10400010711,out,49,-1.252111,36.818111
10400010711,out,50,-1.252072,36.817871
10400010711,out,51,-1.251968,36.817738
10400010711,out,52,-1.25165,36.817657
10400010711,out,53,-1.25146,36.817795
10400010711,out,54,-1.250554,36.819576
10400010711,out,55,-1.250178,36.82103
10400010711,out,56,-1.249963,36.82122
10400010711,out,57,-1.249762,36.821201
10400010711,out,58,-1.249594,36.821064
10400010711,out,59,-1.249537,36.820942
10400010711,out,60,-1.249244,36.820068
10400010711,out,61,-1.248972,36.818714
10400010711,out,62,-1.248674,36.817688
10400010711,out,63,-1.248528,36.816906
10400010711,out,64,-1.248375,36.816597
10400010711,out,65,-1.248169,36.816372
10400010711,out,66,-1.247561,36.815952
10400010711,out,67,-1.244694,36.814831
10400010711,out,68,-1.244396,36.814613
10400010711,out,69,-1.243825,36.814056
10400010711,out,70,-1.243693,36.813995
10400010711,out,71,-1.241228,36.813534
10400010711,out,72,-1.24091,36.8134
10400010711,out,73,-1.240624,36.81321
10400010711,out,74,-1.239809,36.812305
10400010711,out,75,-1.238417,36.810501
10400010711,out,76,-1.237996,36.809872
10400010711,out,77,-1.237727,36.809437
10400010711,out,78,-1.235138,36.804386
10400010711,out,79,-1.234813,36.803909
10400010711,out,80,-1.234461,36.80365
10400010711,out,81,-1.233276,36.803177
10400010711,out,82,-1.232821,36.803101
10400010711,out,83,-1.232281,36.80315
10400010711,out,84,-1.227588,36.804913
10400010711,out,85,-1.227154,36.805038
10400010711,out,86,-1.226551,36.805061
10400010711,out,87,-1.22453,36.804359
10400010711,out,88,-1.224088,36.804077
10400010711,out,89,-1.223886,36.803879
10400010711,out,90,-1.223314,36.80283
10400010711,out,91,-1.222731,36.80196
10400010711,out,92,-1.221945,36.801506
10400010711,out,93,-1.221495,36.801418
10400010711,out,94,-1.22073,36.801464
10400010711,out,95,-1.219837,36.801765
10400010711,out,96,-1.219152,36.801842
10400010711,out,97,-1.218589,36.801762
10400010711,out,98,-1.218127,36.801529
10400010711,out,99,-1.217776,36.801266
10400010711,out,100,-1.21748,36.800919
10400010711,out,101,-1.21589,36.798466
10400010711,out,102,-1.215781,36.798241
10400010711,out,103,-1.215298,36.796627
10400010711,out,104,-1.214238,36.794483
10400010711,out,105,-1.213387,36.793091
10400010711,out,106,-1.212546,36.791901
10400010711,out,107,-1.212167,36.79147
10400010711,out,108,-1.207584,36.786648
10400010711,out,109,-1.207086,36.785824
10400010711,out,110,-1.206842,36.785088
10400010711,out,111,-1.206773,36.784698
10400010711,out,112,-1.206691,36.783249
10400010711,out,113,-1.206524,36.78207
10400010711,out,114,-1.206326,36.781204
10400010711,out,115,-1.205295,36.778049
10400010711,out,116,-1.20345,36.771622
10400010711,out,117,-1.202648,36.768616
10400010711,out,118,-1.199664,36.758259
10400010711,out,119,-1.199015,36.756916
10400010711,out,120,-1.198674,36.756397
10400010711,out,121,-1.194027,36.749954
10400010711,out,122,-1.193496,36.749107
10400010711,out,123,-1.193173,36.748489
10400010711,out,124,-1.192732,36.74736
10400010711,out,125,-1.192595,36.746861
10400010711,out,126,-1.192354,36.745323
10400010711,out,127,-1.192179,36.743786
10400010711,out,128,-1.192179,36.743786
10400010711,out,129,-1.193146,36.743649
10400010711,out,130,-1.193634,36.743488
10400010711,out,131,-1.19386,36.743343
10400010711,out,132,-1.194263,36.742973
10400010711,out,133,-1.194438,36.742702
10400010711,out,134,-1.194622,36.742146
10400010711,out,135,-1.194633,36.741043
10400010711,out,136,-1.194568,36.740284
10400010711,out,137,-1.194333,36.733749
10400010711,out,138,-1.194311,36.73262
10400010711,out,139,-1.194356,36.731995
10400010711,in,0,-1.194357,36.73204
10400010711,in,1,-1.194311,36.73004
10400010711,in,2,-1.194333,36.733749
10400010711,in,3,-1.194568,36.740284
10400010711,in,4,-1.194633,36.741043
10400010711,in,5,-1.194622,36.742146
10400010711,in,6,-1.194438,36.742702
10400010711,in,7,-1.194263,36.742973
10400010711,in,8,-1.19386,36.743343
10400010711,in,9,-1.193634,36.743488
10400010711,in,10,-1.193146,36.743649
10400010711,in,11,-1.192179,36.743786
10400010711,in,12,-1.192179,36.743786
10400010711,in,13,-1.192354,36.745323
10400010711,in,14,-1.192595,36.746861
10400010711,in,15,-1.192732,36.74736
10400010711,in,16,-1.193173,36.748489
10400010711,in,17,-1.193496,36.749107
10400010711,in,18,-1.194027,36.749954
10400010711,in,19,-1.198674,36.756397
10400010711,in,20,-1.199015,36.756916
10400010711,in,21,-1.199664,36.758259
10400010711,in,22,-1.202648,36.768616
10400010711,in,23,-1.20345,36.771622
10400010711,in,24,-1.205295,36.778049
10400010711,in,25,-1.206326,36.781204
10400010711,in,26,-1.206524,36.78207
10400010711,in,27,-1.206691,36.783249
10400010711,in,28,-1.206773,36.784698
10400010711,in,29,-1.206842,36.785088
10400010711,in,30,-1.207086,36.785824
10400010711,in,31,-1.207584,36.786648
10400010711,in,32,-1.212167,36.79147
10400010711,in,33,-1.212546,36.791901
10400010711,in,34,-1.213387,36.793091
10400010711,in,35,-1.214238,36.794483
10400010711,in,36,-1.215298,36.796627
10400010711,in,37,-1.215781,36.798241
10400010711,in,38,-1.21589,36.798466
10400010711,in,39,-1.21748,36.800919
10400010711,in,40,-1.217776,36.801266
10400010711,in,41,-1.218127,36.801529
10400010711,in,42,-1.218589,36.801762
10400010711,in,43,-1.219152,36.801842
10400010711,in,44,-1.219837,36.801765
10400010711,in,45,-1.22073,36.801464
10400010711,in,46,-1.221495,36.801418
10400010711,in,47,-1.221945,36.801506
10400010711,in,48,-1.222731,36.80196
10400010711,in,49,-1.223314,36.80283
10400010711,in,50,-1.223886,36.803879
10400010711,in,51,-1.224088,36.804077
10400010711,in,52,-1.22453,36.804359
10400010711,in,53,-1.226551,36.805061
10400010711,in,54,-1.227154,36.805038
10400010711,in,55,-1.227588,36.804913
10400010711,in,56,-1.232281,36.80315
10400010711,in,57,-1.232821,36.803101
10400010711,in,58,-1.233276,36.803177
10400010711,in,59,-1.234461,36.80365
10400010711,in,60,-1.234813,36.803909
10400010711,in,61,-1.235138,36.804386
10400010711,in,62,-1.237727,36.809437
10400010711,in,63,-1.237996,36.809872
10400010711,in,64,-1.238417,36.810501
10400010711,in,65,-1.239809,36.812305
10400010711,in,66,-1.240624,36.81321
10400010711,in,67,-1.24091,36.8134
10400010711,in,68,-1.241228,36.813534
10400010711,in,69,-1.243693,36.813995
10400010711,in,70,-1.243825,36.814056
10400010711,in,71,-1.244396,36.814613
10400010711,in,72,-1.244694,36.814831
10400010711,in,73,-1.247561,36.815952
10400010711,in,74,-1.248169,36.816372
10400010711,in,75,-1.248375,36.816597
10400010711,in,76,-1.248528,36.816906
10400010711,in,77,-1.248674,36.817688
10400010711,in,78,-1.248972,36.818714
10400010711,in,79,-1.249244,36.820068
10400010711,in,80,-1.249537,36.820942
10400010711,in,81,-1.249594,36.821064
10400010711,in,82,-1.249762,36.821201
10400010711,in,83,-1.249963,36.82122
10400010711,in,84,-1.250178,36.82103
10400010711,in,85,-1.250554,36.819576
10400010711,in,86,-1.25146,36.817795
10400010711,in,87,-1.25165,36.817657
10400010711,in,88,-1.251968,36.817738
10400010711,in,89,-1.252072,36.817871
10400010711,in,90,-1.252111,36.818111
10400010711,in,91,-1.252052,36.819401
10400010711,in,92,-1.25213,36.819859
10400010711,in,93,-1.252546,36.820366
10400010711,in,94,-1.253137,36.821369
10400010711,in,95,-1.254578,36.823364
10400010711,in,96,-1.254792,36.823769
10400010711,in,97,-1.25514,36.824978
10400010711,in,98,-1.255549,36.82568
10400010711,in,99,-1.255678,36.825836
10400010711,in,100,-1.256637,36.826275
10400010711,in,101,-1.258125,36.827118
10400010711,in,102,-1.258286,36.827156
10400010711,in,103,-1.258543,36.827106
10400010711,in,104,-1.265142,36.824142
10400010711,in,105,-1.267004,36.82283
10400010711,in,106,-1.26716,36.822674
10400010711,in,107,-1.268097,36.821331
10400010711,in,108,-1.268097,36.821331
10400010711,in,109,-1.268255,36.821297
10400010711,in,110,-1.26844,36.821323
10400010711,in,111,-1.268528,36.821392
10400010711,in,112,-1.268581,36.821594
10400010711,in,113,-1.268709,36.8241
10400010711,in,114,-1.268595,36.825039
10400010711,in,115,-1.268595,36.825039
10400010711,in,116,-1.26847,36.825439
10400010711,in,117,-1.267984,36.82803
10400010711,in,118,-1.267219,36.831387
10400010711,in,119,-1.267219,36.831387
10400010711,in,120,-1.266718,36.833633
10400010711,in,121,-1.266786,36.83403
10400010711,in,122,-1.266905,36.833988
10400010711,in,123,-1.26722,36.832813
10400010711,in,124,-1.26722,36.832813
10400010711,in,125,-1.268426,36.833057
10400010711,in,126,-1.268426,36.833057
10400010711,in,127,-1.267015,36.834183
10400010711,in,128,-1.267015,36.834183
10400010711,in,129,-1.266994,36.834351
10400010711,in,130,-1.268938,36.832718
10400010711,in,131,-1.269442,36.832008
10400010711,in,132,-1.272132,36.827644
10400010711,in,133,-1.274102,36.824978
10400010711,in,134,-1.275466,36.82338
10400010711,in,135,-1.276723,36.822781
10400010711,in,136,-1.277186,36.822029
10400010711,in,137,-1.277186,36.822029
10400010711,in,138,-1.277304,36.821709
10400010711,in,139,-1.277492,36.82151
10400010711,in,140,-1.277822,36.821342
10400010711,in,141,-1.279468,36.821247
10400010711,in,142,-1.27993,36.821365
10400010711,in,143,-1.280391,36.82164
10400010711,in,144,-1.281037,36.822353
10400010711,in,145,-1.281037,36.822353
10400010711,in,146,-1.281019,36.822552
10400010711,in,147,-1.281116,36.82275
10400010711,in,148,-1.281378,36.822975
10400010711,in,149,-1.281587,36.822884
10400010711,in,150,-1.2818,36.822948
10400010711,in,151,-1.283236,36.824707
10400010711,in,152,-1.283236,36.824707
10400010711,in,153,-1.283081,36.824821
10200010811,out,0,-1.234845,36.803711
10200010811,out,1,-1.234845,36.803711
10200010811,out,2,-1.234668,36.80344
10200010811,out,3,-1.234604,36.803417
10200010811,out,4,-1.234604,36.803417
10200010811,out,5,-1.2346,36.803299
10200010811,out,6,-1.233583,36.801441
10200010811,out,7,-1.23319,36.800812
10200010811,out,8,-1.23181,36.79887
10200010811,out,9,-1.231485,36.79871
10200010811,out,10,-1.230979,36.798679
10200010811,out,11,-1.230234,36.798969
10200010811,out,12,-1.229799,36.799053
10200010811,out,13,-1.229454,36.799
10200010811,out,14,-1.228553,36.798576
10200010811,out,15,-1.227833,36.798149
10200010811,out,16,-1.227541,36.797855
10200010811,out,17,-1.226422,36.795677
10200010811,out,18,-1.225449,36.793587
10200010811,out,19,-1.225418,36.793358
10200010811,out,20,-1.225591,36.786556
10200010811,out,21,-1.225538,36.78603
10200010811,out,22,-1.225298,36.785564
10200010811,out,23,-1.221152,36.778831
10200010811,out,24,-1.220495,36.778488
10200010811,out,25,-1.219062,36.777977
10200010811,out,26,-1.218599,36.777878
10200010811,out,27,-1.218356,36.777905
10200010811,out,28,-1.217353,36.778339
10200010811,out,29,-1.217353,36.778339
10200010811,out,30,-1.216993,36.777191
10200010811,out,31,-1.216993,36.777191
10200010811,out,32,-1.217612,36.776199
10200010811,out,33,-1.219644,36.772362
10200010811,out,34,-1.219834,36.771824
10200010811,out,35,-1.220429,36.769653
10200010811,out,36,-1.220464,36.76915
10200010811,out,37,-1.220299,36.768414
10200010811,out,38,-1.219561,36.76672
10200010811,in,0,-1.219561,36.76672
10200010811,in,1,-1.220299,36.768414
10200010811,in,2,-1.220464,36.76915
10200010811,in,3,-1.220429,36.769653
10200010811,in,4,-1.219834,36.771824
10200010811,in,5,-1.219644,36.772362
10200010811,in,6,-1.217612,36.776199
10200010811,in,7,-1.216993,36.777191
10200010811,in,8,-1.216993,36.777191
10200010811,in,9,-1.217353,36.778339
10200010811,in,10,-1.217353,36.778339
10200010811,in,11,-1.218356,36.777905
10200010811,in,12,-1.218599,36.777878
10200010811,in,13,-1.219062,36.777977
10200010811,in,14,-1.220495,36.778488
10200010811,in,15,-1.221152,36.778831
10200010811,in,16,-1.223189,36.782166
10200010811,in,17,-1.223189,36.782166
10200010811,in,18,-1.225298,36.785564
10200010811,in,19,-1.225538,36.78603
10200010811,in,20,-1.225591,36.786556
10200010811,in,21,-1.225418,36.793358
10200010811,in,22,-1.225449,36.793587
10200010811,in,23,-1.226422,36.795677
10200010811,in,24,-1.227541,36.797855
10200010811,in,25,-1.227833,36.798149
10200010811,in,26,-1.228553,36.798576
10200010811,in,27,-1.229454,36.799
10200010811,in,28,-1.229799,36.799053
10200010811,in,29,-1.230234,36.798969
10200010811,in,30,-1.230979,36.798679
10200010811,in,31,-1.231485,36.79871
10200010811,in,32,-1.23181,36.79887
10200010811,in,33,-1.23319,36.800812
10200010811,in,34,-1.233583,36.801441
10200010811,in,35,-1.2346,36.803299
10200010811,in,36,-1.234604,36.803417
10200010811,in,37,-1.234604,36.803417
10200010811,in,38,-1.234668,36.80344
10200010811,in,39,-1.234845,36.803711
50800011011,out,0,-1.289201,36.828304
50800011011,out,1,-1.288944,36.828178
50800011011,out,2,-1.288944,36.828178
50800011011,out,3,-1.28916,36.827785
50800011011,out,4,-1.289316,36.82777
50800011011,out,5,-1.289415,36.827679
50800011011,out,6,-1.289451,36.827541
50800011011,out,7,-1.289384,36.827415
50800011011,out,8,-1.292591,36.821178
50800011011,out,9,-1.292591,36.821178
50800011011,out,10,-1.293214,36.820976
50800011011,out,11,-1.293516,36.820961
50800011011,out,12,-1.298268,36.823799
50800011011,out,13,-1.298751,36.823997
50800011011,out,14,-1.299475,36.824184
50800011011,out,15,-1.299824,36.824444
50800011011,out,16,-1.300055,36.824409
50800011011,out,17,-1.300322,36.824448
50800011011,out,18,-1.30445,36.826389
50800011011,out,19,-1.304667,36.826561
50800011011,out,20,-1.304667,36.826561
50800011011,out,21,-1.304696,36.826679
50800011011,out,22,-1.3048,36.826763
50800011011,out,23,-1.305153,36.82674
50800011011,out,24,-1.305253,36.826778
50800011011,out,25,-1.313525,36.830681
50800011011,out,26,-1.314626,36.831375
50800011011,out,27,-1.315205,36.831856
50800011011,out,28,-1.315742,36.83247
50800011011,out,29,-1.317064,36.834412
50800011011,out,30,-1.319836,36.838982
50800011011,out,31,-1.324609,36.847187
50800011011,out,32,-1.328752,36.854134
50800011011,out,33,-1.330301,36.85688
50800011011,out,34,-1.330722,36.857853
50800011011,out,35,-1.331058,36.859409
50800011011,out,36,-1.33111,36.860195
50800011011,out,37,-1.331067,36.86129
50800011011,out,38,-1.330119,36.868683
50800011011,out,39,-1.329171,36.875156
50800011011,out,40,-1.328476,36.880608
50800011011,out,41,-1.328462,36.881371
50800011011,out,42,-1.328526,36.882465
50800011011,out,43,-1.328785,36.883949
50800011011,out,44,-1.329231,36.885109
50800011011,out,45,-1.329785,36.886181
50800011011,out,46,-1.330595,36.887337
50800011011,out,47,-1.332517,36.889488
50800011011,out,48,-1.3324841,36.8895203
50800011011,out,49,-1.3324841,36.8895203
50800011011,out,50,-1.3324872,36.8895209
50800011011,out,51,-1.3324872,36.8895209
50800011011,out,52,-1.33249,36.8895209
50800011011,out,53,-1.3324895,36.8895201
50800011011,out,54,-1.3324895,36.8895201
50800011011,out,55,-1.3324895,36.8895201
50800011011,out,56,-1.3326681,36.8896791
50800011011,out,57,-1.3330316,36.890054
50800011011,out,58,-1.3331944,36.8902456
50800011011,out,59,-1.3333159,36.8903483
50800011011,out,60,-1.3336283,36.8906961
50800011011,out,61,-1.3341431,36.8912968
50800011011,out,62,-1.334983,36.8922426
50800011011,out,63,-1.3359204,36.8933236
50800011011,out,64,-1.3369894,36.8945867
50800011011,out,65,-1.3372031,36.8948889
50800011011,out,66,-1.3372286,36.8949441
50800011011,out,67,-1.3373247,36.8950542
50800011011,out,68,-1.337643,36.8954578
50800011011,out,69,-1.3377364,36.8955657
50800011011,out,70,-1.337784,36.8956051
50800011011,out,71,-1.3381278,36.895948
50800011011,out,72,-1.3387398,36.8966159
50800011011,out,73,-1.3396072,36.8975868
50800011011,out,74,-1.3408686,36.898999
50800011011,out,75,-1.3424865,36.9008309
50800011011,out,76,-1.3438104,36.9022565
50800011011,out,77,-1.3443253,36.9027722
50800011011,out,78,-1.3444758,36.9029025
50800011011,out,79,-1.3445805,36.9029851
50800011011,out,80,-1.3450685,36.9033662
50800011011,out,81,-1.3453788,36.9035674
50800011011,out,82,-1.3455542,36.9037153
50800011011,out,83,-1.345541,36.9037065
50800011011,out,84,-1.3457205,36.9038227
50800011011,out,85,-1.3463558,36.9042047
50800011011,out,86,-1.3470995,36.9045528
50800011011,out,87,-1.3481944,36.90499
50800011011,out,88,-1.3494083,36.9053464
50800011011,out,89,-1.3509061,36.9057313
50800011011,out,90,-1.3517056,36.9059514
50800011011,out,91,-1.3533411,36.906435
50800011011,out,92,-1.3539832,36.906644
50800011011,out,93,-1.3541189,36.9066906
50800011011,out,94,-1.3542053,36.9066951
50800011011,out,95,-1.3546928,36.9067747
50800011011,out,96,-1.3554632,36.906951
50800011011,out,97,-1.3567857,36.9072833
50800011011,out,98,-1.3583846,36.9076783
50800011011,out,99,-1.3605991,36.908388
50800011011,out,100,-1.3619835,36.9091163
50800011011,out,101,-1.3633462,36.9101551
50800011011,out,102,-1.36402,36.9108256
50800011011,out,103,-1.3644126,36.911295
50800011011,out,104,-1.3645389,36.911527
50800011011,out,105,-1.3645379,36.9115109
50800011011,out,106,-1.364553,36.9115117
50800011011,out,107,-1.3648148,36.9117596
50800011011,out,108,-1.3653663,36.9123365
50800011011,out,109,-1.3661329,36.9132144
50800011011,out,110,-1.3672694,36.9145092
50800011011,out,111,-1.3686096,36.9160091
50800011011,out,112,-1.3700331,36.9176765
50800011011,out,113,-1.3716818,36.9196133
50800011011,out,114,-1.3721796,36.9201991
50800011011,out,115,-1.3723299,36.9203831
50800011011,out,116,-1.3723779,36.9204943
50800011011,out,117,-1.3724403,36.9205553
50800011011,out,118,-1.3727916,36.9209181
50800011011,out,119,-1.373405,36.9216136
50800011011,out,120,-1.3742911,36.9225763
50800011011,out,121,-1.3754253,36.9238832
50800011011,out,122,-1.3771249,36.9257946
50800011011,out,123,-1.3781863,36.9268876
50800011011,out,124,-1.3788133,36.9275852
50800011011,out,125,-1.3790201,36.9278479
50800011011,out,126,-1.3790369,36.9278665
50800011011,out,127,-1.3790788,36.927882
50800011011,out,128,-1.3791335,36.9279166
50800011011,out,129,-1.3795624,36.9283446
50800011011,out,130,-1.3803347,36.9291091
50800011011,out,131,-1.3813533,36.9300851
50800011011,out,132,-1.3827124,36.931326
50800011011,out,133,-1.3839666,36.9324713
50800011011,out,134,-1.3842866,36.9327474
50800011011,out,135,-1.3845008,36.9329328
50800011011,out,136,-1.3846393,36.933066
50800011011,out,137,-1.384948,36.9333048
50800011011,out,138,-1.3856718,36.9338745
50800011011,out,139,-1.3866045,36.9346342
50800011011,out,140,-1.3877481,36.9355448
50800011011,out,141,-1.388469,36.9361023
50800011011,out,142,-1.3888125,36.9363762
50800011011,out,143,-1.389194,36.9366496
50800011011,out,144,-1.3898265,36.9370966
50800011011,out,145,-1.3903624,36.9374686
50800011011,out,146,-1.3906804,36.9377014
50800011011,out,147,-1.3908488,36.9378353
50800011011,out,148,-1.3911959,36.9380974
50800011011,out,149,-1.3912316,36.938149
50800011011,out,150,-1.3912327,36.9381476
50800011011,out,151,-1.3914318,36.9382383
50800011011,out,152,-1.3919013,36.9385283
50800011011,out,153,-1.3926964,36.9390007
50800011011,out,154,-1.3936019,36.9396172
50800011011,out,155,-1.3945712,36.9402235
50800011011,out,156,-1.3948162,36.9403897
50800011011,out,157,-1.394835,36.9404025
50800011011,out,158,-1.394835,36.9404025
50800011011,out,159,-1.3948588,36.940404
50800011011,out,160,-1.3948588,36.940404
50800011011,out,161,-1.3950385,36.9404885
50800011011,out,162,-1.3955702,36.9408172
50800011011,out,163,-1.3963744,36.941249
50800011011,out,164,-1.3975428,36.9419132
50800011011,out,165,-1.3987635,36.9426061
50800011011,out,166,-1.3998483,36.9431917
50800011011,out,167,-1.4002345,36.9434146
50800011011,out,168,-1.4005244,36.9436334
50800011011,out,169,-1.4008463,36.9438112
50800011011,out,170,-1.4011827,36.9439951
50800011011,out,171,-1.4015971,36.9442096
50800011011,out,172,-1.4017974,36.9443244
50800011011,out,173,-1.4021978,36.9445351
50800011011,out,174,-1.4023943,36.9446472
50800011011,out,175,-1.4028239,36.9448632
50800011011,out,176,-1.4035716,36.9452357
50800011011,out,177,-1.4047004,36.945826
50800011011,out,178,-1.4059299,36.9464796
50800011011,out,179,-1.4063684,36.9467365
50800011011,out,180,-1.4064498,36.9467906
50800011011,out,181,-1.4065764,36.9468472
50800011011,out,182,-1.4069884,36.947053
50800011011,out,183,-1.407759,36.9474393
50800011011,out,184,-1.4087704,36.9479703
50800011011,out,185,-1.4101492,36.9487
50800011011,out,186,-1.4119365,36.9496814
50800011011,out,187,-1.4147599,36.9512023
50800011011,out,188,-1.4178236,36.9528569
50800011011,out,189,-1.4193336,36.9536699
50800011011,out,190,-1.4200435,36.954092
50800011011,out,191,-1.4203297,36.9542839
50800011011,out,192,-1.4203527,36.9543027
50800011011,out,193,-1.4203866,36.9543114
50800011011,out,194,-1.420747,36.9545152
50800011011,out,195,-1.4214454,36.9549421
50800011011,out,196,-1.4224324,36.9556098
50800011011,out,197,-1.4235976,36.9564645
50800011011,out,198,-1.4251418,36.9577035
50800011011,out,199,-1.426196,36.9586587
50800011011,out,200,-1.4265013,36.958953
50800011011,out,201,-1.4265802,36.9590299
50800011011,out,202,-1.4267374,36.9591706
50800011011,out,203,-1.4271584,36.9595547
50800011011,out,204,-1.4278997,36.9603119
50800011011,out,205,-1.4288091,36.9613034
50800011011,out,206,-1.4299966,36.9627491
50800011011,out,207,-1.4309272,36.9641659
50800011011,out,208,-1.4315873,36.965162
50800011011,out,209,-1.4317075,36.9653676
50800011011,out,210,-1.4317395,36.965923
50800011011,out,211,-1.4315411,36.9662649
50800011011,out,212,-1.4313865,36.9664864
50800011011,out,213,-1.4312282,36.9671434
50800011011,out,214,-1.431491,36.9676463
50800011011,out,215,-1.4320415,36.9679128
50800011011,out,216,-1.4323733,36.9679211
50800011011,out,217,-1.4340218,36.9677063
50800011011,out,218,-1.43463,36.9673587
50800011011,out,219,-1.4347329,36.9672241
50800011011,out,220,-1.4353686,36.9666881
50800011011,out,221,-1.4356292,36.9666628
50800011011,out,222,-1.4357471,36.9666839
50800011011,out,223,-1.4357766,36.9666908
50800011011,out,224,-1.4360747,36.9667166
50800011011,out,225,-1.4366429,36.9667796
50800011011,out,226,-1.4376699,36.9669437
50800011011,out,227,-1.4386199,36.9672748
50800011011,out,228,-1.4395731,36.967915
50800011011,out,229,-1.4405604,36.9685055
50800011011,out,230,-1.4415692,36.9686816
50800011011,out,231,-1.4428694,36.9685465
50800011011,out,232,-1.4448704,36.9683155
50800011011,out,233,-1.4461541,36.9682826
50800011011,out,234,-1.448754,36.9683896
50800011011,out,235,-1.4497873,36.9683711
50800011011,out,236,-1.4500437,36.9683709
50800011011,out,237,-1.4500473,36.968372
50800011011,out,238,-1.4502899,36.9683388
50800011011,out,239,-1.4508916,36.9682739
50800011011,out,240,-1.4517048,36.9681352
50800011011,out,241,-1.4528544,36.9678773
50800011011,out,242,-1.4542346,36.9674559
50800011011,out,243,-1.4554179,36.9669438
50800011011,out,244,-1.4567109,36.9663032
50800011011,out,245,-1.4589099,36.9652282
50800011011,out,246,-1.4614903,36.9638683
50800011011,out,247,-1.4630463,36.9630832
50800011011,out,248,-1.4643697,36.9624755
50800011011,out,249,-1.465948,36.9618353
50800011011,out,250,-1.4673338,36.9613483
50800011011,out,251,-1.4687253,36.9609197
50800011011,out,252,-1.4698781,36.9605672
50800011011,out,253,-1.4700591,36.9605314
50800011011,out,254,-1.4700673,36.9605303
50800011011,out,255,-1.4701571,36.9604853
50800011011,out,256,-1.4705913,36.9603314
50800011011,out,257,-1.4713487,36.9600939
50800011011,out,258,-1.472626,36.959698
50800011011,out,259,-1.4739533,36.9592736
50800011011,out,260,-1.4751699,36.9589119
50800011011,out,261,-1.4761014,36.958623
50800011011,out,262,-1.4770001,36.9583397
50800011011,out,263,-1.4771772,36.9582526
50800011011,out,264,-1.4773035,36.9580899
50800011011,out,265,-1.4774751,36.9580557
50800011011,out,266,-1.4774751,36.9580557
50800011011,out,267,-1.4774751,36.9580557
50800011011,out,268,-1.4776499,36.9579895
50800011011,out,269,-1.4777069,36.9579712
50800011011,in,0,-1.4776945,36.9579868
50800011011,in,1,-1.4776946,36.9579892
50800011011,in,2,-1.4776889,36.9579618
50800011011,in,3,-1.4775886,36.9579808
50800011011,in,4,-1.477454,36.9580277
50800011011,in,5,-1.4774173,36.9580154
50800011011,in,6,-1.4773523,36.958034
50800011011,in,7,-1.477272,36.958048
50800011011,in,8,-1.4771868,36.958074
50800011011,in,9,-1.4771177,36.9580411
50800011011,in,10,-1.4770702,36.9580338
50800011011,in,11,-1.477071,36.9580285
50800011011,in,12,-1.4770722,36.9580309
50800011011,in,13,-1.4770728,36.9580292
50800011011,in,14,-1.4770728,36.9580292
50800011011,in,15,-1.4770718,36.9580291
50800011011,in,16,-1.4770683,36.9580282
50800011011,in,17,-1.4770683,36.9580282
50800011011,in,18,-1.4770683,36.9580278
50800011011,in,19,-1.4770683,36.9580278
50800011011,in,20,-1.4770676,36.9580281
50800011011,in,21,-1.4770663,36.9580263
50800011011,in,22,-1.4770633,36.9580264
50800011011,in,23,-1.4770633,36.9580264
50800011011,in,24,-1.4770739,36.9580677
50800011011,in,25,-1.4770726,36.9580648
50800011011,in,26,-1.4770728,36.9580672
50800011011,in,27,-1.4770728,36.9580672
50800011011,in,28,-1.4770726,36.9580671
50800011011,in,29,-1.4770716,36.9580679
50800011011,in,30,-1.4770716,36.9580679
50800011011,in,31,-1.477071,36.9580684
50800011011,in,32,-1.4770714,36.9580681
50800011011,in,33,-1.4770714,36.9580681
50800011011,in,34,-1.4770715,36.9580682
50800011011,in,35,-1.4770689,36.9580682
50800011011,in,36,-1.4770689,36.9580682
50800011011,in,37,-1.4770689,36.9580672
50800011011,in,38,-1.4770663,36.9580685
50800011011,in,39,-1.4770663,36.9580685
50800011011,in,40,-1.4770668,36.9580631
50800011011,in,41,-1.4770668,36.9580631
50800011011,in,42,-1.4771438,36.9581098
50800011011,in,43,-1.4771521,36.9581227
50800011011,in,44,-1.4770006,36.9582852
50800011011,in,45,-1.4763826,36.9584802
50800011011,in,46,-1.4756999,36.9586843
50800011011,in,47,-1.4751045,36.9588712
50800011011,in,48,-1.4747361,36.9589807
50800011011,in,49,-1.4747118,36.9589885
50800011011,in,50,-1.4744983,36.9590598
50800011011,in,51,-1.473895,36.9592534
50800011011,in,52,-1.4729939,36.9595285
50800011011,in,53,-1.4721039,36.959804
50800011011,in,54,-1.470605,36.9602413
50800011011,in,55,-1.4687031,36.960835
50800011011,in,56,-1.4673198,36.9612963
50800011011,in,57,-1.4653942,36.9619844
50800011011,in,58,-1.4630919,36.9629959
50800011011,in,59,-1.460894,36.9641113
50800011011,in,60,-1.4582591,36.9654453
50800011011,in,61,-1.4562157,36.9664822
50800011011,in,62,-1.4545891,36.9672278
50800011011,in,63,-1.4531228,36.9677426
50800011011,in,64,-1.4518035,36.9680479
50800011011,in,65,-1.4504987,36.9682176
50800011011,in,66,-1.4501017,36.9682262
50800011011,in,67,-1.4499247,36.9682403
50800011011,in,68,-1.4493909,36.9682854
50800011011,in,69,-1.4483691,36.9683473
50800011011,in,70,-1.4476706,36.9682987
50800011011,in,71,-1.4475052,36.9682603
50800011011,in,72,-1.4475046,36.9682596
50800011011,in,73,-1.4474045,36.968278
50800011011,in,74,-1.4468001,36.9682368
50800011011,in,75,-1.4464991,36.9681883
50800011011,in,76,-1.4464599,36.9681868
50800011011,in,77,-1.4461833,36.9681896
50800011011,in,78,-1.4455411,36.9681886
50800011011,in,79,-1.4444102,36.9683041
50800011011,in,80,-1.4428762,36.9684793
50800011011,in,81,-1.441561,36.968626
50800011011,in,82,-1.4404694,36.9684426
50800011011,in,83,-1.4396018,36.9679078
50800011011,in,84,-1.4383567,36.9671047
50800011011,in,85,-1.4372497,36.9667692
50800011011,in,86,-1.4362244,36.9666334
50800011011,in,87,-1.4355781,36.9665543
50800011011,in,88,-1.435438,36.9665056
50800011011,in,89,-1.4354432,36.9665074
50800011011,in,90,-1.4356117,36.9665149
50800011011,in,91,-1.4356117,36.9665149
50800011011,in,92,-1.4356091,36.9665153
50800011011,in,93,-1.4353816,36.9665245
50800011011,in,94,-1.4351665,36.9665251
50800011011,in,95,-1.4346294,36.9662921
50800011011,in,96,-1.4336775,36.9657556
50800011011,in,97,-1.4325471,36.9650277
50800011011,in,98,-1.4314085,36.964021
50800011011,in,99,-1.4302876,36.9626661
50800011011,in,100,-1.4285573,36.9606512
50800011011,in,101,-1.4268627,36.9589324
50800011011,in,102,-1.4251123,36.9573338
50800011011,in,103,-1.4228763,36.955607
50800011011,in,104,-1.4223298,36.9552214
50800011011,in,105,-1.4214054,36.9546191
50800011011,in,106,-1.4201579,36.9538953
50800011011,in,107,-1.4186619,36.9530137
50800011011,in,108,-1.416713,36.9519616
50800011011,in,109,-1.4146417,36.9508447
50800011011,in,110,-1.4136713,36.9503428
50800011011,in,111,-1.4126417,36.9497632
50800011011,in,112,-1.4119106,36.9493518
50800011011,in,113,-1.4116607,36.949225
50800011011,in,114,-1.411657,36.9492243
50800011011,in,115,-1.4115528,36.9491635
50800011011,in,116,-1.4111843,36.9489731
50800011011,in,117,-1.4103026,36.9485166
50800011011,in,118,-1.4091627,36.9479382
50800011011,in,119,-1.4074108,36.9470033
50800011011,in,120,-1.4054717,36.9459607
50800011011,in,121,-1.4045714,36.94552
50800011011,in,122,-1.4038524,36.9451305
50800011011,in,123,-1.4036729,36.9450377
50800011011,in,124,-1.4033501,36.9448345
50800011011,in,125,-1.4031664,36.9447289
50800011011,in,126,-1.402807,36.9445223
50800011011,in,127,-1.4026459,36.9444285
50800011011,in,128,-1.4021388,36.9440933
50800011011,in,129,-1.4016266,36.9438281
50800011011,in,130,-1.4013105,36.9436626
50800011011,in,131,-1.4010614,36.9435265
50800011011,in,132,-1.4008975,36.943432
50800011011,in,133,-1.400772,36.9433454
50800011011,in,134,-1.400772,36.9433454
50800011011,in,135,-1.4006401,36.9432913
50800011011,in,136,-1.4001911,36.943052
50800011011,in,137,-1.3993967,36.9426295
50800011011,in,138,-1.3987086,36.9422607
50800011011,in,139,-1.3986103,36.9422114
50800011011,in,140,-1.3985996,36.9422068
50800011011,in,141,-1.3983271,36.9420756
50800011011,in,142,-1.3976633,36.9417257
50800011011,in,143,-1.3968629,36.941302
50800011011,in,144,-1.3963972,36.9410358
50800011011,in,145,-1.3957094,36.9406224
50800011011,in,146,-1.3950757,36.9401929
50800011011,in,147,-1.3947801,36.9400018
50800011011,in,148,-1.3946338,36.9399144
50800011011,in,149,-1.3946219,36.9398975
50800011011,in,150,-1.3946219,36.9398975
50800011011,in,151,-1.3946239,36.9398985
50800011011,in,152,-1.3946239,36.9398985
50800011011,in,153,-1.394624,36.939899
50800011011,in,154,-1.394624,36.939899
50800011011,in,155,-1.3946171,36.9399
50800011011,in,156,-1.3944676,36.9398628
50800011011,in,157,-1.3939129,36.9395047
50800011011,in,158,-1.3932902,36.939049
50800011011,in,159,-1.3925783,36.9385875
50800011011,in,160,-1.3919997,36.9382051
50800011011,in,161,-1.3918133,36.9380788
50800011011,in,162,-1.3916196,36.9379421
50800011011,in,163,-1.3913768,36.9377833
50800011011,in,164,-1.3907841,36.9373731
50800011011,in,165,-1.3899435,36.9367765
50800011011,in,166,-1.3893134,36.9363285
50800011011,in,167,-1.3885279,36.935757
50800011011,in,168,-1.387699,36.9351364
50800011011,in,169,-1.3864862,36.9341893
50800011011,in,170,-1.385737,36.9336239
50800011011,in,171,-1.3845816,36.9326655
50800011011,in,172,-1.3831803,36.9314395
50800011011,in,173,-1.381795,36.9301378
50800011011,in,174,-1.3796463,36.9280574
50800011011,in,175,-1.3783027,36.9266715
50800011011,in,176,-1.376666,36.9248774
50800011011,in,177,-1.3749845,36.9230109
50800011011,in,178,-1.373713,36.9215164
50800011011,in,179,-1.3722792,36.9198645
50800011011,in,180,-1.3712588,36.9187396
50800011011,in,181,-1.369687,36.916928
50800011011,in,182,-1.368592,36.9156201
50800011011,in,183,-1.3671462,36.9139621
50800011011,in,184,-1.3661804,36.9128507
50800011011,in,185,-1.3651156,36.9116747
50800011011,in,186,-1.3637463,36.9102151
50800011011,in,187,-1.3624919,36.9091733
50800011011,in,188,-1.3612359,36.9084518
50800011011,in,189,-1.3593808,36.9077309
50800011011,in,190,-1.3566553,36.9070013
50800011011,in,191,-1.3533921,36.9061472
50800011011,in,192,-1.3513268,36.9055235
50800011011,in,193,-1.3498241,36.904797
50800011011,in,194,-1.3488333,36.904196
50800011011,in,195,-1.3474427,36.9031194
50800011011,in,196,-1.3466044,36.9023721
50800011011,in,197,-1.3456201,36.9015092
50800011011,in,198,-1.3446402,36.9006655
50800011011,in,199,-1.343006,36.8991843
50800011011,in,200,-1.3413157,36.8976247
50800011011,in,201,-1.3404433,36.8968331
50800011011,in,202,-1.3390733,36.8955941
50800011011,in,203,-1.3376767,36.894284
50800011011,in,204,-1.3362588,36.8928915
50800011011,in,205,-1.3349731,36.8915583
50800011011,in,206,-1.3343073,36.8908187
50800011011,in,207,-1.3337206,36.890179
50800011011,in,208,-1.3335794,36.8899775
50800011011,in,209,-1.333579,36.8899763
50800011011,in,210,-1.3335681,36.8899653
50800011011,in,211,-1.333488,36.8898918
50800011011,in,212,-1.3333497,36.8897614
50800011011,in,213,-1.33302,36.8894257
50800011011,in,214,-1.332681,36.8890472
50800011011,in,215,-1.3320585,36.8883577
50800011011,in,216,-1.3317416,36.8880082
50800011011,in,217,-1.3316196,36.8878833
50800011011,in,218,-1.3313529,36.8876096
50800011011,in,219,-1.3312686,36.8874558
50800011011,in,220,-1.3312446,36.8874319
50800011011,in,221,-1.331207,36.887466
50800011011,in,222,-1.330206,36.88623
50800011011,in,223,-1.329612,36.885212
50800011011,in,224,-1.329147,36.883976
50800011011,in,225,-1.328825,36.882488
50800011011,in,226,-1.328768,36.881905
50800011011,in,227,-1.328824,36.880302
50800011011,in,228,-1.32981,36.87265
50800011011,in,229,-1.330808,36.865788
50800011011,in,230,-1.331404,36.860985
50800011011,in,231,-1.331389,36.859535
50800011011,in,232,-1.331294,36.858795
50800011011,in,233,-1.330835,36.857208
50800011011,in,234,-1.330136,36.85585
50800011011,in,235,-1.325683,36.848305
50800011011,in,236,-1.323925,36.845215
50800011011,in,237,-1.319492,36.837944
50800011011,in,238,-1.31731,36.834206
50800011011,in,239,-1.316368,36.832752
50800011011,in,240,-1.315208,36.831543
50800011011,in,241,-1.314893,36.831261
50800011011,in,242,-1.314072,36.830696
50800011011,in,243,-1.309307,36.828411
50800011011,in,244,-1.305414,36.826649
50800011011,in,245,-1.30522,36.826492
50800011011,in,246,-1.30522,36.826492
50800011011,in,247,-1.305072,36.826248
50800011011,in,248,-1.304921,36.826218
50800011011,in,249,-1.30477,36.826267
50800011011,in,250,-1.302622,36.825325
50800011011,in,251,-1.300383,36.824245
50800011011,in,252,-1.300184,36.824131
50800011011,in,253,-1.300123,36.824001
50800011011,in,254,-1.300013,36.823921
50800011011,in,255,-1.299841,36.82391
50800011011,in,256,-1.299698,36.823997
50800011011,in,257,-1.299514,36.824013
50800011011,in,258,-1.299011,36.823898
50800011011,in,259,-1.298395,36.823658
50800011011,in,260,-1.292938,36.820431
50800011011,in,261,-1.292938,36.820431
50800011011,in,262,-1.292904,36.820305
50800011011,in,263,-1.292785,36.82021
50800011011,in,264,-1.292633,36.820217
50800011011,in,265,-1.292515,36.820328
50800011011,in,266,-1.2925,36.82048
50800011011,in,267,-1.29261,36.820618
50800011011,in,268,-1.292572,36.820938
50800011011,in,269,-1.291871,36.822311
50800011011,in,270,-1.291871,36.822311
50800011011,in,271,-1.291648,36.822472
50800011011,in,272,-1.290845,36.823971
50800011011,in,273,-1.290845,36.823971
50800011011,in,274,-1.290843,36.824295
50800011011,in,275,-1.290843,36.824295
50800011011,in,276,-1.289558,36.8269
50800011011,in,277,-1.289283,36.827343
50800011011,in,278,-1.289117,36.827339
50800011011,in,279,-1.28898,36.827457
50800011011,in,280,-1.288953,36.827564
50800011011,in,281,-1.288996,36.827679
50800011011,in,282,-1.288712,36.828175
50800011011,in,283,-1.288673,36.828384
50800011011,in,284,-1.287799,36.830124
50800011011,in,285,-1.287799,36.830124
50800011011,in,286,-1.28763,36.830193
50800011011,in,287,-1.28767,36.830349
50800011011,in,288,-1.287796,36.830353
50800011011,in,289,-1.287861,36.830292
50800011011,in,290,-1.288692,36.828659
50800011011,in,291,-1.288692,36.828659
50800011011,in,292,-1.288798,36.828712
70400011111,out,0,-1.29048,36.827999
70400011111,out,1,-1.291455,36.828468
70400011111,out,2,-1.291455,36.828468
70400011111,out,3,-1.291317,36.828754
70400011111,out,4,-1.289362,36.827744
70400011111,out,5,-1.289362,36.827744
70400011111,out,6,-1.289452,36.827572
70400011111,out,7,-1.289384,36.827415
70400011111,out,8,-1.292658,36.821053
70400011111,out,9,-1.292658,36.821053
70400011111,out,10,-1.292799,36.820705
70400011111,out,11,-1.292786,36.820633
70400011111,out,12,-1.292786,36.820633
70400011111,out,13,-1.292933,36.820477
70400011111,out,14,-1.292924,36.820343
70400011111,out,15,-1.292791,36.820175
70400011111,out,16,-1.293516,36.816353
70400011111,out,17,-1.29384,36.815079
70400011111,out,18,-1.294067,36.814663
70400011111,out,19,-1.294579,36.81432
70400011111,out,20,-1.294796,36.81403
70400011111,out,21,-1.295284,36.812653
70400011111,out,22,-1.29545,36.810959
70400011111,out,23,-1.295454,36.809624
70400011111,out,24,-1.295454,36.809624
70400011111,out,25,-1.296895,36.807384
70400011111,out,26,-1.297814,36.803425
70400011111,out,27,-1.298116,36.802998
70400011111,out,28,-1.297959,36.80241
70400011111,out,29,-1.298019,36.801781
70400011111,out,30,-1.298564,36.79932
70400011111,out,31,-1.299293,36.795574
70400011111,out,32,-1.300059,36.779697
70400011111,out,33,-1.300175,36.779663
70400011111,out,34,-1.300252,36.779526
70400011111,out,35,-1.300189,36.779381
70400011111,out,36,-1.300056,36.779324
70400011111,out,37,-1.300487,36.770927
70400011111,out,38,-1.300466,36.769653
70400011111,out,39,-1.300402,36.768932
70400011111,out,40,-1.299107,36.762836
70400011111,out,41,-1.299147,36.762356
70400011111,out,42,-1.299245,36.761997
70400011111,out,43,-1.299116,36.76128
70400011111,out,44,-1.299118,36.760807
70400011111,out,45,-1.299118,36.760807
70400011111,out,46,-1.303021,36.750317
70400011111,out,47,-1.304185,36.746922
70400011111,out,48,-1.305682,36.742874
70400011111,out,49,-1.306424,36.73914
70400011111,out,50,-1.306916,36.736977
70400011111,out,51,-1.307764,36.734272
70400011111,out,52,-1.308477,36.732224
70400011111,out,53,-1.308423,36.731644
70400011111,out,54,-1.307953,36.730202
70400011111,out,55,-1.307951,36.729355
70400011111,out,56,-1.308048,36.728809
70400011111,out,57,-1.308288,36.72842
70400011111,out,58,-1.309736,36.726894
70400011111,out,59,-1.309958,36.72646
70400011111,out,60,-1.31034,36.725468
70400011111,out,61,-1.310644,36.724964
70400011111,out,62,-1.315514,36.719238
70400011111,out,63,-1.317279,36.717297
70400011111,out,64,-1.320058,36.714081
70400011111,out,65,-1.320272,36.713566
70400011111,out,66,-1.320616,36.711983
70400011111,out,67,-1.320885,36.711102
70400011111,out,68,-1.322152,36.707657
70400011111,out,69,-1.322152,36.707657
70400011111,out,70,-1.322374,36.707355
70400011111,out,71,-1.32238,36.706966
70400011111,out,72,-1.322612,36.706272
70400011111,out,73,-1.323535,36.703659
70400011111,out,74,-1.32466,36.700809
70400011111,out,75,-1.325672,36.695137
70400011111,out,76,-1.325725,36.694183
70400011111,out,77,-1.325562,36.693447
70400011111,out,78,-1.325596,36.693081
70400011111,out,79,-1.325724,36.692848
70400011111,out,80,-1.326074,36.692554
70400011111,out,81,-1.327062,36.692123
70400011111,out,82,-1.327368,36.691853
70400011111,out,83,-1.327589,36.691414
70400011111,out,84,-1.327692,36.690533
70400011111,out,85,-1.32782,36.690212
70400011111,out,86,-1.327961,36.690014
70400011111,out,87,-1.329052,36.688915
70400011111,out,88,-1.3293,36.688549
70400011111,out,89,-1.329402,36.688267
70400011111,out,90,-1.329559,36.687565
70400011111,out,91,-1.329635,36.686535
70400011111,out,92,-1.329617,36.686176
70400011111,out,93,-1.329399,36.685783
70400011111,out,94,-1.328271,36.684845
70400011111,out,95,-1.328071,36.684441
70400011111,out,96,-1.328031,36.684036
70400011111,out,97,-1.328256,36.683361
70400011111,out,98,-1.331136,36.676846
70400011111,out,99,-1.331483,36.676193
70400011111,out,100,-1.331923,36.675549
70400011111,out,101,-1.332668,36.674664
70400011111,out,102,-1.335144,36.67247
70400011111,out,103,-1.339114,36.668007
70400011111,out,104,-1.33966,36.667507
70400011111,out,105,-1.340299,36.667091
70400011111,out,106,-1.34076,36.666885
70400011111,out,107,-1.343924,36.666107
70400011111,out,108,-1.344298,36.665989
70400011111,out,109,-1.344888,36.665703
70400011111,out,110,-1.345533,36.665127
70400011111,out,111,-1.348948,36.660946
70400011111,out,112,-1.350144,36.659805
70400011111,out,113,-1.351165,36.659081
70400011111,out,114,-1.352375,36.658401
70400011111,out,115,-1.353548,36.657921
70400011111,out,116,-1.36083,36.655914
70400011111,in,0,-1.360425,36.656025
70400011111,in,1,-1.353548,36.657921
70400011111,in,2,-1.352375,36.658401
70400011111,in,3,-1.351414,36.658916
70400011111,in,4,-1.350404,36.659603
70400011111,in,5,-1.349418,36.660465
70400011111,in,6,-1.348948,36.660946
70400011111,in,7,-1.345533,36.665127
70400011111,in,8,-1.344888,36.665703
70400011111,in,9,-1.344298,36.665989
70400011111,in,10,-1.343924,36.666107
70400011111,in,11,-1.34076,36.666885
70400011111,in,12,-1.340299,36.667091
70400011111,in,13,-1.33966,36.667507
70400011111,in,14,-1.339114,36.668007
70400011111,in,15,-1.335144,36.67247
70400011111,in,16,-1.332668,36.674664
70400011111,in,17,-1.331734,36.6758
70400011111,in,18,-1.331136,36.676846
70400011111,in,19,-1.328256,36.683361
70400011111,in,20,-1.328031,36.684036
70400011111,in,21,-1.328071,36.684441
70400011111,in,22,-1.328271,36.684845
70400011111,in,23,-1.329399,36.685783
70400011111,in,24,-1.329617,36.686176
70400011111,in,25,-1.329635,36.686535
70400011111,in,26,-1.329559,36.687565
70400011111,in,27,-1.329402,36.688267
70400011111,in,28,-1.3293,36.688549
70400011111,in,29,-1.329052,36.688915
70400011111,in,30,-1.327961,36.690014
70400011111,in,31,-1.32782,36.690212
70400011111,in,32,-1.327692,36.690533
70400011111,in,33,-1.327589,36.691414
70400011111,in,34,-1.327368,36.691853
70400011111,in,35,-1.327062,36.692123
70400011111,in,36,-1.326074,36.692554
70400011111,in,37,-1.325724,36.692848
70400011111,in,38,-1.325596,36.693081
70400011111,in,39,-1.325562,36.693447
70400011111,in,40,-1.325725,36.694183
70400011111,in,41,-1.325672,36.695137
70400011111,in,42,-1.32466,36.700809
70400011111,in,43,-1.323535,36.703659
70400011111,in,44,-1.32238,36.706966
70400011111,in,45,-1.32238,36.706966
70400011111,in,46,-1.322159,36.707275
70400011111,in,47,-1.322152,36.707657
70400011111,in,48,-1.320885,36.711102
70400011111,in,49,-1.320616,36.711983
70400011111,in,50,-1.320272,36.713566
70400011111,in,51,-1.320058,36.714081
70400011111,in,52,-1.317279,36.717297
70400011111,in,53,-1.315514,36.719238
70400011111,in,54,-1.310644,36.724964
70400011111,in,55,-1.31034,36.725468
70400011111,in,56,-1.309958,36.72646
70400011111,in,57,-1.309736,36.726894
70400011111,in,58,-1.308288,36.72842
70400011111,in,59,-1.308048,36.728809
70400011111,in,60,-1.307951,36.729355
70400011111,in,61,-1.307953,36.730202
70400011111,in,62,-1.308423,36.731644
70400011111,in,63,-1.308477,36.732224
70400011111,in,64,-1.307764,36.734272
70400011111,in,65,-1.306916,36.736977
70400011111,in,66,-1.306424,36.73914
70400011111,in,67,-1.305682,36.742874
70400011111,in,68,-1.304185,36.746922
70400011111,in,69,-1.303021,36.750317
70400011111,in,70,-1.29929,36.760311
70400011111,in,71,-1.299076,36.760448
70400011111,in,72,-1.298715,36.760498
70400011111,in,73,-1.298639,36.76059
70400011111,in,74,-1.298629,36.760704
70400011111,in,75,-1.298926,36.761898
70400011111,in,76,-1.298926,36.761898
70400011111,in,77,-1.300402,36.768932
70400011111,in,78,-1.300466,36.769653
70400011111,in,79,-1.300487,36.770927
70400011111,in,80,-1.300056,36.779324
70400011111,in,81,-1.299927,36.779385
70400011111,in,82,-1.299871,36.779491
70400011111,in,83,-1.299916,36.779629
70400011111,in,84,-1.300059,36.779697
70400011111,in,85,-1.299293,36.795574
70400011111,in,86,-1.298564,36.79932
70400011111,in,87,-1.298019,36.801781
70400011111,in,88,-1.297959,36.80241
70400011111,in,89,-1.297724,36.802944
70400011111,in,90,-1.297814,36.803425
70400011111,in,91,-1.296895,36.807384
70400011111,in,92,-1.29606,36.808739
70400011111,in,93,-1.294522,36.811047
70400011111,in,94,-1.293981,36.811653
70400011111,in,95,-1.293981,36.811653
70400011111,in,96,-1.293871,36.811867
70400011111,in,97,-1.293914,36.812008
70400011111,in,98,-1.29471,36.812206
70400011111,in,99,-1.29471,36.812206
70400011111,in,100,-1.295284,36.812653
70400011111,in,101,-1.295284,36.812653
70400011111,in,102,-1.295026,36.813469
70400011111,in,103,-1.294708,36.814175
70400011111,in,104,-1.294418,36.814461
70400011111,in,105,-1.294067,36.814663
70400011111,in,106,-1.293883,36.814941
70400011111,in,107,-1.293516,36.816353
70400011111,in,108,-1.292785,36.82021
70400011111,in,109,-1.292785,36.82021
70400011111,in,110,-1.292601,36.820232
70400011111,in,111,-1.292506,36.820347
70400011111,in,112,-1.292507,36.820503
70400011111,in,113,-1.29261,36.820618
70400011111,in,114,-1.292572,36.820938
70400011111,in,115,-1.291871,36.822311
70400011111,in,116,-1.291871,36.822311
70400011111,in,117,-1.291648,36.822472
70400011111,in,118,-1.290845,36.823971
70400011111,in,119,-1.290845,36.823971
70400011111,in,120,-1.290843,36.824295
70400011111,in,121,-1.290843,36.824295
70400011111,in,122,-1.289849,36.826336
70400011111,in,123,-1.289283,36.827343
70400011111,in,124,-1.289283,36.827343
70400011111,in,125,-1.289117,36.827339
70400011111,in,126,-1.288972,36.827473
70400011111,in,127,-1.288969,36.827637
70400011111,in,128,-1.289089,36.827763
70400011111,in,129,-1.289213,36.827789
70400011111,in,130,-1.289362,36.827744
70400011111,in,131,-1.289443,36.827614
70400011111,in,132,-1.289441,36.827499
70400011111,in,133,-1.290555,36.828033
80000115011,out,0,-1.281049,36.822636
80000115011,out,1,-1.281116,36.82275
80000115011,out,2,-1.281116,36.82275
80000115011,out,3,-1.279776,36.823917
80000115011,out,4,-1.279776,36.823917
80000115011,out,5,-1.279792,36.823124
80000115011,out,6,-1.279462,36.822262
80000115011,out,7,-1.279166,36.821861
80000115011,out,8,-1.279166,36.821861
80000115011,out,9,-1.27934,36.821728
80000115011,out,10,-1.279545,36.821442
80000115011,out,11,-1.279568,36.821121
80000115011,out,12,-1.279329,36.820831
80000115011,out,13,-1.279342,36.820572
80000115011,out,14,-1.280085,36.819317
80000115011,out,15,-1.280123,36.819115
80000115011,out,16,-1.280123,36.819115
80000115011,out,17,-1.280066,36.818707
80000115011,out,18,-1.280243,36.818275
80000115011,out,19,-1.280243,36.818275
80000115011,out,20,-1.28175,36.815289
80000115011,out,21,-1.28175,36.815289
80000115011,out,22,-1.281935,36.815182
80000115011,out,23,-1.281993,36.815044
80000115011,out,24,-1.281935,36.814842
80000115011,out,25,-1.281829,36.814777
80000115011,out,26,-1.281703,36.814766
80000115011,out,27,-1.281545,36.814838
80000115011,out,28,-1.280125,36.814201
80000115011,out,29,-1.279305,36.814034
80000115011,out,30,-1.278078,36.813877
80000115011,out,31,-1.277231,36.813675
80000115011,out,32,-1.276072,36.813187
80000115011,out,33,-1.275296,36.812695
80000115011,out,34,-1.275296,36.812695
80000115011,out,35,-1.274499,36.812012
80000115011,out,36,-1.274144,36.811615
80000115011,out,37,-1.273131,36.809734
80000115011,out,38,-1.272256,36.808544
80000115011,out,39,-1.268087,36.804871
80000115011,out,40,-1.266059,36.803112
80000115011,out,41,-1.265135,36.802376
80000115011,out,42,-1.264798,36.801811
80000115011,out,43,-1.264064,36.801514
80000115011,out,44,-1.263519,36.801075
80000115011,out,45,-1.263519,36.801075
80000115011,out,46,-1.262578,36.800278
80000115011,out,47,-1.26217,36.799805
80000115011,out,48,-1.261908,36.799389
80000115011,out,49,-1.26159,36.79858
80000115011,out,50,-1.261294,36.797588
80000115011,out,51,-1.260887,36.794437
80000115011,out,52,-1.260735,36.792377
80000115011,out,53,-1.260374,36.791157
80000115011,out,54,-1.260085,36.789616
80000115011,out,55,-1.259633,36.785126
80000115011,out,56,-1.259131,36.781364
80000115011,out,57,-1.258971,36.779404
80000115011,out,58,-1.259034,36.778088
80000115011,out,59,-1.25952,36.775063
80000115011,out,60,-1.260907,36.76849
80000115011,out,61,-1.261271,36.767544
80000115011,out,62,-1.262461,36.7658
80000115011,out,63,-1.262863,36.765049
80000115011,out,64,-1.26309,36.764397
80000115011,out,65,-1.263618,36.761616
80000115011,out,66,-1.26413,36.756737
80000115011,out,67,-1.264276,36.753147
80000115011,out,68,-1.264213,36.751045
80000115011,out,69,-1.264298,36.747459
80000115011,out,70,-1.264655,36.738644
80000115011,out,71,-1.264655,36.738644
80000115011,out,72,-1.264698,36.737091
80000115011,out,73,-1.26465,36.7356
80000115011,out,74,-1.26465,36.7356
80000115011,out,75,-1.263965,36.730263
80000115011,out,76,-1.263665,36.729187
80000115011,out,77,-1.263114,36.727962
80000115011,out,78,-1.262288,36.72654
80000115011,out,79,-1.26145,36.725254
80000115011,out,80,-1.261187,36.724705
80000115011,out,81,-1.260894,36.724052
80000115011,out,82,-1.260668,36.72337
80000115011,out,83,-1.260392,36.722263
80000115011,out,84,-1.260233,36.720848
80000115011,out,85,-1.260233,36.719841
80000115011,out,86,-1.260325,36.718948
80000115011,out,87,-1.260457,36.718254
80000115011,out,88,-1.261052,36.715645
80000115011,out,89,-1.261034,36.714417
80000115011,out,90,-1.260907,36.713512
80000115011,out,91,-1.259506,36.705791
80000115011,out,92,-1.258681,36.703251
80000115011,out,93,-1.258681,36.703251
80000115011,out,94,-1.255272,36.69355
80000115011,out,95,-1.25448,36.691505
80000115011,out,96,-1.253683,36.690224
80000115011,out,97,-1.246801,36.680492
80000115011,out,98,-1.246498,36.680138
80000115011,out,99,-1.245162,36.678951
80000115011,out,100,-1.242196,36.676441
80000115011,out,101,-1.241694,36.676132
80000115011,out,102,-1.237284,36.673798
80000115011,out,103,-1.236356,36.673222
80000115011,out,104,-1.235565,36.672405
80000115011,out,105,-1.233642,36.669693
80000115011,out,106,-1.232942,36.668858
80000115011,out,107,-1.232645,36.668606
80000115011,out,108,-1.232314,36.668411
80000115011,out,109,-1.231528,36.668034
80000115011,out,110,-1.230384,36.667591
80000115011,out,111,-1.23003,36.667351
80000115011,out,112,-1.229465,36.666759
80000115011,out,113,-1.228745,36.665546
80000115011,out,114,-1.228357,36.665024
80000115011,out,115,-1.228041,36.6647
80000115011,out,116,-1.227356,36.664249
80000115011,out,117,-1.226602,36.664009
80000115011,out,118,-1.216378,36.662579
80000115011,out,119,-1.215549,36.662376
80000115011,out,120,-1.214965,36.662083
80000115011,out,121,-1.214333,36.66156
80000115011,out,122,-1.212776,36.659817
80000115011,out,123,-1.212056,36.65921
80000115011,out,124,-1.211424,36.65889
80000115011,out,125,-1.19879,36.65377
80000115011,out,126,-1.198564,36.65361
80000115011,out,127,-1.196207,36.652653
80000115011,out,128,-1.19551,36.652328
80000115011,out,129,-1.194428,36.651653
80000115011,out,130,-1.193076,36.650711
80000115011,out,131,-1.193076,36.650711
80000115011,out,132,-1.192926,36.650928
80000115011,out,133,-1.19284,36.650948
80000115011,out,134,-1.192106,36.650314
80000115011,out,135,-1.188181,36.649349
80000115011,out,136,-1.188181,36.649349
80000115011,out,137,-1.188131,36.648949
80000115011,out,138,-1.188289,36.648323
80000115011,out,139,-1.188206,36.648117
80000115011,out,140,-1.188311,36.647964
80000115011,out,141,-1.18811,36.647751
80000115011,out,142,-1.179556,36.643658
80000115011,out,143,-1.179556,36.643658
80000115011,out,144,-1.179512,36.643764
80000115011,out,145,-1.179512,36.643764
80000115011,out,146,-1.177432,36.642738
80000115011,out,147,-1.176545,36.64241
80000115011,out,148,-1.176006,36.642292
80000115011,out,149,-1.163654,36.640293
80000115011,out,150,-1.150172,36.638031
80000115011,out,151,-1.142689,36.636841
80000115011,out,152,-1.138687,36.63615
80000115011,out,153,-1.135235,36.635448
80000115011,out,154,-1.134853,36.635429
80000115011,out,155,-1.130513,36.634338
80000115011,out,156,-1.126177,36.633095
80000115011,out,157,-1.123009,36.632069
80000115011,out,158,-1.1209,36.631561
80000115011,out,159,-1.119814,36.631409
80000115011,out,160,-1.117987,36.631306
80000115011,out,161,-1.113764,36.631451
80000115011,out,162,-1.111436,36.631393
80000115011,out,163,-1.109733,36.631226
80000115011,out,164,-1.107718,36.630806
80000115011,out,165,-1.107718,36.630806
80000115011,out,166,-1.1075,36.630608
80000115011,out,167,-1.107449,36.630421
80000115011,out,168,-1.107569,36.630013
80000115011,out,169,-1.107843,36.629684
80000115011,out,170,-1.108051,36.629608
80000115011,out,171,-1.108349,36.629578
80000115011,out,172,-1.109082,36.629688
80000115011,out,173,-1.108743,36.632065
80000115011,out,174,-1.108649,36.632549
80000115011,out,175,-1.108486,36.632969
80000115011,out,176,-1.108033,36.63361
80000115011,out,177,-1.107728,36.633835
80000115011,out,178,-1.10605,36.63464
80000115011,out,179,-1.105869,36.634838
80000115011,out,180,-1.105698,36.635265
80000115011,out,181,-1.105596,36.635815
80000115011,out,182,-1.105596,36.636505
80000115011,out,183,-1.105822,36.637112
80000115011,out,184,-1.106146,36.637577
80000115011,out,185,-1.107843,36.63937
80000115011,out,186,-1.108036,36.639854
80000115011,out,187,-1.10833,36.641743
80000115011,out,188,-1.108532,36.642216
80000115011,out,189,-1.108819,36.642605
80000115011,out,190,-1.109804,36.643536
80000115011,out,191,-1.109804,36.643536
80000115011,out,192,-1.107825,36.643925
80000115011,in,0,-1.107825,36.643925
80000115011,in,1,-1.109804,36.643536
80000115011,in,2,-1.109804,36.643536
80000115011,in,3,-1.108819,36.642605
80000115011,in,4,-1.108532,36.642216
80000115011,in,5,-1.10833,36.641743
80000115011,in,6,-1.108036,36.639854
80000115011,in,7,-1.107843,36.63937
80000115011,in,8,-1.106146,36.637577
80000115011,in,9,-1.105822,36.637112
80000115011,in,10,-1.105596,36.636505
80000115011,in,11,-1.105596,36.635815
80000115011,in,12,-1.105698,36.635265
80000115011,in,13,-1.105869,36.634838
80000115011,in,14,-1.10605,36.63464
80000115011,in,15,-1.107728,36.633835
80000115011,in,16,-1.108033,36.63361
80000115011,in,17,-1.108486,36.632969
80000115011,in,18,-1.108646,36.632557
80000115011,in,19,-1.108646,36.632557
80000115011,in,20,-1.109574,36.632736
80000115011,in,21,-1.109898,36.632637
80000115011,in,22,-1.11006,36.632519
80000115011,in,23,-1.110219,36.632275
80000115011,in,24,-1.110328,36.631676
80000115011,in,25,-1.110427,36.631481
80000115011,in,26,-1.110744,36.631329
80000115011,in,27,-1.110744,36.631329
80000115011,in,28,-1.112592,36.631443
80000115011,in,29,-1.113764,36.631451
80000115011,in,30,-1.11738,36.631313
80000115011,in,31,-1.11849,36.631317
80000115011,in,32,-1.119814,36.631409
80000115011,in,33,-1.1209,36.631561
80000115011,in,34,-1.123009,36.632069
80000115011,in,35,-1.126177,36.633095
80000115011,in,36,-1.130513,36.634338
80000115011,in,37,-1.134437,36.635303
80000115011,in,38,-1.135609,36.635696
80000115011,in,39,-1.136756,36.635925
80000115011,in,40,-1.14259,36.636971
80000115011,in,41,-1.15037,36.638149
80000115011,in,42,-1.175365,36.642265
80000115011,in,43,-1.176676,36.642555
80000115011,in,44,-1.178514,36.643383
80000115011,in,45,-1.178935,36.643604
80000115011,in,46,-1.179813,36.644241
80000115011,in,47,-1.180764,36.644726
80000115011,in,48,-1.181945,36.645264
80000115011,in,49,-1.183056,36.645603
80000115011,in,50,-1.184684,36.646454
80000115011,in,51,-1.188507,36.648228
80000115011,in,52,-1.190521,36.649235
80000115011,in,53,-1.192597,36.650482
80000115011,in,54,-1.194873,36.652058
80000115011,in,55,-1.195593,36.652458
80000115011,in,56,-1.198349,36.653633
80000115011,in,57,-1.200994,36.654652
80000115011,in,58,-1.211424,36.65889
80000115011,in,59,-1.212056,36.65921
80000115011,in,60,-1.212776,36.659817
80000115011,in,61,-1.214333,36.66156
80000115011,in,62,-1.214965,36.662083
80000115011,in,63,-1.215549,36.662376
80000115011,in,64,-1.216378,36.662579
80000115011,in,65,-1.226602,36.664009
80000115011,in,66,-1.227356,36.664249
80000115011,in,67,-1.228041,36.6647
80000115011,in,68,-1.228351,36.665016
80000115011,in,69,-1.228745,36.665546
80000115011,in,70,-1.229465,36.666759
80000115011,in,71,-1.23003,36.667351
80000115011,in,72,-1.230571,36.667759
80000115011,in,73,-1.232134,36.66843
80000115011,in,74,-1.232928,36.668987
80000115011,in,75,-1.233338,36.669476
80000115011,in,76,-1.23551,36.67247
80000115011,in,77,-1.236181,36.673199
80000115011,in,78,-1.236819,36.673634
80000115011,in,79,-1.241641,36.676201
80000115011,in,80,-1.242124,36.676502
80000115011,in,81,-1.242908,36.67712
80000115011,in,82,-1.246521,36.680279
80000115011,in,83,-1.251283,36.686954
80000115011,in,84,-1.253587,36.690243
80000115011,in,85,-1.254347,36.691437
80000115011,in,86,-1.254991,36.693066
80000115011,in,87,-1.258933,36.704277
80000115011,in,88,-1.259485,36.706089
80000115011,in,89,-1.26086,36.713993
80000115011,in,90,-1.260886,36.714733
80000115011,in,91,-1.260821,36.715569
80000115011,in,92,-1.260188,36.71859
80000115011,in,93,-1.260067,36.719467
80000115011,in,94,-1.260033,36.720726
80000115011,in,95,-1.260152,36.722099
80000115011,in,96,-1.260357,36.723061
80000115011,in,97,-1.260884,36.724579
80000115011,in,98,-1.261538,36.725838
80000115011,in,99,-1.262721,36.727631
80000115011,in,100,-1.263276,36.728951
80000115011,in,101,-1.263658,36.730293
80000115011,in,102,-1.263788,36.731148
80000115011,in,103,-1.264378,36.735729
80000115011,in,104,-1.264404,36.73774
80000115011,in,105,-1.264139,36.744911
80000115011,in,106,-1.264089,36.748138
80000115011,in,107,-1.263982,36.750744
80000115011,in,108,-1.264084,36.753899
80000115011,in,109,-1.263877,36.757507
80000115011,in,110,-1.263555,36.761044
80000115011,in,111,-1.262937,36.764168
80000115011,in,112,-1.262729,36.764912
80000115011,in,113,-1.262524,36.765411
80000115011,in,114,-1.262245,36.765884
80000115011,in,115,-1.261135,36.767544
80000115011,in,116,-1.260916,36.767944
80000115011,in,117,-1.260736,36.768459
80000115011,in,118,-1.260456,36.769558
80000115011,in,119,-1.259451,36.77454
80000115011,in,120,-1.259213,36.775143
80000115011,in,121,-1.259133,36.775513
80000115011,in,122,-1.259187,36.776329
80000115011,in,123,-1.258918,36.777946
80000115011,in,124,-1.25884,36.779198
80000115011,in,125,-1.258985,36.781376
80000115011,in,126,-1.259443,36.785027
80000115011,in,127,-1.259683,36.787994
80000115011,in,128,-1.26001,36.790375
80000115011,in,129,-1.260487,36.79229
80000115011,in,130,-1.26059,36.79361
80000115011,in,131,-1.260975,36.79686
80000115011,in,132,-1.261132,36.797569
80000115011,in,133,-1.261758,36.799469
80000115011,in,134,-1.261956,36.799854
80000115011,in,135,-1.262207,36.800194
80000115011,in,136,-1.263565,36.801403
80000115011,in,137,-1.264438,36.802006
80000115011,in,138,-1.264438,36.802006
80000115011,in,139,-1.264532,36.802174
80000115011,in,140,-1.264939,36.802326
80000115011,in,141,-1.265082,36.802444
80000115011,in,142,-1.266112,36.803375
80000115011,in,143,-1.266845,36.804214
80000115011,in,144,-1.267475,36.80484
80000115011,in,145,-1.267906,36.805168
80000115011,in,146,-1.272415,36.809128
80000115011,in,147,-1.272893,36.809715
80000115011,in,148,-1.27367,36.811146
80000115011,in,149,-1.274155,36.811852
80000115011,in,150,-1.274977,36.812607
80000115011,in,151,-1.2758,36.813183
80000115011,in,152,-1.2758,36.813183
80000115011,in,153,-1.276335,36.813499
80000115011,in,154,-1.277351,36.813847
80000115011,in,155,-1.279284,36.814152
80000115011,in,156,-1.280059,36.814365
80000115011,in,157,-1.28124,36.814854
80000115011,in,158,-1.281484,36.81501
80000115011,in,159,-1.281484,36.81501
80000115011,in,160,-1.281549,36.815201
80000115011,in,161,-1.280687,36.817047
80000115011,in,162,-1.280079,36.818184
80000115011,in,163,-1.280079,36.818184
80000115011,in,164,-1.279914,36.818687
80000115011,in,165,-1.279967,36.819092
80000115011,in,166,-1.279967,36.819092
80000115011,in,167,-1.27994,36.819355
80000115011,in,168,-1.279254,36.820496
80000115011,in,169,-1.279096,36.820644
80000115011,in,170,-1.279096,36.820644
80000115011,in,171,-1.27889,36.820541
80000115011,in,172,-1.278579,36.820492
80000115011,in,173,-1.278187,36.82056
80000115011,in,174,-1.277849,36.82082
80000115011,in,175,-1.277715,36.821117
80000115011,in,176,-1.277758,36.821362
80000115011,in,177,-1.27792,36.821728
80000115011,in,178,-1.278028,36.821857
80000115011,in,179,-1.27833,36.822002
80000115011,in,180,-1.278686,36.822044
80000115011,in,181,-1.279166,36.821861
80000115011,in,182,-1.279502,36.821541
80000115011,in,183,-1.279783,36.821423
80000115011,in,184,-1.28003,36.821487
80000115011,in,185,-1.280256,36.821629
80000115011,in,186,-1.280906,36.822269
80000115011,in,187,-1.28101,36.822449
80000115011,in,188,-1.28101,36.822449
80000115011,in,189,-1.281049,36.822636
10000116011,out,0,-1.281413,36.822399
10000116011,out,1,-1.281412,36.822399
10000116011,out,2,-1.281239,36.822315
10000116011,out,3,-1.281093,36.822308
10000116011,out,4,-1.281093,36.822308
10000116011,out,5,-1.280192,36.821381
10000116011,out,6,-1.27993,36.821255
10000116011,out,7,-1.279516,36.821159
10000116011,out,8,-1.27801,36.821224
10000116011,out,9,-1.277696,36.821304
10000116011,out,10,-1.277454,36.821423
10000116011,out,11,-1.277327,36.821545
10000116011,out,12,-1.276722,36.822529
10000116011,out,13,-1.276513,36.822735
10000116011,out,14,-1.275368,36.823215
10000116011,out,15,-1.275368,36.823215
10000116011,out,16,-1.274368,36.823322
10000116011,out,17,-1.273988,36.823406
10000116011,out,18,-1.273988,36.823406
10000116011,out,19,-1.271544,36.82188
10000116011,out,20,-1.270562,36.820671
10000116011,out,21,-1.270312,36.820465
10000116011,out,22,-1.269804,36.820412
10000116011,out,23,-1.268903,36.820465
10000116011,out,24,-1.268554,36.820663
10000116011,out,25,-1.268265,36.820934
10000116011,out,26,-1.267112,36.822647
10000116011,out,27,-1.266643,36.823093
10000116011,out,28,-1.265142,36.824142
10000116011,out,29,-1.258543,36.827106
10000116011,out,30,-1.258286,36.827156
10000116011,out,31,-1.258125,36.827118
10000116011,out,32,-1.256637,36.826275
10000116011,out,33,-1.255678,36.825836
10000116011,out,34,-1.255549,36.82568
10000116011,out,35,-1.25514,36.824978
10000116011,out,36,-1.254792,36.823769
10000116011,out,37,-1.254578,36.823364
10000116011,out,38,-1.253137,36.821369
10000116011,out,39,-1.252546,36.820366
10000116011,out,40,-1.25213,36.819859
10000116011,out,41,-1.252052,36.819401
10000116011,out,42,-1.252099,36.81797
10000116011,out,43,-1.252021,36.817787
10000116011,out,44,-1.251924,36.817707
10000116011,out,45,-1.25165,36.817657
10000116011,out,46,-1.251459,36.817795
10000116011,out,47,-1.251376,36.817928
10000116011,out,48,-1.250486,36.819706
10000116011,out,49,-1.250241,36.82056
10000116011,out,50,-1.250181,36.820976
10000116011,out,51,-1.250037,36.821171
10000116011,out,52,-1.250037,36.821171
10000116011,out,53,-1.249968,36.821217
10000116011,out,54,-1.24974,36.821198
10000116011,out,55,-1.249573,36.82106
10000116011,out,56,-1.249519,36.820938
10000116011,out,57,-1.249119,36.819607
10000116011,out,58,-1.248972,36.818714
10000116011,out,59,-1.248674,36.817688
10000116011,out,60,-1.248566,36.817036
10000116011,out,61,-1.248473,36.81675
10000116011,out,62,-1.248302,36.816509
10000116011,out,63,-1.248016,36.816242
10000116011,out,64,-1.247561,36.815952
10000116011,out,65,-1.244633,36.8148
10000116011,out,66,-1.243825,36.814056
10000116011,out,67,-1.243693,36.813995
10000116011,out,68,-1.241228,36.813534
10000116011,out,69,-1.24091,36.8134
10000116011,out,70,-1.240624,36.81321
10000116011,out,71,-1.239809,36.812305
10000116011,out,72,-1.238417,36.810501
10000116011,out,73,-1.237996,36.809872
10000116011,out,74,-1.237727,36.809437
10000116011,out,75,-1.235138,36.804386
10000116011,out,76,-1.234813,36.803909
10000116011,out,77,-1.234461,36.80365
10000116011,out,78,-1.233276,36.803177
10000116011,out,79,-1.232821,36.803101
10000116011,out,80,-1.232281,36.80315
10000116011,out,81,-1.230628,36.803711
10000116011,out,82,-1.227588,36.804913
10000116011,out,83,-1.227154,36.805038
10000116011,out,84,-1.226551,36.805061
10000116011,out,85,-1.22453,36.804359
10000116011,out,86,-1.224088,36.804077
10000116011,out,87,-1.223886,36.803879
10000116011,out,88,-1.223314,36.80283
10000116011,out,89,-1.222731,36.80196
10000116011,out,90,-1.221945,36.801506
10000116011,out,91,-1.221495,36.801418
10000116011,out,92,-1.22073,36.801464
10000116011,out,93,-1.219837,36.801765
10000116011,out,94,-1.219152,36.801842
10000116011,out,95,-1.218589,36.801762
10000116011,out,96,-1.217946,36.801418
10000116011,out,97,-1.217472,36.800922
10000116011,out,98,-1.21589,36.798466
10000116011,out,99,-1.215781,36.798241
10000116011,out,100,-1.215298,36.796627
10000116011,out,101,-1.214238,36.794483
10000116011,out,102,-1.213387,36.793091
10000116011,out,103,-1.212546,36.791901
10000116011,out,104,-1.212167,36.79147
10000116011,out,105,-1.207584,36.786648
10000116011,out,106,-1.207128,36.785892
10000116011,out,107,-1.207128,36.785892
10000116011,out,108,-1.206887,36.785931
10000116011,out,109,-1.206133,36.785637
10000116011,out,110,-1.205256,36.785492
10000116011,out,111,-1.202372,36.78553
10000116011,out,112,-1.201786,36.785431
10000116011,out,113,-1.20093,36.785175
10000116011,out,114,-1.198857,36.784351
10000116011,out,115,-1.198169,36.783993
10000116011,out,116,-1.197715,36.783623
10000116011,out,117,-1.19716,36.782936
10000116011,out,118,-1.193741,36.778244
10000116011,out,119,-1.193394,36.777706
10000116011,out,120,-1.192962,36.777245
10000116011,out,121,-1.192381,36.776463
10000116011,out,122,-1.192224,36.776173
10000116011,out,123,-1.190871,36.774502
10000116011,out,124,-1.190035,36.773693
10000116011,out,125,-1.189173,36.772659
10000116011,out,126,-1.187342,36.769855
10000116011,out,127,-1.186737,36.768581
10000116011,out,128,-1.185434,36.765377
10000116011,out,129,-1.185179,36.764935
10000116011,out,130,-1.184837,36.764484
10000116011,out,131,-1.184161,36.763878
10000116011,out,132,-1.178175,36.760429
10000116011,out,133,-1.175877,36.75959
10000116011,out,134,-1.173124,36.758495
10000116011,out,135,-1.17091,36.757713
10000116011,out,136,-1.170181,36.757355
10000116011,out,137,-1.169152,36.756405
10000116011,out,138,-1.166551,36.752869
10000116011,out,139,-1.165821,36.751694
10000116011,out,140,-1.164641,36.749416
10000116011,out,141,-1.162446,36.745747
10000116011,out,142,-1.162066,36.745312
10000116011,out,143,-1.161901,36.745201
10000116011,out,144,-1.161657,36.745041
10000116011,out,145,-1.160537,36.744568
10000116011,out,146,-1.159661,36.743908
10000116011,out,147,-1.159392,36.743591
10000116011,out,148,-1.155901,36.738205
10000116011,out,149,-1.155604,36.737885
10000116011,out,150,-1.15501,36.737476
10000116011,out,151,-1.154684,36.737335
10000116011,out,152,-1.153833,36.737183
10000116011,out,153,-1.153495,36.737167
10000116011,out,154,-1.152845,36.736984
10000116011,out,155,-1.15244,36.736706
10000116011,out,156,-1.152147,36.736343
10000116011,out,157,-1.151909,36.735794
10000116011,out,158,-1.151871,36.735504
10000116011,out,159,-1.151925,36.735153
10000116011,out,160,-1.152277,36.734047
10000116011,out,161,-1.152318,36.733829
10000116011,out,162,-1.15228,36.733459
10000116011,out,163,-1.15195,36.732033
10000116011,out,164,-1.151814,36.731663
10000116011,out,165,-1.151077,36.730385
10000116011,out,166,-1.150963,36.729977
10000116011,out,167,-1.151288,36.72773
10000116011,out,168,-1.151241,36.727291
10000116011,out,169,-1.151021,36.726574
10000116011,out,170,-1.15084,36.726185
10000116011,out,171,-1.150458,36.725723
10000116011,out,172,-1.149057,36.725075
10000116011,out,173,-1.147858,36.72377
10000116011,out,174,-1.14761,36.723396
10000116011,out,175,-1.147028,36.722137
10000116011,out,176,-1.146141,36.72076
10000116011,out,177,-1.145901,36.720253
10000116011,out,178,-1.145827,36.719776
10000116011,out,179,-1.145856,36.719208
10000116011,out,180,-1.146592,36.716824
10000116011,out,181,-1.146774,36.715893
10000116011,out,182,-1.146707,36.715416
10000116011,out,183,-1.146539,36.714775
10000116011,out,184,-1.146263,36.713943
10000116011,out,185,-1.146139,36.713696
10000116011,out,186,-1.145938,36.713493
10000116011,out,187,-1.145588,36.713306
10000116011,out,188,-1.143841,36.712971
10000116011,out,189,-1.143182,36.712708
10000116011,out,190,-1.143026,36.712551
10000116011,out,191,-1.14217,36.71125
10000116011,out,192,-1.141421,36.710285
10000116011,out,193,-1.140908,36.709831
10000116011,out,194,-1.13746,36.707581
10000116011,out,195,-1.137134,36.707306
10000116011,out,196,-1.136861,36.70702
10000116011,out,197,-1.135893,36.70565
10000116011,out,198,-1.132966,36.701153
10000116011,out,199,-1.132721,36.700565
10000116011,out,200,-1.132647,36.700199
10000116011,out,201,-1.132624,36.699867
10000116011,out,202,-1.132754,36.698177
10000116011,out,203,-1.132613,36.695988
10000116011,out,204,-1.132521,36.695538
10000116011,out,205,-1.132327,36.695248
10000116011,out,206,-1.131908,36.694878
10000116011,out,207,-1.13051,36.694149
10000116011,out,208,-1.13024,36.693962
10000116011,out,209,-1.129868,36.693481
10000116011,out,210,-1.129733,36.692944
10000116011,out,211,-1.129821,36.691917
10000116011,out,212,-1.129724,36.69136
10000116011,out,213,-1.125937,36.681435
10000116011,out,214,-1.125815,36.681145
10000116011,out,215,-1.125552,36.68074
10000116011,out,216,-1.12477,36.679783
10000116011,out,217,-1.124524,36.679626
10000116011,out,218,-1.12411,36.679234
10000116011,out,219,-1.12393,36.678959
10000116011,out,220,-1.123904,36.678734
10000116011,out,221,-1.123993,36.678513
10000116011,out,222,-1.124247,36.678238
10000116011,out,223,-1.124744,36.677856
10000116011,out,224,-1.124939,36.677422
10000116011,out,225,-1.125242,36.676186
10000116011,out,226,-1.126767,36.671692
10000116011,out,227,-1.127496,36.669304
10000116011,out,228,-1.127572,36.668915
10000116011,out,229,-1.127111,36.664448
10000116011,out,230,-1.126911,36.663048
10000116011,out,231,-1.12595,36.659424
10000116011,out,232,-1.1234,36.651546
10000116011,out,233,-1.123393,36.650799
10000116011,out,234,-1.124002,36.646088
10000116011,out,235,-1.123998,36.645798
10000116011,out,236,-1.123866,36.64526
10000116011,out,237,-1.12376,36.64505
10000116011,out,238,-1.123399,36.644711
10000116011,out,239,-1.119484,36.64323
10000116011,out,240,-1.119195,36.643177
10000116011,out,241,-1.118794,36.643185
10000116011,out,242,-1.116267,36.643417
10000116011,out,243,-1.114946,36.643448
10000116011,out,244,-1.114946,36.643448
10000116011,out,245,-1.113731,36.643429
10000116011,out,246,-1.113146,36.643471
10000116011,out,247,-1.110281,36.643837
10000116011,out,248,-1.109996,36.643738
10000116011,out,249,-1.109804,36.643536
10000116011,out,250,-1.109772,36.643555
10000116011,out,251,-1.109392,36.643707
10000116011,out,252,-1.107857,36.64394
10000116011,in,0,-1.107857,36.64394
10000116011,in,1,-1.109392,36.643707
10000116011,in,2,-1.109772,36.643555
10000116011,in,3,-1.109804,36.643536
10000116011,in,4,-1.109996,36.643738
10000116011,in,5,-1.110281,36.643837
10000116011,in,6,-1.113731,36.643429
10000116011,in,7,-1.116267,36.643417
10000116011,in,8,-1.119195,36.643177
10000116011,in,9,-1.119484,36.64323
10000116011,in,10,-1.123399,36.644711
10000116011,in,11,-1.12376,36.64505
10000116011,in,12,-1.123866,36.64526
10000116011,in,13,-1.123998,36.645798
10000116011,in,14,-1.124002,36.646088
10000116011,in,15,-1.123393,36.650799
10000116011,in,16,-1.1234,36.651546
10000116011,in,17,-1.12595,36.659424
10000116011,in,18,-1.126911,36.663048
10000116011,in,19,-1.127111,36.664448
10000116011,in,20,-1.127572,36.668915
10000116011,in,21,-1.127496,36.669304
10000116011,in,22,-1.126767,36.671692
10000116011,in,23,-1.125242,36.676186
10000116011,in,24,-1.124939,36.677422
10000116011,in,25,-1.124744,36.677856
10000116011,in,26,-1.124247,36.678238
10000116011,in,27,-1.123993,36.678513
10000116011,in,28,-1.123904,36.678734
10000116011,in,29,-1.12393,36.678959
10000116011,in,30,-1.12411,36.679234
10000116011,in,31,-1.124524,36.679626
10000116011,in,32,-1.12477,36.679783
10000116011,in,33,-1.125552,36.68074
10000116011,in,34,-1.125815,36.681145
10000116011,in,35,-1.125937,36.681435
10000116011,in,36,-1.129724,36.69136
10000116011,in,37,-1.129821,36.691917
10000116011,in,38,-1.129733,36.692944
10000116011,in,39,-1.129868,36.693481
10000116011,in,40,-1.13024,36.693962
10000116011,in,41,-1.13051,36.694149
10000116011,in,42,-1.131908,36.694878
10000116011,in,43,-1.132327,36.695248
10000116011,in,44,-1.132521,36.695538
10000116011,in,45,-1.132613,36.695988
10000116011,in,46,-1.132754,36.698177
10000116011,in,47,-1.132624,36.699867
10000116011,in,48,-1.132647,36.700199
10000116011,in,49,-1.132721,36.700565
10000116011,in,50,-1.132966,36.701153
10000116011,in,51,-1.135893,36.70565
10000116011,in,52,-1.136861,36.70702
10000116011,in,53,-1.137134,36.707306
10000116011,in,54,-1.13746,36.707581
10000116011,in,55,-1.140908,36.709831
10000116011,in,56,-1.141421,36.710285
10000116011,in,57,-1.14217,36.71125
10000116011,in,58,-1.143026,36.712551
10000116011,in,59,-1.143182,36.712708
10000116011,in,60,-1.143841,36.712971
10000116011,in,61,-1.145588,36.713306
10000116011,in,62,-1.145938,36.713493
10000116011,in,63,-1.146139,36.713696
10000116011,in,64,-1.146263,36.713943
10000116011,in,65,-1.146539,36.714775
10000116011,in,66,-1.146707,36.715416
10000116011,in,67,-1.146774,36.715893
10000116011,in,68,-1.146592,36.716824
10000116011,in,69,-1.145856,36.719208
10000116011,in,70,-1.145827,36.719776
10000116011,in,71,-1.145901,36.720253
10000116011,in,72,-1.146141,36.72076
10000116011,in,73,-1.147028,36.722137
10000116011,in,74,-1.14761,36.723396
10000116011,in,75,-1.147858,36.72377
10000116011,in,76,-1.149057,36.725075
10000116011,in,77,-1.150458,36.725723
10000116011,in,78,-1.15084,36.726185
10000116011,in,79,-1.151021,36.726574
10000116011,in,80,-1.151241,36.727291
10000116011,in,81,-1.151288,36.72773
10000116011,in,82,-1.150963,36.729977
10000116011,in,83,-1.151077,36.730385
10000116011,in,84,-1.151814,36.731663
10000116011,in,85,-1.15195,36.732033
10000116011,in,86,-1.15228,36.733459
10000116011,in,87,-1.152318,36.733829
10000116011,in,88,-1.152277,36.734047
10000116011,in,89,-1.151925,36.735153
10000116011,in,90,-1.151871,36.735504
10000116011,in,91,-1.151909,36.735794
10000116011,in,92,-1.152147,36.736343
10000116011,in,93,-1.15244,36.736706
10000116011,in,94,-1.152845,36.736984
10000116011,in,95,-1.153495,36.737167
10000116011,in,96,-1.153833,36.737183
10000116011,in,97,-1.154684,36.737335
10000116011,in,98,-1.15501,36.737476
10000116011,in,99,-1.155604,36.737885
10000116011,in,100,-1.155901,36.738205
10000116011,in,101,-1.159392,36.743591
10000116011,in,102,-1.159661,36.743908
10000116011,in,103,-1.159661,36.743908
10000116011,in,104,-1.160537,36.744568
10000116011,in,105,-1.161657,36.745041
10000116011,in,106,-1.161901,36.745201
10000116011,in,107,-1.162066,36.745312
10000116011,in,108,-1.162446,36.745747
10000116011,in,109,-1.164641,36.749416
10000116011,in,110,-1.165821,36.751694
10000116011,in,111,-1.166551,36.752869
10000116011,in,112,-1.169152,36.756405
10000116011,in,113,-1.170181,36.757355
10000116011,in,114,-1.17091,36.757713
10000116011,in,115,-1.173124,36.758495
10000116011,in,116,-1.175877,36.75959
10000116011,in,117,-1.178175,36.760429
10000116011,in,118,-1.184161,36.763878
10000116011,in,119,-1.184837,36.764484
10000116011,in,120,-1.185179,36.764935
10000116011,in,121,-1.185434,36.765377
10000116011,in,122,-1.186737,36.768581
10000116011,in,123,-1.187342,36.769855
10000116011,in,124,-1.189173,36.772659
10000116011,in,125,-1.190035,36.773693
10000116011,in,126,-1.190871,36.774502
10000116011,in,127,-1.192224,36.776173
10000116011,in,128,-1.192381,36.776463
10000116011,in,129,-1.192962,36.777245
10000116011,in,130,-1.193394,36.777706
10000116011,in,131,-1.193741,36.778244
10000116011,in,132,-1.19716,36.782936
10000116011,in,133,-1.197715,36.783623
10000116011,in,134,-1.198169,36.783993
10000116011,in,135,-1.198857,36.784351
10000116011,in,136,-1.20093,36.785175
10000116011,in,137,-1.201786,36.785431
10000116011,in,138,-1.202372,36.78553
10000116011,in,139,-1.205256,36.785492
10000116011,in,140,-1.206133,36.785637
10000116011,in,141,-1.206887,36.785931
10000116011,in,142,-1.207128,36.785892
10000116011,in,143,-1.207128,36.785892
10000116011,in,144,-1.207584,36.786648
10000116011,in,145,-1.212167,36.79147
10000116011,in,146,-1.212546,36.791901
10000116011,in,147,-1.213387,36.793091
10000116011,in,148,-1.214238,36.794483
10000116011,in,149,-1.215298,36.796627
10000116011,in,150,-1.215781,36.798241
10000116011,in,151,-1.21589,36.798466
10000116011,in,152,-1.217472,36.800922
10000116011,in,153,-1.217946,36.801418
10000116011,in,154,-1.218589,36.801762
10000116011,in,155,-1.219152,36.801842
10000116011,in,156,-1.219837,36.801765
10000116011,in,157,-1.22073,36.801464
10000116011,in,158,-1.221495,36.801418
10000116011,in,159,-1.221945,36.801506
10000116011,in,160,-1.222731,36.80196
10000116011,in,161,-1.223314,36.80283
10000116011,in,162,-1.223886,36.803879
10000116011,in,163,-1.224088,36.804077
10000116011,in,164,-1.22453,36.804359
10000116011,in,165,-1.226551,36.805061
10000116011,in,166,-1.227154,36.805038
10000116011,in,167,-1.227588,36.804913
10000116011,in,168,-1.230628,36.803711
10000116011,in,169,-1.232281,36.80315
10000116011,in,170,-1.232821,36.803101
10000116011,in,171,-1.233276,36.803177
10000116011,in,172,-1.234461,36.80365
10000116011,in,173,-1.234813,36.803909
10000116011,in,174,-1.235138,36.804386
10000116011,in,175,-1.237727,36.809437
10000116011,in,176,-1.237996,36.809872
10000116011,in,177,-1.238417,36.810501
10000116011,in,178,-1.239809,36.812305
10000116011,in,179,-1.240624,36.81321
10000116011,in,180,-1.24091,36.8134
10000116011,in,181,-1.241228,36.813534
10000116011,in,182,-1.243693,36.813995
10000116011,in,183,-1.243825,36.814056
10000116011,in,184,-1.244633,36.8148
10000116011,in,185,-1.247561,36.815952
10000116011,in,186,-1.248016,36.816242
10000116011,in,187,-1.248302,36.816509
10000116011,in,188,-1.248473,36.81675
10000116011,in,189,-1.248566,36.817036
10000116011,in,190,-1.248674,36.817688
10000116011,in,191,-1.248972,36.818714
10000116011,in,192,-1.249119,36.819607
10000116011,in,193,-1.249519,36.820938
10000116011,in,194,-1.249631,36.821121
10000116011,in,195,-1.249941,36.821377
10000116011,in,196,-1.249941,36.821377
10000116011,in,197,-1.250067,36.821476
10000116011,in,198,-1.250197,36.821384
10000116011,in,199,-1.250172,36.821228
10000116011,in,200,-1.25033,36.820633
10000116011,in,201,-1.250486,36.819706
10000116011,in,202,-1.251376,36.817928
10000116011,in,203,-1.251459,36.817795
10000116011,in,204,-1.25165,36.817657
10000116011,in,205,-1.251924,36.817707
10000116011,in,206,-1.252021,36.817787
10000116011,in,207,-1.252099,36.81797
10000116011,in,208,-1.252052,36.819401
10000116011,in,209,-1.25213,36.819859
10000116011,in,210,-1.252546,36.820366
10000116011,in,211,-1.253137,36.821369
10000116011,in,212,-1.254578,36.823364
10000116011,in,213,-1.254792,36.823769
10000116011,in,214,-1.25514,36.824978
10000116011,in,215,-1.255549,36.82568
10000116011,in,216,-1.255678,36.825836
10000116011,in,217,-1.256637,36.826275
10000116011,in,218,-1.258125,36.827118
10000116011,in,219,-1.258286,36.827156
10000116011,in,220,-1.258543,36.827106
10000116011,in,221,-1.265142,36.824142
10000116011,in,222,-1.267004,36.82283
10000116011,in,223,-1.268249,36.821159
10000116011,in,224,-1.26856,36.820869
10000116011,in,225,-1.268879,36.820663
10000116011,in,226,-1.269144,36.820568
10000116011,in,227,-1.270123,36.820534
10000116011,in,228,-1.270576,36.820793
10000116011,in,229,-1.271496,36.82193
10000116011,in,230,-1.273403,36.823135
10000116011,in,231,-1.27359,36.82333
10000116011,in,232,-1.274231,36.824306
10000116011,in,233,-1.274273,36.824577
10000116011,in,234,-1.274273,36.824577
10000116011,in,235,-1.271894,36.827785
10000116011,in,236,-1.269016,36.832413
10000116011,in,237,-1.268624,36.832882
10000116011,in,238,-1.267015,36.834183
10000116011,in,239,-1.267015,36.834183
10000116011,in,240,-1.266994,36.834351
10000116011,in,241,-1.268938,36.832718
10000116011,in,242,-1.269442,36.832008
10000116011,in,243,-1.272132,36.827644
10000116011,in,244,-1.274102,36.824978
10000116011,in,245,-1.275466,36.82338
10000116011,in,246,-1.276723,36.822781
10000116011,in,247,-1.277186,36.822029
10000116011,in,248,-1.277186,36.822029
10000116011,in,249,-1.277304,36.821709
10000116011,in,250,-1.277492,36.82151
10000116011,in,251,-1.277822,36.821342
10000116011,in,252,-1.279468,36.821247
10000116011,in,253,-1.27993,36.821365
10000116011,in,254,-1.280391,36.82164
10000116011,in,255,-1.281037,36.822353
10000116011,in,256,-1.281037,36.822353
10000116011,in,257,-1.281037,36.822613
10000116011,in,258,-1.281228,36.822868
80100011811,out,0,-1.28138,36.822376
80100011811,out,1,-1.281093,36.822308
80100011811,out,2,-1.281093,36.822308
80100011811,out,3,-1.280331,36.821404
80100011811,out,4,-1.280098,36.821224
80100011811,out,5,-1.280098,36.821224
80100011811,out,6,-1.279546,36.821064
80100011811,out,7,-1.279546,36.821064
80100011811,out,8,-1.279096,36.820644
80100011811,out,9,-1.27889,36.820541
80100011811,out,10,-1.278579,36.820492
80100011811,out,11,-1.278187,36.82056
80100011811,out,12,-1.277998,36.820667
80100011811,out,13,-1.277759,36.820976
80100011811,out,14,-1.277554,36.821049
80100011811,out,15,-1.27735,36.820999
80100011811,out,16,-1.277017,36.820377
80100011811,out,17,-1.276454,36.819649
80100011811,out,18,-1.273225,36.81625
80100011811,out,19,-1.272944,36.815876
80100011811,out,20,-1.272798,36.815517
80100011811,out,21,-1.272752,36.815178
80100011811,out,22,-1.272752,36.815178
80100011811,out,23,-1.272652,36.814972
80100011811,out,24,-1.272358,36.814625
80100011811,out,25,-1.272266,36.814411
80100011811,out,26,-1.272266,36.814411
80100011811,out,27,-1.272016,36.814354
80100011811,out,28,-1.271633,36.814159
80100011811,out,29,-1.269481,36.812408
80100011811,out,30,-1.269312,36.812317
80100011811,out,31,-1.267409,36.812099
80100011811,out,32,-1.265108,36.811764
80100011811,out,33,-1.265108,36.811764
80100011811,out,34,-1.264951,36.811577
80100011811,out,35,-1.263463,36.809109
80100011811,out,36,-1.263385,36.808846
80100011811,out,37,-1.26359,36.807476
80100011811,out,38,-1.263507,36.806973
80100011811,out,39,-1.262117,36.803413
80100011811,out,40,-1.262117,36.803413
80100011811,out,41,-1.262228,36.803314
80100011811,out,42,-1.262217,36.803215
80100011811,out,43,-1.262047,36.803188
80100011811,out,44,-1.26149,36.803307
80100011811,out,45,-1.261179,36.802994
80100011811,out,46,-1.258466,36.801399
80100011811,out,47,-1.257795,36.801338
80100011811,out,48,-1.257437,36.801193
80100011811,out,49,-1.257171,36.800968
80100011811,out,50,-1.256712,36.800377
80100011811,out,51,-1.256369,36.799656
80100011811,out,52,-1.25578,36.797752
80100011811,out,53,-1.255326,36.797249
80100011811,out,54,-1.255157,36.796967
80100011811,out,55,-1.255025,36.79575
80100011811,out,56,-1.254651,36.794765
80100011811,out,57,-1.254283,36.79298
80100011811,out,58,-1.253634,36.791641
80100011811,out,59,-1.253121,36.790787
80100011811,out,60,-1.251902,36.789196
80100011811,out,61,-1.251738,36.788876
80100011811,out,62,-1.251554,36.788128
80100011811,out,63,-1.251189,36.785671
80100011811,out,64,-1.251081,36.785564
80100011811,out,65,-1.2504,36.785191
80100011811,out,66,-1.249788,36.784649
80100011811,out,67,-1.248987,36.782612
80100011811,out,68,-1.247318,36.77879
80100011811,out,69,-1.247434,36.776497
80100011811,out,70,-1.247297,36.776005
80100011811,out,71,-1.246791,36.775433
80100011811,out,72,-1.246482,36.774868
80100011811,out,73,-1.245916,36.77343
80100011811,out,74,-1.245872,36.772221
80100011811,out,75,-1.245324,36.770367
80100011811,out,76,-1.244801,36.765854
80100011811,out,77,-1.244042,36.761826
80100011811,out,78,-1.243659,36.760838
80100011811,out,79,-1.241954,36.758198
80100011811,out,80,-1.241703,36.757736
80100011811,out,81,-1.241579,36.757298
80100011811,out,82,-1.241426,36.755707
80100011811,out,83,-1.241472,36.754238
80100011811,out,84,-1.24137,36.75312
80100011811,out,85,-1.241191,36.75235
80100011811,out,86,-1.240388,36.749947
80100011811,out,87,-1.240356,36.749729
80100011811,out,88,-1.240389,36.749512
80100011811,out,89,-1.240529,36.749168
80100011811,out,90,-1.240863,36.748566
80100011811,out,91,-1.240939,36.748158
80100011811,out,92,-1.240212,36.745991
80100011811,out,93,-1.239837,36.744125
80100011811,out,94,-1.239466,36.74321
80100011811,out,95,-1.239357,36.742516
80100011811,out,96,-1.239441,36.741886
80100011811,out,97,-1.239681,36.74115
80100011811,out,98,-1.239684,36.740543
80100011811,out,99,-1.239031,36.732548
80100011811,out,100,-1.239093,36.732285
80100011811,out,101,-1.238568,36.725868
80100011811,out,102,-1.23831,36.724121
80100011811,out,103,-1.237971,36.722488
80100011811,out,104,-1.237487,36.720764
80100011811,out,105,-1.236877,36.719044
80100011811,out,106,-1.236148,36.717335
80100011811,out,107,-1.235453,36.716019
80100011811,out,108,-1.234248,36.714188
80100011811,out,109,-1.233606,36.713371
80100011811,out,110,-1.231943,36.711643
80100011811,out,111,-1.224971,36.705593
80100011811,out,112,-1.224971,36.705593
80100011811,out,113,-1.223915,36.707748
80100011811,out,114,-1.222821,36.709805
80100011811,out,115,-1.222157,36.710918
80100011811,out,116,-1.221781,36.711327
80100011811,out,117,-1.220886,36.712021
80100011811,out,118,-1.21982,36.712486
80100011811,out,119,-1.219275,36.712597
80100011811,in,0,-1.218597,36.712654
80100011811,in,1,-1.218988,36.712654
80100011811,in,2,-1.21982,36.712486
80100011811,in,3,-1.220542,36.712196
80100011811,in,4,-1.221185,36.71183
80100011811,in,5,-1.221781,36.711327
80100011811,in,6,-1.222157,36.710918
80100011811,in,7,-1.222821,36.709805
80100011811,in,8,-1.223915,36.707748
80100011811,in,9,-1.224971,36.705593
80100011811,in,10,-1.224971,36.705593
80100011811,in,11,-1.231943,36.711643
80100011811,in,12,-1.233606,36.713371
80100011811,in,13,-1.234248,36.714188
80100011811,in,14,-1.235453,36.716019
80100011811,in,15,-1.236148,36.717335
80100011811,in,16,-1.236877,36.719044
80100011811,in,17,-1.237487,36.720764
80100011811,in,18,-1.237971,36.722488
80100011811,in,19,-1.23831,36.724121
80100011811,in,20,-1.238568,36.725868
80100011811,in,21,-1.239093,36.732285
80100011811,in,22,-1.239031,36.732548
80100011811,in,23,-1.239684,36.740543
80100011811,in,24,-1.239681,36.74115
80100011811,in,25,-1.239441,36.741886
80100011811,in,26,-1.239357,36.742516
80100011811,in,27,-1.239466,36.74321
80100011811,in,28,-1.239837,36.744125
80100011811,in,29,-1.240212,36.745991
80100011811,in,30,-1.240939,36.748158
80100011811,in,31,-1.240863,36.748566
80100011811,in,32,-1.240529,36.749168
80100011811,in,33,-1.240389,36.749512
80100011811,in,34,-1.240356,36.749729
80100011811,in,35,-1.240388,36.749947
80100011811,in,36,-1.241191,36.75235
80100011811,in,37,-1.24137,36.75312
80100011811,in,38,-1.241472,36.754238
80100011811,in,39,-1.241426,36.755707
80100011811,in,40,-1.241579,36.757298
80100011811,in,41,-1.241703,36.757736
80100011811,in,42,-1.241954,36.758198
80100011811,in,43,-1.243659,36.760838
80100011811,in,44,-1.244042,36.761826
80100011811,in,45,-1.244801,36.765854
80100011811,in,46,-1.245324,36.770367
80100011811,in,47,-1.245872,36.772221
80100011811,in,48,-1.245916,36.77343
80100011811,in,49,-1.246482,36.774868
80100011811,in,50,-1.246791,36.775433
80100011811,in,51,-1.247297,36.776005
80100011811,in,52,-1.247434,36.776497
80100011811,in,53,-1.247318,36.77879
80100011811,in,54,-1.248987,36.782612
80100011811,in,55,-1.249788,36.784649
80100011811,in,56,-1.2504,36.785191
80100011811,in,57,-1.251081,36.785564
80100011811,in,58,-1.251189,36.785671
80100011811,in,59,-1.251554,36.788128
80100011811,in,60,-1.251738,36.788876
80100011811,in,61,-1.251902,36.789196
80100011811,in,62,-1.253121,36.790787
80100011811,in,63,-1.253634,36.791641
80100011811,in,64,-1.254283,36.79298
80100011811,in,65,-1.254651,36.794765
80100011811,in,66,-1.255025,36.79575
80100011811,in,67,-1.255157,36.796967
80100011811,in,68,-1.255326,36.797249
80100011811,in,69,-1.25578,36.797752
80100011811,in,70,-1.256369,36.799656
80100011811,in,71,-1.256712,36.800377
80100011811,in,72,-1.257171,36.800968
80100011811,in,73,-1.257437,36.801193
80100011811,in,74,-1.257795,36.801338
80100011811,in,75,-1.258466,36.801399
80100011811,in,76,-1.261179,36.802994
80100011811,in,77,-1.26149,36.803307
80100011811,in,78,-1.26149,36.803307
80100011811,in,79,-1.261414,36.803413
80100011811,in,80,-1.261436,36.803478
80100011811,in,81,-1.261516,36.803547
80100011811,in,82,-1.261673,36.803543
80100011811,in,83,-1.262506,36.80444
80100011811,in,84,-1.262606,36.80463
80100011811,in,85,-1.263319,36.806454
80100011811,in,86,-1.263557,36.807198
80100011811,in,87,-1.26359,36.807476
80100011811,in,88,-1.263385,36.808846
80100011811,in,89,-1.263463,36.809109
80100011811,in,90,-1.264951,36.811577
80100011811,in,91,-1.264951,36.811577
80100011811,in,92,-1.264842,36.811615
80100011811,in,93,-1.264804,36.811798
80100011811,in,94,-1.264846,36.811905
80100011811,in,95,-1.264968,36.811985
80100011811,in,96,-1.265071,36.811932
80100011811,in,97,-1.265108,36.811764
80100011811,in,98,-1.269405,36.812355
80100011811,in,99,-1.271633,36.814159
80100011811,in,100,-1.271863,36.814423
80100011811,in,101,-1.271931,36.81472
80100011811,in,102,-1.271931,36.81472
80100011811,in,103,-1.272204,36.814808
80100011811,in,104,-1.272413,36.814991
80100011811,in,105,-1.272622,36.815262
80100011811,in,106,-1.272877,36.815868
80100011811,in,107,-1.273076,36.816189
80100011811,in,108,-1.27347,36.816654
80100011811,in,109,-1.276503,36.819828
80100011811,in,110,-1.276871,36.820297
80100011811,in,111,-1.277376,36.821178
80100011811,in,112,-1.277825,36.8218
80100011811,in,113,-1.277825,36.8218
80100011811,in,114,-1.278028,36.821857
80100011811,in,115,-1.278028,36.821857
80100011811,in,116,-1.27833,36.822002
80100011811,in,117,-1.278686,36.822044
80100011811,in,118,-1.279166,36.821861
80100011811,in,119,-1.279502,36.821541
80100011811,in,120,-1.279783,36.821423
80100011811,in,121,-1.28003,36.821487
80100011811,in,122,-1.280256,36.821629
80100011811,in,123,-1.280906,36.822269
80100011811,in,124,-1.28101,36.822449
80100011811,in,125,-1.28101,36.822449
80100011811,in,126,-1.281116,36.82275
80000011911,out,0,-1.281372,36.822372
80000011911,out,1,-1.281093,36.822308
80000011911,out,2,-1.281093,36.822308
80000011911,out,3,-1.280192,36.821381
80000011911,out,4,-1.27993,36.821255
80000011911,out,5,-1.279516,36.821159
80000011911,out,6,-1.27801,36.821224
80000011911,out,7,-1.277696,36.821304
80000011911,out,8,-1.277454,36.821423
80000011911,out,9,-1.277327,36.821545
80000011911,out,10,-1.276722,36.822529
80000011911,out,11,-1.276513,36.822735
80000011911,out,12,-1.275368,36.823215
80000011911,out,13,-1.275368,36.823215
80000011911,out,14,-1.274368,36.823322
80000011911,out,15,-1.273988,36.823406
80000011911,out,16,-1.273988,36.823406
80000011911,out,17,-1.271641,36.821972
80000011911,out,18,-1.270562,36.820671
80000011911,out,19,-1.270312,36.820465
80000011911,out,20,-1.269301,36.820415
80000011911,out,21,-1.269301,36.820415
80000011911,out,22,-1.269144,36.820263
80000011911,out,23,-1.26911,36.820129
80000011911,out,24,-1.269237,36.819645
80000011911,out,25,-1.269237,36.819645
80000011911,out,26,-1.269334,36.818844
80000011911,out,27,-1.269424,36.81673
80000011911,out,28,-1.269595,36.816376
80000011911,out,29,-1.270437,36.815357
80000011911,out,30,-1.270733,36.815098
80000011911,out,31,-1.271356,36.814842
80000011911,out,32,-1.272358,36.814625
80000011911,out,33,-1.272358,36.814625
80000011911,out,34,-1.272266,36.814411
80000011911,out,35,-1.272266,36.814411
80000011911,out,36,-1.272016,36.814354
80000011911,out,37,-1.271633,36.814159
80000011911,out,38,-1.269481,36.812408
80000011911,out,39,-1.269312,36.812317
80000011911,out,40,-1.267409,36.812099
80000011911,out,41,-1.265108,36.811764
80000011911,out,42,-1.265108,36.811764
80000011911,out,43,-1.264951,36.811577
80000011911,out,44,-1.263463,36.809109
80000011911,out,45,-1.263385,36.808846
80000011911,out,46,-1.26359,36.807476
80000011911,out,47,-1.263507,36.806973
80000011911,out,48,-1.262117,36.803413
80000011911,out,49,-1.262117,36.803413
80000011911,out,50,-1.262228,36.803314
80000011911,out,51,-1.262217,36.803215
80000011911,out,52,-1.262047,36.803188
80000011911,out,53,-1.26149,36.803307
80000011911,out,54,-1.261179,36.802994
80000011911,out,55,-1.258466,36.801399
80000011911,out,56,-1.257795,36.801338
80000011911,out,57,-1.257437,36.801193
80000011911,out,58,-1.256936,36.80069
80000011911,out,59,-1.256511,36.800014
80000011911,out,60,-1.256019,36.798618
80000011911,out,61,-1.25578,36.797752
80000011911,out,62,-1.255326,36.797249
80000011911,out,63,-1.255157,36.796967
80000011911,out,64,-1.255025,36.79575
80000011911,out,65,-1.254651,36.794765
80000011911,out,66,-1.254283,36.79298
80000011911,out,67,-1.253634,36.791641
80000011911,out,68,-1.253121,36.790787
80000011911,out,69,-1.251902,36.789196
80000011911,out,70,-1.251738,36.788876
80000011911,out,71,-1.251554,36.788128
80000011911,out,72,-1.251189,36.785671
80000011911,out,73,-1.251081,36.785564
80000011911,out,74,-1.2504,36.785191
80000011911,out,75,-1.249788,36.784649
80000011911,out,76,-1.248987,36.782612
80000011911,out,77,-1.247318,36.77879
80000011911,out,78,-1.247428,36.777012
80000011911,out,79,-1.247405,36.776356
80000011911,out,80,-1.247297,36.776005
80000011911,out,81,-1.246791,36.775433
80000011911,out,82,-1.246482,36.774868
80000011911,out,83,-1.24599,36.773556
80000011911,out,84,-1.245925,36.773125
80000011911,out,85,-1.245906,36.772388
80000011911,out,86,-1.24538,36.770668
80000011911,out,87,-1.245275,36.770172
80000011911,out,88,-1.245139,36.768528
80000011911,out,89,-1.245139,36.768528
80000011911,out,90,-1.243576,36.768139
80000011911,out,91,-1.242083,36.76717
80000011911,out,92,-1.24034,36.7659
80000011911,out,93,-1.23905,36.765076
80000011911,out,94,-1.238593,36.764465
80000011911,out,95,-1.238553,36.76413
80000011911,out,96,-1.238762,36.7635
80000011911,out,97,-1.23921,36.762737
80000011911,out,98,-1.239196,36.762501
80000011911,out,99,-1.238743,36.761971
80000011911,out,100,-1.238474,36.761169
80000011911,out,101,-1.238328,36.760952
80000011911,out,102,-1.238017,36.760803
80000011911,out,103,-1.237572,36.760883
80000011911,out,104,-1.237572,36.760883
80000011911,out,105,-1.237248,36.760677
80000011911,out,106,-1.236832,36.760094
80000011911,out,107,-1.236727,36.759815
80000011911,out,108,-1.236633,36.759239
80000011911,out,109,-1.236388,36.75835
80000011911,out,110,-1.236525,36.758015
80000011911,out,111,-1.236571,36.757591
80000011911,out,112,-1.236521,36.757256
80000011911,out,113,-1.236207,36.756168
80000011911,out,114,-1.23608,36.755077
80000011911,out,115,-1.235864,36.753849
80000011911,out,116,-1.235805,36.751965
80000011911,out,117,-1.235968,36.750801
80000011911,out,118,-1.23598,36.750305
80000011911,out,119,-1.235905,36.749886
80000011911,out,120,-1.235454,36.748775
80000011911,out,121,-1.234638,36.747105
80000011911,out,122,-1.234459,36.746513
80000011911,out,123,-1.23303,36.739624
80000011911,out,124,-1.232539,36.737968
80000011911,out,125,-1.231916,36.736492
80000011911,out,126,-1.231207,36.735191
80000011911,out,127,-1.230562,36.734215
80000011911,out,128,-1.229442,36.732677
80000011911,out,129,-1.229354,36.73241
80000011911,out,130,-1.225905,36.727642
80000011911,out,131,-1.225152,36.726376
80000011911,out,132,-1.224444,36.724792
80000011911,out,133,-1.221032,36.71571
80000011911,out,134,-1.220634,36.715042
80000011911,out,135,-1.219532,36.71394
80000011911,out,136,-1.21925,36.713573
80000011911,out,137,-1.218988,36.712654
80000011911,out,138,-1.218988,36.712654
80000011911,out,139,-1.219235,36.712605
80000011911,in,0,-1.219235,36.712605
80000011911,in,1,-1.218988,36.712654
80000011911,in,2,-1.218988,36.712654
80000011911,in,3,-1.21925,36.713573
80000011911,in,4,-1.219532,36.71394
80000011911,in,5,-1.220634,36.715042
80000011911,in,6,-1.220634,36.715042
80000011911,in,7,-1.221032,36.71571
80000011911,in,8,-1.221211,36.716137
80000011911,in,9,-1.224444,36.724792
80000011911,in,10,-1.225152,36.726376
80000011911,in,11,-1.225905,36.727642
80000011911,in,12,-1.229354,36.73241
80000011911,in,13,-1.229442,36.732677
80000011911,in,14,-1.230562,36.734215
80000011911,in,15,-1.231207,36.735191
80000011911,in,16,-1.231916,36.736492
80000011911,in,17,-1.232539,36.737968
80000011911,in,18,-1.23303,36.739624
80000011911,in,19,-1.234459,36.746513
80000011911,in,20,-1.234638,36.747105
80000011911,in,21,-1.235454,36.748775
80000011911,in,22,-1.235905,36.749886
80000011911,in,23,-1.23598,36.750305
80000011911,in,24,-1.235968,36.750801
80000011911,in,25,-1.235805,36.751965
80000011911,in,26,-1.235864,36.753849
80000011911,in,27,-1.23608,36.755077
80000011911,in,28,-1.236207,36.756168
80000011911,in,29,-1.236521,36.757256
80000011911,in,30,-1.236571,36.757591
80000011911,in,31,-1.236525,36.758015
80000011911,in,32,-1.236388,36.75835
80000011911,in,33,-1.236633,36.759239
80000011911,in,34,-1.236727,36.759815
80000011911,in,35,-1.236832,36.760094
80000011911,in,36,-1.237248,36.760677
80000011911,in,37,-1.237572,36.760883
80000011911,in,38,-1.237572,36.760883
80000011911,in,39,-1.238017,36.760803
80000011911,in,40,-1.238328,36.760952
80000011911,in,41,-1.238474,36.761169
80000011911,in,42,-1.238743,36.761971
80000011911,in,43,-1.239196,36.762501
80000011911,in,44,-1.23921,36.762737
80000011911,in,45,-1.238762,36.7635
80000011911,in,46,-1.238553,36.76413
80000011911,in,47,-1.238593,36.764465
80000011911,in,48,-1.23905,36.765076
80000011911,in,49,-1.24034,36.7659
80000011911,in,50,-1.242083,36.76717
80000011911,in,51,-1.243576,36.768139
80000011911,in,52,-1.245139,36.768528
80000011911,in,53,-1.245139,36.768528
80000011911,in,54,-1.245275,36.770172
80000011911,in,55,-1.24538,36.770668
80000011911,in,56,-1.245906,36.772388
80000011911,in,57,-1.245925,36.773125
80000011911,in,58,-1.24599,36.773556
80000011911,in,59,-1.246482,36.774868
80000011911,in,60,-1.246791,36.775433
80000011911,in,61,-1.247297,36.776005
80000011911,in,62,-1.247405,36.776356
80000011911,in,63,-1.247428,36.777012
80000011911,in,64,-1.247318,36.77879
80000011911,in,65,-1.248987,36.782612
80000011911,in,66,-1.249788,36.784649
80000011911,in,67,-1.2504,36.785191
80000011911,in,68,-1.251081,36.785564
80000011911,in,69,-1.251189,36.785671
80000011911,in,70,-1.251554,36.788128
80000011911,in,71,-1.251738,36.788876
80000011911,in,72,-1.251902,36.789196
80000011911,in,73,-1.253121,36.790787
80000011911,in,74,-1.253634,36.791641
80000011911,in,75,-1.254283,36.79298
80000011911,in,76,-1.254651,36.794765
80000011911,in,77,-1.255025,36.79575
80000011911,in,78,-1.255157,36.796967
80000011911,in,79,-1.255326,36.797249
80000011911,in,80,-1.25578,36.797752
80000011911,in,81,-1.256019,36.798618
80000011911,in,82,-1.256511,36.800014
80000011911,in,83,-1.256936,36.80069
80000011911,in,84,-1.257437,36.801193
80000011911,in,85,-1.257795,36.801338
80000011911,in,86,-1.258466,36.801399
80000011911,in,87,-1.261179,36.802994
80000011911,in,88,-1.26149,36.803307
80000011911,in,89,-1.26149,36.803307
80000011911,in,90,-1.261414,36.803413
80000011911,in,91,-1.261436,36.803478
80000011911,in,92,-1.261516,36.803547
80000011911,in,93,-1.261673,36.803543
80000011911,in,94,-1.262506,36.80444
80000011911,in,95,-1.262606,36.80463
80000011911,in,96,-1.263319,36.806454
80000011911,in,97,-1.263557,36.807198
80000011911,in,98,-1.26359,36.807476
80000011911,in,99,-1.263385,36.808846
80000011911,in,100,-1.263463,36.809109
80000011911,in,101,-1.264951,36.811577
80000011911,in,102,-1.264951,36.811577
80000011911,in,103,-1.264842,36.811615
80000011911,in,104,-1.264804,36.811798
80000011911,in,105,-1.264846,36.811905
80000011911,in,106,-1.264968,36.811985
80000011911,in,107,-1.265071,36.811932
80000011911,in,108,-1.265108,36.811764
80000011911,in,109,-1.269405,36.812355
80000011911,in,110,-1.271633,36.814159
80000011911,in,111,-1.271863,36.814423
80000011911,in,112,-1.271931,36.81472
80000011911,in,113,-1.271931,36.81472
80000011911,in,114,-1.272204,36.814808
80000011911,in,115,-1.272413,36.814991
80000011911,in,116,-1.272622,36.815262
80000011911,in,117,-1.272877,36.815868
80000011911,in,118,-1.273076,36.816189
80000011911,in,119,-1.27347,36.816654
80000011911,in,120,-1.276503,36.819828
80000011911,in,121,-1.276871,36.820297
80000011911,in,122,-1.277376,36.821178
80000011911,in,123,-1.277825,36.8218
80000011911,in,124,-1.277825,36.8218
80000011911,in,125,-1.278028,36.821857
80000011911,in,126,-1.278028,36.821857
80000011911,in,127,-1.27833,36.822002
80000011911,in,128,-1.278686,36.822044
80000011911,in,129,-1.279166,36.821861
80000011911,in,130,-1.279502,36.821541
80000011911,in,131,-1.279783,36.821423
80000011911,in,132,-1.28003,36.821487
80000011911,in,133,-1.280256,36.821629
80000011911,in,134,-1.280906,36.822269
80000011911,in,135,-1.28101,36.822449
80000011911,in,136,-1.28101,36.822449
80000011911,in,137,-1.281116,36.82275
80000011911,in,138,-1.280939,36.822895
20100012011,out,0,-1.05638,36.778932
20100012011,out,1,-1.056652,36.779034
20100012011,out,2,-1.056652,36.779034
20100012011,out,3,-1.056875,36.780445
20100012011,out,4,-1.05713,36.781021
20100012011,out,5,-1.057524,36.781601
20100012011,out,6,-1.057784,36.781876
20100012011,out,7,-1.058135,36.782104
20100012011,out,8,-1.05998,36.782909
20100012011,out,9,-1.060717,36.783161
20100012011,out,10,-1.061164,36.783203
20100012011,out,11,-1.061433,36.783131
20100012011,out,12,-1.062106,36.782776
20100012011,out,13,-1.062553,36.782734
20100012011,out,14,-1.064322,36.783489
20100012011,out,15,-1.064322,36.783489
20100012011,out,16,-1.064775,36.783199
20100012011,out,17,-1.065455,36.782448
20100012011,out,18,-1.065702,36.782318
20100012011,out,19,-1.066082,36.782364
20100012011,out,20,-1.067044,36.782639
20100012011,out,21,-1.068211,36.782715
20100012011,out,22,-1.068559,36.78278
20100012011,out,23,-1.069302,36.783253
20100012011,out,24,-1.071831,36.785046
20100012011,out,25,-1.072002,36.785244
20100012011,out,26,-1.072408,36.785957
20100012011,out,27,-1.072549,36.786072
20100012011,out,28,-1.073266,36.786343
20100012011,out,29,-1.075023,36.786804
20100012011,out,30,-1.075519,36.786884
20100012011,out,31,-1.075809,36.786766
20100012011,out,32,-1.0759,36.786575
20100012011,out,33,-1.075906,36.786388
20100012011,out,34,-1.075837,36.786259
20100012011,out,35,-1.075672,36.786133
20100012011,out,36,-1.074877,36.78574
20100012011,out,37,-1.0745,36.785355
20100012011,out,38,-1.074209,36.78495
20100012011,out,39,-1.074036,36.784573
20100012011,out,40,-1.073683,36.78336
20100012011,out,41,-1.0736,36.782696
20100012011,out,42,-1.073742,36.782066
20100012011,out,43,-1.074023,36.781559
20100012011,out,44,-1.074394,36.78112
20100012011,out,45,-1.074786,36.780769
20100012011,out,46,-1.075322,36.780518
20100012011,out,47,-1.075649,36.780468
20100012011,out,48,-1.076626,36.780579
20100012011,out,49,-1.077871,36.780788
20100012011,out,50,-1.078621,36.781052
20100012011,out,51,-1.078965,36.781097
20100012011,out,52,-1.079318,36.781075
20100012011,out,53,-1.079989,36.780815
20100012011,out,54,-1.080222,36.780807
20100012011,out,55,-1.080646,36.780968
20100012011,out,56,-1.082738,36.781994
20100012011,out,57,-1.083404,36.782089
20100012011,out,58,-1.084907,36.782085
20100012011,out,59,-1.085202,36.782043
20100012011,out,60,-1.085546,36.781849
20100012011,out,61,-1.086034,36.781307
20100012011,out,62,-1.086384,36.781147
20100012011,out,63,-1.086744,36.781143
20100012011,out,64,-1.087118,36.781338
20100012011,out,65,-1.087699,36.781921
20100012011,out,66,-1.088155,36.782173
20100012011,out,67,-1.088504,36.782269
20100012011,out,68,-1.088848,36.782291
20100012011,out,69,-1.090755,36.782307
20100012011,out,70,-1.091136,36.782364
20100012011,out,71,-1.091385,36.782497
20100012011,out,72,-1.091605,36.782642
20100012011,out,73,-1.091804,36.782856
20100012011,out,74,-1.092098,36.783623
20100012011,out,75,-1.093503,36.789104
20100012011,out,76,-1.093912,36.791008
20100012011,out,77,-1.094166,36.791615
20100012011,out,78,-1.094995,36.793098
20100012011,out,79,-1.095307,36.793278
20100012011,out,80,-1.095652,36.793259
20100012011,out,81,-1.096536,36.792873
20100012011,out,82,-1.097124,36.792725
20100012011,out,83,-1.097624,36.792786
20100012011,out,84,-1.098044,36.793072
20100012011,out,85,-1.09815,36.793201
20100012011,out,86,-1.098738,36.79438
20100012011,out,87,-1.099189,36.795044
20100012011,out,88,-1.102994,36.799976
20100012011,out,89,-1.105715,36.80241
20100012011,out,90,-1.10601,36.802769
20100012011,out,91,-1.106429,36.803497
20100012011,out,92,-1.106939,36.804775
20100012011,out,93,-1.107471,36.80579
20100012011,out,94,-1.108136,36.806538
20100012011,out,95,-1.110034,36.808445
20100012011,out,96,-1.110672,36.809181
20100012011,out,97,-1.111262,36.809559
20100012011,out,98,-1.112479,36.810146
20100012011,out,99,-1.115573,36.812595
20100012011,out,100,-1.115905,36.812954
20100012011,out,101,-1.116088,36.813248
20100012011,out,102,-1.116254,36.813644
20100012011,out,103,-1.116741,36.815399
20100012011,out,104,-1.117011,36.81596
20100012011,out,105,-1.117275,36.816364
20100012011,out,106,-1.11904,36.818607
20100012011,out,107,-1.119493,36.818958
20100012011,out,108,-1.120662,36.819416
20100012011,out,109,-1.121058,36.819408
20100012011,out,110,-1.121354,36.819267
20100012011,out,111,-1.121862,36.818535
20100012011,out,112,-1.122555,36.816837
20100012011,out,113,-1.122499,36.815208
20100012011,out,114,-1.122981,36.813969
20100012011,out,115,-1.123168,36.813606
20100012011,out,116,-1.123383,36.813389
20100012011,out,117,-1.123828,36.813271
20100012011,out,118,-1.124208,36.813244
20100012011,out,119,-1.124637,36.813297
20100012011,out,120,-1.125527,36.813732
20100012011,out,121,-1.125914,36.813862
20100012011,out,122,-1.126246,36.8139
20100012011,out,123,-1.127045,36.813736
20100012011,out,124,-1.127512,36.813477
20100012011,out,125,-1.127812,36.813168
20100012011,out,126,-1.128929,36.810932
20100012011,out,127,-1.130926,36.806633
20100012011,out,128,-1.13117,36.805988
20100012011,out,129,-1.131635,36.803993
20100012011,out,130,-1.131905,36.802956
20100012011,out,131,-1.132033,36.802654
20100012011,out,132,-1.132186,36.802448
20100012011,out,133,-1.132582,36.802212
20100012011,out,134,-1.134744,36.801983
20100012011,out,135,-1.136643,36.802372
20100012011,out,136,-1.137713,36.802647
20100012011,out,137,-1.138049,36.802788
20100012011,out,138,-1.138546,36.803135
20100012011,out,139,-1.139645,36.804497
20100012011,out,140,-1.141234,36.806
20100012011,out,141,-1.141914,36.806839
20100012011,out,142,-1.143008,36.807629
20100012011,out,143,-1.144269,36.808075
20100012011,out,144,-1.144679,36.808079
20100012011,out,145,-1.145479,36.807903
20100012011,out,146,-1.145724,36.807899
20100012011,out,147,-1.146022,36.807911
20100012011,out,148,-1.146851,36.808178
20100012011,out,149,-1.147191,36.808239
20100012011,out,150,-1.147367,36.808205
20100012011,out,151,-1.147728,36.807938
20100012011,out,152,-1.148737,36.806732
20100012011,out,153,-1.149411,36.806229
20100012011,out,154,-1.149906,36.805958
20100012011,out,155,-1.150432,36.805748
20100012011,out,156,-1.151478,36.805439
20100012011,out,157,-1.151478,36.805439
20100012011,out,158,-1.151881,36.806046
20100012011,out,159,-1.153632,36.810516
20100012011,out,160,-1.154301,36.811989
20100012011,out,161,-1.158962,36.819633
20100012011,out,162,-1.159137,36.819839
20100012011,out,163,-1.15992,36.820438
20100012011,out,164,-1.166919,36.825214
20100012011,out,165,-1.166919,36.825214
20100012011,out,166,-1.167132,36.825001
20100012011,out,167,-1.167593,36.824734
20100012011,out,168,-1.167861,36.824627
20100012011,out,169,-1.168134,36.82465
20100012011,out,170,-1.1684,36.824722
20100012011,out,171,-1.168688,36.824883
20100012011,out,172,-1.168974,36.825138
20100012011,out,173,-1.169483,36.825809
20100012011,out,174,-1.169874,36.826099
20100012011,out,175,-1.170241,36.826248
20100012011,out,176,-1.170428,36.826271
20100012011,out,177,-1.170998,36.826252
20100012011,out,178,-1.171542,36.826134
20100012011,out,179,-1.173014,36.826729
20100012011,out,180,-1.173728,36.827728
20100012011,out,181,-1.174112,36.828045
20100012011,out,182,-1.174852,36.828918
20100012011,out,183,-1.175098,36.829407
20100012011,out,184,-1.17538,36.830532
20100012011,out,185,-1.17562,36.832024
20100012011,out,186,-1.175002,36.834335
20100012011,out,187,-1.175002,36.834335
20100012011,out,188,-1.175871,36.835522
20100012011,out,189,-1.176673,36.836395
20100012011,out,190,-1.177386,36.836857
20100012011,out,191,-1.177802,36.837048
20100012011,out,192,-1.178844,36.837399
20100012011,out,193,-1.181854,36.838261
20100012011,out,194,-1.191978,36.839893
20100012011,out,195,-1.192655,36.839996
20100012011,out,196,-1.193008,36.839993
20100012011,out,197,-1.193857,36.839771
20100012011,out,198,-1.194599,36.839294
20100012011,out,199,-1.197894,36.836456
20100012011,out,200,-1.198662,36.835892
20100012011,out,201,-1.205388,36.83223
20100012011,out,202,-1.206129,36.831959
20100012011,out,203,-1.206811,36.831982
20100012011,out,204,-1.207265,36.832165
20100012011,out,205,-1.20855,36.832932
20100012011,out,206,-1.209074,36.833035
20100012011,out,207,-1.210487,36.833103
20100012011,out,208,-1.212253,36.833797
20100012011,out,209,-1.216861,36.835762
20100012011,out,210,-1.217865,36.835911
20100012011,out,211,-1.218614,36.835819
20100012011,out,212,-1.219704,36.83551
20100012011,out,213,-1.220578,36.835434
20100012011,out,214,-1.220938,36.835537
20100012011,out,215,-1.221788,36.83606
20100012011,out,216,-1.223542,36.837765
20100012011,out,217,-1.224295,36.83836
20100012011,out,218,-1.225651,36.839066
20100012011,out,219,-1.229435,36.840881
20100012011,out,220,-1.230471,36.841591
20100012011,out,221,-1.231207,36.842278
20100012011,out,222,-1.231667,36.842892
20100012011,out,223,-1.231988,36.843098
20100012011,out,224,-1.23253,36.843334
20100012011,out,225,-1.233101,36.843456
20100012011,out,226,-1.243518,36.844563
20100012011,out,227,-1.244069,36.844723
20100012011,out,228,-1.246424,36.845844
20100012011,out,229,-1.246791,36.846062
20100012011,out,230,-1.247643,36.846851
20100012011,out,231,-1.248069,36.847084
20100012011,out,232,-1.24872,36.847221
20100012011,out,233,-1.249037,36.847191
20100012011,out,234,-1.249338,36.847095
20100012011,out,235,-1.256029,36.843464
20100012011,out,236,-1.256747,36.843159
20100012011,out,237,-1.259992,36.842247
20100012011,out,238,-1.259992,36.842247
20100012011,out,239,-1.261355,36.841751
20100012011,out,240,-1.261355,36.841751
20100012011,out,241,-1.26254,36.841183
20100012011,out,242,-1.262927,36.840824
20100012011,out,243,-1.263066,36.840591
20100012011,out,244,-1.263191,36.839428
20100012011,out,245,-1.263395,36.83889
20100012011,out,246,-1.264439,36.837208
20100012011,out,247,-1.264982,36.836437
20100012011,out,248,-1.264982,36.836437
20100012011,out,249,-1.26553,36.835773
20100012011,out,250,-1.266057,36.83527
20100012011,out,251,-1.266057,36.83527
20100012011,out,252,-1.266194,36.835114
20100012011,out,253,-1.266516,36.834904
20100012011,out,254,-1.26698,36.83477
20100012011,out,255,-1.267245,36.834866
20100012011,out,256,-1.268082,36.835491
20100012011,out,257,-1.268082,36.835491
20100012011,out,258,-1.268386,36.835701
20100012011,out,259,-1.268524,36.835728
20100012011,out,260,-1.268524,36.835728
20100012011,out,261,-1.268436,36.835533
20100012011,out,262,-1.267214,36.834606
20100012011,out,263,-1.267214,36.834606
20100012011,out,264,-1.267211,36.834282
20100012011,out,265,-1.268785,36.833
20100012011,out,266,-1.269154,36.832592
20100012011,out,267,-1.269154,36.832592
20100012011,out,268,-1.269396,36.832703
20100012011,out,269,-1.269482,36.832848
20100012011,out,270,-1.269482,36.832848
20100012011,out,271,-1.275981,36.831173
20100012011,out,272,-1.278025,36.830566
20100012011,out,273,-1.278025,36.830566
20100012011,out,274,-1.27821,36.830574
20100012011,out,275,-1.278323,36.830437
20100012011,out,276,-1.278644,36.830486
20100012011,out,277,-1.280561,36.83197
20100012011,out,278,-1.280561,36.83197
20100012011,out,279,-1.280466,36.831978
20100012011,out,280,-1.280376,36.8321
20100012011,out,281,-1.280372,36.832378
20100012011,out,282,-1.28049,36.832466
20100012011,out,283,-1.280815,36.8325
20100012011,out,284,-1.280999,36.83239
20100012011,out,285,-1.281007,36.832161
20100012011,out,286,-1.286262,36.830576
20100012011,out,287,-1.286658,36.83046
20100012011,in,0,-1.286262,36.830576
20100012011,in,1,-1.286658,36.83046
20100012011,in,2,-1.287623,36.830215
20100012011,in,3,-1.287623,36.830215
20100012011,in,4,-1.28767,36.830349
20100012011,in,5,-1.287628,36.830513
20100012011,in,6,-1.287196,36.831287
20100012011,in,7,-1.28577,36.832111
20100012011,in,8,-1.28577,36.832111
20100012011,in,9,-1.285566,36.83213
20100012011,in,10,-1.28398,36.833084
20100012011,in,11,-1.28345,36.833248
20100012011,in,12,-1.282975,36.833302
20100012011,in,13,-1.282282,36.833282
20100012011,in,14,-1.282035,36.833199
20100012011,in,15,-1.281435,36.832821
20100012011,in,16,-1.281011,36.832355
20100012011,in,17,-1.281011,36.832355
20100012011,in,18,-1.281019,36.832207
20100012011,in,19,-1.280953,36.8321
20100012011,in,20,-1.280665,36.83197
20100012011,in,21,-1.280466,36.831978
20100012011,in,22,-1.280376,36.8321
20100012011,in,23,-1.280358,36.832321
20100012011,in,24,-1.280406,36.83242
20100012011,in,25,-1.279219,36.833508
20100012011,in,26,-1.278877,36.833698
20100012011,in,27,-1.278355,36.833862
20100012011,in,28,-1.277444,36.834007
20100012011,in,29,-1.27579,36.834785
20100012011,in,30,-1.273206,36.835724
20100012011,in,31,-1.27026,36.836895
20100012011,in,32,-1.270083,36.836895
20100012011,in,33,-1.268524,36.835728
20100012011,in,34,-1.268524,36.835728
20100012011,in,35,-1.268436,36.835533
20100012011,in,36,-1.268189,36.835327
20100012011,in,37,-1.267085,36.834526
20100012011,in,38,-1.266677,36.834515
20100012011,in,39,-1.265904,36.835087
20100012011,in,40,-1.265904,36.835087
20100012011,in,41,-1.264883,36.836166
20100012011,in,42,-1.264232,36.837017
20100012011,in,43,-1.262969,36.839069
20100012011,in,44,-1.262969,36.839069
20100012011,in,45,-1.26205,36.839897
20100012011,in,46,-1.26205,36.839897
20100012011,in,47,-1.262142,36.840023
20100012011,in,48,-1.262106,36.840157
20100012011,in,49,-1.262009,36.840214
20100012011,in,50,-1.261912,36.840202
20100012011,in,51,-1.261813,36.840046
20100012011,in,52,-1.261692,36.840332
20100012011,in,53,-1.261529,36.840542
20100012011,in,54,-1.261529,36.840542
20100012011,in,55,-1.259603,36.842369
20100012011,in,56,-1.256747,36.843159
20100012011,in,57,-1.256029,36.843464
20100012011,in,58,-1.249338,36.847095
20100012011,in,59,-1.249037,36.847191
20100012011,in,60,-1.24872,36.847221
20100012011,in,61,-1.248069,36.847084
20100012011,in,62,-1.247643,36.846851
20100012011,in,63,-1.246791,36.846062
20100012011,in,64,-1.246424,36.845844
20100012011,in,65,-1.244069,36.844723
20100012011,in,66,-1.243518,36.844563
20100012011,in,67,-1.233101,36.843456
20100012011,in,68,-1.23253,36.843334
20100012011,in,69,-1.231988,36.843098
20100012011,in,70,-1.231667,36.842892
20100012011,in,71,-1.231207,36.842278
20100012011,in,72,-1.230471,36.841591
20100012011,in,73,-1.229435,36.840881
20100012011,in,74,-1.225651,36.839066
20100012011,in,75,-1.224295,36.83836
20100012011,in,76,-1.223542,36.837765
20100012011,in,77,-1.221788,36.83606
20100012011,in,78,-1.220938,36.835537
20100012011,in,79,-1.220578,36.835434
20100012011,in,80,-1.219704,36.83551
20100012011,in,81,-1.218614,36.835819
20100012011,in,82,-1.217865,36.835911
20100012011,in,83,-1.216861,36.835762
20100012011,in,84,-1.212253,36.833797
20100012011,in,85,-1.210487,36.833103
20100012011,in,86,-1.209074,36.833035
20100012011,in,87,-1.20855,36.832932
20100012011,in,88,-1.207265,36.832165
20100012011,in,89,-1.206811,36.831982
20100012011,in,90,-1.206129,36.831959
20100012011,in,91,-1.205388,36.83223
20100012011,in,92,-1.198662,36.835892
20100012011,in,93,-1.197894,36.836456
20100012011,in,94,-1.194599,36.839294
20100012011,in,95,-1.193857,36.839771
20100012011,in,96,-1.193008,36.839993
20100012011,in,97,-1.192655,36.839996
20100012011,in,98,-1.191978,36.839893
20100012011,in,99,-1.181854,36.838261
20100012011,in,100,-1.178844,36.837399
20100012011,in,101,-1.177802,36.837048
20100012011,in,102,-1.177386,36.836857
20100012011,in,103,-1.176673,36.836395
20100012011,in,104,-1.175871,36.835522
20100012011,in,105,-1.175002,36.834335
20100012011,in,106,-1.175002,36.834335
20100012011,in,107,-1.17562,36.832024
20100012011,in,108,-1.175588,36.831631
20100012011,in,109,-1.17538,36.830532
20100012011,in,110,-1.175038,36.829216
20100012011,in,111,-1.174852,36.828918
20100012011,in,112,-1.174112,36.828045
20100012011,in,113,-1.174112,36.828045
20100012011,in,114,-1.173728,36.827728
20100012011,in,115,-1.173014,36.826729
20100012011,in,116,-1.173014,36.826729
20100012011,in,117,-1.171542,36.826134
20100012011,in,118,-1.170998,36.826252
20100012011,in,119,-1.170428,36.826271
20100012011,in,120,-1.170241,36.826248
20100012011,in,121,-1.169874,36.826099
20100012011,in,122,-1.169483,36.825809
20100012011,in,123,-1.168974,36.825138
20100012011,in,124,-1.168688,36.824883
20100012011,in,125,-1.1684,36.824722
20100012011,in,126,-1.168134,36.82465
20100012011,in,127,-1.167861,36.824627
20100012011,in,128,-1.167593,36.824734
20100012011,in,129,-1.167132,36.825001
20100012011,in,130,-1.166919,36.825214
20100012011,in,131,-1.166919,36.825214
20100012011,in,132,-1.15992,36.820438
20100012011,in,133,-1.159137,36.819839
20100012011,in,134,-1.158962,36.819633
20100012011,in,135,-1.154301,36.811989
20100012011,in,136,-1.153632,36.810516
20100012011,in,137,-1.151881,36.806046
20100012011,in,138,-1.151478,36.805439
20100012011,in,139,-1.151478,36.805439
20100012011,in,140,-1.150432,36.805748
20100012011,in,141,-1.149906,36.805958
20100012011,in,142,-1.149411,36.806229
20100012011,in,143,-1.148737,36.806732
20100012011,in,144,-1.147728,36.807938
20100012011,in,145,-1.147367,36.808205
20100012011,in,146,-1.147191,36.808239
20100012011,in,147,-1.146851,36.808178
20100012011,in,148,-1.146022,36.807911
20100012011,in,149,-1.145724,36.807899
20100012011,in,150,-1.145479,36.807903
20100012011,in,151,-1.144679,36.808079
20100012011,in,152,-1.144269,36.808075
20100012011,in,153,-1.143008,36.807629
20100012011,in,154,-1.141914,36.806839
20100012011,in,155,-1.141234,36.806
20100012011,in,156,-1.139645,36.804497
20100012011,in,157,-1.138546,36.803135
20100012011,in,158,-1.138049,36.802788
20100012011,in,159,-1.137713,36.802647
20100012011,in,160,-1.136643,36.802372
20100012011,in,161,-1.134744,36.801983
20100012011,in,162,-1.132582,36.802212
20100012011,in,163,-1.132186,36.802448
20100012011,in,164,-1.132033,36.802654
20100012011,in,165,-1.131905,36.802956
20100012011,in,166,-1.131635,36.803993
20100012011,in,167,-1.13117,36.805988
20100012011,in,168,-1.130926,36.806633
20100012011,in,169,-1.128929,36.810932
20100012011,in,170,-1.127812,36.813168
20100012011,in,171,-1.127512,36.813477
20100012011,in,172,-1.127045,36.813736
20100012011,in,173,-1.126246,36.8139
20100012011,in,174,-1.125914,36.813862
20100012011,in,175,-1.125527,36.813732
20100012011,in,176,-1.124637,36.813297
20100012011,in,177,-1.124208,36.813244
20100012011,in,178,-1.123828,36.813271
20100012011,in,179,-1.123383,36.813389
20100012011,in,180,-1.123168,36.813606
20100012011,in,181,-1.122981,36.813969
20100012011,in,182,-1.122499,36.815208
20100012011,in,183,-1.122555,36.816837
20100012011,in,184,-1.121862,36.818535
20100012011,in,185,-1.121354,36.819267
20100012011,in,186,-1.121058,36.819408
20100012011,in,187,-1.120662,36.819416
20100012011,in,188,-1.119493,36.818958
20100012011,in,189,-1.11904,36.818607
20100012011,in,190,-1.117275,36.816364
20100012011,in,191,-1.117011,36.81596
20100012011,in,192,-1.116741,36.815399
20100012011,in,193,-1.116254,36.813644
20100012011,in,194,-1.116088,36.813248
20100012011,in,195,-1.115905,36.812954
20100012011,in,196,-1.115573,36.812595
20100012011,in,197,-1.112479,36.810146
20100012011,in,198,-1.111262,36.809559
20100012011,in,199,-1.110672,36.809181
20100012011,in,200,-1.110034,36.808445
20100012011,in,201,-1.108136,36.806538
20100012011,in,202,-1.107471,36.80579
20100012011,in,203,-1.106939,36.804775
20100012011,in,204,-1.106429,36.803497
20100012011,in,205,-1.10601,36.802769
20100012011,in,206,-1.105715,36.80241
20100012011,in,207,-1.102994,36.799976
20100012011,in,208,-1.099189,36.795044
20100012011,in,209,-1.098738,36.79438
20100012011,in,210,-1.09815,36.793201
20100012011,in,211,-1.098044,36.793072
20100012011,in,212,-1.097624,36.792786
20100012011,in,213,-1.097124,36.792725
20100012011,in,214,-1.096536,36.792873
20100012011,in,215,-1.095652,36.793259
20100012011,in,216,-1.095307,36.793278
20100012011,in,217,-1.094995,36.793098
20100012011,in,218,-1.094166,36.791615
20100012011,in,219,-1.093912,36.791008
20100012011,in,220,-1.093503,36.789104
20100012011,in,221,-1.092098,36.783623
20100012011,in,222,-1.091804,36.782856
20100012011,in,223,-1.091605,36.782642
20100012011,in,224,-1.091385,36.782497
20100012011,in,225,-1.091136,36.782364
20100012011,in,226,-1.090755,36.782307
20100012011,in,227,-1.088848,36.782291
20100012011,in,228,-1.088504,36.782269
20100012011,in,229,-1.088155,36.782173
20100012011,in,230,-1.087699,36.781921
20100012011,in,231,-1.087118,36.781338
20100012011,in,232,-1.086744,36.781143
20100012011,in,233,-1.086384,36.781147
20100012011,in,234,-1.086034,36.781307
20100012011,in,235,-1.085546,36.781849
20100012011,in,236,-1.085202,36.782043
20100012011,in,237,-1.084907,36.782085
20100012011,in,238,-1.083404,36.782089
20100012011,in,239,-1.082738,36.781994
20100012011,in,240,-1.080646,36.780968
20100012011,in,241,-1.080222,36.780807
20100012011,in,242,-1.079989,36.780815
20100012011,in,243,-1.079318,36.781075
20100012011,in,244,-1.078965,36.781097
20100012011,in,245,-1.078621,36.781052
20100012011,in,246,-1.077871,36.780788
20100012011,in,247,-1.076626,36.780579
20100012011,in,248,-1.075649,36.780468
20100012011,in,249,-1.075322,36.780518
20100012011,in,250,-1.074786,36.780769
20100012011,in,251,-1.074394,36.78112
20100012011,in,252,-1.074023,36.781559
20100012011,in,253,-1.073742,36.782066
20100012011,in,254,-1.0736,36.782696
20100012011,in,255,-1.073683,36.78336
20100012011,in,256,-1.074036,36.784573
20100012011,in,257,-1.074209,36.78495
20100012011,in,258,-1.0745,36.785355
20100012011,in,259,-1.074877,36.78574
20100012011,in,260,-1.075672,36.786133
20100012011,in,261,-1.075837,36.786259
20100012011,in,262,-1.075906,36.786388
20100012011,in,263,-1.0759,36.786575
20100012011,in,264,-1.075809,36.786766
20100012011,in,265,-1.075519,36.786884
20100012011,in,266,-1.075023,36.786804
20100012011,in,267,-1.073266,36.786343
20100012011,in,268,-1.072549,36.786072
20100012011,in,269,-1.072408,36.785957
20100012011,in,270,-1.072002,36.785244
20100012011,in,271,-1.071831,36.785046
20100012011,in,272,-1.069302,36.783253
20100012011,in,273,-1.068559,36.78278
20100012011,in,274,-1.068211,36.782715
20100012011,in,275,-1.067044,36.782639
20100012011,in,276,-1.066082,36.782364
20100012011,in,277,-1.065702,36.782318
20100012011,in,278,-1.065455,36.782448
20100012011,in,279,-1.064775,36.783199
20100012011,in,280,-1.064322,36.783489
20100012011,in,281,-1.064322,36.783489
20100012011,in,282,-1.062553,36.782734
20100012011,in,283,-1.062106,36.782776
20100012011,in,284,-1.061433,36.783131
20100012011,in,285,-1.061164,36.783203
20100012011,in,286,-1.060717,36.783161
20100012011,in,287,-1.05998,36.782909
20100012011,in,288,-1.058135,36.782104
20100012011,in,289,-1.057784,36.781876
20100012011,in,290,-1.057524,36.781601
20100012011,in,291,-1.05713,36.781021
20100012011,in,292,-1.056875,36.780445
20100012011,in,293,-1.056652,36.779034
20100012011,in,294,-1.05638,36.778932
20100012111,out,0,-1.2852,36.83144
20100012111,out,1,-1.285527,36.831921
20100012111,out,2,-1.285566,36.83213
20100012111,out,3,-1.285566,36.83213
20100012111,out,4,-1.28398,36.833084
20100012111,out,5,-1.28345,36.833248
20100012111,out,6,-1.282975,36.833302
20100012111,out,7,-1.282282,36.833282
20100012111,out,8,-1.282035,36.833199
20100012111,out,9,-1.281435,36.832821
20100012111,out,10,-1.281011,36.832355
20100012111,out,11,-1.281011,36.832355
20100012111,out,12,-1.281019,36.832207
20100012111,out,13,-1.280953,36.8321
20100012111,out,14,-1.280665,36.83197
20100012111,out,15,-1.280466,36.831978
20100012111,out,16,-1.280376,36.8321
20100012111,out,17,-1.280358,36.832321
20100012111,out,18,-1.280406,36.83242
20100012111,out,19,-1.279219,36.833508
20100012111,out,20,-1.278877,36.833698
20100012111,out,21,-1.278355,36.833862
20100012111,out,22,-1.277444,36.834007
20100012111,out,23,-1.27579,36.834785
20100012111,out,24,-1.273206,36.835724
20100012111,out,25,-1.27026,36.836895
20100012111,out,26,-1.270083,36.836895
20100012111,out,27,-1.268524,36.835728
20100012111,out,28,-1.268524,36.835728
20100012111,out,29,-1.268436,36.835533
20100012111,out,30,-1.268189,36.835327
20100012111,out,31,-1.267085,36.834526
20100012111,out,32,-1.266677,36.834515
20100012111,out,33,-1.265904,36.835087
20100012111,out,34,-1.265904,36.835087
20100012111,out,35,-1.264883,36.836166
20100012111,out,36,-1.264232,36.837017
20100012111,out,37,-1.262969,36.839069
20100012111,out,38,-1.262969,36.839069
20100012111,out,39,-1.26205,36.839897
20100012111,out,40,-1.26205,36.839897
20100012111,out,41,-1.262142,36.840023
20100012111,out,42,-1.262106,36.840157
20100012111,out,43,-1.262009,36.840214
20100012111,out,44,-1.261912,36.840202
20100012111,out,45,-1.261813,36.840046
20100012111,out,46,-1.261692,36.840332
20100012111,out,47,-1.261529,36.840542
20100012111,out,48,-1.261529,36.840542
20100012111,out,49,-1.259603,36.842369
20100012111,out,50,-1.256747,36.843159
20100012111,out,51,-1.256029,36.843464
20100012111,out,52,-1.249338,36.847095
20100012111,out,53,-1.249037,36.847191
20100012111,out,54,-1.24872,36.847221
20100012111,out,55,-1.248069,36.847084
20100012111,out,56,-1.247643,36.846851
20100012111,out,57,-1.246791,36.846062
20100012111,out,58,-1.246424,36.845844
20100012111,out,59,-1.244069,36.844723
20100012111,out,60,-1.243518,36.844563
20100012111,out,61,-1.233101,36.843456
20100012111,out,62,-1.23253,36.843334
20100012111,out,63,-1.231988,36.843098
20100012111,out,64,-1.231667,36.842892
20100012111,out,65,-1.231207,36.842278
20100012111,out,66,-1.230471,36.841591
20100012111,out,67,-1.229435,36.840881
20100012111,out,68,-1.225651,36.839066
20100012111,out,69,-1.224295,36.83836
20100012111,out,70,-1.223542,36.837765
20100012111,out,71,-1.221788,36.83606
20100012111,out,72,-1.220938,36.835537
20100012111,out,73,-1.220578,36.835434
20100012111,out,74,-1.219704,36.83551
20100012111,out,75,-1.218614,36.835819
20100012111,out,76,-1.217865,36.835911
20100012111,out,77,-1.216861,36.835762
20100012111,out,78,-1.212253,36.833797
20100012111,out,79,-1.210634,36.833157
20100012111,out,80,-1.210211,36.833076
20100012111,out,81,-1.209074,36.833035
20100012111,out,82,-1.20855,36.832932
20100012111,out,83,-1.207265,36.832165
20100012111,out,84,-1.207048,36.832058
20100012111,out,85,-1.206606,36.831951
20100012111,out,86,-1.206129,36.831959
20100012111,out,87,-1.205388,36.83223
20100012111,out,88,-1.198662,36.835892
20100012111,out,89,-1.197894,36.836456
20100012111,out,90,-1.194599,36.839294
20100012111,out,91,-1.193857,36.839771
20100012111,out,92,-1.193348,36.839935
20100012111,out,93,-1.192655,36.839996
20100012111,out,94,-1.181854,36.838261
20100012111,out,95,-1.178844,36.837399
20100012111,out,96,-1.177802,36.837048
20100012111,out,97,-1.177386,36.836857
20100012111,out,98,-1.176673,36.836395
20100012111,out,99,-1.176262,36.835987
20100012111,out,100,-1.175002,36.834335
20100012111,out,101,-1.17388,36.832661
20100012111,out,102,-1.171255,36.828522
20100012111,out,103,-1.170981,36.828152
20100012111,out,104,-1.170627,36.827808
20100012111,out,105,-1.166034,36.824593
20100012111,out,106,-1.15992,36.820438
20100012111,out,107,-1.159137,36.819839
20100012111,out,108,-1.158789,36.819405
20100012111,out,109,-1.154301,36.811989
20100012111,out,110,-1.153632,36.810516
20100012111,out,111,-1.151881,36.806046
20100012111,out,112,-1.151559,36.805576
20100012111,in,0,-1.151559,36.805576
20100012111,in,1,-1.151881,36.806046
20100012111,in,2,-1.153632,36.810516
20100012111,in,3,-1.154301,36.811989
20100012111,in,4,-1.158789,36.819405
20100012111,in,5,-1.159137,36.819839
20100012111,in,6,-1.15992,36.820438
20100012111,in,7,-1.166034,36.824593
20100012111,in,8,-1.170627,36.827808
20100012111,in,9,-1.170981,36.828152
20100012111,in,10,-1.171255,36.828522
20100012111,in,11,-1.17388,36.832661
20100012111,in,12,-1.175002,36.834335
20100012111,in,13,-1.176262,36.835987
20100012111,in,14,-1.176673,36.836395
20100012111,in,15,-1.177386,36.836857
20100012111,in,16,-1.177802,36.837048
20100012111,in,17,-1.178844,36.837399
20100012111,in,18,-1.181854,36.838261
20100012111,in,19,-1.192655,36.839996
20100012111,in,20,-1.193348,36.839935
20100012111,in,21,-1.193857,36.839771
20100012111,in,22,-1.194599,36.839294
20100012111,in,23,-1.197894,36.836456
20100012111,in,24,-1.198662,36.835892
20100012111,in,25,-1.205388,36.83223
20100012111,in,26,-1.206129,36.831959
20100012111,in,27,-1.206606,36.831951
20100012111,in,28,-1.207048,36.832058
20100012111,in,29,-1.207265,36.832165
20100012111,in,30,-1.20855,36.832932
20100012111,in,31,-1.209074,36.833035
20100012111,in,32,-1.210211,36.833076
20100012111,in,33,-1.210634,36.833157
20100012111,in,34,-1.212253,36.833797
20100012111,in,35,-1.216861,36.835762
20100012111,in,36,-1.217865,36.835911
20100012111,in,37,-1.218614,36.835819
20100012111,in,38,-1.219704,36.83551
20100012111,in,39,-1.220578,36.835434
20100012111,in,40,-1.220938,36.835537
20100012111,in,41,-1.221788,36.83606
20100012111,in,42,-1.223542,36.837765
20100012111,in,43,-1.224295,36.83836
20100012111,in,44,-1.225651,36.839066
20100012111,in,45,-1.229435,36.840881
20100012111,in,46,-1.230471,36.841591
20100012111,in,47,-1.231207,36.842278
20100012111,in,48,-1.231667,36.842892
20100012111,in,49,-1.231988,36.843098
20100012111,in,50,-1.23253,36.843334
20100012111,in,51,-1.233101,36.843456
20100012111,in,52,-1.243518,36.844563
20100012111,in,53,-1.244069,36.844723
20100012111,in,54,-1.246424,36.845844
20100012111,in,55,-1.246791,36.846062
20100012111,in,56,-1.247643,36.846851
20100012111,in,57,-1.248069,36.847084
20100012111,in,58,-1.248488,36.847187
20100012111,in,59,-1.249037,36.847191
20100012111,in,60,-1.249338,36.847095
20100012111,in,61,-1.256029,36.843464
20100012111,in,62,-1.256747,36.843159
20100012111,in,63,-1.259992,36.842247
20100012111,in,64,-1.259992,36.842247
20100012111,in,65,-1.261355,36.841751
20100012111,in,66,-1.261355,36.841751
20100012111,in,67,-1.262003,36.841122
20100012111,in,68,-1.262474,36.840778
20100012111,in,69,-1.262474,36.840778
20100012111,in,70,-1.262727,36.840504
20100012111,in,71,-1.26299,36.839626
20100012111,in,72,-1.263575,36.838554
20100012111,in,73,-1.264982,36.836437
20100012111,in,74,-1.264982,36.836437
20100012111,in,75,-1.26553,36.835773
20100012111,in,76,-1.266057,36.83527
20100012111,in,77,-1.266057,36.83527
20100012111,in,78,-1.266313,36.835026
20100012111,in,79,-1.266642,36.834839
20100012111,in,80,-1.267058,36.834782
20100012111,in,81,-1.267245,36.834866
20100012111,in,82,-1.268386,36.835701
20100012111,in,83,-1.268524,36.835728
20100012111,in,84,-1.268524,36.835728
20100012111,in,85,-1.269943,36.8368
20100012111,in,86,-1.270169,36.836918
20100012111,in,87,-1.271,36.836628
20100012111,in,88,-1.273206,36.835724
20100012111,in,89,-1.27579,36.834785
20100012111,in,90,-1.277444,36.834007
20100012111,in,91,-1.278355,36.833862
20100012111,in,92,-1.278355,36.833862
20100012111,in,93,-1.278515,36.834045
20100012111,in,94,-1.278588,36.834267
20100012111,in,95,-1.279459,36.833458
20100012111,in,96,-1.279459,36.833458
20100012111,in,97,-1.279503,36.83337
20100012111,in,98,-1.280622,36.832493
20100012111,in,99,-1.280622,36.832493
20100012111,in,100,-1.280815,36.8325
20100012111,in,101,-1.280954,36.832439
20100012111,in,102,-1.281011,36.832355
20100012111,in,103,-1.281007,36.832161
20100012111,in,104,-1.28486,36.831009
20100012111,in,105,-1.28486,36.831009
20100012111,in,106,-1.284967,36.831074
20100012111,in,107,-1.2852,36.83144
50205012511,out,0,-1.290259,36.828144
50205012511,out,1,-1.290291,36.828112
50205012511,out,2,-1.290302,36.828069
50205012511,out,3,-1.290312,36.828005
50205012511,out,4,-1.290302,36.827962
50205012511,out,5,-1.290259,36.827919
50205012511,out,6,-1.290173,36.827865
50205012511,out,7,-1.290066,36.827812
50205012511,out,8,-1.289958,36.827747
50205012511,out,9,-1.289958,36.827747
50205012511,out,10,-1.289883,36.827708
50205012511,out,11,-1.289779,36.827657
50205012511,out,12,-1.289725,36.827633
50205012511,out,13,-1.289704,36.827631
50205012511,out,14,-1.28954,36.827554
50205012511,out,15,-1.289508,36.827522
50205012511,out,16,-1.289465,36.827468
50205012511,out,17,-1.289401,36.827393
50205012511,out,18,-1.289422,36.82735
50205012511,out,19,-1.289465,36.827318
50205012511,out,20,-1.289423,36.827339
50205012511,out,21,-1.292658,36.821053
50205012511,out,22,-1.292658,36.821053
50205012511,out,23,-1.2929,36.820774
50205012511,out,24,-1.293391,36.820885
50205012511,out,25,-1.298268,36.823799
50205012511,out,26,-1.298751,36.823997
50205012511,out,27,-1.299475,36.824184
50205012511,out,28,-1.299824,36.824444
50205012511,out,29,-1.300055,36.824409
50205012511,out,30,-1.300322,36.824448
50205012511,out,31,-1.30445,36.826389
50205012511,out,32,-1.304667,36.826561
50205012511,out,33,-1.304667,36.826561
50205012511,out,34,-1.304719,36.826706
50205012511,out,35,-1.304885,36.826782
50205012511,out,36,-1.305107,36.826725
50205012511,out,37,-1.305217,36.826557
50205012511,out,38,-1.305178,36.826389
50205012511,out,39,-1.305438,36.825676
50205012511,out,40,-1.305785,36.823059
50205012511,out,41,-1.306024,36.821957
50205012511,out,42,-1.306469,36.820469
50205012511,out,43,-1.306673,36.82016
50205012511,out,44,-1.306837,36.820004
50205012511,out,45,-1.307181,36.81992
50205012511,out,46,-1.307268,36.819798
50205012511,out,47,-1.307274,36.819641
50205012511,out,48,-1.308698,36.819004
50205012511,out,49,-1.30897,36.818836
50205012511,out,50,-1.312507,36.816032
50205012511,out,51,-1.312728,36.816048
50205012511,out,52,-1.312823,36.815956
50205012511,out,53,-1.314934,36.814911
50205012511,out,54,-1.315671,36.814442
50205012511,out,55,-1.318177,36.811832
50205012511,out,56,-1.321586,36.808517
50205012511,out,57,-1.32186,36.808186
50205012511,out,58,-1.322168,36.807625
50205012511,out,59,-1.322409,36.806751
50205012511,out,60,-1.322758,36.80489
50205012511,out,61,-1.323116,36.802582
50205012511,out,62,-1.324165,36.797428
50205012511,out,63,-1.324494,36.796581
50205012511,out,64,-1.328392,36.789825
50205012511,out,65,-1.33566,36.776791
50205012511,out,66,-1.336488,36.775517
50205012511,out,67,-1.338396,36.773113
50205012511,out,68,-1.341319,36.7696
50205012511,out,69,-1.3421,36.768501
50205012511,out,70,-1.342433,36.767838
50205012511,out,71,-1.342774,36.7668
50205012511,out,72,-1.342774,36.7668
50205012511,out,73,-1.34659,36.765404
50205012511,out,74,-1.348983,36.764599
50205012511,out,75,-1.349388,36.764366
50205012511,out,76,-1.350894,36.763306
50205012511,out,77,-1.351335,36.763081
50205012511,out,78,-1.352563,36.762802
50205012511,out,79,-1.354414,36.761986
50205012511,out,80,-1.354837,36.761875
50205012511,out,81,-1.355075,36.761883
50205012511,out,82,-1.35785,36.762535
50205012511,out,83,-1.360327,36.762726
50205012511,out,84,-1.360651,36.762817
50205012511,out,85,-1.361011,36.763016
50205012511,out,86,-1.364138,36.7658
50205012511,out,87,-1.367367,36.76759
50205012511,out,88,-1.367549,36.767651
50205012511,out,89,-1.368047,36.767673
50205012511,out,90,-1.369372,36.767452
50205012511,out,91,-1.369761,36.76749
50205012511,out,92,-1.369981,36.767555
50205012511,out,93,-1.37334,36.769157
50205012511,out,94,-1.374423,36.769497
50205012511,out,95,-1.374988,36.769608
50205012511,out,96,-1.385852,36.77113
50205012511,out,97,-1.386318,36.771149
50205012511,out,98,-1.386676,36.771065
50205012511,out,99,-1.387279,36.770679
50205012511,out,100,-1.388695,36.769279
50205012511,out,101,-1.389231,36.768162
50205012511,out,102,-1.389703,36.767567
50205012511,out,103,-1.391591,36.766029
50205012511,out,104,-1.395123,36.763767
50205012511,out,105,-1.395441,36.763287
50205012511,out,106,-1.395947,36.762245
50205012511,out,107,-1.397169,36.759525
50205012511,out,108,-1.397343,36.758835
50205012511,out,109,-1.39735,36.758026
50205012511,out,110,-1.396703,36.749493
50205012511,out,111,-1.396703,36.749493
50205012511,out,112,-1.396546,36.749493
50205012511,out,113,-1.396546,36.749493
50205012511,out,114,-1.396543,36.74966
50205012511,in,0,-1.396543,36.74966
50205012511,in,1,-1.396526,36.750942
50205012511,in,2,-1.396526,36.750942
50205012511,in,3,-1.39683,36.750931
50205012511,in,4,-1.39683,36.750931
50205012511,in,5,-1.39735,36.758026
50205012511,in,6,-1.397343,36.758835
50205012511,in,7,-1.397169,36.759525
50205012511,in,8,-1.396981,36.759983
50205012511,in,9,-1.395556,36.763069
50205012511,in,10,-1.395123,36.763767
50205012511,in,11,-1.391591,36.766029
50205012511,in,12,-1.389703,36.767567
50205012511,in,13,-1.389308,36.768032
50205012511,in,14,-1.388797,36.769119
50205012511,in,15,-1.388535,36.769459
50205012511,in,16,-1.387279,36.770679
50205012511,in,17,-1.386842,36.770992
50205012511,in,18,-1.386506,36.771114
50205012511,in,19,-1.385852,36.77113
50205012511,in,20,-1.374988,36.769608
50205012511,in,21,-1.374423,36.769497
50205012511,in,22,-1.37334,36.769157
50205012511,in,23,-1.369981,36.767555
50205012511,in,24,-1.369761,36.76749
50205012511,in,25,-1.369372,36.767452
50205012511,in,26,-1.368047,36.767673
50205012511,in,27,-1.367549,36.767651
50205012511,in,28,-1.367367,36.76759
50205012511,in,29,-1.364138,36.7658
50205012511,in,30,-1.361011,36.763016
50205012511,in,31,-1.360651,36.762817
50205012511,in,32,-1.360327,36.762726
50205012511,in,33,-1.35785,36.762535
50205012511,in,34,-1.355075,36.761883
50205012511,in,35,-1.354837,36.761875
50205012511,in,36,-1.354414,36.761986
50205012511,in,37,-1.352563,36.762802
50205012511,in,38,-1.351335,36.763081
50205012511,in,39,-1.350894,36.763306
50205012511,in,40,-1.349388,36.764366
50205012511,in,41,-1.348983,36.764599
50205012511,in,42,-1.34659,36.765404
50205012511,in,43,-1.342774,36.7668
50205012511,in,44,-1.342774,36.7668
50205012511,in,45,-1.342433,36.767838
50205012511,in,46,-1.3421,36.768501
50205012511,in,47,-1.341319,36.7696
50205012511,in,48,-1.338396,36.773113
50205012511,in,49,-1.336488,36.775517
50205012511,in,50,-1.33566,36.776791
50205012511,in,51,-1.333458,36.780712
50205012511,in,52,-1.333102,36.781197
50205012511,in,53,-1.331893,36.783207
50205012511,in,54,-1.32944,36.78751
50205012511,in,55,-1.328495,36.789017
50205012511,in,56,-1.327388,36.791267
50205012511,in,57,-1.326847,36.792152
50205012511,in,58,-1.324156,36.796955
50205012511,in,59,-1.32397,36.797478
50205012511,in,60,-1.322819,36.803223
50205012511,in,61,-1.322608,36.805187
50205012511,in,62,-1.322236,36.807018
50205012511,in,63,-1.322058,36.807575
50205012511,in,64,-1.321724,36.808147
50205012511,in,65,-1.319649,36.810253
50205012511,in,66,-1.316997,36.812836
50205012511,in,67,-1.315587,36.81432
50205012511,in,68,-1.314919,36.814751
50205012511,in,69,-1.313031,36.815651
50205012511,in,70,-1.312788,36.815693
50205012511,in,71,-1.312615,36.815628
50205012511,in,72,-1.312496,36.815674
50205012511,in,73,-1.312415,36.815884
50205012511,in,74,-1.312055,36.816307
50205012511,in,75,-1.309006,36.818691
50205012511,in,76,-1.308279,36.819061
50205012511,in,77,-1.307192,36.819508
50205012511,in,78,-1.307018,36.819439
50205012511,in,79,-1.30684,36.819504
50205012511,in,80,-1.306755,36.819637
50205012511,in,81,-1.306764,36.819805
50205012511,in,82,-1.306305,36.820419
50205012511,in,83,-1.306305,36.820419
50205012511,in,84,-1.305493,36.823498
50205012511,in,85,-1.305172,36.825775
50205012511,in,86,-1.304921,36.826218
50205012511,in,87,-1.304921,36.826218
50205012511,in,88,-1.30477,36.826267
50205012511,in,89,-1.302622,36.825325
50205012511,in,90,-1.300383,36.824245
50205012511,in,91,-1.300184,36.824131
50205012511,in,92,-1.300123,36.824001
50205012511,in,93,-1.300013,36.823921
50205012511,in,94,-1.299841,36.82391
50205012511,in,95,-1.299698,36.823997
50205012511,in,96,-1.299514,36.824013
50205012511,in,97,-1.299011,36.823898
50205012511,in,98,-1.298395,36.823658
50205012511,in,99,-1.292938,36.820431
50205012511,in,100,-1.292938,36.820431
50205012511,in,101,-1.292904,36.820305
50205012511,in,102,-1.292785,36.82021
50205012511,in,103,-1.292633,36.820217
50205012511,in,104,-1.292515,36.820328
50205012511,in,105,-1.2925,36.82048
50205012511,in,106,-1.29261,36.820618
50205012511,in,107,-1.292572,36.820938
50205012511,in,108,-1.290668,36.824635
50205012511,in,109,-1.289849,36.826336
50205012511,in,110,-1.289283,36.827343
50205012511,in,111,-1.289283,36.827343
50205012511,in,112,-1.289051,36.827377
50205012511,in,113,-1.288965,36.827488
50205012511,in,114,-1.288958,36.827602
50205012511,in,115,-1.289112,36.82777
50205012511,in,116,-1.289362,36.827744
50205012511,in,117,-1.289369,36.827758
50205012511,in,118,-1.28939,36.82779
50205012511,in,119,-1.289433,36.827801
50205012511,in,120,-1.289486,36.827812
50205012511,in,121,-1.289519,36.827844
50205012511,in,122,-1.289562,36.827887
50205012511,in,123,-1.289604,36.827908
50205012511,in,124,-1.289658,36.82794
50205012511,in,125,-1.28968,36.827951
50205012511,in,126,-1.289733,36.827973
50205012511,in,127,-1.289787,36.828005
50205012511,in,128,-1.289905,36.828069
50205012511,in,129,-1.28998,36.828091
50205012511,in,130,-1.290044,36.828123
50205012511,in,131,-1.290109,36.828144
50205012511,in,132,-1.290109,36.828144
50205012511,in,133,-1.290194,36.828209
50205012511,in,134,-1.290216,36.828176
50205012611,out,0,-1.290291,36.82823
50205012611,out,1,-1.290302,36.828176
50205012611,out,2,-1.290323,36.828123
50205012611,out,3,-1.290323,36.82808
50205012611,out,4,-1.290323,36.828026
50205012611,out,5,-1.290312,36.827994
50205012611,out,6,-1.29028,36.827919
50205012611,out,7,-1.290109,36.827844
50205012611,out,8,-1.289883,36.827694
50205012611,out,9,-1.28969,36.827629
50205012611,out,10,-1.28954,36.827543
50205012611,out,11,-1.289433,36.827468
50205012611,out,12,-1.289433,36.827404
50205012611,out,13,-1.289399,36.827389
50205012611,out,14,-1.292658,36.821053
50205012611,out,15,-1.292658,36.821053
50205012611,out,16,-1.2929,36.820774
50205012611,out,17,-1.293391,36.820885
50205012611,out,18,-1.298268,36.823799
50205012611,out,19,-1.298751,36.823997
50205012611,out,20,-1.299475,36.824184
50205012611,out,21,-1.299824,36.824444
50205012611,out,22,-1.300055,36.824409
50205012611,out,23,-1.300322,36.824448
50205012611,out,24,-1.30445,36.826389
50205012611,out,25,-1.304667,36.826561
50205012611,out,26,-1.304667,36.826561
50205012611,out,27,-1.304719,36.826706
50205012611,out,28,-1.304885,36.826782
50205012611,out,29,-1.305107,36.826725
50205012611,out,30,-1.305217,36.826557
50205012611,out,31,-1.305178,36.826389
50205012611,out,32,-1.305438,36.825676
50205012611,out,33,-1.305785,36.823059
50205012611,out,34,-1.306024,36.821957
50205012611,out,35,-1.306469,36.820469
50205012611,out,36,-1.306673,36.82016
50205012611,out,37,-1.306837,36.820004
50205012611,out,38,-1.307181,36.81992
50205012611,out,39,-1.307268,36.819798
50205012611,out,40,-1.307274,36.819641
50205012611,out,41,-1.308698,36.819004
50205012611,out,42,-1.30897,36.818836
50205012611,out,43,-1.312507,36.816032
50205012611,out,44,-1.312728,36.816048
50205012611,out,45,-1.312823,36.815956
50205012611,out,46,-1.314934,36.814911
50205012611,out,47,-1.315671,36.814442
50205012611,out,48,-1.318177,36.811832
50205012611,out,49,-1.321586,36.808517
50205012611,out,50,-1.32186,36.808186
50205012611,out,51,-1.322168,36.807625
50205012611,out,52,-1.322409,36.806751
50205012611,out,53,-1.322758,36.80489
50205012611,out,54,-1.323116,36.802582
50205012611,out,55,-1.324165,36.797428
50205012611,out,56,-1.324494,36.796581
50205012611,out,57,-1.328392,36.789825
50205012611,out,58,-1.33566,36.776791
50205012611,out,59,-1.336488,36.775517
50205012611,out,60,-1.338396,36.773113
50205012611,out,61,-1.341319,36.7696
50205012611,out,62,-1.3421,36.768501
50205012611,out,63,-1.342433,36.767838
50205012611,out,64,-1.342774,36.7668
50205012611,out,65,-1.342774,36.7668
50205012611,out,66,-1.34659,36.765404
50205012611,out,67,-1.348983,36.764599
50205012611,out,68,-1.349388,36.764366
50205012611,out,69,-1.350894,36.763306
50205012611,out,70,-1.351335,36.763081
50205012611,out,71,-1.352563,36.762802
50205012611,out,72,-1.354414,36.761986
50205012611,out,73,-1.354837,36.761875
50205012611,out,74,-1.355075,36.761883
50205012611,out,75,-1.35785,36.762535
50205012611,out,76,-1.360327,36.762726
50205012611,out,77,-1.360651,36.762817
50205012611,out,78,-1.361011,36.763016
50205012611,out,79,-1.364138,36.7658
50205012611,out,80,-1.367367,36.76759
50205012611,out,81,-1.367549,36.767651
50205012611,out,82,-1.368047,36.767673
50205012611,out,83,-1.369372,36.767452
50205012611,out,84,-1.369761,36.76749
50205012611,out,85,-1.369981,36.767555
50205012611,out,86,-1.372722,36.768894
50205012611,out,87,-1.37334,36.769157
50205012611,out,88,-1.374423,36.769497
50205012611,out,89,-1.384275,36.77092
50205012611,out,90,-1.385852,36.77113
50205012611,out,91,-1.386318,36.771149
50205012611,out,92,-1.386842,36.770992
50205012611,out,93,-1.387279,36.770679
50205012611,out,94,-1.388535,36.769459
50205012611,out,95,-1.388797,36.769119
50205012611,out,96,-1.389308,36.768032
50205012611,out,97,-1.389849,36.767441
50205012611,out,98,-1.391591,36.766029
50205012611,out,99,-1.395123,36.763767
50205012611,out,100,-1.395556,36.763069
50205012611,out,101,-1.396981,36.759983
50205012611,out,102,-1.397169,36.759525
50205012611,out,103,-1.397343,36.758835
50205012611,out,104,-1.39735,36.758026
50205012611,out,105,-1.395417,36.731808
50205012611,out,106,-1.395452,36.731312
50205012611,out,107,-1.395571,36.730679
50205012611,out,108,-1.395936,36.729027
50205012611,out,109,-1.396173,36.728374
50205012611,out,110,-1.396557,36.727669
50205012611,out,111,-1.396981,36.727154
50205012611,out,112,-1.40066,36.723377
50205012611,out,113,-1.401289,36.72224
50205012611,out,114,-1.402401,36.719963
50205012611,out,115,-1.402833,36.719318
50205012611,out,116,-1.406607,36.715294
50205012611,out,117,-1.408752,36.713196
50205012611,out,118,-1.409593,36.712547
50205012611,out,119,-1.40995,36.712372
50205012611,out,120,-1.411118,36.711964
50205012611,out,121,-1.414744,36.711151
50205012611,out,122,-1.415486,36.710957
50205012611,out,123,-1.415844,36.710808
50205012611,out,124,-1.416373,36.710365
50205012611,out,125,-1.418096,36.70853
50205012611,out,126,-1.418399,36.708157
50205012611,out,127,-1.418744,36.7076
50205012611,out,128,-1.419309,36.706219
50205012611,out,129,-1.420079,36.704563
50205012611,out,130,-1.422293,36.699123
50205012611,out,131,-1.422548,36.698292
50205012611,out,132,-1.422692,36.69714
50205012611,out,133,-1.422838,36.69659
50205012611,out,134,-1.423385,36.695812
50205012611,out,135,-1.428109,36.69014
50205012611,out,136,-1.429155,36.689236
50205012611,out,137,-1.429592,36.688755
50205012611,out,138,-1.429861,36.688396
50205012611,out,139,-1.430452,36.687408
50205012611,out,140,-1.430452,36.687408
50205012611,out,141,-1.429671,36.687119
50205012611,out,142,-1.429671,36.687119
50205012611,out,143,-1.430204,36.686035
50205012611,out,144,-1.430204,36.686035
50205012611,out,145,-1.42955,36.685763
50205012611,out,146,-1.428567,36.685407
50205012611,out,147,-1.428231,36.68664
50205012611,out,148,-1.429083,36.686887
50205012611,in,0,-1.429569,36.685795
50205012611,in,1,-1.430204,36.686035
50205012611,in,2,-1.430204,36.686035
50205012611,in,3,-1.429671,36.687119
50205012611,in,4,-1.429671,36.687119
50205012611,in,5,-1.430452,36.687408
50205012611,in,6,-1.430452,36.687408
50205012611,in,7,-1.429861,36.688396
50205012611,in,8,-1.429592,36.688755
50205012611,in,9,-1.429155,36.689236
50205012611,in,10,-1.428109,36.69014
50205012611,in,11,-1.423385,36.695812
50205012611,in,12,-1.422838,36.69659
50205012611,in,13,-1.422692,36.69714
50205012611,in,14,-1.422548,36.698292
50205012611,in,15,-1.422293,36.699123
50205012611,in,16,-1.420079,36.704563
50205012611,in,17,-1.419309,36.706219
50205012611,in,18,-1.418744,36.7076
50205012611,in,19,-1.418399,36.708157
50205012611,in,20,-1.418096,36.70853
50205012611,in,21,-1.416373,36.710365
50205012611,in,22,-1.415844,36.710808
50205012611,in,23,-1.415486,36.710957
50205012611,in,24,-1.414744,36.711151
50205012611,in,25,-1.411118,36.711964
50205012611,in,26,-1.40995,36.712372
50205012611,in,27,-1.409593,36.712547
50205012611,in,28,-1.408752,36.713196
50205012611,in,29,-1.406607,36.715294
50205012611,in,30,-1.402833,36.719318
50205012611,in,31,-1.402401,36.719963
50205012611,in,32,-1.401289,36.72224
50205012611,in,33,-1.40066,36.723377
50205012611,in,34,-1.396981,36.727154
50205012611,in,35,-1.396557,36.727669
50205012611,in,36,-1.396173,36.728374
50205012611,in,37,-1.395936,36.729027
50205012611,in,38,-1.395571,36.730679
50205012611,in,39,-1.395452,36.731312
50205012611,in,40,-1.395417,36.731808
50205012611,in,41,-1.39735,36.758026
50205012611,in,42,-1.397343,36.758835
50205012611,in,43,-1.397169,36.759525
50205012611,in,44,-1.396981,36.759983
50205012611,in,45,-1.395556,36.763069
50205012611,in,46,-1.395123,36.763767
50205012611,in,47,-1.391591,36.766029
50205012611,in,48,-1.389849,36.767441
50205012611,in,49,-1.389308,36.768032
50205012611,in,50,-1.388797,36.769119
50205012611,in,51,-1.388535,36.769459
50205012611,in,52,-1.387279,36.770679
50205012611,in,53,-1.386842,36.770992
50205012611,in,54,-1.386318,36.771149
50205012611,in,55,-1.385852,36.77113
50205012611,in,56,-1.384275,36.77092
50205012611,in,57,-1.374423,36.769497
50205012611,in,58,-1.37334,36.769157
50205012611,in,59,-1.372722,36.768894
50205012611,in,60,-1.369981,36.767555
50205012611,in,61,-1.369761,36.76749
50205012611,in,62,-1.369372,36.767452
50205012611,in,63,-1.368047,36.767673
50205012611,in,64,-1.367549,36.767651
50205012611,in,65,-1.367367,36.76759
50205012611,in,66,-1.364138,36.7658
50205012611,in,67,-1.361011,36.763016
50205012611,in,68,-1.360651,36.762817
50205012611,in,69,-1.360327,36.762726
50205012611,in,70,-1.35785,36.762535
50205012611,in,71,-1.355075,36.761883
50205012611,in,72,-1.354837,36.761875
50205012611,in,73,-1.354414,36.761986
50205012611,in,74,-1.352563,36.762802
50205012611,in,75,-1.351335,36.763081
50205012611,in,76,-1.350894,36.763306
50205012611,in,77,-1.349388,36.764366
50205012611,in,78,-1.348983,36.764599
50205012611,in,79,-1.34659,36.765404
50205012611,in,80,-1.342774,36.7668
50205012611,in,81,-1.342774,36.7668
50205012611,in,82,-1.342433,36.767838
50205012611,in,83,-1.3421,36.768501
50205012611,in,84,-1.341319,36.7696
50205012611,in,85,-1.338396,36.773113
50205012611,in,86,-1.336488,36.775517
50205012611,in,87,-1.33566,36.776791
50205012611,in,88,-1.333458,36.780712
50205012611,in,89,-1.333102,36.781197
50205012611,in,90,-1.331893,36.783207
50205012611,in,91,-1.32944,36.78751
50205012611,in,92,-1.328495,36.789017
50205012611,in,93,-1.327388,36.791267
50205012611,in,94,-1.326847,36.792152
50205012611,in,95,-1.324156,36.796955
50205012611,in,96,-1.32397,36.797478
50205012611,in,97,-1.322819,36.803223
50205012611,in,98,-1.322608,36.805187
50205012611,in,99,-1.322236,36.807018
50205012611,in,100,-1.322058,36.807575
50205012611,in,101,-1.321724,36.808147
50205012611,in,102,-1.319649,36.810253
50205012611,in,103,-1.316997,36.812836
50205012611,in,104,-1.315587,36.81432
50205012611,in,105,-1.314919,36.814751
50205012611,in,106,-1.313031,36.815651
50205012611,in,107,-1.312788,36.815693
50205012611,in,108,-1.312615,36.815628
50205012611,in,109,-1.312496,36.815674
50205012611,in,110,-1.312415,36.815884
50205012611,in,111,-1.312055,36.816307
50205012611,in,112,-1.309006,36.818691
50205012611,in,113,-1.308279,36.819061
50205012611,in,114,-1.307192,36.819508
50205012611,in,115,-1.307018,36.819439
50205012611,in,116,-1.30684,36.819504
50205012611,in,117,-1.306755,36.819637
50205012611,in,118,-1.306764,36.819805
50205012611,in,119,-1.306305,36.820419
50205012611,in,120,-1.306305,36.820419
50205012611,in,121,-1.305493,36.823498
50205012611,in,122,-1.305172,36.825775
50205012611,in,123,-1.304921,36.826218
50205012611,in,124,-1.304921,36.826218
50205012611,in,125,-1.30477,36.826267
50205012611,in,126,-1.302622,36.825325
50205012611,in,127,-1.300383,36.824245
50205012611,in,128,-1.300184,36.824131
50205012611,in,129,-1.300123,36.824001
50205012611,in,130,-1.300013,36.823921
50205012611,in,131,-1.299841,36.82391
50205012611,in,132,-1.299698,36.823997
50205012611,in,133,-1.299514,36.824013
50205012611,in,134,-1.299011,36.823898
50205012611,in,135,-1.298395,36.823658
50205012611,in,136,-1.292938,36.820431
50205012611,in,137,-1.292938,36.820431
50205012611,in,138,-1.292904,36.820305
50205012611,in,139,-1.292785,36.82021
50205012611,in,140,-1.292633,36.820217
50205012611,in,141,-1.292515,36.820328
50205012611,in,142,-1.2925,36.82048
50205012611,in,143,-1.29261,36.820618
50205012611,in,144,-1.292572,36.820938
50205012611,in,145,-1.290668,36.824635
50205012611,in,146,-1.289849,36.826336
50205012611,in,147,-1.289283,36.827343
50205012611,in,148,-1.289283,36.827343
50205012611,in,149,-1.289051,36.827377
50205012611,in,150,-1.288955,36.827583
50205012611,in,151,-1.289089,36.827763
50205012611,in,152,-1.28934,36.827759
50205012611,in,153,-1.289369,36.827812
50205012611,in,154,-1.289401,36.827833
50205012611,in,155,-1.289422,36.827855
50205012611,in,156,-1.289497,36.827822
50205012611,in,157,-1.289519,36.827865
50205012611,in,158,-1.289551,36.827887
50205012611,in,159,-1.289572,36.827908
50205012611,in,160,-1.289647,36.82794
50205012611,in,161,-1.289712,36.827983
50205012611,in,162,-1.289787,36.828015
50205012611,in,163,-1.28984,36.828037
50205012611,in,164,-1.289926,36.828037
50205012611,in,165,-1.289991,36.828101
50205012611,in,166,-1.290076,36.828133
50205012611,in,167,-1.290098,36.828166
50205012611,in,168,-1.290141,36.828198
50205012611,in,169,-1.290205,36.828241
50205012611,in,170,-1.29027,36.828241
70000012911,out,0,-1.24559,36.665142
70000012911,out,1,-1.240618,36.66571
70000012911,out,2,-1.239888,36.665825
70000012911,out,3,-1.239064,36.666035
70000012911,out,4,-1.238305,36.66629
70000012911,out,5,-1.237312,36.666752
70000012911,out,6,-1.234876,36.66835
70000012911,out,7,-1.234876,36.66835
70000012911,out,8,-1.233204,36.66943
70000012911,out,9,-1.232798,36.669815
70000012911,out,10,-1.232506,36.669949
70000012911,out,11,-1.231598,36.670952
70000012911,out,12,-1.231222,36.671673
70000012911,out,13,-1.231062,36.672218
70000012911,out,14,-1.230831,36.673367
70000012911,out,15,-1.230669,36.674644
70000012911,out,16,-1.229761,36.68779
70000012911,out,17,-1.229456,36.690437
70000012911,out,18,-1.228998,36.693302
70000012911,out,19,-1.228696,36.694725
70000012911,out,20,-1.227776,36.698204
70000012911,out,21,-1.227067,36.700455
70000012911,out,22,-1.22607,36.703125
70000012911,out,23,-1.225554,36.704353
70000012911,out,24,-1.224305,36.707005
70000012911,out,25,-1.222436,36.710499
70000012911,out,26,-1.222157,36.710918
70000012911,out,27,-1.221781,36.711327
70000012911,out,28,-1.221185,36.71183
70000012911,out,29,-1.220364,36.712276
70000012911,out,30,-1.21982,36.712486
70000012911,out,31,-1.219235,36.712605
70000012911,in,0,-1.219235,36.712605
70000012911,in,1,-1.21982,36.712486
70000012911,in,2,-1.220364,36.712276
70000012911,in,3,-1.221185,36.71183
70000012911,in,4,-1.221781,36.711327
70000012911,in,5,-1.222157,36.710918
70000012911,in,6,-1.222436,36.710499
70000012911,in,7,-1.224305,36.707005
70000012911,in,8,-1.225554,36.704353
70000012911,in,9,-1.22607,36.703125
70000012911,in,10,-1.227067,36.700455
70000012911,in,11,-1.227776,36.698204
70000012911,in,12,-1.228696,36.694725
70000012911,in,13,-1.228998,36.693302
70000012911,in,14,-1.229456,36.690437
70000012911,in,15,-1.229761,36.68779
70000012911,in,16,-1.230669,36.674644
70000012911,in,17,-1.230831,36.673367
70000012911,in,18,-1.231062,36.672218
70000012911,in,19,-1.231222,36.671673
70000012911,in,20,-1.231598,36.670952
70000012911,in,21,-1.232506,36.669949
70000012911,in,22,-1.232798,36.669815
70000012911,in,23,-1.233204,36.66943
70000012911,in,24,-1.234876,36.66835
70000012911,in,25,-1.234876,36.66835
70000012911,in,26,-1.237312,36.666752
70000012911,in,27,-1.238305,36.66629
70000012911,in,28,-1.239064,36.666035
70000012911,in,29,-1.239888,36.665825
70000012911,in,30,-1.240618,36.66571
70000012911,in,31,-1.24559,36.665142
20000145011,out,0,-1.285321,36.828636
20000145011,out,1,-1.285341,36.828648
20000145011,out,2,-1.285341,36.828648
20000145011,out,3,-1.284026,36.831249
20000145011,out,4,-1.284026,36.831249
20000145011,out,5,-1.281611,36.832012
20000145011,out,6,-1.281007,36.832161
20000145011,out,7,-1.281007,36.832161
20000145011,out,8,-1.280865,36.832043
20000145011,out,9,-1.280665,36.83197
20000145011,out,10,-1.280424,36.832008
20000145011,out,11,-1.280358,36.832253
20000145011,out,12,-1.280406,36.83242
20000145011,out,13,-1.279445,36.833302
20000145011,out,14,-1.279259,36.83358
20000145011,out,15,-1.278648,36.833824
20000145011,out,16,-1.277444,36.834007
20000145011,out,17,-1.27579,36.834785
20000145011,out,18,-1.273206,36.835724
20000145011,out,19,-1.27026,36.836895
20000145011,out,20,-1.270083,36.836895
20000145011,out,21,-1.268524,36.835728
20000145011,out,22,-1.268524,36.835728
20000145011,out,23,-1.268436,36.835533
20000145011,out,24,-1.268189,36.835327
20000145011,out,25,-1.267085,36.834526
20000145011,out,26,-1.266677,36.834515
20000145011,out,27,-1.265904,36.835087
20000145011,out,28,-1.265904,36.835087
20000145011,out,29,-1.264883,36.836166
20000145011,out,30,-1.264232,36.837017
20000145011,out,31,-1.26221,36.840233
20000145011,out,32,-1.260896,36.841896
20000145011,out,33,-1.260555,36.842415
20000145011,out,34,-1.258246,36.847012
20000145011,out,35,-1.258037,36.847664
20000145011,out,36,-1.257978,36.851944
20000145011,out,37,-1.257826,36.852829
20000145011,out,38,-1.257595,36.85339
20000145011,out,39,-1.257252,36.854
20000145011,out,40,-1.256621,36.854897
20000145011,out,41,-1.255309,36.856529
20000145011,out,42,-1.25431,36.857586
20000145011,out,43,-1.249121,36.862492
20000145011,out,44,-1.245289,36.866272
20000145011,out,45,-1.244356,36.867256
20000145011,out,46,-1.24345,36.868107
20000145011,out,47,-1.242972,36.868404
20000145011,out,48,-1.241701,36.869034
20000145011,out,49,-1.237148,36.871078
20000145011,out,50,-1.236086,36.871731
20000145011,out,51,-1.235432,36.872292
20000145011,out,52,-1.23485,36.872913
20000145011,out,53,-1.230245,36.878613
20000145011,out,54,-1.228419,36.88097
20000145011,out,55,-1.224287,36.886677
20000145011,out,56,-1.223064,36.88802
20000145011,out,57,-1.221587,36.889446
20000145011,out,58,-1.221587,36.889446
20000145011,out,59,-1.221214,36.889664
20000145011,out,60,-1.221214,36.889664
20000145011,out,61,-1.21964,36.891174
20000145011,out,62,-1.21964,36.891174
20000145011,out,63,-1.219486,36.89119
20000145011,out,64,-1.219359,36.891277
20000145011,out,65,-1.219292,36.891403
20000145011,out,66,-1.21929,36.891548
20000145011,out,67,-1.217802,36.893242
20000145011,out,68,-1.217802,36.893242
20000145011,out,69,-1.215891,36.895309
20000145011,out,70,-1.215056,36.89629
20000145011,out,71,-1.214528,36.897026
20000145011,out,72,-1.214037,36.897877
20000145011,out,73,-1.213496,36.899078
20000145011,out,74,-1.211156,36.906017
20000145011,out,75,-1.211156,36.906017
20000145011,out,76,-1.209688,36.910458
20000145011,out,77,-1.209184,36.911381
20000145011,out,78,-1.208487,36.912174
20000145011,out,79,-1.20477,36.915817
20000145011,out,80,-1.20418,36.916306
20000145011,out,81,-1.20418,36.916306
20000145011,out,82,-1.2038,36.916424
20000145011,out,83,-1.20356,36.91671
20000145011,out,84,-1.20356,36.91671
20000145011,out,85,-1.203226,36.917164
20000145011,out,86,-1.200303,36.919643
20000145011,out,87,-1.198951,36.920898
20000145011,out,88,-1.197499,36.922386
20000145011,out,89,-1.197499,36.922386
20000145011,out,90,-1.194172,36.925541
20000145011,out,91,-1.194172,36.925541
20000145011,out,92,-1.192392,36.92725
20000145011,out,93,-1.192392,36.92725
20000145011,out,94,-1.182834,36.936413
20000145011,out,95,-1.182207,36.936962
20000145011,out,96,-1.182207,36.936962
20000145011,out,97,-1.180416,36.938652
20000145011,out,98,-1.180416,36.938652
20000145011,out,99,-1.178721,36.940289
20000145011,out,100,-1.177455,36.940765
20000145011,out,101,-1.176136,36.94175
20000145011,out,102,-1.174302,36.943241
20000145011,out,103,-1.173712,36.943985
20000145011,out,104,-1.171716,36.947323
20000145011,out,105,-1.171716,36.947323
20000145011,out,106,-1.168568,36.952915
20000145011,out,107,-1.167764,36.954288
20000145011,out,108,-1.167378,36.954857
20000145011,out,109,-1.166822,36.955505
20000145011,out,110,-1.166251,36.956039
20000145011,out,111,-1.165511,36.956478
20000145011,out,112,-1.164953,36.956734
20000145011,out,113,-1.164953,36.956734
20000145011,out,114,-1.164653,36.956909
20000145011,out,115,-1.164653,36.956909
20000145011,out,116,-1.164471,36.957039
20000145011,out,117,-1.163763,36.957352
20000145011,out,118,-1.160212,36.95842
20000145011,out,119,-1.160212,36.95842
20000145011,out,120,-1.15627,36.959648
20000145011,out,121,-1.15494,36.960133
20000145011,out,122,-1.15494,36.960133
20000145011,out,123,-1.15417,36.960136
20000145011,out,124,-1.153238,36.959793
20000145011,out,125,-1.152837,36.959438
20000145011,out,126,-1.152359,36.958878
20000145011,out,127,-1.151912,36.958199
20000145011,out,128,-1.151477,36.957764
20000145011,out,129,-1.150962,36.957451
20000145011,out,130,-1.150484,36.957272
20000145011,out,131,-1.149214,36.95702
20000145011,out,132,-1.148837,36.956993
20000145011,out,133,-1.148837,36.956993
20000145011,out,134,-1.148386,36.959286
20000145011,out,135,-1.148386,36.959286
20000145011,out,136,-1.147503,36.959068
20000145011,in,0,-1.147103,36.959339
20000145011,in,1,-1.146962,36.959309
20000145011,in,2,-1.146962,36.959309
20000145011,in,3,-1.146938,36.959709
20000145011,in,4,-1.146841,36.960129
20000145011,in,5,-1.146841,36.960129
20000145011,in,6,-1.148103,36.960476
20000145011,in,7,-1.148103,36.960476
20000145011,in,8,-1.148021,36.96077
20000145011,in,9,-1.147701,36.96146
20000145011,in,10,-1.147481,36.961773
20000145011,in,11,-1.146329,36.964123
20000145011,in,12,-1.146329,36.964123
20000145011,in,13,-1.146597,36.964035
20000145011,in,14,-1.146954,36.963409
20000145011,in,15,-1.147105,36.963261
20000145011,in,16,-1.148985,36.962765
20000145011,in,17,-1.149081,36.962685
20000145011,in,18,-1.149126,36.962502
20000145011,in,19,-1.149126,36.962502
20000145011,in,20,-1.157579,36.959682
20000145011,in,21,-1.163856,36.957893
20000145011,in,22,-1.164562,36.957638
20000145011,in,23,-1.16528,36.957348
20000145011,in,24,-1.165629,36.957146
20000145011,in,25,-1.167024,36.955921
20000145011,in,26,-1.16763,36.955208
20000145011,in,27,-1.168193,36.954399
20000145011,in,28,-1.172206,36.947392
20000145011,in,29,-1.172598,36.946793
20000145011,in,30,-1.173084,36.946178
20000145011,in,31,-1.173781,36.945438
20000145011,in,32,-1.176168,36.943008
20000145011,in,33,-1.179584,36.940117
20000145011,in,34,-1.181522,36.938309
20000145011,in,35,-1.182851,36.93697
20000145011,in,36,-1.187592,36.932549
20000145011,in,37,-1.189249,36.930965
20000145011,in,38,-1.191595,36.928616
20000145011,in,39,-1.195775,36.924664
20000145011,in,40,-1.196225,36.92429
20000145011,in,41,-1.198278,36.922123
20000145011,in,42,-1.199956,36.920498
20000145011,in,43,-1.203716,36.91732
20000145011,in,44,-1.204217,36.917061
20000145011,in,45,-1.204321,36.916904
20000145011,in,46,-1.20433,36.916767
20000145011,in,47,-1.20536,36.915833
20000145011,in,48,-1.209227,36.912045
20000145011,in,49,-1.209807,36.911221
20000145011,in,50,-1.210097,36.910629
20000145011,in,51,-1.213662,36.899857
20000145011,in,52,-1.214086,36.898693
20000145011,in,53,-1.214612,36.897621
20000145011,in,54,-1.215003,36.897015
20000145011,in,55,-1.215985,36.895782
20000145011,in,56,-1.216675,36.895042
20000145011,in,57,-1.218788,36.89259
20000145011,in,58,-1.219526,36.891785
20000145011,in,59,-1.219688,36.891781
20000145011,in,60,-1.219831,36.891674
20000145011,in,61,-1.219893,36.89156
20000145011,in,62,-1.21989,36.891392
20000145011,in,63,-1.22011,36.891136
20000145011,in,64,-1.221497,36.889904
20000145011,in,65,-1.221497,36.889904
20000145011,in,66,-1.221691,36.889557
20000145011,in,67,-1.223461,36.887852
20000145011,in,68,-1.224695,36.886414
20000145011,in,69,-1.228945,36.880554
20000145011,in,70,-1.234804,36.873184
20000145011,in,71,-1.235367,36.872547
20000145011,in,72,-1.236354,36.871704
20000145011,in,73,-1.237325,36.871124
20000145011,in,74,-1.243069,36.868626
20000145011,in,75,-1.243535,36.868343
20000145011,in,76,-1.244627,36.867348
20000145011,in,77,-1.245971,36.865894
20000145011,in,78,-1.251944,36.860168
20000145011,in,79,-1.254573,36.857571
20000145011,in,80,-1.256576,36.855259
20000145011,in,81,-1.257378,36.854153
20000145011,in,82,-1.257764,36.853489
20000145011,in,83,-1.25801,36.852863
20000145011,in,84,-1.258102,36.852486
20000145011,in,85,-1.25819,36.851212
20000145011,in,86,-1.258204,36.848038
20000145011,in,87,-1.258228,36.847679
20000145011,in,88,-1.258397,36.847126
20000145011,in,89,-1.260719,36.842503
20000145011,in,90,-1.261277,36.841648
20000145011,in,91,-1.261979,36.840855
20000145011,in,92,-1.262735,36.839775
20000145011,in,93,-1.262735,36.839775
20000145011,in,94,-1.264336,36.837093
20000145011,in,95,-1.265012,36.836182
20000145011,in,96,-1.265509,36.835625
20000145011,in,97,-1.266265,36.834923
20000145011,in,98,-1.268238,36.833336
20000145011,in,99,-1.268925,36.832714
20000145011,in,100,-1.269157,36.832432
20000145011,in,101,-1.272107,36.827637
20000145011,in,102,-1.275028,36.823746
20000145011,in,103,-1.275469,36.823296
20000145011,in,104,-1.276156,36.82299
20000145011,in,105,-1.276744,36.822609
20000145011,in,106,-1.276744,36.822609
20000145011,in,107,-1.277303,36.821709
20000145011,in,108,-1.277641,36.821415
20000145011,in,109,-1.278007,36.821308
20000145011,in,110,-1.279198,36.821213
20000145011,in,111,-1.279756,36.821266
20000145011,in,112,-1.280126,36.821415
20000145011,in,113,-1.28039,36.821613
20000145011,in,114,-1.281019,36.82233
20000145011,in,115,-1.281019,36.82233
20000145011,in,116,-1.280993,36.82243
20000145011,in,117,-1.281099,36.822731
20000145011,in,118,-1.281361,36.822952
20000145011,in,119,-1.281403,36.823303
20000145011,in,120,-1.281323,36.823532
20000145011,in,121,-1.281313,36.823784
20000145011,in,122,-1.281365,36.825665
20000145011,in,123,-1.282503,36.827351
20000145011,in,124,-1.282503,36.827351
20000145011,in,125,-1.283048,36.827003
20000145011,in,126,-1.283048,36.827003
20000145011,in,127,-1.283251,36.827274
20000145011,in,128,-1.283533,36.827496
20000145011,in,129,-1.284449,36.827934
20000145011,in,130,-1.284928,36.828411
20000145011,in,131,-1.285341,36.828648
20000237011,out,0,-1.284149,36.827805
20000237011,out,1,-1.284184,36.827824
20000237011,out,2,-1.284184,36.827824
20000237011,out,3,-1.283579,36.828979
20000237011,out,4,-1.283579,36.828979
20000237011,out,5,-1.281409,36.825703
20000237011,out,6,-1.281351,36.823528
20000237011,out,7,-1.281403,36.823303
20000237011,out,8,-1.281378,36.822975
20000237011,out,9,-1.281378,36.822975
20000237011,out,10,-1.281539,36.822926
20000237011,out,11,-1.281658,36.822796
20000237011,out,12,-1.281648,36.822674
20000237011,out,13,-1.281553,36.822525
20000237011,out,14,-1.281392,36.822384
20000237011,out,15,-1.281093,36.822308
20000237011,out,16,-1.280954,36.822201
20000237011,out,17,-1.280192,36.821381
20000237011,out,18,-1.279736,36.82119
20000237011,out,19,-1.279077,36.821167
20000237011,out,20,-1.27801,36.821224
20000237011,out,21,-1.277516,36.821388
20000237011,out,22,-1.277327,36.821545
20000237011,out,23,-1.276722,36.822529
20000237011,out,24,-1.276513,36.822735
20000237011,out,25,-1.275368,36.823215
20000237011,out,26,-1.275368,36.823215
20000237011,out,27,-1.274631,36.824097
20000237011,out,28,-1.271894,36.827785
20000237011,out,29,-1.269016,36.832413
20000237011,out,30,-1.268624,36.832882
20000237011,out,31,-1.267015,36.834183
20000237011,out,32,-1.267015,36.834183
20000237011,out,33,-1.266184,36.834805
20000237011,out,34,-1.264883,36.836166
20000237011,out,35,-1.264232,36.837017
20000237011,out,36,-1.26221,36.840233
20000237011,out,37,-1.260896,36.841896
20000237011,out,38,-1.260459,36.842583
20000237011,out,39,-1.258493,36.846565
20000237011,out,40,-1.258225,36.847267
20000237011,out,41,-1.258072,36.848083
20000237011,out,42,-1.257968,36.851944
20000237011,out,43,-1.257815,36.852844
20000237011,out,44,-1.257595,36.85339
20000237011,out,45,-1.257252,36.854
20000237011,out,46,-1.256621,36.854897
20000237011,out,47,-1.255309,36.856529
20000237011,out,48,-1.25431,36.857586
20000237011,out,49,-1.249121,36.862492
20000237011,out,50,-1.245289,36.866272
20000237011,out,51,-1.244356,36.867256
20000237011,out,52,-1.24345,36.868107
20000237011,out,53,-1.242972,36.868404
20000237011,out,54,-1.241701,36.869034
20000237011,out,55,-1.237148,36.871078
20000237011,out,56,-1.236086,36.871731
20000237011,out,57,-1.235432,36.872292
20000237011,out,58,-1.23485,36.872913
20000237011,out,59,-1.230245,36.878613
20000237011,out,60,-1.228419,36.88097
20000237011,out,61,-1.225354,36.88525
20000237011,out,62,-1.224046,36.886971
20000237011,out,63,-1.222281,36.888794
20000237011,out,64,-1.219696,36.891209
20000237011,out,65,-1.216838,36.894451
20000237011,out,66,-1.215883,36.895466
20000237011,out,67,-1.215027,36.896519
20000237011,out,68,-1.214335,36.897552
20000237011,out,69,-1.213807,36.898613
20000237011,out,70,-1.212896,36.901176
20000237011,out,71,-1.20993,36.910164
20000237011,out,72,-1.209726,36.910686
20000237011,out,73,-1.209442,36.911224
20000237011,out,74,-1.208852,36.912003
20000237011,out,75,-1.204325,36.916401
20000237011,out,76,-1.202748,36.917786
20000237011,out,77,-1.200552,36.919601
20000237011,out,78,-1.19975,36.920345
20000237011,out,79,-1.195304,36.924679
20000237011,out,80,-1.179407,36.939838
20000237011,out,81,-1.175723,36.942955
20000237011,out,82,-1.174575,36.944111
20000237011,out,83,-1.173411,36.945332
20000237011,out,84,-1.172403,36.946507
20000237011,out,85,-1.171786,36.947502
20000237011,out,86,-1.168048,36.954082
20000237011,out,87,-1.167597,36.954769
20000237011,out,88,-1.167147,36.95533
20000237011,out,89,-1.166294,36.956196
20000237011,out,90,-1.16534,36.956833
20000237011,out,91,-1.163929,36.95747
20000237011,out,92,-1.155723,36.959976
20000237011,out,93,-1.147281,36.96283
20000237011,out,94,-1.145804,36.963425
20000237011,out,95,-1.145152,36.963821
20000237011,out,96,-1.144613,36.964317
20000237011,out,97,-1.142897,36.966484
20000237011,out,98,-1.142106,36.96722
20000237011,out,99,-1.140191,36.968513
20000237011,out,100,-1.135313,36.971642
20000237011,out,101,-1.134243,36.972523
20000237011,out,102,-1.133792,36.973011
20000237011,out,103,-1.133224,36.973766
20000237011,out,104,-1.132714,36.974621
20000237011,out,105,-1.132457,36.975201
20000237011,out,106,-1.131813,36.977314
20000237011,out,107,-1.130381,36.982555
20000237011,out,108,-1.129941,36.984737
20000237011,out,109,-1.129448,36.988575
20000237011,out,110,-1.129255,36.991482
20000237011,out,111,-1.129196,36.99593
20000237011,out,112,-1.129105,36.996799
20000237011,out,113,-1.128874,36.997715
20000237011,out,114,-1.128375,36.998787
20000237011,out,115,-1.127823,36.999699
20000237011,out,116,-1.127228,37.000465
20000237011,out,117,-1.119976,37.008663
20000237011,out,118,-1.119316,37.009296
20000237011,out,119,-1.11885,37.009651
20000237011,out,120,-1.118206,37.010075
20000237011,out,121,-1.11723,37.010567
20000237011,out,122,-1.111733,37.012295
20000237011,out,123,-1.110392,37.01276
20000237011,out,124,-1.109206,37.01342
20000237011,out,125,-1.108273,37.014091
20000237011,out,126,-1.107485,37.014851
20000237011,out,127,-1.098694,37.024311
20000237011,out,128,-1.095793,37.027901
20000237011,out,129,-1.092977,37.031536
20000237011,out,130,-1.091614,37.033184
20000237011,out,131,-1.083344,37.040668
20000237011,out,132,-1.079809,37.043507
20000237011,out,133,-1.079,37.044098
20000237011,out,134,-1.069026,37.050236
20000237011,out,135,-1.069026,37.050236
20000237011,out,136,-1.068577,37.050369
20000237011,out,137,-1.065173,37.052422
20000237011,out,138,-1.063258,37.05328
20000237011,out,139,-1.052981,37.056915
20000237011,out,140,-1.051217,37.057613
20000237011,out,141,-1.043515,37.06094
20000237011,out,142,-1.043515,37.06094
20000237011,out,143,-1.039642,37.062611
20000237011,out,144,-1.039642,37.062611
20000237011,out,145,-1.038911,37.06263
20000237011,out,146,-1.038587,37.062527
20000237011,out,147,-1.03818,37.062237
20000237011,out,148,-1.037926,37.061901
20000237011,out,149,-1.037865,37.061577
20000237011,out,150,-1.037884,37.061203
20000237011,out,151,-1.038061,37.060776
20000237011,out,152,-1.038061,37.060776
20000237011,out,153,-1.038252,37.060543
20000237011,out,154,-1.038589,37.060341
20000237011,out,155,-1.038894,37.060253
20000237011,out,156,-1.039198,37.060261
20000237011,out,157,-1.039471,37.06031
20000237011,out,158,-1.039821,37.060486
20000237011,out,159,-1.040111,37.060741
20000237011,out,160,-1.040375,37.061123
20000237011,out,161,-1.042287,37.065361
20000237011,out,162,-1.042599,37.066216
20000237011,out,163,-1.042897,37.06749
20000237011,out,164,-1.043477,37.070831
20000237011,out,165,-1.043477,37.070831
20000237011,out,166,-1.038944,37.072151
20000237011,out,167,-1.038052,37.072369
20000237011,out,168,-1.037536,37.072422
20000237011,out,169,-1.037536,37.072422
20000237011,out,170,-1.037454,37.072346
20000237011,out,171,-1.037356,37.072338
20000237011,out,172,-1.037262,37.072411
20000237011,out,173,-1.037246,37.072498
20000237011,out,174,-1.037279,37.072578
20000237011,out,175,-1.037379,37.072632
20000237011,out,176,-1.037527,37.07436
20000237011,out,177,-1.037827,37.07679
20000237011,out,178,-1.038098,37.078037
20000237011,out,179,-1.038098,37.078037
20000237011,out,180,-1.037986,37.078186
20000237011,out,181,-1.035692,37.07851
20000237011,out,182,-1.035692,37.07851
20000237011,out,183,-1.035462,37.076702
20000237011,in,0,-1.03491,37.07655
20000237011,in,1,-1.033901,37.076694
20000237011,in,2,-1.033901,37.076694
20000237011,in,3,-1.03382,37.075912
20000237011,in,4,-1.03382,37.075912
20000237011,in,5,-1.033942,37.075817
20000237011,in,6,-1.033942,37.075817
20000237011,in,7,-1.035191,37.075653
20000237011,in,8,-1.035191,37.075653
20000237011,in,9,-1.035338,37.075729
20000237011,in,10,-1.035338,37.075729
20000237011,in,11,-1.035456,37.07563
20000237011,in,12,-1.035456,37.07563
20000237011,in,13,-1.036676,37.075459
20000237011,in,14,-1.036676,37.075459
20000237011,in,15,-1.036819,37.075516
20000237011,in,16,-1.036819,37.075516
20000237011,in,17,-1.036912,37.075394
20000237011,in,18,-1.036912,37.075394
20000237011,in,19,-1.03764,37.075272
20000237011,in,20,-1.03764,37.075272
20000237011,in,21,-1.037379,37.072632
20000237011,in,22,-1.037379,37.072632
20000237011,in,23,-1.037517,37.072571
20000237011,in,24,-1.037536,37.072422
20000237011,in,25,-1.038052,37.072369
20000237011,in,26,-1.038944,37.072151
20000237011,in,27,-1.043477,37.070831
20000237011,in,28,-1.043477,37.070831
20000237011,in,29,-1.042897,37.06749
20000237011,in,30,-1.042599,37.066216
20000237011,in,31,-1.042599,37.066216
20000237011,in,32,-1.042596,37.066048
20000237011,in,33,-1.042596,37.066048
20000237011,in,34,-1.042147,37.064518
20000237011,in,35,-1.042089,37.064175
20000237011,in,36,-1.042167,37.063404
20000237011,in,37,-1.042331,37.063049
20000237011,in,38,-1.04263,37.062698
20000237011,in,39,-1.044368,37.061253
20000237011,in,40,-1.045269,37.060577
20000237011,in,41,-1.052035,37.057587
20000237011,in,42,-1.053242,37.05711
20000237011,in,43,-1.063628,37.053375
20000237011,in,44,-1.063628,37.053375
20000237011,in,45,-1.064081,37.053211
20000237011,in,46,-1.064081,37.053211
20000237011,in,47,-1.064446,37.053089
20000237011,in,48,-1.064446,37.053089
20000237011,in,49,-1.064843,37.052933
20000237011,in,50,-1.064843,37.052933
20000237011,in,51,-1.065237,37.05278
20000237011,in,52,-1.065237,37.05278
20000237011,in,53,-1.06561,37.052601
20000237011,in,54,-1.06561,37.052601
20000237011,in,55,-1.065982,37.052387
20000237011,in,56,-1.065982,37.052387
20000237011,in,57,-1.066285,37.052174
20000237011,in,58,-1.066285,37.052174
20000237011,in,59,-1.066641,37.051979
20000237011,in,60,-1.066641,37.051979
20000237011,in,61,-1.067018,37.051739
20000237011,in,62,-1.067018,37.051739
20000237011,in,63,-1.067408,37.051517
20000237011,in,64,-1.067408,37.051517
20000237011,in,65,-1.068366,37.050934
20000237011,in,66,-1.068366,37.050934
20000237011,in,67,-1.06877,37.050686
20000237011,in,68,-1.06877,37.050686
20000237011,in,69,-1.075972,37.046265
20000237011,in,70,-1.075972,37.046265
20000237011,in,71,-1.078185,37.044914
20000237011,in,72,-1.080092,37.043617
20000237011,in,73,-1.083129,37.041199
20000237011,in,74,-1.083129,37.041199
20000237011,in,75,-1.089161,37.035778
20000237011,in,76,-1.091956,37.033127
20000237011,in,77,-1.097763,37.02573
20000237011,in,78,-1.100233,37.02298
20000237011,in,79,-1.108466,37.01429
20000237011,in,80,-1.108992,37.013866
20000237011,in,81,-1.109652,37.013432
20000237011,in,82,-1.110767,37.01289
20000237011,in,83,-1.116883,37.010975
20000237011,in,84,-1.117904,37.010536
20000237011,in,85,-1.119193,37.009758
20000237011,in,86,-1.120204,37.008827
20000237011,in,87,-1.122787,37.005901
20000237011,in,88,-1.125104,37.003376
20000237011,in,89,-1.127431,37.000702
20000237011,in,90,-1.128177,36.99968
20000237011,in,91,-1.128692,36.998825
20000237011,in,92,-1.128997,36.998215
20000237011,in,93,-1.129228,36.997528
20000237011,in,94,-1.129426,36.996284
20000237011,in,95,-1.129453,36.994919
20000237011,in,96,-1.129453,36.994919
20000237011,in,97,-1.129486,36.99147
20000237011,in,98,-1.129587,36.989922
20000237011,in,99,-1.130145,36.985371
20000237011,in,100,-1.130456,36.98362
20000237011,in,101,-1.130805,36.982121
20000237011,in,102,-1.130805,36.982121
20000237011,in,103,-1.132274,36.976795
20000237011,in,104,-1.132714,36.975426
20000237011,in,105,-1.132843,36.975094
20000237011,in,106,-1.133342,36.974171
20000237011,in,107,-1.133964,36.973282
20000237011,in,108,-1.134388,36.972801
20000237011,in,109,-1.134876,36.972359
20000237011,in,110,-1.135712,36.971745
20000237011,in,111,-1.140657,36.968601
20000237011,in,112,-1.142411,36.967384
20000237011,in,113,-1.142872,36.966972
20000237011,in,114,-1.14343,36.966282
20000237011,in,115,-1.14343,36.966282
20000237011,in,116,-1.144294,36.965126
20000237011,in,117,-1.144878,36.964455
20000237011,in,118,-1.14549,36.963951
20000237011,in,119,-1.145828,36.963753
20000237011,in,120,-1.147222,36.963131
20000237011,in,121,-1.151164,36.961834
20000237011,in,122,-1.151164,36.961834
20000237011,in,123,-1.154659,36.960659
20000237011,in,124,-1.154659,36.960659
20000237011,in,125,-1.155862,36.960228
20000237011,in,126,-1.158855,36.959286
20000237011,in,127,-1.158855,36.959286
20000237011,in,128,-1.163856,36.957893
20000237011,in,129,-1.164932,36.957493
20000237011,in,130,-1.164932,36.957493
20000237011,in,131,-1.165219,36.957375
20000237011,in,132,-1.165219,36.957375
20000237011,in,133,-1.165876,36.956963
20000237011,in,134,-1.167024,36.955921
20000237011,in,135,-1.167908,36.954826
20000237011,in,136,-1.172206,36.947392
20000237011,in,137,-1.172598,36.946793
20000237011,in,138,-1.173084,36.946178
20000237011,in,139,-1.176168,36.943008
20000237011,in,140,-1.179584,36.940117
20000237011,in,141,-1.181522,36.938309
20000237011,in,142,-1.182851,36.93697
20000237011,in,143,-1.185184,36.934834
20000237011,in,144,-1.185184,36.934834
20000237011,in,145,-1.188723,36.931469
20000237011,in,146,-1.188723,36.931469
20000237011,in,147,-1.190214,36.929996
20000237011,in,148,-1.190214,36.929996
20000237011,in,149,-1.191595,36.928616
20000237011,in,150,-1.191595,36.928616
20000237011,in,151,-1.194568,36.925819
20000237011,in,152,-1.194568,36.925819
20000237011,in,153,-1.195718,36.924629
20000237011,in,154,-1.195718,36.924629
20000237011,in,155,-1.196113,36.924229
20000237011,in,156,-1.196113,36.924229
20000237011,in,157,-1.196382,36.923973
20000237011,in,158,-1.196382,36.923973
20000237011,in,159,-1.199798,36.920647
20000237011,in,160,-1.200469,36.920059
20000237011,in,161,-1.200469,36.920059
20000237011,in,162,-1.200742,36.919819
20000237011,in,163,-1.200742,36.919819
20000237011,in,164,-1.203716,36.91732
20000237011,in,165,-1.204118,36.917118
20000237011,in,166,-1.204118,36.917118
20000237011,in,167,-1.204289,36.916973
20000237011,in,168,-1.204331,36.916767
20000237011,in,169,-1.204331,36.916767
20000237011,in,170,-1.204542,36.916496
20000237011,in,171,-1.20536,36.915833
20000237011,in,172,-1.209223,36.912052
20000237011,in,173,-1.209802,36.911228
20000237011,in,174,-1.210216,36.910309
20000237011,in,175,-1.210216,36.910309
20000237011,in,176,-1.213662,36.899857
20000237011,in,177,-1.214086,36.898693
20000237011,in,178,-1.214403,36.898018
20000237011,in,179,-1.215003,36.897015
20000237011,in,180,-1.215985,36.895782
20000237011,in,181,-1.219526,36.891785
20000237011,in,182,-1.219526,36.891785
20000237011,in,183,-1.219688,36.891781
20000237011,in,184,-1.219799,36.891712
20000237011,in,185,-1.21989,36.891571
20000237011,in,186,-1.21989,36.891392
20000237011,in,187,-1.22005,36.891197
20000237011,in,188,-1.221497,36.889904
20000237011,in,189,-1.221691,36.889557
20000237011,in,190,-1.221691,36.889557
20000237011,in,191,-1.223461,36.887852
20000237011,in,192,-1.224695,36.886414
20000237011,in,193,-1.228945,36.880554
20000237011,in,194,-1.234804,36.873184
20000237011,in,195,-1.235367,36.872547
20000237011,in,196,-1.236354,36.871704
20000237011,in,197,-1.237325,36.871124
20000237011,in,198,-1.243069,36.868626
20000237011,in,199,-1.243535,36.868343
20000237011,in,200,-1.244627,36.867348
20000237011,in,201,-1.245971,36.865894
20000237011,in,202,-1.251944,36.860168
20000237011,in,203,-1.254573,36.857571
20000237011,in,204,-1.256152,36.855774
20000237011,in,205,-1.257378,36.854153
20000237011,in,206,-1.257764,36.853489
20000237011,in,207,-1.25801,36.852863
20000237011,in,208,-1.258158,36.852009
20000237011,in,209,-1.258228,36.847679
20000237011,in,210,-1.258397,36.847126
20000237011,in,211,-1.260719,36.842503
20000237011,in,212,-1.261277,36.841648
20000237011,in,213,-1.261979,36.840855
20000237011,in,214,-1.262735,36.839775
20000237011,in,215,-1.262735,36.839775
20000237011,in,216,-1.264366,36.83707
20000237011,in,217,-1.265031,36.83617
20000237011,in,218,-1.265514,36.835629
20000237011,in,219,-1.266254,36.834942
20000237011,in,220,-1.266994,36.834351
20000237011,in,221,-1.266994,36.834351
20000237011,in,222,-1.268686,36.832954
20000237011,in,223,-1.269171,36.832439
20000237011,in,224,-1.272132,36.827644
20000237011,in,225,-1.274102,36.824978
20000237011,in,226,-1.27457,36.824409
20000237011,in,227,-1.275466,36.82338
20000237011,in,228,-1.276723,36.822781
20000237011,in,229,-1.277186,36.822029
20000237011,in,230,-1.277186,36.822029
20000237011,in,231,-1.277304,36.821709
20000237011,in,232,-1.277492,36.82151
20000237011,in,233,-1.277822,36.821342
20000237011,in,234,-1.279468,36.821247
20000237011,in,235,-1.27993,36.821365
20000237011,in,236,-1.280391,36.82164
20000237011,in,237,-1.281037,36.822353
20000237011,in,238,-1.281037,36.822353
20000237011,in,239,-1.28101,36.822449
20000237011,in,240,-1.281065,36.82267
20000237011,in,241,-1.281378,36.822975
20000237011,in,242,-1.281403,36.823303
20000237011,in,243,-1.281351,36.823528
20000237011,in,244,-1.281409,36.825703
20000237011,in,245,-1.282518,36.827393
20000237011,in,246,-1.282518,36.827393
20000237011,in,247,-1.283037,36.82703
20000237011,in,248,-1.283037,36.82703
20000237011,in,249,-1.283526,36.827522
20000237011,in,250,-1.284149,36.827805
40101040501,out,0,-1.293448,36.840927
40101040501,out,1,-1.294381,36.84074
40101040501,out,2,-1.295238,36.840363
40101040501,out,3,-1.29562,36.840126
40101040501,out,4,-1.299304,36.837296
40101040501,out,5,-1.299821,36.837135
40101040501,out,6,-1.299942,36.837044
40101040501,out,7,-1.29998,36.836834
40101040501,out,8,-1.299914,36.836666
40101040501,out,9,-1.299791,36.836582
40101040501,out,10,-1.299825,36.83651
40101040501,out,11,-1.300319,36.835426
40101040501,out,12,-1.302341,36.831478
40101040501,out,13,-1.302459,36.831486
40101040501,out,14,-1.302542,36.831409
40101040501,out,15,-1.302547,36.83131
40101040501,out,16,-1.302472,36.831215
40101040501,out,17,-1.304174,36.827785
40101040501,in,0,-1.304176,36.827782
40101040501,in,1,-1.302472,36.831215
40101040501,in,2,-1.302343,36.831219
40101040501,in,3,-1.302282,36.831284
40101040501,in,4,-1.302272,36.831398
40101040501,in,5,-1.302341,36.831478
40101040501,in,6,-1.300319,36.835426
40101040501,in,7,-1.299791,36.836582
40101040501,in,8,-1.299671,36.836575
40101040501,in,9,-1.299525,36.836632
40101040501,in,10,-1.299427,36.836761
40101040501,in,11,-1.299399,36.836895
40101040501,in,12,-1.298356,36.837818
40101040501,in,13,-1.296984,36.838833
40101040501,in,14,-1.295635,36.839924
40101040501,in,15,-1.295092,36.840279
40101040501,in,16,-1.294683,36.840481
40101040501,in,17,-1.293365,36.840767
40703196011,out,0,-1.285307,36.83231
40703196011,out,1,-1.284358,36.832882
40703196011,out,2,-1.283692,36.833195
40703196011,out,3,-1.283246,36.833282
40703196011,out,4,-1.282618,36.833309
40703196011,out,5,-1.282282,36.833282
40703196011,out,6,-1.281796,36.833076
40703196011,out,7,-1.281435,36.832821
40703196011,out,8,-1.281011,36.832355
40703196011,out,9,-1.281011,36.832355
40703196011,out,10,-1.281007,36.832161
40703196011,out,11,-1.280776,36.832001
40703196011,out,12,-1.280466,36.831978
40703196011,out,13,-1.280376,36.8321
40703196011,out,14,-1.280358,36.832321
40703196011,out,15,-1.280406,36.83242
40703196011,out,16,-1.280958,36.832554
40703196011,out,17,-1.281514,36.833004
40703196011,out,18,-1.28196,36.833275
40703196011,out,19,-1.282614,36.833408
40703196011,out,20,-1.283056,36.833405
40703196011,out,21,-1.283731,36.83329
40703196011,out,22,-1.284486,36.832954
40703196011,out,23,-1.285439,36.832401
40703196011,out,24,-1.285439,36.832401
40703196011,out,25,-1.285494,36.832516
40703196011,out,26,-1.28541,36.833794
40703196011,out,27,-1.285532,36.833961
40703196011,out,28,-1.286025,36.834091
40703196011,out,29,-1.286163,36.83424
40703196011,out,30,-1.286944,36.836292
40703196011,out,31,-1.287382,36.837189
40703196011,out,32,-1.287733,36.838051
40703196011,out,33,-1.288545,36.839382
40703196011,out,34,-1.289026,36.840397
40703196011,out,35,-1.289411,36.841045
40703196011,out,36,-1.289705,36.841297
40703196011,out,37,-1.289966,36.8414
40703196011,out,38,-1.290339,36.841377
40703196011,out,39,-1.291266,36.841187
40703196011,out,40,-1.29162,36.841282
40703196011,out,41,-1.29162,36.841282
40703196011,out,42,-1.291892,36.841541
40703196011,out,43,-1.291999,36.841782
40703196011,out,44,-1.293454,36.848656
40703196011,out,45,-1.294088,36.851238
40703196011,out,46,-1.2941,36.852112
40703196011,out,47,-1.294497,36.852978
40703196011,out,48,-1.294927,36.854965
40703196011,out,49,-1.294982,36.855766
40703196011,out,50,-1.295235,36.856407
40703196011,out,51,-1.297852,36.869064
40703196011,out,52,-1.297882,36.869644
40703196011,out,53,-1.297166,36.874924
40703196011,out,54,-1.296243,36.880966
40703196011,out,55,-1.296043,36.882679
40703196011,out,56,-1.296101,36.883011
40703196011,out,57,-1.296581,36.884201
40703196011,out,58,-1.297557,36.886238
40703196011,out,59,-1.297556,36.88649
40703196011,out,60,-1.297556,36.88649
40703196011,out,61,-1.297509,36.886589
40703196011,out,62,-1.296936,36.886768
40703196011,out,63,-1.295068,36.886456
40703196011,out,64,-1.295068,36.886456
40703196011,out,65,-1.294846,36.887489
40703196011,out,66,-1.286809,36.897846
40703196011,out,67,-1.286809,36.897846
40703196011,out,68,-1.286387,36.897724
40703196011,out,69,-1.286387,36.897724
40703196011,out,70,-1.284374,36.900482
40703196011,out,71,-1.28301,36.902489
40703196011,out,72,-1.28301,36.902489
40703196011,out,73,-1.28288,36.90247
40703196011,out,74,-1.282787,36.902534
40703196011,out,75,-1.28278,36.902683
40703196011,out,76,-1.28285,36.902756
40703196011,out,77,-1.282013,36.904354
40703196011,out,78,-1.281497,36.905231
40703196011,out,79,-1.281063,36.905548
40703196011,out,80,-1.279831,36.906162
40703196011,out,81,-1.278454,36.907711
40703196011,out,82,-1.278123,36.908009
40703196011,out,83,-1.278123,36.908009
40703196011,out,84,-1.278505,36.90889
40703196011,out,85,-1.278861,36.909561
40703196011,out,86,-1.279904,36.910835
40703196011,out,87,-1.280273,36.911476
40703196011,out,88,-1.280704,36.912872
40703196011,out,89,-1.281332,36.914406
40703196011,out,90,-1.2814,36.914715
40703196011,out,91,-1.2814,36.914715
40703196011,out,92,-1.280987,36.914944
40703196011,out,93,-1.279931,36.915283
40703196011,out,94,-1.279224,36.915413
40703196011,out,95,-1.278181,36.915527
40703196011,out,96,-1.277716,36.915657
40703196011,out,97,-1.277387,36.915821
40703196011,out,98,-1.275689,36.917259
40703196011,out,99,-1.27507,36.917587
40703196011,out,100,-1.272433,36.918404
40703196011,out,101,-1.271379,36.919052
40703196011,out,102,-1.27065,36.919632
40703196011,out,103,-1.270324,36.919819
40703196011,out,104,-1.268582,36.920532
40703196011,out,105,-1.268582,36.920532
40703196011,out,106,-1.269063,36.921612
40703196011,out,107,-1.269063,36.921612
40703196011,out,108,-1.26861,36.921913
40703196011,out,109,-1.26607,36.922749
40703196011,out,110,-1.26489,36.923435
40703196011,out,111,-1.264595,36.923477
40703196011,out,112,-1.264331,36.923435
40703196011,out,113,-1.263964,36.923199
40703196011,out,114,-1.2638,36.922935
40703196011,out,115,-1.263066,36.921124
40703196011,out,116,-1.262046,36.919628
40703196011,in,0,-1.262046,36.919628
40703196011,in,1,-1.261993,36.919579
40703196011,in,2,-1.261993,36.919579
40703196011,in,3,-1.262169,36.919392
40703196011,in,4,-1.263053,36.918755
40703196011,in,5,-1.263544,36.91827
40703196011,in,6,-1.264568,36.916927
40703196011,in,7,-1.264913,36.91663
40703196011,in,8,-1.266425,36.91608
40703196011,in,9,-1.266836,36.915752
40703196011,in,10,-1.268855,36.913723
40703196011,in,11,-1.269082,36.913597
40703196011,in,12,-1.270626,36.91309
40703196011,in,13,-1.272733,36.911236
40703196011,in,14,-1.273031,36.911045
40703196011,in,15,-1.274544,36.910591
40703196011,in,16,-1.274933,36.910244
40703196011,in,17,-1.276367,36.908707
40703196011,in,18,-1.278008,36.908081
40703196011,in,19,-1.278454,36.907711
40703196011,in,20,-1.279009,36.907078
40703196011,in,21,-1.279009,36.907078
40703196011,in,22,-1.279831,36.906162
40703196011,in,23,-1.281063,36.905548
40703196011,in,24,-1.281497,36.905231
40703196011,in,25,-1.282013,36.904354
40703196011,in,26,-1.28285,36.902756
40703196011,in,27,-1.28285,36.902756
40703196011,in,28,-1.282968,36.902771
40703196011,in,29,-1.28305,36.902714
40703196011,in,30,-1.283076,36.902569
40703196011,in,31,-1.28301,36.902489
40703196011,in,32,-1.284374,36.900482
40703196011,in,33,-1.286147,36.898083
40703196011,in,34,-1.286147,36.898083
40703196011,in,35,-1.286361,36.897961
40703196011,in,36,-1.286627,36.897945
40703196011,in,37,-1.286809,36.897846
40703196011,in,38,-1.286809,36.897846
40703196011,in,39,-1.294846,36.887489
40703196011,in,40,-1.295068,36.886456
40703196011,in,41,-1.295068,36.886456
40703196011,in,42,-1.29706,36.886799
40703196011,in,43,-1.297379,36.88678
40703196011,in,44,-1.297557,36.886868
40703196011,in,45,-1.297557,36.886868
40703196011,in,46,-1.297765,36.886986
40703196011,in,47,-1.297966,36.886944
40703196011,in,48,-1.298123,36.886757
40703196011,in,49,-1.298114,36.886608
40703196011,in,50,-1.298045,36.886482
40703196011,in,51,-1.297634,36.886093
40703196011,in,52,-1.296681,36.884178
40703196011,in,53,-1.296203,36.88303
40703196011,in,54,-1.296146,36.882664
40703196011,in,55,-1.296357,36.880936
40703196011,in,56,-1.297298,36.87492
40703196011,in,57,-1.297999,36.869648
40703196011,in,58,-1.297972,36.869041
40703196011,in,59,-1.295384,36.856445
40703196011,in,60,-1.295314,36.855961
40703196011,in,61,-1.295328,36.855576
40703196011,in,62,-1.295162,36.855198
40703196011,in,63,-1.294322,36.851715
40703196011,in,64,-1.294295,36.851349
40703196011,in,65,-1.292142,36.841774
40703196011,in,66,-1.292119,36.841454
40703196011,in,67,-1.292194,36.841251
40703196011,in,68,-1.292194,36.841251
40703196011,in,69,-1.2923,36.84108
40703196011,in,70,-1.292276,36.840923
40703196011,in,71,-1.292152,36.84079
40703196011,in,72,-1.29198,36.840725
40703196011,in,73,-1.291736,36.840755
40703196011,in,74,-1.291221,36.841057
40703196011,in,75,-1.290124,36.841301
40703196011,in,76,-1.289766,36.841198
40703196011,in,77,-1.289492,36.84095
40703196011,in,78,-1.289128,36.840324
40703196011,in,79,-1.288671,36.839321
40703196011,in,80,-1.287457,36.837158
40703196011,in,81,-1.287045,36.836285
40703196011,in,82,-1.286021,36.833656
40703196011,in,83,-1.28591,36.833187
40703196011,in,84,-1.285855,36.832546
40703196011,in,85,-1.285855,36.832546
40703196011,in,86,-1.28594,36.832329
40703196011,in,87,-1.285894,36.832207
40703196011,in,88,-1.285794,36.832123
40703196011,in,89,-1.285606,36.832111
20800203001,out,0,-1.245598,36.867943
20800203001,out,1,-1.245935,36.868286
20800203001,out,2,-1.246526,36.869045
20800203001,out,3,-1.246884,36.869743
20800203001,out,4,-1.247034,36.870159
20800203001,out,5,-1.247184,36.871143
20800203001,out,6,-1.247139,36.874859
20800203001,out,7,-1.247268,36.875595
20800203001,out,8,-1.247381,36.875954
20800203001,out,9,-1.247877,36.876896
20800203001,out,10,-1.248328,36.877438
20800203001,out,11,-1.24872,36.877789
20800203001,out,12,-1.249553,36.878277
20800203001,out,13,-1.250332,36.878529
20800203001,out,14,-1.250735,36.878597
20800203001,out,15,-1.262229,36.879036
20800203001,in,0,-1.262414,36.87896
20800203001,in,1,-1.262401,36.879044
20800203001,in,2,-1.262401,36.879044
20800203001,in,3,-1.250735,36.878597
20800203001,in,4,-1.250332,36.878529
20800203001,in,5,-1.249553,36.878277
20800203001,in,6,-1.24872,36.877789
20800203001,in,7,-1.248328,36.877438
20800203001,in,8,-1.247877,36.876896
20800203001,in,9,-1.247504,36.876247
20800203001,in,10,-1.247268,36.875595
20800203001,in,11,-1.247139,36.874859
20800203001,in,12,-1.247184,36.871143
20800203001,in,13,-1.247034,36.870159
20800203001,in,14,-1.246884,36.869743
20800203001,in,15,-1.246526,36.869045
20800203001,in,16,-1.245343,36.867619
30603373812,out,0,-1.262134,36.881744
30603373812,out,1,-1.261816,36.884445
30603373812,out,2,-1.261653,36.885345
30603373812,out,3,-1.260949,36.888386
30603373812,out,4,-1.260671,36.889301
30603373812,out,5,-1.260345,36.890232
30603373812,out,6,-1.260064,36.890785
30603373812,out,7,-1.258193,36.893421
30603373812,out,8,-1.25694,36.897091
30603373812,out,9,-1.256514,36.898506
30603373812,out,10,-1.2564,36.899281
30603373812,out,11,-1.25642,36.899574
30603373812,out,12,-1.256674,36.900528
30603373812,out,13,-1.25707,36.901619
30603373812,out,14,-1.257587,36.902515
30603373812,out,15,-1.257666,36.90276
30603373812,out,16,-1.25764,36.902996
30603373812,out,17,-1.256659,36.905628
30603373812,out,18,-1.256636,36.905972
30603373812,out,19,-1.256793,36.907791
30603373812,out,20,-1.256249,36.908691
30603373812,out,21,-1.254901,36.909946
30603373812,out,22,-1.254594,36.910339
30603373812,out,23,-1.254501,36.910576
30603373812,out,24,-1.254443,36.911224
30603373812,out,25,-1.254447,36.91143
30603373812,out,26,-1.254683,36.911533
30603373812,out,27,-1.257762,36.911976
30603373812,out,28,-1.259573,36.91238
30603373812,out,29,-1.259573,36.91238
30603373812,out,30,-1.259279,36.913322
30603373812,out,31,-1.2589,36.914848
30603373812,out,32,-1.25805,36.919613
30603373812,out,33,-1.257357,36.922832
30603373812,out,34,-1.256397,36.926311
30603373812,out,35,-1.255809,36.928066
30603373812,out,36,-1.25471,36.930969
30603373812,out,37,-1.253978,36.932594
30603373812,out,38,-1.24982,36.941341
30603373812,out,39,-1.249243,36.942829
30603373812,out,40,-1.24893,36.944016
30603373812,out,41,-1.248818,36.944672
30603373812,out,42,-1.248715,36.945904
30603373812,out,43,-1.248725,36.946877
30603373812,out,44,-1.248832,36.947845
30603373812,out,45,-1.249045,36.948914
30603373812,out,46,-1.249355,36.949982
30603373812,out,47,-1.249711,36.950829
30603373812,out,48,-1.250825,36.952923
30603373812,out,49,-1.25142,36.954216
30603373812,out,50,-1.251441,36.954482
30603373812,out,51,-1.251741,36.955168
30603373812,out,52,-1.251784,36.955597
30603373812,out,53,-1.251956,36.956155
30603373812,out,54,-1.252127,36.956627
30603373812,out,55,-1.252256,36.957099
30603373812,out,56,-1.252427,36.957829
30603373812,out,57,-1.252599,36.958344
30603373812,out,58,-1.254418,36.965382
30603373812,out,59,-1.254826,36.966583
30603373812,out,60,-1.255145,36.967293
30603373812,out,61,-1.255377,36.96777
30603373812,out,62,-1.256081,36.968861
30603373812,out,63,-1.257068,36.970051
30603373812,out,64,-1.258041,36.970978
30603373812,out,65,-1.259818,36.972321
30603373812,out,66,-1.260423,36.972954
30603373812,out,67,-1.261292,36.974121
30603373812,out,68,-1.261937,36.975433
30603373812,out,69,-1.264876,36.985443
30603373812,out,70,-1.265648,36.987503
30603373812,out,71,-1.266512,36.989166
30603373812,out,72,-1.271198,36.996803
30603373812,in,0,-1.27112,36.996674
30603373812,in,1,-1.266512,36.989166
30603373812,in,2,-1.265648,36.987503
30603373812,in,3,-1.264876,36.985443
30603373812,in,4,-1.261937,36.975433
30603373812,in,5,-1.261292,36.974121
30603373812,in,6,-1.260423,36.972954
30603373812,in,7,-1.259818,36.972321
30603373812,in,8,-1.258041,36.970978
30603373812,in,9,-1.257068,36.970051
30603373812,in,10,-1.256081,36.968861
30603373812,in,11,-1.255377,36.96777
30603373812,in,12,-1.255145,36.967293
30603373812,in,13,-1.254826,36.966583
30603373812,in,14,-1.254418,36.965382
30603373812,in,15,-1.252598,36.958344
30603373812,in,16,-1.252599,36.958344
30603373812,in,17,-1.252427,36.957829
30603373812,in,18,-1.252256,36.957099
30603373812,in,19,-1.252127,36.956627
30603373812,in,20,-1.251956,36.956155
30603373812,in,21,-1.251784,36.955597
30603373812,in,22,-1.251741,36.955168
30603373812,in,23,-1.251441,36.954482
30603373812,in,24,-1.25151,36.954456
30603373812,in,25,-1.250825,36.952923
30603373812,in,26,-1.249711,36.950829
30603373812,in,27,-1.249355,36.949982
30603373812,in,28,-1.249045,36.948914
30603373812,in,29,-1.248832,36.947845
30603373812,in,30,-1.248725,36.946877
30603373812,in,31,-1.248715,36.945904
30603373812,in,32,-1.248818,36.944672
30603373812,in,33,-1.24893,36.944016
30603373812,in,34,-1.249243,36.942829
30603373812,in,35,-1.24982,36.941341
30603373812,in,36,-1.253978,36.932594
30603373812,in,37,-1.25471,36.930969
30603373812,in,38,-1.255809,36.928066
30603373812,in,39,-1.256397,36.926311
30603373812,in,40,-1.257357,36.922832
30603373812,in,41,-1.25805,36.919613
30603373812,in,42,-1.2589,36.914848
30603373812,in,43,-1.259279,36.913322
30603373812,in,44,-1.259573,36.91238
30603373812,in,45,-1.259573,36.91238
30603373812,in,46,-1.257762,36.911976
30603373812,in,47,-1.254683,36.911533
30603373812,in,48,-1.254447,36.91143
30603373812,in,49,-1.254443,36.911224
30603373812,in,50,-1.254501,36.910576
30603373812,in,51,-1.254594,36.910339
30603373812,in,52,-1.254901,36.909946
30603373812,in,53,-1.256249,36.908691
30603373812,in,54,-1.256793,36.907791
30603373812,in,55,-1.256636,36.905972
30603373812,in,56,-1.256659,36.905628
30603373812,in,57,-1.25764,36.902996
30603373812,in,58,-1.257666,36.90276
30603373812,in,59,-1.257587,36.902515
30603373812,in,60,-1.25707,36.901619
30603373812,in,61,-1.256674,36.900528
30603373812,in,62,-1.25642,36.899574
30603373812,in,63,-1.2564,36.899281
30603373812,in,64,-1.256514,36.898506
30603373812,in,65,-1.25694,36.897091
30603373812,in,66,-1.258193,36.893421
30603373812,in,67,-1.260064,36.890785
30603373812,in,68,-1.260345,36.890232
30603373812,in,69,-1.26086,36.888687
30603373812,in,70,-1.261416,36.886402
30603373812,in,71,-1.261816,36.884445
30603373812,in,72,-1.262185,36.881405
30603373812,in,73,-1.26239,36.879154
4070500SK11,out,0,-1.285526,36.828274
4070500SK11,out,1,-1.286187,36.826923
4070500SK11,out,2,-1.286187,36.826923
4070500SK11,out,3,-1.287716,36.82769
4070500SK11,out,4,-1.28777,36.827763
4070500SK11,out,5,-1.28786,36.827766
4070500SK11,out,6,-1.288712,36.828175
4070500SK11,out,7,-1.288712,36.828175
4070500SK11,out,8,-1.288673,36.828384
4070500SK11,out,9,-1.287919,36.829922
4070500SK11,out,10,-1.287799,36.830124
4070500SK11,out,11,-1.28763,36.830193
4070500SK11,out,12,-1.28767,36.830349
4070500SK11,out,13,-1.287628,36.830513
4070500SK11,out,14,-1.287284,36.831181
4070500SK11,out,15,-1.286949,36.831459
4070500SK11,out,16,-1.28577,36.832111
4070500SK11,out,17,-1.28577,36.832111
4070500SK11,out,18,-1.285566,36.83213
4070500SK11,out,19,-1.28544,36.832298
4070500SK11,out,20,-1.285494,36.832516
4070500SK11,out,21,-1.28541,36.833794
4070500SK11,out,22,-1.285532,36.833961
4070500SK11,out,23,-1.286025,36.834091
4070500SK11,out,24,-1.286163,36.83424
4070500SK11,out,25,-1.286944,36.836292
4070500SK11,out,26,-1.287382,36.837189
4070500SK11,out,27,-1.287733,36.838051
4070500SK11,out,28,-1.288545,36.839382
4070500SK11,out,29,-1.289299,36.840874
4070500SK11,out,30,-1.289551,36.841198
4070500SK11,out,31,-1.289966,36.8414
4070500SK11,out,32,-1.290339,36.841377
4070500SK11,out,33,-1.291266,36.841187
4070500SK11,out,34,-1.29162,36.841282
4070500SK11,out,35,-1.29162,36.841282
4070500SK11,out,36,-1.291892,36.841541
4070500SK11,out,37,-1.291999,36.841782
4070500SK11,out,38,-1.293454,36.848656
4070500SK11,out,39,-1.294088,36.851238
4070500SK11,out,40,-1.2941,36.852112
4070500SK11,out,41,-1.294497,36.852978
4070500SK11,out,42,-1.294927,36.854965
4070500SK11,out,43,-1.294982,36.855766
4070500SK11,out,44,-1.295235,36.856407
4070500SK11,out,45,-1.297852,36.869064
4070500SK11,out,46,-1.297882,36.869644
4070500SK11,out,47,-1.297166,36.874924
4070500SK11,out,48,-1.296243,36.880966
4070500SK11,out,49,-1.296043,36.882679
4070500SK11,out,50,-1.296101,36.883011
4070500SK11,out,51,-1.296581,36.884201
4070500SK11,out,52,-1.297557,36.886238
4070500SK11,out,53,-1.297556,36.88649
4070500SK11,out,54,-1.297556,36.88649
4070500SK11,out,55,-1.297509,36.886589
4070500SK11,out,56,-1.296936,36.886768
4070500SK11,out,57,-1.295041,36.886452
4070500SK11,out,58,-1.281918,36.883251
4070500SK11,out,59,-1.279878,36.882896
4070500SK11,out,60,-1.278575,36.882751
4070500SK11,out,61,-1.278575,36.882751
4070500SK11,out,62,-1.278385,36.883766
4070500SK11,out,63,-1.278148,36.884296
4070500SK11,out,64,-1.277798,36.884689
4070500SK11,out,65,-1.276702,36.885708
4070500SK11,out,66,-1.276401,36.886101
4070500SK11,out,67,-1.276038,36.886772
4070500SK11,out,68,-1.275822,36.887554
4070500SK11,out,69,-1.275567,36.889675
4070500SK11,out,70,-1.275297,36.891243
4070500SK11,out,71,-1.27483,36.892994
4070500SK11,out,72,-1.274231,36.894634
4070500SK11,out,73,-1.273881,36.895405
4070500SK11,out,74,-1.273448,36.896297
4070500SK11,out,75,-1.272774,36.897457
4070500SK11,out,76,-1.271298,36.899487
4070500SK11,out,77,-1.270477,36.900471
4070500SK11,out,78,-1.269957,36.900997
4070500SK11,out,79,-1.268961,36.901936
4070500SK11,out,80,-1.268275,36.902493
4070500SK11,out,81,-1.265045,36.904835
4070500SK11,out,82,-1.26393,36.905773
4070500SK11,out,83,-1.262985,36.906731
4070500SK11,out,84,-1.261454,36.908657
4070500SK11,out,85,-1.260892,36.909515
4070500SK11,out,86,-1.260263,36.910652
4070500SK11,out,87,-1.259775,36.911785
4070500SK11,out,88,-1.259279,36.913322
4070500SK11,out,89,-1.259026,36.914307
4070500SK11,out,90,-1.25805,36.919613
4070500SK11,out,91,-1.257357,36.922832
4070500SK11,in,0,-1.257385,36.922714
4070500SK11,in,1,-1.25805,36.919613
4070500SK11,in,2,-1.259026,36.914307
4070500SK11,in,3,-1.259279,36.913322
4070500SK11,in,4,-1.259775,36.911785
4070500SK11,in,5,-1.260263,36.910652
4070500SK11,in,6,-1.260892,36.909515
4070500SK11,in,7,-1.261454,36.908657
4070500SK11,in,8,-1.262985,36.906731
4070500SK11,in,9,-1.26393,36.905773
4070500SK11,in,10,-1.265045,36.904835
4070500SK11,in,11,-1.268275,36.902493
4070500SK11,in,12,-1.268961,36.901936
4070500SK11,in,13,-1.269957,36.900997
4070500SK11,in,14,-1.270477,36.900471
4070500SK11,in,15,-1.271298,36.899487
4070500SK11,in,16,-1.272774,36.897457
4070500SK11,in,17,-1.273448,36.896297
4070500SK11,in,18,-1.273881,36.895405
4070500SK11,in,19,-1.274231,36.894634
4070500SK11,in,20,-1.27483,36.892994
4070500SK11,in,21,-1.275297,36.891243
4070500SK11,in,22,-1.275567,36.889675
4070500SK11,in,23,-1.275822,36.887554
4070500SK11,in,24,-1.276038,36.886772
4070500SK11,in,25,-1.276401,36.886101
4070500SK11,in,26,-1.276702,36.885708
4070500SK11,in,27,-1.277798,36.884689
4070500SK11,in,28,-1.278148,36.884296
4070500SK11,in,29,-1.278385,36.883766
4070500SK11,in,30,-1.278575,36.882751
4070500SK11,in,31,-1.278575,36.882751
4070500SK11,in,32,-1.279878,36.882896
4070500SK11,in,33,-1.281918,36.883251
4070500SK11,in,34,-1.295041,36.886452
4070500SK11,in,35,-1.29706,36.886799
4070500SK11,in,36,-1.297379,36.88678
4070500SK11,in,37,-1.297557,36.886868
4070500SK11,in,38,-1.297557,36.886868
4070500SK11,in,39,-1.297765,36.886986
4070500SK11,in,40,-1.297966,36.886944
4070500SK11,in,41,-1.298123,36.886757
4070500SK11,in,42,-1.298114,36.886608
4070500SK11,in,43,-1.298045,36.886482
4070500SK11,in,44,-1.297634,36.886093
4070500SK11,in,45,-1.296681,36.884178
4070500SK11,in,46,-1.296203,36.88303
4070500SK11,in,47,-1.296146,36.882664
4070500SK11,in,48,-1.296357,36.880936
4070500SK11,in,49,-1.297298,36.87492
4070500SK11,in,50,-1.297999,36.869648
4070500SK11,in,51,-1.297972,36.869041
4070500SK11,in,52,-1.295384,36.856445
4070500SK11,in,53,-1.295314,36.855961
4070500SK11,in,54,-1.295328,36.855576
4070500SK11,in,55,-1.295162,36.855198
4070500SK11,in,56,-1.294322,36.851715
4070500SK11,in,57,-1.294295,36.851349
4070500SK11,in,58,-1.292142,36.841774
4070500SK11,in,59,-1.292119,36.841454
4070500SK11,in,60,-1.292194,36.841251
4070500SK11,in,61,-1.292194,36.841251
4070500SK11,in,62,-1.2923,36.84108
4070500SK11,in,63,-1.292276,36.840923
4070500SK11,in,64,-1.292152,36.84079
4070500SK11,in,65,-1.29198,36.840725
4070500SK11,in,66,-1.291736,36.840755
4070500SK11,in,67,-1.291221,36.841057
4070500SK11,in,68,-1.290124,36.841301
4070500SK11,in,69,-1.289766,36.841198
4070500SK11,in,70,-1.289492,36.84095
4070500SK11,in,71,-1.289128,36.840324
4070500SK11,in,72,-1.288671,36.839321
4070500SK11,in,73,-1.287457,36.837158
4070500SK11,in,74,-1.287045,36.836285
4070500SK11,in,75,-1.286021,36.833656
4070500SK11,in,76,-1.28591,36.833187
4070500SK11,in,77,-1.285855,36.832546
4070500SK11,in,78,-1.285855,36.832546
4070500SK11,in,79,-1.285935,36.832409
4070500SK11,in,80,-1.285908,36.832226
4070500SK11,in,81,-1.285817,36.832134
4070500SK11,in,82,-1.28568,36.8321
4070500SK11,in,83,-1.285631,36.831917
4070500SK11,in,84,-1.285056,36.831036
4070500SK11,in,85,-1.28505,36.830959
4070500SK11,in,86,-1.28505,36.830959
4070500SK11,in,87,-1.286658,36.83046
4070500SK11,in,88,-1.286658,36.83046
4070500SK11,in,89,-1.286243,36.829288
4070500SK11,in,90,-1.285279,36.828804
4070500SK11,in,91,-1.285279,36.828804
4070500SK11,in,92,-1.285526,36.828274
20100100A11,out,0,-1.273968,36.823887
20100100A11,out,1,-1.274231,36.824306
20100100A11,out,2,-1.274273,36.824577
20100100A11,out,3,-1.274273,36.824577
20100100A11,out,4,-1.271894,36.827785
20100100A11,out,5,-1.269016,36.832413
20100100A11,out,6,-1.268624,36.832882
20100100A11,out,7,-1.267015,36.834183
20100100A11,out,8,-1.267015,36.834183
20100100A11,out,9,-1.266184,36.834805
20100100A11,out,10,-1.264883,36.836166
20100100A11,out,11,-1.264232,36.837017
20100100A11,out,12,-1.262969,36.839069
20100100A11,out,13,-1.262969,36.839069
20100100A11,out,14,-1.26205,36.839897
20100100A11,out,15,-1.26205,36.839897
20100100A11,out,16,-1.261993,36.839883
20100100A11,out,17,-1.261883,36.839902
20100100A11,out,18,-1.261816,36.839985
20100100A11,out,19,-1.2618,36.840081
20100100A11,out,20,-1.261813,36.840046
20100100A11,out,21,-1.261692,36.840332
20100100A11,out,22,-1.261529,36.840542
20100100A11,out,23,-1.261529,36.840542
20100100A11,out,24,-1.259603,36.842369
20100100A11,out,25,-1.256747,36.843159
20100100A11,out,26,-1.256029,36.843464
20100100A11,out,27,-1.249338,36.847095
20100100A11,out,28,-1.249037,36.847191
20100100A11,out,29,-1.24872,36.847221
20100100A11,out,30,-1.248069,36.847084
20100100A11,out,31,-1.247643,36.846851
20100100A11,out,32,-1.246791,36.846062
20100100A11,out,33,-1.246424,36.845844
20100100A11,out,34,-1.244069,36.844723
20100100A11,out,35,-1.243518,36.844563
20100100A11,out,36,-1.233101,36.843456
20100100A11,out,37,-1.23253,36.843334
20100100A11,out,38,-1.231988,36.843098
20100100A11,out,39,-1.231667,36.842892
20100100A11,out,40,-1.231207,36.842278
20100100A11,out,41,-1.230471,36.841591
20100100A11,out,42,-1.229435,36.840881
20100100A11,out,43,-1.225651,36.839066
20100100A11,out,44,-1.224295,36.83836
20100100A11,out,45,-1.223542,36.837765
20100100A11,out,46,-1.221788,36.83606
20100100A11,out,47,-1.220938,36.835537
20100100A11,out,48,-1.220578,36.835434
20100100A11,out,49,-1.219704,36.83551
20100100A11,out,50,-1.218614,36.835819
20100100A11,out,51,-1.217865,36.835911
20100100A11,out,52,-1.216861,36.835762
20100100A11,out,53,-1.212253,36.833797
20100100A11,out,54,-1.210487,36.833103
20100100A11,out,55,-1.209074,36.833035
20100100A11,out,56,-1.20855,36.832932
20100100A11,out,57,-1.207265,36.832165
20100100A11,out,58,-1.206811,36.831982
20100100A11,out,59,-1.206129,36.831959
20100100A11,out,60,-1.205388,36.83223
20100100A11,out,61,-1.198662,36.835892
20100100A11,out,62,-1.197894,36.836456
20100100A11,out,63,-1.194599,36.839294
20100100A11,out,64,-1.194234,36.839558
20100100A11,out,65,-1.193633,36.839859
20100100A11,out,66,-1.193008,36.839993
20100100A11,out,67,-1.192655,36.839996
20100100A11,out,68,-1.181854,36.838261
20100100A11,out,69,-1.178844,36.837399
20100100A11,out,70,-1.177802,36.837048
20100100A11,out,71,-1.177386,36.836857
20100100A11,out,72,-1.176673,36.836395
20100100A11,out,73,-1.175871,36.835522
20100100A11,out,74,-1.175002,36.834335
20100100A11,out,75,-1.172679,36.830753
20100100A11,out,76,-1.172679,36.830753
20100100A11,out,77,-1.171339,36.831409
20100100A11,out,78,-1.170725,36.831528
20100100A11,out,79,-1.170725,36.831528
20100100A11,out,80,-1.170585,36.830982
20100100A11,out,81,-1.17037,36.830528
20100100A11,in,0,-1.17037,36.830528
20100100A11,in,1,-1.170585,36.830982
20100100A11,in,2,-1.170725,36.831528
20100100A11,in,3,-1.170725,36.831528
20100100A11,in,4,-1.171339,36.831409
20100100A11,in,5,-1.172679,36.830753
20100100A11,in,6,-1.172679,36.830753
20100100A11,in,7,-1.175002,36.834335
20100100A11,in,8,-1.175871,36.835522
20100100A11,in,9,-1.176673,36.836395
20100100A11,in,10,-1.177386,36.836857
20100100A11,in,11,-1.177802,36.837048
20100100A11,in,12,-1.178844,36.837399
20100100A11,in,13,-1.181854,36.838261
20100100A11,in,14,-1.192655,36.839996
20100100A11,in,15,-1.193008,36.839993
20100100A11,in,16,-1.193633,36.839859
20100100A11,in,17,-1.194234,36.839558
20100100A11,in,18,-1.194599,36.839294
20100100A11,in,19,-1.197894,36.836456
20100100A11,in,20,-1.198662,36.835892
20100100A11,in,21,-1.205388,36.83223
20100100A11,in,22,-1.206129,36.831959
20100100A11,in,23,-1.206606,36.831951
20100100A11,in,24,-1.207048,36.832058
20100100A11,in,25,-1.207265,36.832165
20100100A11,in,26,-1.20855,36.832932
20100100A11,in,27,-1.209074,36.833035
20100100A11,in,28,-1.210211,36.833076
20100100A11,in,29,-1.210634,36.833157
20100100A11,in,30,-1.212253,36.833797
20100100A11,in,31,-1.216861,36.835762
20100100A11,in,32,-1.217865,36.835911
20100100A11,in,33,-1.218614,36.835819
20100100A11,in,34,-1.219704,36.83551
20100100A11,in,35,-1.220578,36.835434
20100100A11,in,36,-1.220938,36.835537
20100100A11,in,37,-1.221788,36.83606
20100100A11,in,38,-1.223542,36.837765
20100100A11,in,39,-1.224295,36.83836
20100100A11,in,40,-1.225651,36.839066
20100100A11,in,41,-1.229435,36.840881
20100100A11,in,42,-1.230471,36.841591
20100100A11,in,43,-1.231207,36.842278
20100100A11,in,44,-1.231667,36.842892
20100100A11,in,45,-1.231988,36.843098
20100100A11,in,46,-1.23253,36.843334
20100100A11,in,47,-1.233101,36.843456
20100100A11,in,48,-1.243518,36.844563
20100100A11,in,49,-1.244069,36.844723
20100100A11,in,50,-1.246424,36.845844
20100100A11,in,51,-1.246791,36.846062
20100100A11,in,52,-1.247643,36.846851
20100100A11,in,53,-1.248069,36.847084
20100100A11,in,54,-1.248488,36.847187
20100100A11,in,55,-1.249037,36.847191
20100100A11,in,56,-1.249338,36.847095
20100100A11,in,57,-1.256029,36.843464
20100100A11,in,58,-1.256747,36.843159
20100100A11,in,59,-1.259992,36.842247
20100100A11,in,60,-1.259992,36.842247
20100100A11,in,61,-1.261355,36.841751
20100100A11,in,62,-1.261355,36.841751
20100100A11,in,63,-1.26254,36.841183
20100100A11,in,64,-1.262927,36.840824
20100100A11,in,65,-1.263066,36.840591
20100100A11,in,66,-1.263191,36.839428
20100100A11,in,67,-1.263395,36.838886
20100100A11,in,68,-1.264035,36.837814
20100100A11,in,69,-1.264863,36.836605
20100100A11,in,70,-1.266931,36.83395
20100100A11,in,71,-1.266932,36.833836
20100100A11,in,72,-1.266932,36.833836
20100100A11,in,73,-1.26722,36.832813
20100100A11,in,74,-1.26722,36.832813
20100100A11,in,75,-1.267716,36.830624
20100100A11,in,76,-1.267716,36.830624
20100100A11,in,77,-1.268243,36.82814
20100100A11,in,78,-1.268243,36.82814
20100100A11,in,79,-1.268709,36.825924
20100100A11,in,80,-1.268709,36.825924
20100100A11,in,81,-1.268975,36.824432
20100100A11,in,82,-1.268794,36.821301
20100100A11,in,83,-1.268927,36.820881
20100100A11,in,84,-1.26912,36.820663
20100100A11,in,85,-1.269317,36.820557
20100100A11,in,86,-1.270123,36.820534
20100100A11,in,87,-1.270423,36.820679
20100100A11,in,88,-1.270576,36.820793
20100100A11,in,89,-1.271496,36.82193
20100100A11,in,90,-1.273403,36.823135
20100100A11,in,91,-1.273851,36.823696
20100100A11,in,92,-1.273851,36.823696
20100100A11,in,93,-1.274058,36.824028
10000107D11,out,0,-1.207137,36.785854
10000107D11,out,1,-1.207153,36.785889
10000107D11,out,2,-1.207153,36.785889
10000107D11,out,3,-1.206812,36.785912
10000107D11,out,4,-1.206133,36.785637
10000107D11,out,5,-1.205256,36.785492
10000107D11,out,6,-1.203187,36.785522
10000107D11,out,7,-1.202898,36.785763
10000107D11,out,8,-1.202898,36.785763
10000107D11,out,9,-1.205037,36.788467
10000107D11,out,10,-1.205037,36.788467
10000107D11,out,11,-1.205542,36.789581
10000107D11,out,12,-1.206114,36.790646
10000107D11,out,13,-1.206527,36.791744
10000107D11,out,14,-1.206778,36.793007
10000107D11,out,15,-1.206812,36.793503
10000107D11,out,16,-1.207078,36.794456
10000107D11,out,17,-1.207121,36.794945
10000107D11,out,18,-1.207609,36.79649
10000107D11,out,19,-1.207921,36.796944
10000107D11,out,20,-1.208145,36.797504
10000107D11,out,21,-1.211201,36.803097
10000107D11,out,22,-1.212011,36.804676
10000107D11,out,23,-1.21343,36.807961
10000107D11,out,24,-1.21426,36.8102
10000107D11,out,25,-1.215015,36.81282
10000107D11,out,26,-1.215489,36.814747
10000107D11,out,27,-1.215871,36.816803
10000107D11,out,28,-1.216177,36.818897
10000107D11,out,29,-1.216435,36.821903
10000107D11,out,30,-1.216487,36.823296
10000107D11,out,31,-1.216461,36.825638
10000107D11,out,32,-1.216291,36.82832
10000107D11,out,33,-1.21603,36.830585
10000107D11,out,34,-1.215603,36.83345
10000107D11,out,35,-1.215479,36.83559
10000107D11,out,36,-1.215553,36.837337
10000107D11,out,37,-1.216424,36.845028
10000107D11,out,38,-1.216458,36.846275
10000107D11,out,39,-1.21637,36.847267
10000107D11,out,40,-1.216158,36.848267
10000107D11,out,41,-1.215572,36.850403
10000107D11,out,42,-1.215382,36.850445
10000107D11,out,43,-1.215296,36.850613
10000107D11,out,44,-1.215342,36.850758
10000107D11,out,45,-1.215465,36.850842
10000107D11,out,46,-1.215241,36.85289
10000107D11,out,47,-1.215031,36.865967
10000107D11,out,48,-1.214876,36.86705
10000107D11,out,49,-1.214595,36.868015
10000107D11,out,50,-1.214032,36.869228
10000107D11,out,51,-1.200309,36.894524
10000107D11,out,52,-1.197921,36.898308
10000107D11,out,53,-1.195426,36.902782
10000107D11,out,54,-1.194895,36.903553
10000107D11,out,55,-1.194468,36.904045
10000107D11,out,56,-1.193981,36.904503
10000107D11,out,57,-1.19313,36.90509
10000107D11,out,58,-1.192574,36.905411
10000107D11,out,59,-1.191478,36.905861
10000107D11,out,60,-1.190759,36.906059
10000107D11,out,61,-1.18711,36.906544
10000107D11,out,62,-1.186094,36.906792
10000107D11,out,63,-1.1858,36.906677
10000107D11,out,64,-1.185683,36.906681
10000107D11,out,65,-1.185566,36.906757
10000107D11,out,66,-1.185514,36.906891
10000107D11,out,67,-1.185265,36.907059
10000107D11,out,68,-1.184769,36.907238
10000107D11,out,69,-1.183703,36.907768
10000107D11,out,70,-1.182092,36.908825
10000107D11,out,71,-1.17896,36.911453
10000107D11,out,72,-1.17778,36.912331
10000107D11,out,73,-1.16862,36.918606
10000107D11,out,74,-1.167737,36.919098
10000107D11,out,75,-1.166695,36.919575
10000107D11,out,76,-1.16149,36.921764
10000107D11,out,77,-1.159979,36.922527
10000107D11,out,78,-1.158797,36.923309
10000107D11,out,79,-1.155159,36.926163
10000107D11,out,80,-1.155159,36.926163
10000107D11,out,81,-1.155051,36.92609
10000107D11,out,82,-1.154922,36.92609
10000107D11,out,83,-1.153165,36.920574
10000107D11,out,84,-1.152823,36.920116
10000107D11,out,85,-1.152559,36.919975
10000107D11,out,86,-1.15215,36.919857
10000107D11,out,87,-1.15215,36.919857
10000107D11,out,88,-1.150721,36.922935
10000107D11,out,89,-1.15066,36.923218
10000107D11,out,90,-1.150674,36.92363
10000107D11,out,91,-1.15151,36.92675
10000107D11,out,92,-1.151716,36.92786
10000107D11,out,93,-1.151909,36.930363
10000107D11,out,94,-1.151181,36.93541
10000107D11,out,95,-1.150869,36.941582
10000107D11,out,96,-1.14943,36.946251
10000107D11,out,97,-1.149425,36.946667
10000107D11,out,98,-1.149703,36.948277
10000107D11,out,99,-1.150002,36.950699
10000107D11,out,100,-1.149998,36.951382
10000107D11,out,101,-1.148341,36.959267
10000107D11,out,102,-1.148341,36.959267
10000107D11,out,103,-1.147874,36.959194
10000107D11,out,104,-1.147874,36.959194
10000107D11,out,105,-1.147791,36.959499
10000107D11,out,106,-1.147791,36.959499
10000107D11,out,107,-1.147323,36.959393
10000107D11,in,0,-1.147323,36.959393
10000107D11,in,1,-1.147791,36.959499
10000107D11,in,2,-1.147791,36.959499
10000107D11,in,3,-1.147874,36.959194
10000107D11,in,4,-1.147874,36.959194
10000107D11,in,5,-1.148341,36.959267
10000107D11,in,6,-1.148341,36.959267
10000107D11,in,7,-1.148151,36.960327
10000107D11,in,8,-1.148151,36.960327
10000107D11,in,9,-1.148097,36.960423
10000107D11,in,10,-1.148134,36.960537
10000107D11,in,11,-1.148229,36.96059
10000107D11,in,12,-1.148336,36.960567
10000107D11,in,13,-1.148395,36.960464
10000107D11,in,14,-1.148371,36.960365
10000107D11,in,15,-1.148734,36.958633
10000107D11,in,16,-1.148662,36.957706
10000107D11,in,17,-1.149998,36.951382
10000107D11,in,18,-1.150002,36.950699
10000107D11,in,19,-1.149703,36.948277
10000107D11,in,20,-1.149425,36.946667
10000107D11,in,21,-1.14943,36.946251
10000107D11,in,22,-1.150869,36.941582
10000107D11,in,23,-1.151181,36.93541
10000107D11,in,24,-1.151909,36.930363
10000107D11,in,25,-1.151716,36.92786
10000107D11,in,26,-1.15151,36.92675
10000107D11,in,27,-1.150674,36.92363
10000107D11,in,28,-1.15066,36.923218
10000107D11,in,29,-1.150721,36.922935
10000107D11,in,30,-1.15215,36.919857
10000107D11,in,31,-1.15215,36.919857
10000107D11,in,32,-1.152559,36.919975
10000107D11,in,33,-1.152823,36.920116
10000107D11,in,34,-1.153165,36.920574
10000107D11,in,35,-1.154922,36.92609
10000107D11,in,36,-1.154922,36.92609
10000107D11,in,37,-1.154798,36.926189
10000107D11,in,38,-1.154778,36.926353
10000107D11,in,39,-1.15488,36.926487
10000107D11,in,40,-1.155053,36.926506
10000107D11,in,41,-1.155197,36.926357
10000107D11,in,42,-1.155159,36.926163
10000107D11,in,43,-1.158797,36.923309
10000107D11,in,44,-1.159979,36.922527
10000107D11,in,45,-1.16149,36.921764
10000107D11,in,46,-1.166695,36.919575
10000107D11,in,47,-1.167737,36.919098
10000107D11,in,48,-1.16862,36.918606
10000107D11,in,49,-1.17778,36.912331
10000107D11,in,50,-1.17896,36.911453
10000107D11,in,51,-1.182092,36.908825
10000107D11,in,52,-1.183703,36.907768
10000107D11,in,53,-1.184769,36.907238
10000107D11,in,54,-1.185265,36.907059
10000107D11,in,55,-1.185563,36.907043
10000107D11,in,56,-1.185698,36.907131
10000107D11,in,57,-1.18583,36.90712
10000107D11,in,58,-1.186094,36.906792
10000107D11,in,59,-1.18645,36.906677
10000107D11,in,60,-1.187508,36.906483
10000107D11,in,61,-1.190759,36.906059
10000107D11,in,62,-1.191478,36.905861
10000107D11,in,63,-1.192574,36.905411
10000107D11,in,64,-1.19313,36.90509
10000107D11,in,65,-1.193981,36.904503
10000107D11,in,66,-1.194468,36.904045
10000107D11,in,67,-1.194895,36.903553
10000107D11,in,68,-1.195426,36.902782
10000107D11,in,69,-1.197921,36.898308
10000107D11,in,70,-1.200309,36.894524
10000107D11,in,71,-1.214032,36.869228
10000107D11,in,72,-1.214595,36.868015
10000107D11,in,73,-1.214876,36.86705
10000107D11,in,74,-1.215031,36.865967
10000107D11,in,75,-1.215241,36.85289
10000107D11,in,76,-1.2153,36.852123
10000107D11,in,77,-1.215465,36.850842
10000107D11,in,78,-1.215644,36.850811
10000107D11,in,79,-1.215738,36.850681
10000107D11,in,80,-1.215714,36.85051
10000107D11,in,81,-1.215572,36.850403
10000107D11,in,82,-1.216269,36.847809
10000107D11,in,83,-1.21637,36.847267
10000107D11,in,84,-1.216458,36.846275
10000107D11,in,85,-1.216424,36.845028
10000107D11,in,86,-1.215553,36.837337
10000107D11,in,87,-1.215479,36.83559
10000107D11,in,88,-1.215603,36.83345
10000107D11,in,89,-1.21603,36.830585
10000107D11,in,90,-1.216291,36.82832
10000107D11,in,91,-1.216461,36.825638
10000107D11,in,92,-1.216487,36.823296
10000107D11,in,93,-1.216435,36.821903
10000107D11,in,94,-1.216177,36.818897
10000107D11,in,95,-1.215871,36.816803
10000107D11,in,96,-1.215489,36.814747
10000107D11,in,97,-1.215015,36.81282
10000107D11,in,98,-1.21426,36.8102
10000107D11,in,99,-1.21343,36.807961
10000107D11,in,100,-1.212011,36.804676
10000107D11,in,101,-1.211201,36.803097
10000107D11,in,102,-1.208145,36.797504
10000107D11,in,103,-1.207921,36.796944
10000107D11,in,104,-1.207609,36.79649
10000107D11,in,105,-1.207121,36.794945
10000107D11,in,106,-1.207078,36.794456
10000107D11,in,107,-1.206812,36.793503
10000107D11,in,108,-1.206778,36.793007
10000107D11,in,109,-1.206527,36.791744
10000107D11,in,110,-1.206114,36.790646
10000107D11,in,111,-1.205542,36.789581
10000107D11,in,112,-1.205037,36.788467
10000107D11,in,113,-1.205037,36.788467
10000107D11,in,114,-1.202898,36.785763
10000107D11,in,115,-1.202898,36.785763
10000107D11,in,116,-1.203187,36.785522
10000107D11,in,117,-1.205256,36.785492
10000107D11,in,118,-1.206133,36.785637
10000107D11,in,119,-1.206812,36.785912
10000107D11,in,120,-1.207153,36.785889
10000107D11,in,121,-1.207153,36.785889
10000107D11,in,122,-1.207137,36.785854
50100001121,out,0,-1.28724,36.829359
50100001121,out,1,-1.287202,36.829065
50100001121,out,2,-1.287245,36.828872
50100001121,out,3,-1.287331,36.828679
50100001121,out,4,-1.287459,36.828466
50100001121,out,5,-1.287588,36.828477
50100001121,out,6,-1.287738,36.828552
50100001121,out,7,-1.287888,36.828627
50100001121,out,8,-1.288081,36.828745
50100001121,out,9,-1.288285,36.828863
50100001121,out,10,-1.288307,36.829003
50100001121,out,11,-1.288189,36.829228
50100001121,out,12,-1.288103,36.829421
50100001121,out,13,-1.287931,36.829743
50100001121,out,14,-1.287824,36.829968
50100001121,out,15,-1.287738,36.830054
50100001121,out,16,-1.287642,36.830215
50100001121,out,17,-1.287663,36.83029
50100001121,out,18,-1.287813,36.830312
50100001121,out,19,-1.28791,36.830129
50100001121,out,20,-1.288017,36.830011
50100001121,out,21,-1.288038,36.829904
50100001121,out,22,-1.288156,36.829711
50100001121,out,23,-1.288242,36.829485
50100001121,out,24,-1.288339,36.829335
50100001121,out,25,-1.288403,36.829196
50100001121,out,26,-1.288478,36.829056
50100001121,out,27,-1.288692,36.828659
50100001121,out,28,-1.28916,36.827785
50100001121,out,29,-1.289316,36.82777
50100001121,out,30,-1.289415,36.827679
50100001121,out,31,-1.289451,36.827541
50100001121,out,32,-1.289384,36.827415
50100001121,out,33,-1.292658,36.821053
50100001121,out,34,-1.292658,36.821053
50100001121,out,35,-1.2929,36.820774
50100001121,out,36,-1.293391,36.820885
50100001121,out,37,-1.298268,36.823799
50100001121,out,38,-1.298751,36.823997
50100001121,out,39,-1.299475,36.824184
50100001121,out,40,-1.299656,36.824295
50100001121,out,41,-1.299656,36.824295
50100001121,out,42,-1.299752,36.824406
50100001121,out,43,-1.299571,36.824814
50100001121,out,44,-1.299085,36.826675
50100001121,out,45,-1.298031,36.828934
50100001121,out,46,-1.298031,36.828934
50100001121,out,47,-1.297898,36.82893
50100001121,out,48,-1.29783,36.828995
50100001121,out,49,-1.297866,36.829174
50100001121,out,50,-1.297992,36.829205
50100001121,out,51,-1.298095,36.829136
50100001121,out,52,-1.302282,36.831284
50100001121,out,53,-1.302282,36.831284
50100001121,out,54,-1.302272,36.831398
50100001121,out,55,-1.302341,36.831478
50100001121,out,56,-1.302459,36.831486
50100001121,out,57,-1.302542,36.831409
50100001121,out,58,-1.305223,36.832775
50100001121,out,59,-1.305223,36.832775
50100001121,out,60,-1.306842,36.833244
50100001121,out,61,-1.308114,36.833717
50100001121,out,62,-1.308552,36.833759
50100001121,out,63,-1.310727,36.833752
50100001121,out,64,-1.310727,36.833752
50100001121,out,65,-1.310738,36.83699
50100001121,out,66,-1.310698,36.837162
50100001121,out,67,-1.310424,36.837425
50100001121,out,68,-1.310424,36.837425
50100001121,out,69,-1.31134,36.838314
50100001121,out,70,-1.31134,36.838314
50100001121,out,71,-1.311373,36.840366
50100001121,out,72,-1.311914,36.841824
50100001121,out,73,-1.312141,36.842239
50100001121,out,74,-1.312292,36.8424
50100001121,out,75,-1.312292,36.8424
50100001121,out,76,-1.312584,36.842239
50100001121,out,77,-1.313107,36.842075
50100001121,out,78,-1.315247,36.842037
50100001121,out,79,-1.315889,36.842201
50100001121,out,80,-1.316306,36.842407
50100001121,out,81,-1.316578,36.842606
50100001121,out,82,-1.316932,36.842976
50100001121,out,83,-1.316932,36.842976
50100001121,out,84,-1.317122,36.842888
50100001121,out,85,-1.317667,36.842407
50100001121,out,86,-1.317667,36.842407
50100001121,out,87,-1.318943,36.843773
50100001121,out,88,-1.318943,36.843773
50100001121,out,89,-1.318662,36.844097
50100001121,out,90,-1.318286,36.845959
50100001121,out,91,-1.318285,36.845959
50100001121,out,92,-1.318105,36.846634
50100001121,out,93,-1.318105,36.846634
50100001121,out,94,-1.318932,36.846916
50100001121,out,95,-1.319137,36.847443
50100001121,out,96,-1.319896,36.848045
50100001121,out,97,-1.320899,36.849476
50100001121,out,98,-1.320899,36.849476
50100001121,out,99,-1.320273,36.850353
50100001121,out,100,-1.319823,36.851292
50100001121,out,101,-1.319823,36.851292
50100001121,out,102,-1.319747,36.851261
50100001121,in,0,-1.319747,36.851261
50100001121,in,1,-1.319823,36.851292
50100001121,in,2,-1.319823,36.851292
50100001121,in,3,-1.320273,36.850353
50100001121,in,4,-1.320899,36.849476
50100001121,in,5,-1.320899,36.849476
50100001121,in,6,-1.319896,36.848045
50100001121,in,7,-1.319137,36.847443
50100001121,in,8,-1.318932,36.846916
50100001121,in,9,-1.318105,36.846634
50100001121,in,10,-1.318105,36.846634
50100001121,in,11,-1.318285,36.845959
50100001121,in,12,-1.318662,36.844097
50100001121,in,13,-1.319297,36.843369
50100001121,in,14,-1.319841,36.841633
50100001121,in,15,-1.319829,36.841534
50100001121,in,16,-1.319759,36.841461
50100001121,in,17,-1.318725,36.840973
50100001121,in,18,-1.318725,36.840973
50100001121,in,19,-1.318851,36.840485
50100001121,in,20,-1.318821,36.840057
50100001121,in,21,-1.31837,36.839169
50100001121,in,22,-1.318393,36.838898
50100001121,in,23,-1.318322,36.838631
50100001121,in,24,-1.318322,36.838631
50100001121,in,25,-1.317493,36.838734
50100001121,in,26,-1.317129,36.838673
50100001121,in,27,-1.315768,36.838264
50100001121,in,28,-1.311622,36.838299
50100001121,in,29,-1.311622,36.838299
50100001121,in,30,-1.311616,36.835346
50100001121,in,31,-1.311616,36.835346
50100001121,in,32,-1.31072,36.835365
50100001121,in,33,-1.31072,36.835365
50100001121,in,34,-1.310727,36.833752
50100001121,in,35,-1.310727,36.833752
50100001121,in,36,-1.308552,36.833759
50100001121,in,37,-1.308114,36.833717
50100001121,in,38,-1.306842,36.833244
50100001121,in,39,-1.305223,36.832775
50100001121,in,40,-1.305223,36.832775
50100001121,in,41,-1.302542,36.831409
50100001121,in,42,-1.302542,36.831409
50100001121,in,43,-1.302547,36.83131
50100001121,in,44,-1.302472,36.831215
50100001121,in,45,-1.302343,36.831219
50100001121,in,46,-1.302282,36.831284
50100001121,in,47,-1.302076,36.831192
50100001121,in,48,-1.298095,36.829136
50100001121,in,49,-1.298095,36.829136
50100001121,in,50,-1.2981,36.829018
50100001121,in,51,-1.298031,36.828934
50100001121,in,52,-1.299085,36.826675
50100001121,in,53,-1.299571,36.824814
50100001121,in,54,-1.299752,36.824406
50100001121,in,55,-1.299752,36.824406
50100001121,in,56,-1.29996,36.824451
50100001121,in,57,-1.300131,36.824345
50100001121,in,58,-1.300184,36.824131
50100001121,in,59,-1.300073,36.823952
50100001121,in,60,-1.299913,36.823898
50100001121,in,61,-1.299698,36.823997
50100001121,in,62,-1.299514,36.824013
50100001121,in,63,-1.299011,36.823898
50100001121,in,64,-1.298395,36.823658
50100001121,in,65,-1.292938,36.820431
50100001121,in,66,-1.292938,36.820431
50100001121,in,67,-1.292904,36.820305
50100001121,in,68,-1.292785,36.82021
50100001121,in,69,-1.292633,36.820217
50100001121,in,70,-1.292515,36.820328
50100001121,in,71,-1.2925,36.82048
50100001121,in,72,-1.29261,36.820618
50100001121,in,73,-1.292572,36.820938
50100001121,in,74,-1.289558,36.8269
50100001121,in,75,-1.289283,36.827343
50100001121,in,76,-1.289117,36.827339
50100001121,in,77,-1.28898,36.827457
50100001121,in,78,-1.288953,36.827564
50100001121,in,79,-1.288996,36.827679
50100001121,in,80,-1.288712,36.828175
50100001121,in,81,-1.288673,36.828384
50100001121,in,82,-1.287838,36.830059
50100001121,in,83,-1.287706,36.830118
50100001121,in,84,-1.28747,36.830204
50100001121,in,85,-1.287266,36.830258
50100001121,in,86,-1.287084,36.830301
50100001121,in,87,-1.286934,36.830333
50100001121,in,88,-1.286784,36.830354
50100001121,in,89,-1.286676,36.830387
50100001121,in,90,-1.286633,36.830279
50100001121,in,91,-1.28659,36.830172
50100001121,in,92,-1.286537,36.830075
50100001121,in,93,-1.286526,36.829979
50100001121,in,94,-1.286462,36.829786
50100001121,in,95,-1.286419,36.829625
50100001121,in,96,-1.286548,36.829561
50100001121,in,97,-1.286741,36.829507
50100001121,in,98,-1.286741,36.829507
50100001121,in,99,-1.286987,36.829614
50901011012,out,0,-1.444109,36.989403
50901011012,out,1,-1.444737,36.988739
50901011012,out,2,-1.446582,36.986534
50901011012,out,3,-1.446893,36.98608
50901011012,out,4,-1.447177,36.985329
50901011012,out,5,-1.447338,36.984627
50901011012,out,6,-1.447788,36.98175
50901011012,out,7,-1.448083,36.980968
50901011012,out,8,-1.448338,36.980625
50901011012,out,9,-1.448671,36.980305
50901011012,out,10,-1.449029,36.980076
50901011012,out,11,-1.44939,36.979923
50901011012,out,12,-1.449638,36.979885
50901011012,out,13,-1.452312,36.979889
50901011012,out,14,-1.453544,36.980019
50901011012,out,15,-1.455024,36.979912
50901011012,out,16,-1.456618,36.979725
50901011012,out,17,-1.456998,36.979591
50901011012,out,18,-1.457264,36.979382
50901011012,out,19,-1.457592,36.979015
50901011012,out,20,-1.45769,36.978748
50901011012,out,21,-1.457846,36.977531
50901011012,out,22,-1.457874,36.97673
50901011012,out,23,-1.457833,36.976131
50901011012,out,24,-1.457584,36.975422
50901011012,out,25,-1.457363,36.975079
50901011012,out,26,-1.457021,36.974766
50901011012,out,27,-1.45341,36.972839
50901011012,out,28,-1.453186,36.972683
50901011012,out,29,-1.452974,36.972427
50901011012,out,30,-1.452662,36.971951
50901011012,out,31,-1.452499,36.971405
50901011012,out,32,-1.452023,36.969337
50901011012,out,33,-1.451812,36.968094
50901011012,out,34,-1.451812,36.968094
50901011012,out,35,-1.453808,36.967564
50901011012,out,36,-1.454976,36.967079
50901011012,out,37,-1.463596,36.962749
50901011012,out,38,-1.465338,36.962017
50901011012,out,39,-1.466682,36.96151
50901011012,out,40,-1.468622,36.960888
50901011012,out,41,-1.477181,36.958229
50901011012,out,42,-1.477181,36.958229
50901011012,out,43,-1.477189,36.958031
50901011012,in,0,-1.477189,36.958031
50901011012,in,1,-1.477181,36.958229
50901011012,in,2,-1.477181,36.958229
50901011012,in,3,-1.468622,36.960888
50901011012,in,4,-1.466682,36.96151
50901011012,in,5,-1.465338,36.962017
50901011012,in,6,-1.463596,36.962749
50901011012,in,7,-1.454976,36.967079
50901011012,in,8,-1.453808,36.967564
50901011012,in,9,-1.451812,36.968094
50901011012,in,10,-1.451812,36.968094
50901011012,in,11,-1.452023,36.969337
50901011012,in,12,-1.452499,36.971405
50901011012,in,13,-1.452662,36.971951
50901011012,in,14,-1.452974,36.972427
50901011012,in,15,-1.453186,36.972683
50901011012,in,16,-1.45341,36.972839
50901011012,in,17,-1.457021,36.974766
50901011012,in,18,-1.457363,36.975079
50901011012,in,19,-1.457584,36.975422
50901011012,in,20,-1.457833,36.976131
50901011012,in,21,-1.457874,36.97673
50901011012,in,22,-1.457827,36.977722
50901011012,in,23,-1.45769,36.978748
50901011012,in,24,-1.457592,36.979015
50901011012,in,25,-1.457131,36.9795
50901011012,in,26,-1.456835,36.979668
50901011012,in,27,-1.456618,36.979725
50901011012,in,28,-1.455024,36.979912
50901011012,in,29,-1.453544,36.980019
50901011012,in,30,-1.452312,36.979889
50901011012,in,31,-1.449638,36.979885
50901011012,in,32,-1.44939,36.979923
50901011012,in,33,-1.449029,36.980076
50901011012,in,34,-1.448671,36.980305
50901011012,in,35,-1.448338,36.980625
50901011012,in,36,-1.448083,36.980968
50901011012,in,37,-1.447788,36.98175
50901011012,in,38,-1.447338,36.984627
50901011012,in,39,-1.447177,36.985329
50901011012,in,40,-1.446893,36.98608
50901011012,in,41,-1.446582,36.986534
50901011012,in,42,-1.444737,36.988739
50901011012,in,43,-1.44415,36.989368
50901011012,in,44,-1.443947,36.989548
50901011012,in,45,-1.443405,36.989681
50901011012,in,46,-1.443405,36.989681
50901011012,in,47,-1.443435,36.990005
50901011011,out,0,-1.2887,36.829041
50901011011,out,1,-1.288549,36.828957
50901011011,out,2,-1.288549,36.828957
50901011011,out,3,-1.28916,36.827785
50901011011,out,4,-1.289316,36.82777
50901011011,out,5,-1.289415,36.827679
50901011011,out,6,-1.289451,36.827541
50901011011,out,7,-1.289384,36.827415
50901011011,out,8,-1.292591,36.821178
50901011011,out,9,-1.292591,36.821178
50901011011,out,10,-1.293214,36.820976
50901011011,out,11,-1.293516,36.820961
50901011011,out,12,-1.298268,36.823799
50901011011,out,13,-1.298751,36.823997
50901011011,out,14,-1.299475,36.824184
50901011011,out,15,-1.299824,36.824444
50901011011,out,16,-1.300055,36.824409
50901011011,out,17,-1.300322,36.824448
50901011011,out,18,-1.30445,36.826389
50901011011,out,19,-1.304667,36.826561
50901011011,out,20,-1.304667,36.826561
50901011011,out,21,-1.304696,36.826679
50901011011,out,22,-1.3048,36.826763
50901011011,out,23,-1.305153,36.82674
50901011011,out,24,-1.305253,36.826778
50901011011,out,25,-1.313525,36.830681
50901011011,out,26,-1.314626,36.831375
50901011011,out,27,-1.315205,36.831856
50901011011,out,28,-1.315742,36.83247
50901011011,out,29,-1.317064,36.834412
50901011011,out,30,-1.320783,36.840584
50901011011,out,31,-1.324609,36.847187
50901011011,out,32,-1.329249,36.854996
50901011011,out,33,-1.330301,36.85688
50901011011,out,34,-1.330722,36.857853
50901011011,out,35,-1.331058,36.859409
50901011011,out,36,-1.33111,36.860195
50901011011,out,37,-1.331067,36.86129
50901011011,out,38,-1.330119,36.868683
50901011011,out,39,-1.329171,36.875156
50901011011,out,40,-1.328476,36.880608
50901011011,out,41,-1.328462,36.881371
50901011011,out,42,-1.328526,36.882465
50901011011,out,43,-1.328785,36.883949
50901011011,out,44,-1.329231,36.885109
50901011011,out,45,-1.329785,36.886181
50901011011,out,46,-1.330595,36.887337
50901011011,out,47,-1.331302,36.888081
50901011011,out,48,-1.337485,36.895164
50901011011,out,49,-1.343534,36.901974
50901011011,out,50,-1.345026,36.903336
50901011011,out,51,-1.345881,36.903923
50901011011,out,52,-1.346721,36.9044
50901011011,out,53,-1.347987,36.904942
50901011011,out,54,-1.34875,36.905197
50901011011,out,55,-1.35206,36.906029
50901011011,out,56,-1.354445,36.906727
50901011011,out,57,-1.354445,36.906727
50901011011,out,58,-1.356246,36.907063
50901011011,out,59,-1.359927,36.908058
50901011011,out,60,-1.360446,36.908264
50901011011,out,61,-1.361559,36.908829
50901011011,out,62,-1.362684,36.909554
50901011011,out,63,-1.363536,36.910252
50901011011,out,64,-1.365549,36.91243
50901011011,out,65,-1.376517,36.925018
50901011011,out,66,-1.380036,36.928761
50901011011,out,67,-1.381248,36.929974
50901011011,out,68,-1.383238,36.931801
50901011011,out,69,-1.38818,36.935886
50901011011,out,70,-1.388966,36.936481
50901011011,out,71,-1.390713,36.937725
50901011011,out,72,-1.392516,36.938877
50901011011,out,73,-1.393097,36.939304
50901011011,out,74,-1.397195,36.941769
50901011011,out,75,-1.419543,36.95377
50901011011,out,76,-1.420658,36.954433
50901011011,out,77,-1.422465,36.955616
50901011011,out,78,-1.424292,36.957001
50901011011,out,79,-1.4243022,36.9569861
50901011011,out,80,-1.4267877,36.9591911
50901011011,out,81,-1.428892,36.9613869
50901011011,out,82,-1.430914,36.9639308
50901011011,out,83,-1.4324778,36.9662082
50901011011,out,84,-1.4338353,36.968609
50901011011,out,85,-1.4352775,36.9715717
50901011011,out,86,-1.4363333,36.9737297
50901011011,out,87,-1.437572,36.976219
50901011011,out,88,-1.4382571,36.9775959
50901011011,out,89,-1.4386622,36.9783303
50901011011,out,90,-1.4392915,36.9793168
50901011011,out,91,-1.4403615,36.9808589
50901011011,out,92,-1.4414133,36.9827422
50901011011,out,93,-1.442357,36.9847425
50901011011,out,94,-1.4429583,36.9863295
50901011011,out,95,-1.4431652,36.9872952
50901011011,out,96,-1.4432864,36.988407
50901011011,out,97,-1.4433447,36.9889897
50901011011,out,98,-1.443334,36.988991
50901011011,out,99,-1.443405,36.989681
50901011011,out,100,-1.443405,36.989681
50901011011,out,101,-1.443947,36.989548
50901011011,out,102,-1.44415,36.989368
50901011011,out,103,-1.444737,36.988739
50901011011,out,104,-1.446582,36.986534
50901011011,out,105,-1.446893,36.98608
50901011011,out,106,-1.447177,36.985329
50901011011,out,107,-1.447338,36.984627
50901011011,out,108,-1.447788,36.98175
50901011011,out,109,-1.448083,36.980968
50901011011,out,110,-1.448338,36.980625
50901011011,out,111,-1.448671,36.980305
50901011011,out,112,-1.449029,36.980076
50901011011,out,113,-1.44939,36.979923
50901011011,out,114,-1.449638,36.979885
50901011011,out,115,-1.452312,36.979889
50901011011,out,116,-1.453544,36.980019
50901011011,out,117,-1.455024,36.979912
50901011011,out,118,-1.456618,36.979725
50901011011,out,119,-1.456998,36.979591
50901011011,out,120,-1.457376,36.979279
50901011011,out,121,-1.457592,36.979015
50901011011,out,122,-1.45769,36.978748
50901011011,out,123,-1.457846,36.977531
50901011011,out,124,-1.457874,36.97673
50901011011,out,125,-1.457833,36.976131
50901011011,out,126,-1.457584,36.975422
50901011011,out,127,-1.457363,36.975079
50901011011,out,128,-1.457004,36.974758
50901011011,out,129,-1.457004,36.974758
50901011011,out,130,-1.457499,36.974342
50901011011,in,0,-1.457486,36.974354
50901011011,in,1,-1.457004,36.974758
50901011011,in,2,-1.457004,36.974758
50901011011,in,3,-1.457363,36.975079
50901011011,in,4,-1.457584,36.975422
50901011011,in,5,-1.457833,36.976131
50901011011,in,6,-1.457874,36.97673
50901011011,in,7,-1.457846,36.977531
50901011011,in,8,-1.45769,36.978748
50901011011,in,9,-1.457592,36.979015
50901011011,in,10,-1.457376,36.979279
50901011011,in,11,-1.456998,36.979591
50901011011,in,12,-1.456618,36.979725
50901011011,in,13,-1.455024,36.979912
50901011011,in,14,-1.453544,36.980019
50901011011,in,15,-1.452312,36.979889
50901011011,in,16,-1.449638,36.979885
50901011011,in,17,-1.44939,36.979923
50901011011,in,18,-1.449029,36.980076
50901011011,in,19,-1.448671,36.980305
50901011011,in,20,-1.448338,36.980625
50901011011,in,21,-1.448083,36.980968
50901011011,in,22,-1.447788,36.98175
50901011011,in,23,-1.447338,36.984627
50901011011,in,24,-1.447177,36.985329
50901011011,in,25,-1.446893,36.98608
50901011011,in,26,-1.446582,36.986534
50901011011,in,27,-1.444737,36.988739
50901011011,in,28,-1.443947,36.989548
50901011011,in,29,-1.443545,36.989662
50901011011,in,30,-1.4435399,36.9896324
50901011011,in,31,-1.4435054,36.9895857
50901011011,in,32,-1.443476,36.9895493
50901011011,in,33,-1.4434068,36.9891722
50901011011,in,34,-1.4433158,36.9883647
50901011011,in,35,-1.4431351,36.9870151
50901011011,in,36,-1.4427636,36.9856485
50901011011,in,37,-1.4421438,36.9842284
50901011011,in,38,-1.4412303,36.9823199
50901011011,in,39,-1.4405259,36.9810921
50901011011,in,40,-1.4395264,36.979607
50901011011,in,41,-1.4386746,36.9782825
50901011011,in,42,-1.4375733,36.9761577
50901011011,in,43,-1.436562,36.9740986
50901011011,in,44,-1.4358846,36.9725199
50901011011,in,45,-1.4350723,36.9705978
50901011011,in,46,-1.4338493,36.9681447
50901011011,in,47,-1.4324999,36.9658543
50901011011,in,48,-1.4305107,36.9629578
50901011011,in,49,-1.4291046,36.9612452
50901011011,in,50,-1.4272582,36.9593274
50901011011,in,51,-1.4245741,36.9568821
50901011011,in,52,-1.4226601,36.9554326
50901011011,in,53,-1.4211859,36.9544892
50901011011,in,54,-1.4185572,36.9529819
50901011011,in,55,-1.4165136,36.9518479
50901011011,in,56,-1.4165,36.951874
50901011011,in,57,-1.407026,36.946743
50901011011,in,58,-1.404243,36.945305
50901011011,in,59,-1.403009,36.944588
50901011011,in,60,-1.397239,36.941486
50901011011,in,61,-1.395855,36.940681
50901011011,in,62,-1.393512,36.939228
50901011011,in,63,-1.392428,36.938496
50901011011,in,64,-1.39177,36.938126
50901011011,in,65,-1.388752,36.935978
50901011011,in,66,-1.383402,36.931618
50901011011,in,67,-1.381988,36.930367
50901011011,in,68,-1.379585,36.92804
50901011011,in,69,-1.375475,36.92371
50901011011,in,70,-1.373958,36.92194
50901011011,in,71,-1.3729,36.920578
50901011011,in,72,-1.369254,36.916386
50901011011,in,73,-1.364355,36.910786
50901011011,in,74,-1.363373,36.909847
50901011011,in,75,-1.362123,36.908932
50901011011,in,76,-1.360559,36.908127
50901011011,in,77,-1.359513,36.907745
50901011011,in,78,-1.355354,36.906654
50901011011,in,79,-1.354509,36.906342
50901011011,in,80,-1.351941,36.90572
50901011011,in,81,-1.351172,36.905445
50901011011,in,82,-1.349547,36.904636
50901011011,in,83,-1.348015,36.903629
50901011011,in,84,-1.346121,36.902031
50901011011,in,85,-1.345135,36.901077
50901011011,in,86,-1.340276,36.896759
50901011011,in,87,-1.336237,36.892902
50901011011,in,88,-1.334375,36.890991
50901011011,in,89,-1.330908,36.887131
50901011011,in,90,-1.330206,36.88623
50901011011,in,91,-1.329612,36.885212
50901011011,in,92,-1.329368,36.884647
50901011011,in,93,-1.329147,36.883976
50901011011,in,94,-1.328927,36.88303
50901011011,in,95,-1.328768,36.881905
50901011011,in,96,-1.328824,36.880302
50901011011,in,97,-1.32981,36.87265
50901011011,in,98,-1.330808,36.865788
50901011011,in,99,-1.331404,36.860985
50901011011,in,100,-1.331389,36.859535
50901011011,in,101,-1.331294,36.858795
50901011011,in,102,-1.330835,36.857208
50901011011,in,103,-1.330136,36.85585
50901011011,in,104,-1.325683,36.848305
50901011011,in,105,-1.323925,36.845215
50901011011,in,106,-1.319492,36.837944
50901011011,in,107,-1.31731,36.834206
50901011011,in,108,-1.316368,36.832752
50901011011,in,109,-1.315208,36.831543
50901011011,in,110,-1.314893,36.831261
50901011011,in,111,-1.314072,36.830696
50901011011,in,112,-1.309307,36.828411
50901011011,in,113,-1.305414,36.826649
50901011011,in,114,-1.30522,36.826492
50901011011,in,115,-1.30522,36.826492
50901011011,in,116,-1.305072,36.826248
50901011011,in,117,-1.304921,36.826218
50901011011,in,118,-1.30477,36.826267
50901011011,in,119,-1.302622,36.825325
50901011011,in,120,-1.300383,36.824245
50901011011,in,121,-1.300184,36.824131
50901011011,in,122,-1.300123,36.824001
50901011011,in,123,-1.300013,36.823921
50901011011,in,124,-1.299841,36.82391
50901011011,in,125,-1.299698,36.823997
50901011011,in,126,-1.299514,36.824013
50901011011,in,127,-1.299011,36.823898
50901011011,in,128,-1.298395,36.823658
50901011011,in,129,-1.292938,36.820431
50901011011,in,130,-1.292938,36.820431
50901011011,in,131,-1.292904,36.820305
50901011011,in,132,-1.292785,36.82021
50901011011,in,133,-1.292633,36.820217
50901011011,in,134,-1.292515,36.820328
50901011011,in,135,-1.2925,36.82048
50901011011,in,136,-1.29261,36.820618
50901011011,in,137,-1.292572,36.820938
50901011011,in,138,-1.291871,36.822311
50901011011,in,139,-1.291871,36.822311
50901011011,in,140,-1.291648,36.822472
50901011011,in,141,-1.290845,36.823971
50901011011,in,142,-1.290845,36.823971
50901011011,in,143,-1.290843,36.824295
50901011011,in,144,-1.290843,36.824295
50901011011,in,145,-1.289558,36.8269
50901011011,in,146,-1.289283,36.827343
50901011011,in,147,-1.289117,36.827339
50901011011,in,148,-1.28898,36.827457
50901011011,in,149,-1.288953,36.827564
50901011011,in,150,-1.288996,36.827679
50901011011,in,151,-1.288712,36.828175
50901011011,in,152,-1.288673,36.828384
50901011011,in,153,-1.287799,36.830124
50901011011,in,154,-1.287799,36.830124
50901011011,in,155,-1.28763,36.830193
50901011011,in,156,-1.28767,36.830349
50901011011,in,157,-1.287796,36.830353
50901011011,in,158,-1.287861,36.830292
50901011011,in,159,-1.288549,36.828957
50901011011,in,160,-1.288549,36.828957
50901011011,in,161,-1.288718,36.829048
10000114011,out,0,-1.273979,36.823463
10000114011,out,1,-1.273962,36.823315
10000114011,out,2,-1.273962,36.823315
10000114011,out,3,-1.27387,36.823315
10000114011,out,4,-1.273438,36.823093
10000114011,out,5,-1.271617,36.821918
10000114011,out,6,-1.271405,36.82172
10000114011,out,7,-1.270434,36.820499
10000114011,out,8,-1.270048,36.820415
10000114011,out,9,-1.268934,36.820442
10000114011,out,10,-1.268569,36.820652
10000114011,out,11,-1.268265,36.820915
10000114011,out,12,-1.267952,36.821304
10000114011,out,13,-1.267272,36.822456
10000114011,out,14,-1.267008,36.822777
10000114011,out,15,-1.266643,36.823093
10000114011,out,16,-1.265158,36.824097
10000114011,out,17,-1.25976,36.826519
10000114011,out,18,-1.258702,36.826958
10000114011,out,19,-1.25824,36.827095
10000114011,out,20,-1.257805,36.826935
10000114011,out,21,-1.256655,36.826275
10000114011,out,22,-1.255802,36.825859
10000114011,out,23,-1.255609,36.825718
10000114011,out,24,-1.255465,36.825523
10000114011,out,25,-1.25514,36.824978
10000114011,out,26,-1.254867,36.823956
10000114011,out,27,-1.254466,36.823166
10000114011,out,28,-1.253378,36.821648
10000114011,out,29,-1.252678,36.820538
10000114011,out,30,-1.252279,36.820084
10000114011,out,31,-1.252051,36.819695
10000114011,out,32,-1.251991,36.819378
10000114011,out,33,-1.252087,36.818527
10000114011,out,34,-1.252084,36.817993
10000114011,out,35,-1.252007,36.817684
10000114011,out,36,-1.251802,36.817455
10000114011,out,37,-1.251569,36.817455
10000114011,out,38,-1.251438,36.817589
10000114011,out,39,-1.251352,36.817924
10000114011,out,40,-1.250603,36.819363
10000114011,out,41,-1.250364,36.819912
10000114011,out,42,-1.250054,36.821182
10000114011,out,43,-1.250054,36.821182
10000114011,out,44,-1.249703,36.821194
10000114011,out,45,-1.249703,36.821194
10000114011,out,46,-1.249523,36.82093
10000114011,out,47,-1.249237,36.820068
10000114011,out,48,-1.248972,36.818714
10000114011,out,49,-1.248755,36.818012
10000114011,out,50,-1.248585,36.817013
10000114011,out,51,-1.248486,36.816704
10000114011,out,52,-1.248356,36.81649
10000114011,out,53,-1.247946,36.816116
10000114011,out,54,-1.247592,36.815907
10000114011,out,55,-1.244821,36.814831
10000114011,out,56,-1.244626,36.814724
10000114011,out,57,-1.244025,36.814182
10000114011,out,58,-1.24374,36.813988
10000114011,out,59,-1.241318,36.813496
10000114011,out,60,-1.240972,36.81337
10000114011,out,61,-1.240657,36.813179
10000114011,out,62,-1.239751,36.812145
10000114011,out,63,-1.237646,36.809326
10000114011,out,64,-1.23747,36.808899
10000114011,out,65,-1.235138,36.804386
10000114011,out,66,-1.234813,36.803909
10000114011,out,67,-1.234433,36.803574
10000114011,out,68,-1.233347,36.803158
10000114011,out,69,-1.232625,36.803062
10000114011,out,70,-1.232062,36.803192
10000114011,out,71,-1.2294,36.804134
10000114011,out,72,-1.227575,36.804886
10000114011,out,73,-1.226988,36.805012
10000114011,out,74,-1.226454,36.804993
10000114011,out,75,-1.224511,36.80431
10000114011,out,76,-1.224019,36.803993
10000114011,out,77,-1.223889,36.803871
10000114011,out,78,-1.223266,36.80291
10000114011,out,79,-1.223004,36.80238
10000114011,out,80,-1.222715,36.801968
10000114011,out,81,-1.22253,36.801796
10000114011,out,82,-1.221945,36.801491
10000114011,out,83,-1.221487,36.80138
10000114011,out,84,-1.22093,36.801411
10000114011,out,85,-1.219573,36.801781
10000114011,out,86,-1.219204,36.8018
10000114011,out,87,-1.218544,36.801704
10000114011,out,88,-1.218146,36.80151
10000114011,out,89,-1.217642,36.801132
10000114011,out,90,-1.21703,36.800335
10000114011,out,91,-1.215959,36.798557
10000114011,out,92,-1.215749,36.798088
10000114011,out,93,-1.215486,36.797009
10000114011,out,94,-1.215292,36.796463
10000114011,out,95,-1.21446,36.794792
10000114011,out,96,-1.21372,36.793453
10000114011,out,97,-1.212335,36.791645
10000114011,out,98,-1.20794,36.787056
10000114011,out,99,-1.207459,36.786411
10000114011,out,100,-1.207093,36.785751
10000114011,out,101,-1.206833,36.784882
10000114011,out,102,-1.206743,36.784332
10000114011,out,103,-1.206592,36.782509
10000114011,out,104,-1.206326,36.781204
10000114011,out,105,-1.205295,36.778049
10000114011,out,106,-1.20345,36.771622
10000114011,out,107,-1.202648,36.768616
10000114011,out,108,-1.199664,36.758259
10000114011,out,109,-1.199015,36.756916
10000114011,out,110,-1.198674,36.756397
10000114011,out,111,-1.194027,36.749954
10000114011,out,112,-1.193496,36.749107
10000114011,out,113,-1.193173,36.748489
10000114011,out,114,-1.192732,36.74736
10000114011,out,115,-1.192523,36.746494
10000114011,out,116,-1.191996,36.742447
10000114011,out,117,-1.191768,36.741695
10000114011,out,118,-1.191378,36.740833
10000114011,out,119,-1.190981,36.740093
10000114011,out,120,-1.190549,36.739475
10000114011,out,121,-1.189648,36.738358
10000114011,out,122,-1.1848,36.732784
10000114011,out,123,-1.178815,36.72364
10000114011,out,124,-1.17785,36.722137
10000114011,out,125,-1.177324,36.721081
10000114011,out,126,-1.177061,36.720413
10000114011,out,127,-1.175906,36.716423
10000114011,out,128,-1.175241,36.714985
10000114011,out,129,-1.174683,36.714104
10000114011,out,130,-1.174175,36.713455
10000114011,out,131,-1.172109,36.711212
10000114011,out,132,-1.171392,36.710175
10000114011,out,133,-1.171061,36.709435
10000114011,out,134,-1.170618,36.70789
10000114011,out,135,-1.170357,36.70388
10000114011,out,136,-1.170246,36.702591
10000114011,out,137,-1.170101,36.701721
10000114011,out,138,-1.168372,36.696568
10000114011,out,139,-1.167519,36.695141
10000114011,out,140,-1.16615,36.693298
10000114011,out,141,-1.156508,36.680775
10000114011,out,142,-1.155571,36.679485
10000114011,out,143,-1.155029,36.678364
10000114011,out,144,-1.15473,36.677151
10000114011,out,145,-1.154651,36.676243
10000114011,out,146,-1.154803,36.673756
10000114011,out,147,-1.154782,36.672955
10000114011,out,148,-1.154463,36.671597
10000114011,out,149,-1.154006,36.67067
10000114011,out,150,-1.153305,36.669743
10000114011,out,151,-1.152536,36.669067
10000114011,out,152,-1.152009,36.668732
10000114011,out,153,-1.150673,36.668133
10000114011,out,154,-1.149981,36.667767
10000114011,out,155,-1.149206,36.667225
10000114011,out,156,-1.148833,36.666889
10000114011,out,157,-1.146538,36.664322
10000114011,out,158,-1.145878,36.663502
10000114011,out,159,-1.145138,36.662754
10000114011,out,160,-1.143689,36.661781
10000114011,out,161,-1.138691,36.65963
10000114011,out,162,-1.136879,36.658794
10000114011,out,163,-1.136313,36.658466
10000114011,out,164,-1.135479,36.657776
10000114011,out,165,-1.134838,36.656918
10000114011,out,166,-1.134271,36.656055
10000114011,out,167,-1.134119,36.655697
10000114011,out,168,-1.133853,36.654621
10000114011,out,169,-1.133771,36.653835
10000114011,out,170,-1.133773,36.653091
10000114011,out,171,-1.133964,36.652081
10000114011,out,172,-1.134698,36.649967
10000114011,out,173,-1.134848,36.649223
10000114011,out,174,-1.134881,36.648556
10000114011,out,175,-1.134831,36.647903
10000114011,out,176,-1.134566,36.646748
10000114011,out,177,-1.133949,36.645279
10000114011,out,178,-1.133302,36.643559
10000114011,out,179,-1.133302,36.643559
10000114011,out,180,-1.131264,36.644386
10000114011,out,181,-1.130507,36.644627
10000114011,out,182,-1.130244,36.644665
10000114011,out,183,-1.129539,36.644642
10000114011,out,184,-1.128932,36.644451
10000114011,out,185,-1.128666,36.644306
10000114011,out,186,-1.124935,36.641953
10000114011,out,187,-1.124311,36.641747
10000114011,out,188,-1.123724,36.641678
10000114011,out,189,-1.12312,36.641724
10000114011,out,190,-1.120931,36.642406
10000114011,out,191,-1.120545,36.642715
10000114011,out,192,-1.120137,36.643482
10000114011,out,193,-1.120137,36.643482
10000114011,out,194,-1.119484,36.64323
10000114011,out,195,-1.119195,36.643177
10000114011,out,196,-1.116267,36.643417
10000114011,out,197,-1.114946,36.643448
10000114011,out,198,-1.114946,36.643448
10000114011,out,199,-1.113731,36.643429
10000114011,out,200,-1.113146,36.643471
10000114011,out,201,-1.110281,36.643837
10000114011,out,202,-1.109996,36.643738
10000114011,out,203,-1.109804,36.643536
10000114011,out,204,-1.109804,36.643536
10000114011,out,205,-1.109392,36.643707
10000114011,out,206,-1.107968,36.643932
10000114011,in,0,-1.107968,36.643932
10000114011,in,1,-1.109392,36.643707
10000114011,in,2,-1.109804,36.643536
10000114011,in,3,-1.109804,36.643536
10000114011,in,4,-1.109996,36.643738
10000114011,in,5,-1.110281,36.643837
10000114011,in,6,-1.113731,36.643429
10000114011,in,7,-1.116267,36.643417
10000114011,in,8,-1.119195,36.643177
10000114011,in,9,-1.119484,36.64323
10000114011,in,10,-1.120137,36.643482
10000114011,in,11,-1.120137,36.643482
10000114011,in,12,-1.120545,36.642715
10000114011,in,13,-1.120931,36.642406
10000114011,in,14,-1.12312,36.641724
10000114011,in,15,-1.123724,36.641678
10000114011,in,16,-1.124311,36.641747
10000114011,in,17,-1.124935,36.641953
10000114011,in,18,-1.128666,36.644306
10000114011,in,19,-1.128932,36.644451
10000114011,in,20,-1.129539,36.644642
10000114011,in,21,-1.130244,36.644665
10000114011,in,22,-1.130507,36.644627
10000114011,in,23,-1.131264,36.644386
10000114011,in,24,-1.133302,36.643559
10000114011,in,25,-1.133302,36.643559
10000114011,in,26,-1.133949,36.645279
10000114011,in,27,-1.134566,36.646748
10000114011,in,28,-1.134831,36.647903
10000114011,in,29,-1.134881,36.648556
10000114011,in,30,-1.134848,36.649223
10000114011,in,31,-1.134698,36.649967
10000114011,in,32,-1.133964,36.652081
10000114011,in,33,-1.133773,36.653091
10000114011,in,34,-1.133771,36.653835
10000114011,in,35,-1.133853,36.654621
10000114011,in,36,-1.134119,36.655697
10000114011,in,37,-1.134271,36.656055
10000114011,in,38,-1.134838,36.656918
10000114011,in,39,-1.135479,36.657776
10000114011,in,40,-1.136313,36.658466
10000114011,in,41,-1.136879,36.658794
10000114011,in,42,-1.138691,36.65963
10000114011,in,43,-1.143689,36.661781
10000114011,in,44,-1.145138,36.662754
10000114011,in,45,-1.145878,36.663502
10000114011,in,46,-1.146538,36.664322
10000114011,in,47,-1.148833,36.666889
10000114011,in,48,-1.149206,36.667225
10000114011,in,49,-1.149981,36.667767
10000114011,in,50,-1.150673,36.668133
10000114011,in,51,-1.152009,36.668732
10000114011,in,52,-1.152536,36.669067
10000114011,in,53,-1.153305,36.669743
10000114011,in,54,-1.154006,36.67067
10000114011,in,55,-1.154463,36.671597
10000114011,in,56,-1.154782,36.672955
10000114011,in,57,-1.154803,36.673756
10000114011,in,58,-1.154651,36.676243
10000114011,in,59,-1.15473,36.677151
10000114011,in,60,-1.155029,36.678364
10000114011,in,61,-1.155571,36.679485
10000114011,in,62,-1.156508,36.680775
10000114011,in,63,-1.16615,36.693298
10000114011,in,64,-1.167519,36.695141
10000114011,in,65,-1.168372,36.696568
10000114011,in,66,-1.170101,36.701721
10000114011,in,67,-1.170246,36.702591
10000114011,in,68,-1.170357,36.70388
10000114011,in,69,-1.170618,36.70789
10000114011,in,70,-1.171061,36.709435
10000114011,in,71,-1.171392,36.710175
10000114011,in,72,-1.172109,36.711212
10000114011,in,73,-1.174175,36.713455
10000114011,in,74,-1.174683,36.714104
10000114011,in,75,-1.175241,36.714985
10000114011,in,76,-1.175906,36.716423
10000114011,in,77,-1.177061,36.720413
10000114011,in,78,-1.177324,36.721081
10000114011,in,79,-1.17785,36.722137
10000114011,in,80,-1.178815,36.72364
10000114011,in,81,-1.1848,36.732784
10000114011,in,82,-1.189648,36.738358
10000114011,in,83,-1.190549,36.739475
10000114011,in,84,-1.190981,36.740093
10000114011,in,85,-1.191378,36.740833
10000114011,in,86,-1.191768,36.741695
10000114011,in,87,-1.191996,36.742447
10000114011,in,88,-1.192523,36.746494
10000114011,in,89,-1.192732,36.74736
10000114011,in,90,-1.193173,36.748489
10000114011,in,91,-1.193496,36.749107
10000114011,in,92,-1.194027,36.749954
10000114011,in,93,-1.198674,36.756397
10000114011,in,94,-1.199015,36.756916
10000114011,in,95,-1.199664,36.758259
10000114011,in,96,-1.202648,36.768616
10000114011,in,97,-1.20345,36.771622
10000114011,in,98,-1.205295,36.778049
10000114011,in,99,-1.206326,36.781204
10000114011,in,100,-1.206592,36.782509
10000114011,in,101,-1.206743,36.784332
10000114011,in,102,-1.206833,36.784882
10000114011,in,103,-1.207093,36.785751
10000114011,in,104,-1.207459,36.786411
10000114011,in,105,-1.20794,36.787056
10000114011,in,106,-1.212335,36.791645
10000114011,in,107,-1.21372,36.793453
10000114011,in,108,-1.21446,36.794792
10000114011,in,109,-1.215292,36.796463
10000114011,in,110,-1.215486,36.797009
10000114011,in,111,-1.215749,36.798088
10000114011,in,112,-1.215959,36.798557
10000114011,in,113,-1.21703,36.800335
10000114011,in,114,-1.217642,36.801132
10000114011,in,115,-1.218146,36.80151
10000114011,in,116,-1.218544,36.801704
10000114011,in,117,-1.219204,36.8018
10000114011,in,118,-1.219573,36.801781
10000114011,in,119,-1.22093,36.801411
10000114011,in,120,-1.221487,36.80138
10000114011,in,121,-1.221945,36.801491
10000114011,in,122,-1.22253,36.801796
10000114011,in,123,-1.222715,36.801968
10000114011,in,124,-1.223004,36.80238
10000114011,in,125,-1.223266,36.80291
10000114011,in,126,-1.223889,36.803871
10000114011,in,127,-1.224019,36.803993
10000114011,in,128,-1.224511,36.80431
10000114011,in,129,-1.226454,36.804993
10000114011,in,130,-1.227185,36.804985
10000114011,in,131,-1.228001,36.80476
10000114011,in,132,-1.230043,36.803989
10000114011,in,133,-1.230097,36.803921
10000114011,in,134,-1.230628,36.803711
10000114011,in,135,-1.232062,36.803192
10000114011,in,136,-1.232625,36.803062
10000114011,in,137,-1.233347,36.803158
10000114011,in,138,-1.234433,36.803574
10000114011,in,139,-1.234813,36.803909
10000114011,in,140,-1.235138,36.804386
10000114011,in,141,-1.23747,36.808899
10000114011,in,142,-1.237781,36.809677
10000114011,in,143,-1.239704,36.812176
10000114011,in,144,-1.24054,36.813126
10000114011,in,145,-1.241199,36.813461
10000114011,in,146,-1.24374,36.813988
10000114011,in,147,-1.244025,36.814182
10000114011,in,148,-1.244626,36.814724
10000114011,in,149,-1.244821,36.814831
10000114011,in,150,-1.247592,36.815907
10000114011,in,151,-1.247946,36.816116
10000114011,in,152,-1.248356,36.81649
10000114011,in,153,-1.248486,36.816704
10000114011,in,154,-1.248585,36.817013
10000114011,in,155,-1.248755,36.818012
10000114011,in,156,-1.248972,36.818714
10000114011,in,157,-1.249119,36.819607
10000114011,in,158,-1.249408,36.820629
10000114011,in,159,-1.249597,36.821072
10000114011,in,160,-1.249738,36.821247
10000114011,in,161,-1.249943,36.821369
10000114011,in,162,-1.249943,36.821369
10000114011,in,163,-1.250057,36.82143
10000114011,in,164,-1.25017,36.821354
10000114011,in,165,-1.250448,36.820004
10000114011,in,166,-1.250448,36.81971
10000114011,in,167,-1.251198,36.818192
10000114011,in,168,-1.251528,36.817673
10000114011,in,169,-1.251741,36.817616
10000114011,in,170,-1.251861,36.817646
10000114011,in,171,-1.252044,36.817806
10000114011,in,172,-1.252084,36.817993
10000114011,in,173,-1.252087,36.818527
10000114011,in,174,-1.251991,36.819378
10000114011,in,175,-1.252051,36.819695
10000114011,in,176,-1.252279,36.820084
10000114011,in,177,-1.252678,36.820538
10000114011,in,178,-1.253378,36.821648
10000114011,in,179,-1.254466,36.823166
10000114011,in,180,-1.254867,36.823956
10000114011,in,181,-1.25514,36.824978
10000114011,in,182,-1.255465,36.825523
10000114011,in,183,-1.255609,36.825718
10000114011,in,184,-1.255802,36.825859
10000114011,in,185,-1.256655,36.826275
10000114011,in,186,-1.257805,36.826935
10000114011,in,187,-1.25824,36.827095
10000114011,in,188,-1.258702,36.826958
10000114011,in,189,-1.25976,36.826519
10000114011,in,190,-1.265158,36.824097
10000114011,in,191,-1.266678,36.823067
10000114011,in,192,-1.267178,36.82259
10000114011,in,193,-1.26768,36.8218
10000114011,in,194,-1.268356,36.821049
10000114011,in,195,-1.26889,36.820644
10000114011,in,196,-1.269291,36.820499
10000114011,in,197,-1.270172,36.820503
10000114011,in,198,-1.270388,36.82058
10000114011,in,199,-1.271503,36.821945
10000114011,in,200,-1.273117,36.822968
10000114011,in,201,-1.273841,36.823505
10000114011,in,202,-1.273979,36.823463
80000114011,out,0,-1.274368,36.823322
80000114011,out,1,-1.273988,36.823406
80000114011,out,2,-1.273988,36.823406
80000114011,out,3,-1.271641,36.821972
80000114011,out,4,-1.270562,36.820671
80000114011,out,5,-1.270312,36.820465
80000114011,out,6,-1.269301,36.820415
80000114011,out,7,-1.269301,36.820415
80000114011,out,8,-1.269144,36.820263
80000114011,out,9,-1.26911,36.820129
80000114011,out,10,-1.269237,36.819645
80000114011,out,11,-1.269237,36.819645
80000114011,out,12,-1.269334,36.818844
80000114011,out,13,-1.26939,36.817066
80000114011,out,14,-1.269424,36.81673
80000114011,out,15,-1.26954,36.816467
80000114011,out,16,-1.270613,36.815182
80000114011,out,17,-1.271356,36.814842
80000114011,out,18,-1.271931,36.81472
80000114011,out,19,-1.271931,36.81472
80000114011,out,20,-1.272358,36.814625
80000114011,out,21,-1.272358,36.814625
80000114011,out,22,-1.272845,36.81443
80000114011,out,23,-1.273084,36.814201
80000114011,out,24,-1.274017,36.813019
80000114011,out,25,-1.274362,36.812675
80000114011,out,26,-1.274625,36.81225
80000114011,out,27,-1.274926,36.811907
80000114011,out,28,-1.275317,36.811387
80000114011,out,29,-1.275349,36.811011
80000114011,out,30,-1.275172,36.810684
80000114011,out,31,-1.274706,36.810512
80000114011,out,32,-1.274121,36.810523
80000114011,out,33,-1.273735,36.810416
80000114011,out,34,-1.273131,36.809734
80000114011,out,35,-1.272256,36.808544
80000114011,out,36,-1.268087,36.804871
80000114011,out,37,-1.266059,36.803112
80000114011,out,38,-1.265135,36.802376
80000114011,out,39,-1.264798,36.801811
80000114011,out,40,-1.264064,36.801514
80000114011,out,41,-1.263519,36.801075
80000114011,out,42,-1.263519,36.801075
80000114011,out,43,-1.262578,36.800278
80000114011,out,44,-1.26217,36.799805
80000114011,out,45,-1.261908,36.799389
80000114011,out,46,-1.26159,36.79858
80000114011,out,47,-1.261294,36.797588
80000114011,out,48,-1.260887,36.794437
80000114011,out,49,-1.260735,36.792377
80000114011,out,50,-1.260374,36.791157
80000114011,out,51,-1.260085,36.789616
80000114011,out,52,-1.259633,36.785126
80000114011,out,53,-1.259131,36.781364
80000114011,out,54,-1.258971,36.779404
80000114011,out,55,-1.259034,36.778088
80000114011,out,56,-1.25952,36.775063
80000114011,out,57,-1.260907,36.76849
80000114011,out,58,-1.261271,36.767544
80000114011,out,59,-1.262461,36.7658
80000114011,out,60,-1.262863,36.765049
80000114011,out,61,-1.26309,36.764397
80000114011,out,62,-1.263618,36.761616
80000114011,out,63,-1.26413,36.756737
80000114011,out,64,-1.264276,36.753147
80000114011,out,65,-1.264213,36.751045
80000114011,out,66,-1.264298,36.747459
80000114011,out,67,-1.264655,36.738644
80000114011,out,68,-1.264655,36.738644
80000114011,out,69,-1.264698,36.737091
80000114011,out,70,-1.26465,36.7356
80000114011,out,71,-1.26465,36.7356
80000114011,out,72,-1.263965,36.730263
80000114011,out,73,-1.263665,36.729187
80000114011,out,74,-1.263114,36.727962
80000114011,out,75,-1.262288,36.72654
80000114011,out,76,-1.26145,36.725254
80000114011,out,77,-1.261187,36.724705
80000114011,out,78,-1.260894,36.724052
80000114011,out,79,-1.260668,36.72337
80000114011,out,80,-1.260392,36.722263
80000114011,out,81,-1.260233,36.720848
80000114011,out,82,-1.260233,36.719841
80000114011,out,83,-1.260325,36.718948
80000114011,out,84,-1.260457,36.718254
80000114011,out,85,-1.261052,36.715645
80000114011,out,86,-1.261034,36.714417
80000114011,out,87,-1.260907,36.713512
80000114011,out,88,-1.259506,36.705791
80000114011,out,89,-1.258681,36.703251
80000114011,out,90,-1.258681,36.703251
80000114011,out,91,-1.255272,36.69355
80000114011,out,92,-1.25448,36.691505
80000114011,out,93,-1.253683,36.690224
80000114011,out,94,-1.246801,36.680492
80000114011,out,95,-1.246498,36.680138
80000114011,out,96,-1.245162,36.678951
80000114011,out,97,-1.242196,36.676441
80000114011,out,98,-1.241694,36.676132
80000114011,out,99,-1.237284,36.673798
80000114011,out,100,-1.236356,36.673222
80000114011,out,101,-1.235565,36.672405
80000114011,out,102,-1.233642,36.669693
80000114011,out,103,-1.232942,36.668858
80000114011,out,104,-1.232645,36.668606
80000114011,out,105,-1.232314,36.668411
80000114011,out,106,-1.231528,36.668034
80000114011,out,107,-1.230384,36.667591
80000114011,out,108,-1.23003,36.667351
80000114011,out,109,-1.229465,36.666759
80000114011,out,110,-1.228745,36.665546
80000114011,out,111,-1.228357,36.665024
80000114011,out,112,-1.228041,36.6647
80000114011,out,113,-1.227356,36.664249
80000114011,out,114,-1.226602,36.664009
80000114011,out,115,-1.216378,36.662579
80000114011,out,116,-1.215549,36.662376
80000114011,out,117,-1.214965,36.662083
80000114011,out,118,-1.214333,36.66156
80000114011,out,119,-1.212776,36.659817
80000114011,out,120,-1.212056,36.65921
80000114011,out,121,-1.211424,36.65889
80000114011,out,122,-1.19879,36.65377
80000114011,out,123,-1.198564,36.65361
80000114011,out,124,-1.196207,36.652653
80000114011,out,125,-1.19551,36.652328
80000114011,out,126,-1.194428,36.651653
80000114011,out,127,-1.193076,36.650711
80000114011,out,128,-1.193076,36.650711
80000114011,out,129,-1.192926,36.650928
80000114011,out,130,-1.19284,36.650948
80000114011,out,131,-1.192106,36.650314
80000114011,out,132,-1.188181,36.649349
80000114011,out,133,-1.188181,36.649349
80000114011,out,134,-1.188131,36.648949
80000114011,out,135,-1.188289,36.648323
80000114011,out,136,-1.188206,36.648117
80000114011,out,137,-1.188311,36.647964
80000114011,out,138,-1.18811,36.647751
80000114011,out,139,-1.179556,36.643658
80000114011,out,140,-1.179556,36.643658
80000114011,out,141,-1.179512,36.643764
80000114011,out,142,-1.179512,36.643764
80000114011,out,143,-1.177432,36.642738
80000114011,out,144,-1.176545,36.64241
80000114011,out,145,-1.176006,36.642292
80000114011,out,146,-1.163654,36.640293
80000114011,out,147,-1.150172,36.638031
80000114011,out,148,-1.142689,36.636841
80000114011,out,149,-1.138687,36.63615
80000114011,out,150,-1.135235,36.635448
80000114011,out,151,-1.134853,36.635429
80000114011,out,152,-1.130513,36.634338
80000114011,out,153,-1.126177,36.633095
80000114011,out,154,-1.123009,36.632069
80000114011,out,155,-1.1209,36.631561
80000114011,out,156,-1.119814,36.631409
80000114011,out,157,-1.117987,36.631306
80000114011,out,158,-1.113764,36.631451
80000114011,out,159,-1.111436,36.631393
80000114011,out,160,-1.109733,36.631226
80000114011,out,161,-1.107718,36.630806
80000114011,out,162,-1.107718,36.630806
80000114011,out,163,-1.1075,36.630608
80000114011,out,164,-1.107449,36.630421
80000114011,out,165,-1.107569,36.630013
80000114011,out,166,-1.107843,36.629684
80000114011,out,167,-1.108051,36.629608
80000114011,out,168,-1.108349,36.629578
80000114011,out,169,-1.109082,36.629688
80000114011,out,170,-1.108743,36.632065
80000114011,out,171,-1.108649,36.632549
80000114011,out,172,-1.108486,36.632969
80000114011,out,173,-1.108033,36.63361
80000114011,out,174,-1.107728,36.633835
80000114011,out,175,-1.10605,36.63464
80000114011,out,176,-1.105869,36.634838
80000114011,out,177,-1.105698,36.635265
80000114011,out,178,-1.105596,36.635815
80000114011,out,179,-1.105596,36.636505
80000114011,out,180,-1.105822,36.637112
80000114011,out,181,-1.106146,36.637577
80000114011,out,182,-1.107843,36.63937
80000114011,out,183,-1.108036,36.639854
80000114011,out,184,-1.10833,36.641743
80000114011,out,185,-1.108532,36.642216
80000114011,out,186,-1.108819,36.642605
80000114011,out,187,-1.109804,36.643536
80000114011,out,188,-1.109804,36.643536
80000114011,out,189,-1.107825,36.643925
80000114011,in,0,-1.107825,36.643925
80000114011,in,1,-1.109804,36.643536
80000114011,in,2,-1.109804,36.643536
80000114011,in,3,-1.108819,36.642605
80000114011,in,4,-1.108532,36.642216
80000114011,in,5,-1.10833,36.641743
80000114011,in,6,-1.108036,36.639854
80000114011,in,7,-1.107843,36.63937
80000114011,in,8,-1.106146,36.637577
80000114011,in,9,-1.105822,36.637112
80000114011,in,10,-1.105596,36.636505
80000114011,in,11,-1.105596,36.635815
80000114011,in,12,-1.105698,36.635265
80000114011,in,13,-1.105869,36.634838
80000114011,in,14,-1.10605,36.63464
80000114011,in,15,-1.107728,36.633835
80000114011,in,16,-1.108033,36.63361
80000114011,in,17,-1.108486,36.632969
80000114011,in,18,-1.108646,36.632557
80000114011,in,19,-1.108646,36.632557
80000114011,in,20,-1.109574,36.632736
80000114011,in,21,-1.109898,36.632637
80000114011,in,22,-1.11006,36.632519
80000114011,in,23,-1.110219,36.632275
80000114011,in,24,-1.110328,36.631676
80000114011,in,25,-1.110427,36.631481
80000114011,in,26,-1.110744,36.631329
80000114011,in,27,-1.110744,36.631329
80000114011,in,28,-1.112592,36.631443
80000114011,in,29,-1.113764,36.631451
80000114011,in,30,-1.11738,36.631313
80000114011,in,31,-1.11849,36.631317
80000114011,in,32,-1.119814,36.631409
80000114011,in,33,-1.1209,36.631561
80000114011,in,34,-1.123009,36.632069
80000114011,in,35,-1.126177,36.633095
80000114011,in,36,-1.130513,36.634338
80000114011,in,37,-1.134437,36.635303
80000114011,in,38,-1.135609,36.635696
80000114011,in,39,-1.136756,36.635925
80000114011,in,40,-1.14259,36.636971
80000114011,in,41,-1.15037,36.638149
80000114011,in,42,-1.175365,36.642265
80000114011,in,43,-1.176676,36.642555
80000114011,in,44,-1.178514,36.643383
80000114011,in,45,-1.178935,36.643604
80000114011,in,46,-1.179813,36.644241
80000114011,in,47,-1.180764,36.644726
80000114011,in,48,-1.181945,36.645264
80000114011,in,49,-1.183056,36.645603
80000114011,in,50,-1.184684,36.646454
80000114011,in,51,-1.188507,36.648228
80000114011,in,52,-1.190521,36.649235
80000114011,in,53,-1.192597,36.650482
80000114011,in,54,-1.194873,36.652058
80000114011,in,55,-1.195593,36.652458
80000114011,in,56,-1.198349,36.653633
80000114011,in,57,-1.200994,36.654652
80000114011,in,58,-1.211424,36.65889
80000114011,in,59,-1.212056,36.65921
80000114011,in,60,-1.212776,36.659817
80000114011,in,61,-1.214333,36.66156
80000114011,in,62,-1.214965,36.662083
80000114011,in,63,-1.215549,36.662376
80000114011,in,64,-1.216378,36.662579
80000114011,in,65,-1.226602,36.664009
80000114011,in,66,-1.227356,36.664249
80000114011,in,67,-1.228041,36.6647
80000114011,in,68,-1.228351,36.665016
80000114011,in,69,-1.228745,36.665546
80000114011,in,70,-1.229465,36.666759
80000114011,in,71,-1.23003,36.667351
80000114011,in,72,-1.230571,36.667759
80000114011,in,73,-1.232134,36.66843
80000114011,in,74,-1.232928,36.668987
80000114011,in,75,-1.233338,36.669476
80000114011,in,76,-1.23551,36.67247
80000114011,in,77,-1.236181,36.673199
80000114011,in,78,-1.236819,36.673634
80000114011,in,79,-1.241641,36.676201
80000114011,in,80,-1.242124,36.676502
80000114011,in,81,-1.242908,36.67712
80000114011,in,82,-1.246521,36.680279
80000114011,in,83,-1.251283,36.686954
80000114011,in,84,-1.253587,36.690243
80000114011,in,85,-1.254347,36.691437
80000114011,in,86,-1.254991,36.693066
80000114011,in,87,-1.258933,36.704277
80000114011,in,88,-1.259485,36.706089
80000114011,in,89,-1.26086,36.713993
80000114011,in,90,-1.260886,36.714733
80000114011,in,91,-1.260821,36.715569
80000114011,in,92,-1.260188,36.71859
80000114011,in,93,-1.260067,36.719467
80000114011,in,94,-1.260033,36.720726
80000114011,in,95,-1.260152,36.722099
80000114011,in,96,-1.260357,36.723061
80000114011,in,97,-1.260884,36.724579
80000114011,in,98,-1.261538,36.725838
80000114011,in,99,-1.262721,36.727631
80000114011,in,100,-1.263276,36.728951
80000114011,in,101,-1.263658,36.730293
80000114011,in,102,-1.263788,36.731148
80000114011,in,103,-1.264378,36.735729
80000114011,in,104,-1.264404,36.73774
80000114011,in,105,-1.264139,36.744911
80000114011,in,106,-1.264089,36.748138
80000114011,in,107,-1.263982,36.750744
80000114011,in,108,-1.264084,36.753899
80000114011,in,109,-1.263877,36.757507
80000114011,in,110,-1.263555,36.761044
80000114011,in,111,-1.262937,36.764168
80000114011,in,112,-1.262729,36.764912
80000114011,in,113,-1.262524,36.765411
80000114011,in,114,-1.262245,36.765884
80000114011,in,115,-1.261135,36.767544
80000114011,in,116,-1.260916,36.767944
80000114011,in,117,-1.260736,36.768459
80000114011,in,118,-1.260456,36.769558
80000114011,in,119,-1.259451,36.77454
80000114011,in,120,-1.259213,36.775143
80000114011,in,121,-1.259133,36.775513
80000114011,in,122,-1.259187,36.776329
80000114011,in,123,-1.258918,36.777946
80000114011,in,124,-1.25884,36.779198
80000114011,in,125,-1.258985,36.781376
80000114011,in,126,-1.259443,36.785027
80000114011,in,127,-1.259683,36.787994
80000114011,in,128,-1.26001,36.790375
80000114011,in,129,-1.260487,36.79229
80000114011,in,130,-1.26059,36.79361
80000114011,in,131,-1.260975,36.79686
80000114011,in,132,-1.261132,36.797569
80000114011,in,133,-1.261758,36.799469
80000114011,in,134,-1.261956,36.799854
80000114011,in,135,-1.262207,36.800194
80000114011,in,136,-1.263565,36.801403
80000114011,in,137,-1.264438,36.802006
80000114011,in,138,-1.264438,36.802006
80000114011,in,139,-1.264532,36.802174
80000114011,in,140,-1.264939,36.802326
80000114011,in,141,-1.265082,36.802444
80000114011,in,142,-1.266112,36.803375
80000114011,in,143,-1.266845,36.804214
80000114011,in,144,-1.267475,36.80484
80000114011,in,145,-1.267906,36.805168
80000114011,in,146,-1.272415,36.809128
80000114011,in,147,-1.272893,36.809715
80000114011,in,148,-1.27367,36.811146
80000114011,in,149,-1.274155,36.811852
80000114011,in,150,-1.274977,36.812607
80000114011,in,151,-1.2758,36.813183
80000114011,in,152,-1.2758,36.813183
80000114011,in,153,-1.276335,36.813499
80000114011,in,154,-1.277351,36.813847
80000114011,in,155,-1.279284,36.814152
80000114011,in,156,-1.280059,36.814365
80000114011,in,157,-1.28124,36.814854
80000114011,in,158,-1.281484,36.81501
80000114011,in,159,-1.281484,36.81501
80000114011,in,160,-1.281549,36.815201
80000114011,in,161,-1.280687,36.817047
80000114011,in,162,-1.280079,36.818184
80000114011,in,163,-1.280079,36.818184
80000114011,in,164,-1.279914,36.818687
80000114011,in,165,-1.279967,36.819092
80000114011,in,166,-1.279967,36.819092
80000114011,in,167,-1.27994,36.819355
80000114011,in,168,-1.279254,36.820496
80000114011,in,169,-1.278187,36.82056
80000114011,in,170,-1.277998,36.820667
80000114011,in,171,-1.277715,36.821117
80000114011,in,172,-1.277469,36.821304
80000114011,in,173,-1.277849,36.82082
80000114011,in,174,-1.277218,36.821594
80000114011,in,175,-1.276564,36.822605
80000114011,in,176,-1.276288,36.8228
80000114011,in,177,-1.275368,36.823215
80000114011,in,178,-1.274246,36.823345
80000119A11,out,0,-1.281438,36.822422
80000119A11,out,1,-1.281239,36.822315
80000119A11,out,2,-1.281093,36.822308
80000119A11,out,3,-1.281093,36.822308
80000119A11,out,4,-1.280192,36.821381
80000119A11,out,5,-1.27993,36.821255
80000119A11,out,6,-1.279516,36.821159
80000119A11,out,7,-1.27801,36.821224
80000119A11,out,8,-1.277696,36.821304
80000119A11,out,9,-1.277454,36.821423
80000119A11,out,10,-1.277327,36.821545
80000119A11,out,11,-1.276722,36.822529
80000119A11,out,12,-1.276513,36.822735
80000119A11,out,13,-1.275368,36.823215
80000119A11,out,14,-1.275368,36.823215
80000119A11,out,15,-1.274368,36.823322
80000119A11,out,16,-1.273988,36.823406
80000119A11,out,17,-1.273988,36.823406
80000119A11,out,18,-1.271544,36.82188
80000119A11,out,19,-1.270562,36.820671
80000119A11,out,20,-1.270312,36.820465
80000119A11,out,21,-1.269301,36.820415
80000119A11,out,22,-1.269301,36.820415
80000119A11,out,23,-1.269144,36.820263
80000119A11,out,24,-1.26911,36.820129
80000119A11,out,25,-1.269237,36.819645
80000119A11,out,26,-1.269237,36.819645
80000119A11,out,27,-1.269334,36.818844
80000119A11,out,28,-1.269424,36.81673
80000119A11,out,29,-1.269595,36.816376
80000119A11,out,30,-1.270437,36.815357
80000119A11,out,31,-1.270733,36.815098
80000119A11,out,32,-1.271356,36.814842
80000119A11,out,33,-1.272358,36.814625
80000119A11,out,34,-1.272358,36.814625
80000119A11,out,35,-1.272266,36.814411
80000119A11,out,36,-1.272266,36.814411
80000119A11,out,37,-1.272016,36.814354
80000119A11,out,38,-1.271633,36.814159
80000119A11,out,39,-1.269481,36.812408
80000119A11,out,40,-1.269312,36.812317
80000119A11,out,41,-1.267409,36.812099
80000119A11,out,42,-1.265108,36.811764
80000119A11,out,43,-1.265108,36.811764
80000119A11,out,44,-1.264951,36.811577
80000119A11,out,45,-1.263463,36.809109
80000119A11,out,46,-1.263385,36.808846
80000119A11,out,47,-1.26359,36.807476
80000119A11,out,48,-1.263507,36.806973
80000119A11,out,49,-1.262117,36.803413
80000119A11,out,50,-1.262117,36.803413
80000119A11,out,51,-1.262228,36.803314
80000119A11,out,52,-1.262217,36.803215
80000119A11,out,53,-1.262047,36.803188
80000119A11,out,54,-1.26149,36.803307
80000119A11,out,55,-1.261179,36.802994
80000119A11,out,56,-1.259085,36.801773
80000119A11,out,57,-1.259085,36.801773
80000119A11,out,58,-1.258973,36.801949
80000119A11,out,59,-1.25884,36.802032
80000119A11,out,60,-1.254853,36.802109
80000119A11,out,61,-1.253774,36.802456
80000119A11,out,62,-1.252808,36.80283
80000119A11,out,63,-1.252598,36.802776
80000119A11,out,64,-1.252425,36.802639
80000119A11,out,65,-1.251579,36.801514
80000119A11,out,66,-1.25123,36.801247
80000119A11,out,67,-1.250958,36.801239
80000119A11,out,68,-1.250261,36.801346
80000119A11,out,69,-1.249734,36.801258
80000119A11,out,70,-1.24945,36.800781
80000119A11,out,71,-1.248787,36.79845
80000119A11,out,72,-1.248533,36.797882
80000119A11,out,73,-1.247641,36.796425
80000119A11,out,74,-1.247248,36.795979
80000119A11,out,75,-1.246798,36.79565
80000119A11,out,76,-1.246491,36.795315
80000119A11,out,77,-1.246015,36.79491
80000119A11,out,78,-1.245489,36.794151
80000119A11,out,79,-1.244655,36.793671
80000119A11,out,80,-1.244469,36.793427
80000119A11,out,81,-1.244324,36.792793
80000119A11,out,82,-1.244158,36.792545
80000119A11,out,83,-1.243121,36.792156
80000119A11,out,84,-1.24263,36.792156
80000119A11,out,85,-1.242111,36.791939
80000119A11,out,86,-1.241797,36.791679
80000119A11,out,87,-1.241232,36.790905
80000119A11,out,88,-1.240367,36.790169
80000119A11,out,89,-1.237248,36.783779
80000119A11,out,90,-1.236518,36.781113
80000119A11,out,91,-1.234788,36.777588
80000119A11,out,92,-1.234188,36.775784
80000119A11,out,93,-1.233781,36.773479
80000119A11,out,94,-1.233781,36.773479
80000119A11,out,95,-1.233709,36.770855
80000119A11,out,96,-1.23357,36.768734
80000119A11,out,97,-1.233513,36.768372
80000119A11,out,98,-1.232824,36.766247
80000119A11,out,99,-1.232606,36.765377
80000119A11,out,100,-1.232612,36.764954
80000119A11,out,101,-1.232867,36.763901
80000119A11,out,102,-1.232749,36.763306
80000119A11,out,103,-1.232584,36.762787
80000119A11,out,104,-1.23241,36.762558
80000119A11,out,105,-1.232055,36.762318
80000119A11,out,106,-1.229666,36.761143
80000119A11,out,107,-1.229595,36.760944
80000119A11,out,108,-1.229532,36.760201
80000119A11,out,109,-1.229424,36.759762
80000119A11,out,110,-1.229298,36.759514
80000119A11,out,111,-1.229021,36.759171
80000119A11,out,112,-1.228703,36.758881
80000119A11,out,113,-1.228211,36.758778
80000119A11,out,114,-1.227503,36.758778
80000119A11,out,115,-1.227053,36.758629
80000119A11,out,116,-1.226348,36.758133
80000119A11,out,117,-1.226194,36.758125
80000119A11,out,118,-1.225979,36.758228
80000119A11,out,119,-1.225792,36.758171
80000119A11,out,120,-1.223794,36.754711
80000119A11,out,121,-1.223646,36.75425
80000119A11,out,122,-1.223413,36.753025
80000119A11,out,123,-1.222901,36.751057
80000119A11,out,124,-1.222812,36.750278
80000119A11,out,125,-1.222507,36.749897
80000119A11,out,126,-1.222018,36.748775
80000119A11,out,127,-1.222116,36.74781
80000119A11,out,128,-1.220988,36.746044
80000119A11,out,129,-1.220967,36.745978
80000119A11,out,130,-1.22093,36.745925
80000119A11,out,131,-1.220876,36.74586
80000119A11,out,132,-1.220844,36.745801
80000119A11,out,133,-1.220812,36.745737
80000119A11,out,134,-1.220769,36.745678
80000119A11,out,135,-1.220726,36.745597
80000119A11,out,136,-1.220683,36.745528
80000119A11,out,137,-1.220613,36.745431
80000119A11,out,138,-1.220554,36.745292
80000119A11,out,139,-1.220468,36.745147
80000119A11,out,140,-1.220393,36.745018
80000119A11,out,141,-1.220334,36.744884
80000119A11,out,142,-1.220265,36.744728
80000119A11,out,143,-1.220222,36.744568
80000119A11,out,144,-1.2202,36.744412
80000119A11,out,145,-1.220157,36.744187
80000119A11,out,146,-1.220179,36.744165
80000119A11,out,147,-1.220163,36.743945
80000119A11,out,148,-1.220147,36.743656
80000119A11,out,149,-1.220139,36.743576
80000119A11,out,150,-1.220136,36.743503
80000119A11,out,151,-1.220128,36.743433
80000119A11,out,152,-1.220129,36.743465
80000119A11,out,153,-1.220096,36.742996
80000119A11,out,154,-1.219662,36.741421
80000119A11,out,155,-1.219195,36.739101
80000119A11,out,156,-1.219088,36.738796
80000119A11,in,0,-1.219088,36.738796
80000119A11,in,1,-1.219195,36.739101
80000119A11,in,2,-1.219662,36.741421
80000119A11,in,3,-1.220096,36.742996
80000119A11,in,4,-1.220129,36.743465
80000119A11,in,5,-1.220125,36.743516
80000119A11,in,6,-1.220114,36.743564
80000119A11,in,7,-1.220125,36.743623
80000119A11,in,8,-1.220125,36.743688
80000119A11,in,9,-1.22012,36.743725
80000119A11,in,10,-1.22013,36.74379
80000119A11,in,11,-1.22013,36.743854
80000119A11,in,12,-1.220136,36.74394
80000119A11,in,13,-1.220141,36.744015
80000119A11,in,14,-1.220147,36.744106
80000119A11,in,15,-1.220152,36.744181
80000119A11,in,16,-1.220157,36.744262
80000119A11,in,17,-1.220168,36.744326
80000119A11,in,18,-1.220179,36.74439
80000119A11,in,19,-1.220179,36.744455
80000119A11,in,20,-1.2202,36.744541
80000119A11,in,21,-1.220206,36.744621
80000119A11,in,22,-1.220216,36.744696
80000119A11,in,23,-1.220243,36.744771
80000119A11,in,24,-1.220275,36.744852
80000119A11,in,25,-1.220307,36.744905
80000119A11,in,26,-1.220334,36.74497
80000119A11,in,27,-1.220366,36.745034
80000119A11,in,28,-1.220393,36.745093
80000119A11,in,29,-1.220436,36.745158
80000119A11,in,30,-1.220484,36.745254
80000119A11,in,31,-1.220533,36.745329
80000119A11,in,32,-1.220586,36.74542
80000119A11,in,33,-1.220635,36.745501
80000119A11,in,34,-1.220672,36.745581
80000119A11,in,35,-1.22072,36.745656
80000119A11,in,36,-1.220758,36.745732
80000119A11,in,37,-1.220806,36.745791
80000119A11,in,38,-1.22086,36.745876
80000119A11,in,39,-1.220908,36.745941
80000119A11,in,40,-1.220946,36.746011
80000119A11,in,41,-1.220988,36.746044
80000119A11,in,42,-1.222116,36.74781
80000119A11,in,43,-1.222018,36.748775
80000119A11,in,44,-1.222507,36.749897
80000119A11,in,45,-1.222812,36.750278
80000119A11,in,46,-1.222901,36.751057
80000119A11,in,47,-1.223413,36.753025
80000119A11,in,48,-1.223646,36.75425
80000119A11,in,49,-1.223794,36.754711
80000119A11,in,50,-1.225792,36.758171
80000119A11,in,51,-1.225979,36.758228
80000119A11,in,52,-1.226194,36.758125
80000119A11,in,53,-1.226348,36.758133
80000119A11,in,54,-1.227053,36.758629
80000119A11,in,55,-1.227503,36.758778
80000119A11,in,56,-1.228211,36.758778
80000119A11,in,57,-1.228703,36.758881
80000119A11,in,58,-1.229021,36.759171
80000119A11,in,59,-1.229298,36.759514
80000119A11,in,60,-1.229424,36.759762
80000119A11,in,61,-1.229532,36.760201
80000119A11,in,62,-1.229595,36.760944
80000119A11,in,63,-1.229666,36.761143
80000119A11,in,64,-1.232055,36.762318
80000119A11,in,65,-1.23241,36.762558
80000119A11,in,66,-1.232584,36.762787
80000119A11,in,67,-1.232749,36.763306
80000119A11,in,68,-1.232867,36.763901
80000119A11,in,69,-1.232612,36.764954
80000119A11,in,70,-1.232606,36.765377
80000119A11,in,71,-1.232824,36.766247
80000119A11,in,72,-1.233513,36.768372
80000119A11,in,73,-1.23357,36.768734
80000119A11,in,74,-1.233709,36.770855
80000119A11,in,75,-1.233781,36.773479
80000119A11,in,76,-1.233781,36.773479
80000119A11,in,77,-1.234188,36.775784
80000119A11,in,78,-1.234788,36.777588
80000119A11,in,79,-1.236518,36.781113
80000119A11,in,80,-1.237248,36.783779
80000119A11,in,81,-1.240367,36.790169
80000119A11,in,82,-1.241232,36.790905
80000119A11,in,83,-1.241797,36.791679
80000119A11,in,84,-1.242111,36.791939
80000119A11,in,85,-1.24263,36.792156
80000119A11,in,86,-1.243121,36.792156
80000119A11,in,87,-1.244158,36.792545
80000119A11,in,88,-1.244324,36.792793
80000119A11,in,89,-1.244469,36.793427
80000119A11,in,90,-1.244655,36.793671
80000119A11,in,91,-1.245489,36.794151
80000119A11,in,92,-1.246015,36.79491
80000119A11,in,93,-1.246491,36.795315
80000119A11,in,94,-1.246798,36.79565
80000119A11,in,95,-1.247248,36.795979
80000119A11,in,96,-1.247641,36.796425
80000119A11,in,97,-1.248533,36.797882
80000119A11,in,98,-1.248787,36.79845
80000119A11,in,99,-1.24945,36.800781
80000119A11,in,100,-1.249734,36.801258
80000119A11,in,101,-1.250261,36.801346
80000119A11,in,102,-1.250958,36.801239
80000119A11,in,103,-1.25123,36.801247
80000119A11,in,104,-1.251579,36.801514
80000119A11,in,105,-1.252425,36.802639
80000119A11,in,106,-1.252598,36.802776
80000119A11,in,107,-1.252808,36.80283
80000119A11,in,108,-1.253774,36.802456
80000119A11,in,109,-1.254853,36.802109
80000119A11,in,110,-1.25884,36.802032
80000119A11,in,111,-1.258973,36.801949
80000119A11,in,112,-1.259085,36.801773
80000119A11,in,113,-1.259085,36.801773
80000119A11,in,114,-1.261179,36.802994
80000119A11,in,115,-1.26149,36.803307
80000119A11,in,116,-1.26149,36.803307
80000119A11,in,117,-1.261414,36.803413
80000119A11,in,118,-1.261436,36.803478
80000119A11,in,119,-1.261516,36.803547
80000119A11,in,120,-1.261673,36.803543
80000119A11,in,121,-1.262506,36.80444
80000119A11,in,122,-1.262606,36.80463
80000119A11,in,123,-1.263319,36.806454
80000119A11,in,124,-1.263557,36.807198
80000119A11,in,125,-1.26359,36.807476
80000119A11,in,126,-1.263385,36.808846
80000119A11,in,127,-1.263463,36.809109
80000119A11,in,128,-1.264951,36.811577
80000119A11,in,129,-1.264951,36.811577
80000119A11,in,130,-1.264842,36.811615
80000119A11,in,131,-1.264804,36.811798
80000119A11,in,132,-1.264846,36.811905
80000119A11,in,133,-1.264968,36.811985
80000119A11,in,134,-1.265071,36.811932
80000119A11,in,135,-1.265108,36.811764
80000119A11,in,136,-1.269386,36.812344
80000119A11,in,137,-1.271633,36.814159
80000119A11,in,138,-1.271863,36.814423
80000119A11,in,139,-1.271931,36.81472
80000119A11,in,140,-1.271931,36.81472
80000119A11,in,141,-1.272204,36.814808
80000119A11,in,142,-1.272413,36.814991
80000119A11,in,143,-1.272622,36.815262
80000119A11,in,144,-1.272877,36.815868
80000119A11,in,145,-1.273076,36.816189
80000119A11,in,146,-1.273464,36.816658
80000119A11,in,147,-1.274964,36.818275
80000119A11,in,148,-1.276501,36.819832
80000119A11,in,149,-1.27687,36.820301
80000119A11,in,150,-1.277376,36.821178
80000119A11,in,151,-1.277825,36.8218
80000119A11,in,152,-1.277825,36.8218
80000119A11,in,153,-1.278028,36.821857
80000119A11,in,154,-1.278028,36.821857
80000119A11,in,155,-1.27833,36.822002
80000119A11,in,156,-1.278686,36.822044
80000119A11,in,157,-1.279166,36.821861
80000119A11,in,158,-1.279502,36.821541
80000119A11,in,159,-1.279783,36.821423
80000119A11,in,160,-1.28003,36.821487
80000119A11,in,161,-1.280256,36.821629
80000119A11,in,162,-1.280906,36.822269
80000119A11,in,163,-1.28101,36.822449
80000119A11,in,164,-1.28101,36.822449
80000119A11,in,165,-1.281116,36.82275
10100011A11,out,0,-1.282764,36.825069
10100011A11,out,1,-1.283306,36.82465
10100011A11,out,2,-1.283306,36.82465
10100011A11,out,3,-1.2819,36.822906
10100011A11,out,4,-1.281648,36.822674
10100011A11,out,5,-1.281648,36.822674
10100011A11,out,6,-1.281392,36.822384
10100011A11,out,7,-1.281093,36.822308
10100011A11,out,8,-1.280954,36.822201
10100011A11,out,9,-1.280369,36.821541
10100011A11,out,10,-1.280192,36.821381
10100011A11,out,11,-1.27993,36.821255
10100011A11,out,12,-1.279516,36.821159
10100011A11,out,13,-1.27801,36.821224
10100011A11,out,14,-1.277696,36.821304
10100011A11,out,15,-1.277454,36.821423
10100011A11,out,16,-1.277327,36.821545
10100011A11,out,17,-1.276722,36.822529
10100011A11,out,18,-1.276513,36.822735
10100011A11,out,19,-1.275368,36.823215
10100011A11,out,20,-1.275368,36.823215
10100011A11,out,21,-1.274368,36.823322
10100011A11,out,22,-1.273988,36.823406
10100011A11,out,23,-1.273988,36.823406
10100011A11,out,24,-1.271641,36.821972
10100011A11,out,25,-1.270562,36.820671
10100011A11,out,26,-1.270312,36.820465
10100011A11,out,27,-1.269804,36.820412
10100011A11,out,28,-1.269016,36.820438
10100011A11,out,29,-1.268654,36.820595
10100011A11,out,30,-1.268265,36.820934
10100011A11,out,31,-1.267112,36.822647
10100011A11,out,32,-1.266643,36.823093
10100011A11,out,33,-1.265142,36.824142
10100011A11,out,34,-1.262944,36.825115
10100011A11,out,35,-1.262944,36.825115
10100011A11,out,36,-1.259866,36.818012
10100011A11,out,37,-1.256822,36.810791
10100011A11,in,0,-1.256818,36.81078
10100011A11,in,1,-1.259866,36.818012
10100011A11,in,2,-1.262944,36.825115
10100011A11,in,3,-1.262944,36.825115
10100011A11,in,4,-1.264876,36.82428
10100011A11,in,5,-1.265589,36.823841
10100011A11,in,6,-1.267004,36.82283
10100011A11,in,7,-1.26716,36.822674
10100011A11,in,8,-1.268104,36.821323
10100011A11,in,9,-1.26856,36.820869
10100011A11,in,10,-1.269002,36.820614
10100011A11,in,11,-1.26959,36.820534
10100011A11,in,12,-1.270123,36.820534
10100011A11,in,13,-1.270423,36.820679
10100011A11,in,14,-1.270576,36.820793
10100011A11,in,15,-1.271496,36.82193
10100011A11,in,16,-1.273403,36.823135
10100011A11,in,17,-1.27359,36.82333
10100011A11,in,18,-1.274231,36.824306
10100011A11,in,19,-1.274273,36.824577
10100011A11,in,20,-1.274273,36.824577
10100011A11,in,21,-1.271894,36.827785
10100011A11,in,22,-1.269016,36.832413
10100011A11,in,23,-1.268624,36.832882
10100011A11,in,24,-1.267015,36.834183
10100011A11,in,25,-1.267015,36.834183
10100011A11,in,26,-1.266994,36.834351
10100011A11,in,27,-1.268938,36.832718
10100011A11,in,28,-1.269442,36.832008
10100011A11,in,29,-1.272132,36.827644
10100011A11,in,30,-1.274102,36.824978
10100011A11,in,31,-1.275466,36.82338
10100011A11,in,32,-1.276723,36.822781
10100011A11,in,33,-1.277186,36.822029
10100011A11,in,34,-1.277186,36.822029
10100011A11,in,35,-1.277304,36.821709
10100011A11,in,36,-1.277492,36.82151
10100011A11,in,37,-1.277822,36.821342
10100011A11,in,38,-1.279468,36.821247
10100011A11,in,39,-1.27993,36.821365
10100011A11,in,40,-1.280391,36.82164
10100011A11,in,41,-1.281037,36.822353
10100011A11,in,42,-1.281037,36.822353
10100011A11,in,43,-1.281019,36.822552
10100011A11,in,44,-1.281116,36.82275
10100011A11,in,45,-1.281378,36.822975
10100011A11,in,46,-1.281587,36.822884
10100011A11,in,47,-1.2818,36.822948
10100011A11,in,48,-1.283236,36.824707
10100011A11,in,49,-1.283236,36.824707
10100011A11,in,50,-1.283081,36.824821
80000011B11,out,0,-1.281372,36.822372
80000011B11,out,1,-1.281093,36.822308
80000011B11,out,2,-1.281093,36.822308
80000011B11,out,3,-1.280192,36.821381
80000011B11,out,4,-1.27993,36.821255
80000011B11,out,5,-1.279516,36.821159
80000011B11,out,6,-1.27801,36.821224
80000011B11,out,7,-1.277696,36.821304
80000011B11,out,8,-1.277454,36.821423
80000011B11,out,9,-1.277327,36.821545
80000011B11,out,10,-1.276722,36.822529
80000011B11,out,11,-1.276513,36.822735
80000011B11,out,12,-1.275368,36.823215
80000011B11,out,13,-1.275368,36.823215
80000011B11,out,14,-1.274368,36.823322
80000011B11,out,15,-1.273988,36.823406
80000011B11,out,16,-1.273988,36.823406
80000011B11,out,17,-1.271641,36.821972
80000011B11,out,18,-1.270562,36.820671
80000011B11,out,19,-1.270312,36.820465
80000011B11,out,20,-1.269301,36.820415
80000011B11,out,21,-1.269301,36.820415
80000011B11,out,22,-1.269144,36.820263
80000011B11,out,23,-1.26911,36.820129
80000011B11,out,24,-1.269237,36.819645
80000011B11,out,25,-1.269237,36.819645
80000011B11,out,26,-1.269334,36.818844
80000011B11,out,27,-1.269424,36.81673
80000011B11,out,28,-1.269595,36.816376
80000011B11,out,29,-1.270437,36.815357
80000011B11,out,30,-1.270733,36.815098
80000011B11,out,31,-1.271356,36.814842
80000011B11,out,32,-1.272358,36.814625
80000011B11,out,33,-1.272358,36.814625
80000011B11,out,34,-1.272266,36.814411
80000011B11,out,35,-1.272266,36.814411
80000011B11,out,36,-1.272016,36.814354
80000011B11,out,37,-1.271633,36.814159
80000011B11,out,38,-1.269481,36.812408
80000011B11,out,39,-1.269312,36.812317
80000011B11,out,40,-1.267409,36.812099
80000011B11,out,41,-1.265108,36.811764
80000011B11,out,42,-1.265108,36.811764
80000011B11,out,43,-1.264951,36.811577
80000011B11,out,44,-1.263463,36.809109
80000011B11,out,45,-1.263385,36.808846
80000011B11,out,46,-1.26359,36.807476
80000011B11,out,47,-1.263507,36.806973
80000011B11,in,0,-1.262205,36.803566
80000011B11,in,1,-1.262117,36.803413
80000011B11,in,2,-1.262117,36.803413
80000011B11,in,3,-1.262241,36.803268
80000011B11,in,4,-1.26217,36.803192
80000011B11,in,5,-1.26149,36.803307
80000011B11,in,6,-1.261414,36.803413
80000011B11,in,7,-1.261516,36.803547
80000011B11,in,8,-1.261673,36.803543
80000011B11,in,9,-1.262506,36.80444
80000011B11,in,10,-1.262606,36.80463
80000011B11,in,11,-1.263319,36.806454
80000011B11,in,12,-1.263557,36.807198
80000011B11,in,13,-1.26359,36.807476
80000011B11,in,14,-1.263385,36.808846
80000011B11,in,15,-1.263463,36.809109
80000011B11,in,16,-1.264951,36.811577
80000011B11,in,17,-1.264951,36.811577
80000011B11,in,18,-1.264842,36.811615
80000011B11,in,19,-1.264804,36.811798
80000011B11,in,20,-1.264846,36.811905
80000011B11,in,21,-1.264968,36.811985
80000011B11,in,22,-1.265071,36.811932
80000011B11,in,23,-1.265108,36.811764
80000011B11,in,24,-1.269405,36.812355
80000011B11,in,25,-1.271633,36.814159
80000011B11,in,26,-1.271863,36.814423
80000011B11,in,27,-1.271931,36.81472
80000011B11,in,28,-1.271931,36.81472
80000011B11,in,29,-1.272204,36.814808
80000011B11,in,30,-1.272413,36.814991
80000011B11,in,31,-1.272622,36.815262
80000011B11,in,32,-1.272877,36.815868
80000011B11,in,33,-1.273076,36.816189
80000011B11,in,34,-1.27347,36.816654
80000011B11,in,35,-1.276503,36.819828
80000011B11,in,36,-1.276871,36.820297
80000011B11,in,37,-1.277376,36.821178
80000011B11,in,38,-1.277825,36.8218
80000011B11,in,39,-1.277825,36.8218
80000011B11,in,40,-1.278028,36.821857
80000011B11,in,41,-1.278028,36.821857
80000011B11,in,42,-1.27833,36.822002
80000011B11,in,43,-1.278686,36.822044
80000011B11,in,44,-1.279166,36.821861
80000011B11,in,45,-1.279502,36.821541
80000011B11,in,46,-1.279783,36.821423
80000011B11,in,47,-1.28003,36.821487
80000011B11,in,48,-1.280256,36.821629
80000011B11,in,49,-1.280906,36.822269
80000011B11,in,50,-1.28101,36.822449
80000011B11,in,51,-1.28101,36.822449
80000011B11,in,52,-1.281116,36.82275
80000011B11,in,53,-1.280939,36.822895
30100011C11,out,0,-1.282459,36.825275
30100011C11,out,1,-1.281553,36.825909
30100011C11,out,2,-1.281553,36.825909
30100011C11,out,3,-1.281393,36.825615
30100011C11,out,4,-1.281378,36.822975
30100011C11,out,5,-1.281378,36.822975
30100011C11,out,6,-1.281539,36.822926
30100011C11,out,7,-1.281658,36.822796
30100011C11,out,8,-1.281648,36.822674
30100011C11,out,9,-1.281553,36.822525
30100011C11,out,10,-1.281392,36.822384
30100011C11,out,11,-1.281093,36.822308
30100011C11,out,12,-1.280954,36.822201
30100011C11,out,13,-1.280192,36.821381
30100011C11,out,14,-1.279736,36.82119
30100011C11,out,15,-1.279077,36.821167
30100011C11,out,16,-1.27801,36.821224
30100011C11,out,17,-1.277516,36.821388
30100011C11,out,18,-1.277327,36.821545
30100011C11,out,19,-1.276722,36.822529
30100011C11,out,20,-1.276513,36.822735
30100011C11,out,21,-1.275368,36.823215
30100011C11,out,22,-1.275368,36.823215
30100011C11,out,23,-1.274631,36.824097
30100011C11,out,24,-1.271894,36.827785
30100011C11,out,25,-1.269016,36.832413
30100011C11,out,26,-1.268624,36.832882
30100011C11,out,27,-1.267015,36.834183
30100011C11,out,28,-1.267015,36.834183
30100011C11,out,29,-1.266994,36.834351
30100011C11,out,30,-1.266994,36.834351
30100011C11,out,31,-1.267053,36.834377
30100011C11,out,32,-1.267211,36.834282
30100011C11,out,33,-1.267211,36.834282
30100011C11,out,34,-1.268785,36.833
30100011C11,out,35,-1.269154,36.832592
30100011C11,out,36,-1.269154,36.832592
30100011C11,out,37,-1.269407,36.832722
30100011C11,out,38,-1.269482,36.832848
30100011C11,out,39,-1.27034,36.835999
30100011C11,out,40,-1.270246,36.836643
30100011C11,out,41,-1.270086,36.837494
30100011C11,out,42,-1.270053,36.837639
30100011C11,out,43,-1.268959,36.84193
30100011C11,out,44,-1.267367,36.843693
30100011C11,out,45,-1.267367,36.843693
30100011C11,out,46,-1.267264,36.84359
30100011C11,out,47,-1.267103,36.843273
30100011C11,out,48,-1.265061,36.838593
30100011C11,in,0,-1.265061,36.838593
30100011C11,in,1,-1.26663,36.836571
30100011C11,in,2,-1.267367,36.836288
30100011C11,in,3,-1.267639,36.836113
30100011C11,in,4,-1.268082,36.835491
30100011C11,in,5,-1.268082,36.835491
30100011C11,in,6,-1.268386,36.835701
30100011C11,in,7,-1.268524,36.835728
30100011C11,in,8,-1.269943,36.8368
30100011C11,in,9,-1.270184,36.836914
30100011C11,in,10,-1.270184,36.836914
30100011C11,in,11,-1.27033,36.836273
30100011C11,in,12,-1.27034,36.835999
30100011C11,in,13,-1.269482,36.832848
30100011C11,in,14,-1.269482,36.832848
30100011C11,in,15,-1.26967,36.832802
30100011C11,in,16,-1.26967,36.832802
30100011C11,in,17,-1.269398,36.83263
30100011C11,in,18,-1.269268,36.832428
30100011C11,in,19,-1.269268,36.832428
30100011C11,in,20,-1.269997,36.831249
30100011C11,in,21,-1.269997,36.831249
30100011C11,in,22,-1.27224,36.827644
30100011C11,in,23,-1.27224,36.827644
30100011C11,in,24,-1.274102,36.825138
30100011C11,in,25,-1.274401,36.824615
30100011C11,in,26,-1.275311,36.823521
30100011C11,in,27,-1.275676,36.823257
30100011C11,in,28,-1.276723,36.822781
30100011C11,in,29,-1.277186,36.822029
30100011C11,in,30,-1.277186,36.822029
30100011C11,in,31,-1.277304,36.821709
30100011C11,in,32,-1.277492,36.82151
30100011C11,in,33,-1.277822,36.821342
30100011C11,in,34,-1.279468,36.821247
30100011C11,in,35,-1.27993,36.821365
30100011C11,in,36,-1.280391,36.82164
30100011C11,in,37,-1.281037,36.822353
30100011C11,in,38,-1.281037,36.822353
30100011C11,in,39,-1.281019,36.822552
30100011C11,in,40,-1.281116,36.82275
30100011C11,in,41,-1.281378,36.822975
30100011C11,in,42,-1.281587,36.822884
30100011C11,in,43,-1.2818,36.822948
30100011C11,in,44,-1.283236,36.824707
30100011C11,in,45,-1.283236,36.824707
30100011C11,in,46,-1.282459,36.825275
10300011F11,out,0,-1.282777,36.825062
10300011F11,out,1,-1.281553,36.825909
10300011F11,out,2,-1.281553,36.825909
10300011F11,out,3,-1.281393,36.825615
10300011F11,out,4,-1.281378,36.822975
10300011F11,out,5,-1.281378,36.822975
10300011F11,out,6,-1.281539,36.822926
10300011F11,out,7,-1.281658,36.822796
10300011F11,out,8,-1.281648,36.822674
10300011F11,out,9,-1.281553,36.822525
10300011F11,out,10,-1.281392,36.822384
10300011F11,out,11,-1.281093,36.822308
10300011F11,out,12,-1.280954,36.822201
10300011F11,out,13,-1.280192,36.821381
10300011F11,out,14,-1.279736,36.82119
10300011F11,out,15,-1.279077,36.821167
10300011F11,out,16,-1.27801,36.821224
10300011F11,out,17,-1.277516,36.821388
10300011F11,out,18,-1.277327,36.821545
10300011F11,out,19,-1.276722,36.822529
10300011F11,out,20,-1.276513,36.822735
10300011F11,out,21,-1.275368,36.823215
10300011F11,out,22,-1.275368,36.823215
10300011F11,out,23,-1.274368,36.823322
10300011F11,out,24,-1.273988,36.823406
10300011F11,out,25,-1.273988,36.823406
10300011F11,out,26,-1.271641,36.821972
10300011F11,out,27,-1.270562,36.820671
10300011F11,out,28,-1.270312,36.820465
10300011F11,out,29,-1.269804,36.820412
10300011F11,out,30,-1.269112,36.820427
10300011F11,out,31,-1.268756,36.820534
10300011F11,out,32,-1.268265,36.820934
10300011F11,out,33,-1.267112,36.822647
10300011F11,out,34,-1.266678,36.823067
10300011F11,out,35,-1.265142,36.824142
10300011F11,out,36,-1.258543,36.827106
10300011F11,out,37,-1.258286,36.827156
10300011F11,out,38,-1.258125,36.827118
10300011F11,out,39,-1.256637,36.826275
10300011F11,out,40,-1.255678,36.825836
10300011F11,out,41,-1.25514,36.824978
10300011F11,out,42,-1.254792,36.823769
10300011F11,out,43,-1.254578,36.823364
10300011F11,out,44,-1.253137,36.821369
10300011F11,out,45,-1.252546,36.820366
10300011F11,out,46,-1.25213,36.819859
10300011F11,out,47,-1.252052,36.819401
10300011F11,out,48,-1.252111,36.818111
10300011F11,out,49,-1.252021,36.817787
10300011F11,out,50,-1.251853,36.817677
10300011F11,out,51,-1.25165,36.817657
10300011F11,out,52,-1.25146,36.817795
10300011F11,out,53,-1.250554,36.819576
10300011F11,out,54,-1.250178,36.82103
10300011F11,out,55,-1.249963,36.82122
10300011F11,out,56,-1.24971,36.821178
10300011F11,out,57,-1.249537,36.820942
10300011F11,out,58,-1.249244,36.820068
10300011F11,out,59,-1.248972,36.818714
10300011F11,out,60,-1.248674,36.817688
10300011F11,out,61,-1.248566,36.817036
10300011F11,out,62,-1.248473,36.81675
10300011F11,out,63,-1.248302,36.816509
10300011F11,out,64,-1.248016,36.816242
10300011F11,out,65,-1.247561,36.815952
10300011F11,out,66,-1.244633,36.8148
10300011F11,out,67,-1.243825,36.814056
10300011F11,out,68,-1.243693,36.813995
10300011F11,out,69,-1.241228,36.813534
10300011F11,out,70,-1.24091,36.8134
10300011F11,out,71,-1.240624,36.81321
10300011F11,out,72,-1.239809,36.812305
10300011F11,out,73,-1.238417,36.810501
10300011F11,out,74,-1.237996,36.809872
10300011F11,out,75,-1.237727,36.809437
10300011F11,out,76,-1.235138,36.804386
10300011F11,out,77,-1.234813,36.803909
10300011F11,out,78,-1.234461,36.80365
10300011F11,out,79,-1.233276,36.803177
10300011F11,out,80,-1.232821,36.803101
10300011F11,out,81,-1.232281,36.80315
10300011F11,out,82,-1.227588,36.804913
10300011F11,out,83,-1.227154,36.805038
10300011F11,out,84,-1.226551,36.805061
10300011F11,out,85,-1.22453,36.804359
10300011F11,out,86,-1.224088,36.804077
10300011F11,out,87,-1.223886,36.803879
10300011F11,out,88,-1.223314,36.80283
10300011F11,out,89,-1.222731,36.80196
10300011F11,out,90,-1.221945,36.801506
10300011F11,out,91,-1.221495,36.801418
10300011F11,out,92,-1.22073,36.801464
10300011F11,out,93,-1.219837,36.801765
10300011F11,out,94,-1.219152,36.801842
10300011F11,out,95,-1.218589,36.801762
10300011F11,out,96,-1.21795,36.801418
10300011F11,out,97,-1.21748,36.800919
10300011F11,out,98,-1.21589,36.798466
10300011F11,out,99,-1.215781,36.798241
10300011F11,out,100,-1.215298,36.796627
10300011F11,out,101,-1.214238,36.794483
10300011F11,out,102,-1.213387,36.793091
10300011F11,out,103,-1.212546,36.791901
10300011F11,out,104,-1.212167,36.79147
10300011F11,out,105,-1.20773,36.786804
10300011F11,out,106,-1.20773,36.786804
10300011F11,out,107,-1.207766,36.786556
10300011F11,out,108,-1.207631,36.786156
10300011F11,out,109,-1.207245,36.785667
10300011F11,in,0,-1.20733,36.786243
10300011F11,in,1,-1.207584,36.786648
10300011F11,in,2,-1.20794,36.787056
10300011F11,in,3,-1.210228,36.789387
10300011F11,in,4,-1.212167,36.79147
10300011F11,in,5,-1.212546,36.791901
10300011F11,in,6,-1.213387,36.793091
10300011F11,in,7,-1.214238,36.794483
10300011F11,in,8,-1.215298,36.796627
10300011F11,in,9,-1.215781,36.798241
10300011F11,in,10,-1.21589,36.798466
10300011F11,in,11,-1.21748,36.800919
10300011F11,in,12,-1.21795,36.801418
10300011F11,in,13,-1.218589,36.801762
10300011F11,in,14,-1.219152,36.801842
10300011F11,in,15,-1.219837,36.801765
10300011F11,in,16,-1.22073,36.801464
10300011F11,in,17,-1.221495,36.801418
10300011F11,in,18,-1.221945,36.801506
10300011F11,in,19,-1.222731,36.80196
10300011F11,in,20,-1.223314,36.80283
10300011F11,in,21,-1.223886,36.803879
10300011F11,in,22,-1.224088,36.804077
10300011F11,in,23,-1.22453,36.804359
10300011F11,in,24,-1.226551,36.805061
10300011F11,in,25,-1.227154,36.805038
10300011F11,in,26,-1.227588,36.804913
10300011F11,in,27,-1.232281,36.80315
10300011F11,in,28,-1.232821,36.803101
10300011F11,in,29,-1.233276,36.803177
10300011F11,in,30,-1.234461,36.80365
10300011F11,in,31,-1.234813,36.803909
10300011F11,in,32,-1.235138,36.804386
10300011F11,in,33,-1.237727,36.809437
10300011F11,in,34,-1.237996,36.809872
10300011F11,in,35,-1.238417,36.810501
10300011F11,in,36,-1.239809,36.812305
10300011F11,in,37,-1.240624,36.81321
10300011F11,in,38,-1.24091,36.8134
10300011F11,in,39,-1.241228,36.813534
10300011F11,in,40,-1.243693,36.813995
10300011F11,in,41,-1.243825,36.814056
10300011F11,in,42,-1.244633,36.8148
10300011F11,in,43,-1.247561,36.815952
10300011F11,in,44,-1.248016,36.816242
10300011F11,in,45,-1.248302,36.816509
10300011F11,in,46,-1.248473,36.81675
10300011F11,in,47,-1.248566,36.817036
10300011F11,in,48,-1.248674,36.817688
10300011F11,in,49,-1.248972,36.818714
10300011F11,in,50,-1.249244,36.820068
10300011F11,in,51,-1.249537,36.820942
10300011F11,in,52,-1.24971,36.821178
10300011F11,in,53,-1.249963,36.82122
10300011F11,in,54,-1.250178,36.82103
10300011F11,in,55,-1.250554,36.819576
10300011F11,in,56,-1.25146,36.817795
10300011F11,in,57,-1.25165,36.817657
10300011F11,in,58,-1.251853,36.817677
10300011F11,in,59,-1.252021,36.817787
10300011F11,in,60,-1.252111,36.818111
10300011F11,in,61,-1.252052,36.819401
10300011F11,in,62,-1.25213,36.819859
10300011F11,in,63,-1.252546,36.820366
10300011F11,in,64,-1.253137,36.821369
10300011F11,in,65,-1.254578,36.823364
10300011F11,in,66,-1.254792,36.823769
10300011F11,in,67,-1.25514,36.824978
10300011F11,in,68,-1.255678,36.825836
10300011F11,in,69,-1.256637,36.826275
10300011F11,in,70,-1.258125,36.827118
10300011F11,in,71,-1.258286,36.827156
10300011F11,in,72,-1.258543,36.827106
10300011F11,in,73,-1.265142,36.824142
10300011F11,in,74,-1.267004,36.82283
10300011F11,in,75,-1.26716,36.822674
10300011F11,in,76,-1.268097,36.821331
10300011F11,in,77,-1.268097,36.821331
10300011F11,in,78,-1.268255,36.821297
10300011F11,in,79,-1.26844,36.821323
10300011F11,in,80,-1.268528,36.821392
10300011F11,in,81,-1.268581,36.821594
10300011F11,in,82,-1.268709,36.8241
10300011F11,in,83,-1.268595,36.825039
10300011F11,in,84,-1.268595,36.825039
10300011F11,in,85,-1.26847,36.825439
10300011F11,in,86,-1.267984,36.82803
10300011F11,in,87,-1.267219,36.831387
10300011F11,in,88,-1.267219,36.831387
10300011F11,in,89,-1.266718,36.833633
10300011F11,in,90,-1.266786,36.83403
10300011F11,in,91,-1.266905,36.833988
10300011F11,in,92,-1.26722,36.832813
10300011F11,in,93,-1.26722,36.832813
10300011F11,in,94,-1.268426,36.833057
10300011F11,in,95,-1.268426,36.833057
10300011F11,in,96,-1.267015,36.834183
10300011F11,in,97,-1.267015,36.834183
10300011F11,in,98,-1.266994,36.834351
10300011F11,in,99,-1.268938,36.832718
10300011F11,in,100,-1.269442,36.832008
10300011F11,in,101,-1.272132,36.827644
10300011F11,in,102,-1.274102,36.824978
10300011F11,in,103,-1.275466,36.82338
10300011F11,in,104,-1.276723,36.822781
10300011F11,in,105,-1.277186,36.822029
10300011F11,in,106,-1.277186,36.822029
10300011F11,in,107,-1.277304,36.821709
10300011F11,in,108,-1.277492,36.82151
10300011F11,in,109,-1.277822,36.821342
10300011F11,in,110,-1.279468,36.821247
10300011F11,in,111,-1.27993,36.821365
10300011F11,in,112,-1.280391,36.82164
10300011F11,in,113,-1.281037,36.822353
10300011F11,in,114,-1.281037,36.822353
10300011F11,in,115,-1.281019,36.822552
10300011F11,in,116,-1.281116,36.82275
10300011F11,in,117,-1.281378,36.822975
10300011F11,in,118,-1.281587,36.822884
10300011F11,in,119,-1.2818,36.822948
10300011F11,in,120,-1.283236,36.824707
10300011F11,in,121,-1.283236,36.824707
10300011F11,in,122,-1.283081,36.824821
70400012611,out,0,-1.36084,36.655941
70400012611,out,1,-1.36083,36.655914
70400012611,out,2,-1.36083,36.655914
70400012611,out,3,-1.36168,36.655708
70400012611,out,4,-1.361996,36.65559
70400012611,out,5,-1.362307,36.655388
70400012611,out,6,-1.362307,36.655388
70400012611,out,7,-1.362827,36.656029
70400012611,out,8,-1.36304,36.656212
70400012611,out,9,-1.363366,36.656384
70400012611,out,10,-1.365782,36.657097
70400012611,out,11,-1.367524,36.657677
70400012611,out,12,-1.367524,36.657677
70400012611,out,13,-1.368285,36.658092
70400012611,out,14,-1.37135,36.660297
70400012611,out,15,-1.371826,36.660725
70400012611,out,16,-1.372155,36.661236
70400012611,out,17,-1.372261,36.661552
70400012611,out,18,-1.372319,36.662132
70400012611,out,19,-1.372298,36.662655
70400012611,out,20,-1.372167,36.663254
70400012611,out,21,-1.371951,36.663666
70400012611,out,22,-1.370909,36.665157
70400012611,out,23,-1.370573,36.665924
70400012611,out,24,-1.370517,36.666542
70400012611,out,25,-1.370578,36.668076
70400012611,out,26,-1.370627,36.668739
70400012611,out,27,-1.370729,36.669167
70400012611,out,28,-1.370915,36.669628
70400012611,out,29,-1.37121,36.670063
70400012611,out,30,-1.373921,36.672775
70400012611,out,31,-1.374192,36.673218
70400012611,out,32,-1.374528,36.674187
70400012611,out,33,-1.374945,36.675022
70400012611,out,34,-1.37556,36.675819
70400012611,out,35,-1.375959,36.67617
70400012611,out,36,-1.376132,36.676262
70400012611,out,37,-1.376824,36.676388
70400012611,out,38,-1.382858,36.676891
70400012611,out,39,-1.383791,36.677181
70400012611,out,40,-1.385105,36.677845
70400012611,out,41,-1.387487,36.679245
70400012611,out,42,-1.388715,36.680035
70400012611,out,43,-1.390131,36.681229
70400012611,out,44,-1.391669,36.68269
70400012611,out,45,-1.392774,36.683666
70400012611,out,46,-1.393663,36.684406
70400012611,out,47,-1.394371,36.68491
70400012611,out,48,-1.39512,36.685276
70400012611,out,49,-1.399097,36.686878
70400012611,out,50,-1.400095,36.687214
70400012611,out,51,-1.401041,36.687435
70400012611,out,52,-1.406084,36.688156
70400012611,out,53,-1.407335,36.68811
70400012611,out,54,-1.409136,36.687881
70400012611,out,55,-1.411844,36.687908
70400012611,out,56,-1.412952,36.687965
70400012611,out,57,-1.413656,36.687939
70400012611,out,58,-1.415192,36.68737
70400012611,out,59,-1.4179,36.68615
70400012611,out,60,-1.418792,36.685856
70400012611,out,61,-1.41946,36.685699
70400012611,out,62,-1.420471,36.685566
70400012611,out,63,-1.421021,36.685555
70400012611,out,64,-1.422568,36.685661
70400012611,out,65,-1.42301,36.68557
70400012611,out,66,-1.423556,36.685341
70400012611,out,67,-1.424063,36.685219
70400012611,out,68,-1.42428,36.685226
70400012611,out,69,-1.424736,36.685345
70400012611,out,70,-1.428235,36.686634
70400012611,in,0,-1.428179,36.686615
70400012611,in,1,-1.424736,36.685345
70400012611,in,2,-1.42428,36.685226
70400012611,in,3,-1.424063,36.685219
70400012611,in,4,-1.423556,36.685341
70400012611,in,5,-1.42301,36.68557
70400012611,in,6,-1.422568,36.685661
70400012611,in,7,-1.421021,36.685555
70400012611,in,8,-1.420471,36.685566
70400012611,in,9,-1.41946,36.685699
70400012611,in,10,-1.418792,36.685856
70400012611,in,11,-1.4179,36.68615
70400012611,in,12,-1.415192,36.68737
70400012611,in,13,-1.413656,36.687939
70400012611,in,14,-1.412952,36.687965
70400012611,in,15,-1.411844,36.687908
70400012611,in,16,-1.409136,36.687881
70400012611,in,17,-1.407335,36.68811
70400012611,in,18,-1.406084,36.688156
70400012611,in,19,-1.400662,36.687359
70400012611,in,20,-1.399097,36.686878
70400012611,in,21,-1.39512,36.685276
70400012611,in,22,-1.394371,36.68491
70400012611,in,23,-1.393663,36.684406
70400012611,in,24,-1.392774,36.683666
70400012611,in,25,-1.391669,36.68269
70400012611,in,26,-1.390131,36.681229
70400012611,in,27,-1.388715,36.680035
70400012611,in,28,-1.387487,36.679245
70400012611,in,29,-1.38434,36.677429
70400012611,in,30,-1.38341,36.677036
70400012611,in,31,-1.382858,36.676891
70400012611,in,32,-1.382858,36.676891
70400012611,in,33,-1.376431,36.676346
70400012611,in,34,-1.375959,36.67617
70400012611,in,35,-1.37556,36.675819
70400012611,in,36,-1.375248,36.675446
70400012611,in,37,-1.374945,36.675022
70400012611,in,38,-1.374625,36.674416
70400012611,in,39,-1.374192,36.673218
70400012611,in,40,-1.374061,36.672974
70400012611,in,41,-1.373921,36.672775
70400012611,in,42,-1.37121,36.670063
70400012611,in,43,-1.370836,36.669472
70400012611,in,44,-1.370627,36.668739
70400012611,in,45,-1.370517,36.666542
70400012611,in,46,-1.370573,36.665924
70400012611,in,47,-1.370909,36.665157
70400012611,in,48,-1.371951,36.663666
70400012611,in,49,-1.372167,36.663254
70400012611,in,50,-1.372298,36.662655
70400012611,in,51,-1.372319,36.662132
70400012611,in,52,-1.372261,36.661552
70400012611,in,53,-1.372155,36.661236
70400012611,in,54,-1.371826,36.660725
70400012611,in,55,-1.37135,36.660297
70400012611,in,56,-1.368285,36.658092
70400012611,in,57,-1.367524,36.657677
70400012611,in,58,-1.367524,36.657677
70400012611,in,59,-1.365782,36.657097
70400012611,in,60,-1.363366,36.656384
70400012611,in,61,-1.36304,36.656212
70400012611,in,62,-1.362827,36.656029
70400012611,in,63,-1.362307,36.655388
70400012611,in,64,-1.362307,36.655388
70400012611,in,65,-1.361996,36.65559
70400012611,in,66,-1.36168,36.655708
70400012611,in,67,-1.360488,36.656006
50205012601,out,0,-1.396541,36.749866
50205012601,out,1,-1.396576,36.750064
50205012601,out,2,-1.396619,36.750144
50205012601,out,3,-1.39666,36.750227
50205012601,out,4,-1.396705,36.750327
50205012601,out,5,-1.396751,36.750378
50205012601,out,6,-1.395417,36.731808
50205012601,out,7,-1.395452,36.731312
50205012601,out,8,-1.395936,36.729027
50205012601,out,9,-1.39637,36.728016
50205012601,out,10,-1.396732,36.727428
50205012601,out,11,-1.396976,36.727139
50205012601,out,12,-1.40066,36.723377
50205012601,out,13,-1.401289,36.72224
50205012601,out,14,-1.402408,36.719959
50205012601,out,15,-1.402844,36.719315
50205012601,out,16,-1.406607,36.715294
50205012601,out,17,-1.408752,36.713196
50205012601,out,18,-1.409593,36.712547
50205012601,out,19,-1.40995,36.712372
50205012601,out,20,-1.411118,36.711964
50205012601,out,21,-1.414744,36.711151
50205012601,out,22,-1.415486,36.710957
50205012601,out,23,-1.415844,36.710808
50205012601,out,24,-1.416373,36.710365
50205012601,out,25,-1.418096,36.70853
50205012601,out,26,-1.418399,36.708157
50205012601,out,27,-1.418744,36.7076
50205012601,out,28,-1.419309,36.706219
50205012601,out,29,-1.420079,36.704563
50205012601,out,30,-1.422293,36.699123
50205012601,out,31,-1.422548,36.698292
50205012601,out,32,-1.422692,36.69714
50205012601,out,33,-1.422838,36.69659
50205012601,out,34,-1.423385,36.695812
50205012601,out,35,-1.428109,36.69014
50205012601,out,36,-1.429155,36.689236
50205012601,out,37,-1.429592,36.688755
50205012601,out,38,-1.429861,36.688396
50205012601,out,39,-1.430452,36.687408
50205012601,out,40,-1.430452,36.687408
50205012601,out,41,-1.429671,36.687119
50205012601,out,42,-1.429671,36.687119
50205012601,out,43,-1.430204,36.686035
50205012601,out,44,-1.430204,36.686035
50205012601,out,45,-1.429639,36.685814
50205012601,in,0,-1.429639,36.685814
50205012601,in,1,-1.430204,36.686035
50205012601,in,2,-1.430204,36.686035
50205012601,in,3,-1.429671,36.687119
50205012601,in,4,-1.429671,36.687119
50205012601,in,5,-1.430452,36.687408
50205012601,in,6,-1.430452,36.687408
50205012601,in,7,-1.429861,36.688396
50205012601,in,8,-1.429592,36.688755
50205012601,in,9,-1.429155,36.689236
50205012601,in,10,-1.428109,36.69014
50205012601,in,11,-1.423385,36.695812
50205012601,in,12,-1.422838,36.69659
50205012601,in,13,-1.422692,36.69714
50205012601,in,14,-1.422548,36.698292
50205012601,in,15,-1.422293,36.699123
50205012601,in,16,-1.420079,36.704563
50205012601,in,17,-1.419309,36.706219
50205012601,in,18,-1.418744,36.7076
50205012601,in,19,-1.418399,36.708157
50205012601,in,20,-1.418096,36.70853
50205012601,in,21,-1.416373,36.710365
50205012601,in,22,-1.415844,36.710808
50205012601,in,23,-1.415486,36.710957
50205012601,in,24,-1.414744,36.711151
50205012601,in,25,-1.411118,36.711964
50205012601,in,26,-1.40995,36.712372
50205012601,in,27,-1.409593,36.712547
50205012601,in,28,-1.408752,36.713196
50205012601,in,29,-1.406607,36.715294
50205012601,in,30,-1.402844,36.719315
50205012601,in,31,-1.402408,36.719959
50205012601,in,32,-1.401289,36.72224
50205012601,in,33,-1.40066,36.723377
50205012601,in,34,-1.396976,36.727139
50205012601,in,35,-1.396732,36.727428
50205012601,in,36,-1.39637,36.728016
50205012601,in,37,-1.395936,36.729027
50205012601,in,38,-1.395452,36.731312
50205012601,in,39,-1.395417,36.731808
50205012601,in,40,-1.395976,36.739677
50205012601,in,41,-1.396607,36.747627
50205012601,in,42,-1.396703,36.749493
50205012601,in,43,-1.396703,36.749493
50205012601,in,44,-1.396546,36.749493
50205012601,in,45,-1.396546,36.749493
50205012601,in,46,-1.396541,36.74979
50300012C11,out,0,-1.28719,36.828884
50300012C11,out,1,-1.286982,36.829281
50300012C11,out,2,-1.286806,36.829468
50300012C11,out,3,-1.28572,36.829819
50300012C11,out,4,-1.285268,36.830696
50300012C11,out,5,-1.285327,36.830875
50300012C11,out,6,-1.285327,36.830875
50300012C11,out,7,-1.287623,36.830215
50300012C11,out,8,-1.287623,36.830215
50300012C11,out,9,-1.28763,36.830303
50300012C11,out,10,-1.287693,36.830357
50300012C11,out,11,-1.287796,36.830353
50300012C11,out,12,-1.287861,36.830292
50300012C11,out,13,-1.28916,36.827785
50300012C11,out,14,-1.289316,36.82777
50300012C11,out,15,-1.289415,36.827679
50300012C11,out,16,-1.289451,36.827541
50300012C11,out,17,-1.289384,36.827415
50300012C11,out,18,-1.292658,36.821053
50300012C11,out,19,-1.292658,36.821053
50300012C11,out,20,-1.2929,36.820774
50300012C11,out,21,-1.293391,36.820885
50300012C11,out,22,-1.298268,36.823799
50300012C11,out,23,-1.298751,36.823997
50300012C11,out,24,-1.299475,36.824184
50300012C11,out,25,-1.299824,36.824444
50300012C11,out,26,-1.300055,36.824409
50300012C11,out,27,-1.300322,36.824448
50300012C11,out,28,-1.30445,36.826389
50300012C11,out,29,-1.304667,36.826561
50300012C11,out,30,-1.304667,36.826561
50300012C11,out,31,-1.304696,36.826679
50300012C11,out,32,-1.3048,36.826763
50300012C11,out,33,-1.305153,36.82674
50300012C11,out,34,-1.305253,36.826778
50300012C11,out,35,-1.313525,36.830681
50300012C11,out,36,-1.314626,36.831375
50300012C11,out,37,-1.315205,36.831856
50300012C11,out,38,-1.315742,36.83247
50300012C11,out,39,-1.317064,36.834412
50300012C11,out,40,-1.319836,36.838982
50300012C11,out,41,-1.321719,36.84222
50300012C11,out,42,-1.321719,36.84222
50300012C11,out,43,-1.321842,36.842262
50300012C11,out,44,-1.321934,36.842232
50300012C11,out,45,-1.321973,36.842155
50300012C11,out,46,-1.321945,36.841965
50300012C11,out,47,-1.321945,36.841965
50300012C11,out,48,-1.319492,36.837944
50300012C11,out,49,-1.319492,36.837944
50300012C11,out,50,-1.320732,36.8372
50300012C11,out,51,-1.321047,36.836918
50300012C11,out,52,-1.321339,36.836617
50300012C11,out,53,-1.321611,36.836205
50300012C11,out,54,-1.321797,36.835754
50300012C11,out,55,-1.322162,36.833618
50300012C11,out,56,-1.322607,36.830444
50300012C11,out,57,-1.322528,36.829742
50300012C11,out,58,-1.322348,36.828857
50300012C11,out,59,-1.322348,36.828857
50300012C11,out,60,-1.322116,36.828861
50300012C11,out,61,-1.321517,36.829002
50300012C11,out,62,-1.321517,36.829002
50300012C11,out,63,-1.321511,36.828972
50300012C11,in,0,-1.321511,36.828972
50300012C11,in,1,-1.321517,36.829002
50300012C11,in,2,-1.321517,36.829002
50300012C11,in,3,-1.316597,36.82996
50300012C11,in,4,-1.316597,36.82996
50300012C11,in,5,-1.315629,36.824867
50300012C11,in,6,-1.315498,36.824261
50300012C11,in,7,-1.315183,36.823311
50300012C11,in,8,-1.314975,36.823185
50300012C11,in,9,-1.314474,36.823242
50300012C11,in,10,-1.312574,36.823833
50300012C11,in,11,-1.312574,36.823833
50300012C11,in,12,-1.312976,36.825546
50300012C11,in,13,-1.313414,36.82782
50300012C11,in,14,-1.313414,36.82782
50300012C11,in,15,-1.312403,36.828049
50300012C11,in,16,-1.312152,36.828285
50300012C11,in,17,-1.311981,36.828571
50300012C11,in,18,-1.311981,36.828571
50300012C11,in,19,-1.311611,36.828983
50300012C11,in,20,-1.311364,36.829105
50300012C11,in,21,-1.311101,36.829121
50300012C11,in,22,-1.310428,36.828976
50300012C11,in,23,-1.309307,36.828411
50300012C11,in,24,-1.305414,36.826649
50300012C11,in,25,-1.30527,36.826569
50300012C11,in,26,-1.305072,36.826248
50300012C11,in,27,-1.304921,36.826218
50300012C11,in,28,-1.30477,36.826267
50300012C11,in,29,-1.302622,36.825325
50300012C11,in,30,-1.300546,36.824326
50300012C11,in,31,-1.300184,36.824131
50300012C11,in,32,-1.300123,36.824001
50300012C11,in,33,-1.300013,36.823921
50300012C11,in,34,-1.299841,36.82391
50300012C11,in,35,-1.299698,36.823997
50300012C11,in,36,-1.299514,36.824013
50300012C11,in,37,-1.299011,36.823898
50300012C11,in,38,-1.298395,36.823658
50300012C11,in,39,-1.292938,36.820431
50300012C11,in,40,-1.292938,36.820431
50300012C11,in,41,-1.292904,36.820305
50300012C11,in,42,-1.292785,36.82021
50300012C11,in,43,-1.292633,36.820217
50300012C11,in,44,-1.292515,36.820328
50300012C11,in,45,-1.2925,36.82048
50300012C11,in,46,-1.29261,36.820618
50300012C11,in,47,-1.292572,36.820938
50300012C11,in,48,-1.289558,36.8269
50300012C11,in,49,-1.289283,36.827343
50300012C11,in,50,-1.289117,36.827339
50300012C11,in,51,-1.28899,36.827442
50300012C11,in,52,-1.288953,36.827564
50300012C11,in,53,-1.288996,36.827679
50300012C11,in,54,-1.288774,36.82806
50300012C11,in,55,-1.288774,36.82806
50300012C11,in,56,-1.287907,36.827644
50300012C11,in,57,-1.287907,36.827644
50300012C11,in,58,-1.287824,36.827579
50300012C11,in,59,-1.287728,36.827629
50300012C11,in,60,-1.28772,36.827705
50300012C11,in,61,-1.287778,36.827766
50300012C11,in,62,-1.287486,36.8284
50300012C11,in,63,-1.28719,36.828884
50301012D11,out,0,-1.287061,36.829144
50301012D11,out,1,-1.286806,36.829468
50301012D11,out,2,-1.28572,36.829819
50301012D11,out,3,-1.285268,36.830696
50301012D11,out,4,-1.285327,36.830875
50301012D11,out,5,-1.285327,36.830875
50301012D11,out,6,-1.287623,36.830215
50301012D11,out,7,-1.287623,36.830215
50301012D11,out,8,-1.28763,36.830303
50301012D11,out,9,-1.287693,36.830357
50301012D11,out,10,-1.287796,36.830353
50301012D11,out,11,-1.287861,36.830292
50301012D11,out,12,-1.28916,36.827785
50301012D11,out,13,-1.289316,36.82777
50301012D11,out,14,-1.289415,36.827679
50301012D11,out,15,-1.289451,36.827541
50301012D11,out,16,-1.289384,36.827415
50301012D11,out,17,-1.292658,36.821053
50301012D11,out,18,-1.292658,36.821053
50301012D11,out,19,-1.2929,36.820774
50301012D11,out,20,-1.293391,36.820885
50301012D11,out,21,-1.298268,36.823799
50301012D11,out,22,-1.298751,36.823997
50301012D11,out,23,-1.299475,36.824184
50301012D11,out,24,-1.299824,36.824444
50301012D11,out,25,-1.300055,36.824409
50301012D11,out,26,-1.300322,36.824448
50301012D11,out,27,-1.30445,36.826389
50301012D11,out,28,-1.304667,36.826561
50301012D11,out,29,-1.304667,36.826561
50301012D11,out,30,-1.304696,36.826679
50301012D11,out,31,-1.3048,36.826763
50301012D11,out,32,-1.305153,36.82674
50301012D11,out,33,-1.305253,36.826778
50301012D11,out,34,-1.313525,36.830681
50301012D11,out,35,-1.314626,36.831375
50301012D11,out,36,-1.315205,36.831856
50301012D11,out,37,-1.315742,36.83247
50301012D11,out,38,-1.317064,36.834412
50301012D11,out,39,-1.319836,36.838982
50301012D11,out,40,-1.321719,36.84222
50301012D11,out,41,-1.321719,36.84222
50301012D11,out,42,-1.321842,36.842262
50301012D11,out,43,-1.321934,36.842232
50301012D11,out,44,-1.321973,36.842155
50301012D11,out,45,-1.321945,36.841965
50301012D11,out,46,-1.321945,36.841965
50301012D11,out,47,-1.319492,36.837944
50301012D11,out,48,-1.319492,36.837944
50301012D11,out,49,-1.320732,36.8372
50301012D11,out,50,-1.321339,36.836617
50301012D11,out,51,-1.321611,36.836205
50301012D11,out,52,-1.321797,36.835754
50301012D11,out,53,-1.322174,36.83353
50301012D11,out,54,-1.322174,36.83353
50301012D11,out,55,-1.325702,36.83403
50301012D11,out,56,-1.325702,36.83403
50301012D11,out,57,-1.32542,36.836178
50301012D11,out,58,-1.325365,36.836411
50301012D11,out,59,-1.325173,36.836807
50301012D11,out,60,-1.325173,36.836807
50301012D11,out,61,-1.32643,36.837414
50301012D11,out,62,-1.326544,36.837555
50301012D11,out,63,-1.327451,36.83794
50301012D11,out,64,-1.328037,36.838032
50301012D11,out,65,-1.328037,36.838032
50301012D11,out,66,-1.327878,36.838924
50301012D11,out,67,-1.327878,36.838924
50301012D11,out,68,-1.326702,36.839214
50301012D11,out,69,-1.326557,36.839302
50301012D11,out,70,-1.325983,36.840202
50301012D11,in,0,-1.325983,36.840202
50301012D11,in,1,-1.326557,36.839302
50301012D11,in,2,-1.326702,36.839214
50301012D11,in,3,-1.327878,36.838924
50301012D11,in,4,-1.327878,36.838924
50301012D11,in,5,-1.328037,36.838032
50301012D11,in,6,-1.328037,36.838032
50301012D11,in,7,-1.327451,36.83794
50301012D11,in,8,-1.326544,36.837555
50301012D11,in,9,-1.32643,36.837414
50301012D11,in,10,-1.325173,36.836807
50301012D11,in,11,-1.325173,36.836807
50301012D11,in,12,-1.325365,36.836411
50301012D11,in,13,-1.32542,36.836178
50301012D11,in,14,-1.326155,36.830925
50301012D11,in,15,-1.326155,36.830925
50301012D11,in,16,-1.322606,36.830456
50301012D11,in,17,-1.322606,36.830456
50301012D11,in,18,-1.322528,36.829742
50301012D11,in,19,-1.322348,36.828857
50301012D11,in,20,-1.322348,36.828857
50301012D11,in,21,-1.322116,36.828861
50301012D11,in,22,-1.321044,36.829109
50301012D11,in,23,-1.316597,36.82996
50301012D11,in,24,-1.316597,36.82996
50301012D11,in,25,-1.315629,36.824867
50301012D11,in,26,-1.315498,36.824261
50301012D11,in,27,-1.315183,36.823311
50301012D11,in,28,-1.314975,36.823185
50301012D11,in,29,-1.314474,36.823242
50301012D11,in,30,-1.312574,36.823833
50301012D11,in,31,-1.312574,36.823833
50301012D11,in,32,-1.312976,36.825546
50301012D11,in,33,-1.313414,36.82782
50301012D11,in,34,-1.313414,36.82782
50301012D11,in,35,-1.312403,36.828049
50301012D11,in,36,-1.312152,36.828285
50301012D11,in,37,-1.311981,36.828571
50301012D11,in,38,-1.311981,36.828571
50301012D11,in,39,-1.311611,36.828983
50301012D11,in,40,-1.311364,36.829105
50301012D11,in,41,-1.311101,36.829121
50301012D11,in,42,-1.310428,36.828976
50301012D11,in,43,-1.309307,36.828411
50301012D11,in,44,-1.305414,36.826649
50301012D11,in,45,-1.30527,36.826569
50301012D11,in,46,-1.305072,36.826248
50301012D11,in,47,-1.304921,36.826218
50301012D11,in,48,-1.30477,36.826267
50301012D11,in,49,-1.302622,36.825325
50301012D11,in,50,-1.300546,36.824326
50301012D11,in,51,-1.300184,36.824131
50301012D11,in,52,-1.300123,36.824001
50301012D11,in,53,-1.300013,36.823921
50301012D11,in,54,-1.299841,36.82391
50301012D11,in,55,-1.299698,36.823997
50301012D11,in,56,-1.299514,36.824013
50301012D11,in,57,-1.299011,36.823898
50301012D11,in,58,-1.298395,36.823658
50301012D11,in,59,-1.292938,36.820431
50301012D11,in,60,-1.292938,36.820431
50301012D11,in,61,-1.292904,36.820305
50301012D11,in,62,-1.292785,36.82021
50301012D11,in,63,-1.292633,36.820217
50301012D11,in,64,-1.292515,36.820328
50301012D11,in,65,-1.2925,36.82048
50301012D11,in,66,-1.29261,36.820618
50301012D11,in,67,-1.292572,36.820938
50301012D11,in,68,-1.289558,36.8269
50301012D11,in,69,-1.289283,36.827343
50301012D11,in,70,-1.289117,36.827339
50301012D11,in,71,-1.28898,36.827457
50301012D11,in,72,-1.288953,36.827564
50301012D11,in,73,-1.288996,36.827679
50301012D11,in,74,-1.288712,36.828175
50301012D11,in,75,-1.288673,36.828384
50301012D11,in,76,-1.288415,36.828892
50301012D11,in,77,-1.288415,36.828892
50301012D11,in,78,-1.287486,36.8284
50301012D11,in,79,-1.287486,36.8284
50301012D11,in,80,-1.287061,36.829144
50700014501,out,0,-1.26404252,36.98264211
50700014501,out,1,-1.262043772,36.98370097
50700014501,out,2,-1.257784537,36.98527141
50700014501,out,3,-1.25591666,36.98602094
50700014501,out,4,-1.251157738,36.98734154
50700014501,out,5,-1.248647407,36.987984
50700014501,out,6,-1.244233507,36.98895958
50700014501,out,7,-1.24223476,36.98938788
50700014501,out,8,-1.241401948,36.98957824
50700014501,out,9,-1.239569763,36.98982808
50700014501,out,10,-1.232145845,36.99010172
50700014501,out,11,-1.22956413,36.9901612
50700014501,out,12,-1.226173398,36.99025638
50700014501,out,13,-1.224008088,36.99026828
50700014501,out,14,-1.220367513,36.99039915
50700014501,out,15,-1.217797695,36.99047053
50700014501,out,16,-1.216060689,36.99068469
50700014501,out,17,-1.21472819,36.99098212
50700014501,out,18,-1.211277972,36.99198149
50700014501,out,19,-1.203949232,36.99409921
50700014501,out,20,-1.20024917,36.99513428
50700014501,out,21,-1.197857812,36.99580053
50700014501,out,22,-1.192837149,36.99716872
50700014501,out,23,-1.191647419,36.99733528
50700014501,out,24,-1.190778915,36.99733528
50700014501,out,25,-1.189612979,36.9972282
50700014501,out,26,-1.188934833,36.99702595
50700014501,out,27,-1.187507156,36.99651437
50700014501,out,28,-1.186246042,36.99555068
50700014501,out,29,-1.185103901,36.99427767
50700014501,out,30,-1.18365243,36.99198149
50700014501,out,31,-1.173028136,36.97536096
50700014501,out,32,-1.170089502,36.97080429
50700014501,out,33,-1.168530955,36.96824637
50700014501,out,34,-1.167983679,36.96691387
50700014501,out,35,-1.166651181,36.9628212
50700014501,out,36,-1.16484279,36.957051
50700014501,out,37,-1.163405192,36.95281178
50700014501,out,38,-1.162506988,36.94996731
50700014501,out,39,-1.162130597,36.94877533
50700014501,out,40,-1.159267222,36.93970748
50700014501,out,41,-1.158657,36.937775
50700014501,out,42,-1.156098621,36.92983547
50700014501,out,43,-1.156062347,36.92972289
50700014501,out,44,-1.155638,36.928406
50700014501,out,45,-1.155053,36.926506
50700014501,out,46,-1.1551885,36.926313
50700014501,out,47,-1.155006,36.9260975
50700014501,out,48,-1.153451485,36.92143353
50700014501,out,49,-1.153165,36.920574
50700014501,out,50,-1.152823,36.920116
50700014501,out,51,-1.152559,36.919975
50700014501,out,52,-1.15215,36.919857
50700014501,out,53,-1.150721,36.922935
50700014501,out,54,-1.15066,36.923218
50700014501,out,55,-1.150674,36.92363
50700014501,out,56,-1.15151,36.92675
50700014501,out,57,-1.151716,36.92786
50700014501,out,58,-1.151760056,36.92843136
50700014501,out,59,-1.151909,36.930363
50700014501,out,60,-1.151181,36.93541
50700014501,out,61,-1.151060323,36.93779725
50700014501,out,62,-1.150869,36.941582
50700014501,out,63,-1.14943,36.946251
50700014501,out,64,-1.149425,36.946667
50700014501,out,65,-1.14960923,36.94773394
50700014501,out,66,-1.149703,36.948277
50700014501,out,67,-1.150002,36.950699
50700014501,out,68,-1.149998,36.951382
50700014501,out,69,-1.148749644,36.95732243
50700014501,out,70,-1.148663899,36.95773045
50700014501,out,71,-1.148501505,36.95850322
50700014501,out,72,-1.148341,36.959267
50700014501,out,73,-1.147874,36.959194
50700014501,out,74,-1.147755,36.959431
50700014501,out,75,-1.147568752,36.95940235
50700014501,in,0,-1.147568752,36.95940235
50700014501,in,1,-1.146962,36.959309
50700014501,in,2,-1.146812,36.960091
50700014501,in,3,-1.147594,36.96027
50700014501,in,4,-1.148137,36.96049545
50700014501,in,5,-1.148734,36.958633
50700014501,in,6,-1.148663899,36.95773045
50700014501,in,7,-1.149747107,36.9525759
50700014501,in,8,-1.149998,36.951382
50700014501,in,9,-1.150002,36.950699
50700014501,in,10,-1.149703,36.948277
50700014501,in,11,-1.149425,36.946667
50700014501,in,12,-1.14943,36.946251
50700014501,in,13,-1.150461926,36.9429028
50700014501,in,14,-1.150869,36.941582
50700014501,in,15,-1.151181,36.93541
50700014501,in,16,-1.151909,36.930363
50700014501,in,17,-1.151716,36.92786
50700014501,in,18,-1.15151,36.92675
50700014501,in,19,-1.150674,36.92363
50700014501,in,20,-1.15066,36.923218
50700014501,in,21,-1.150721,36.922935
50700014501,in,22,-1.15215,36.919857
50700014501,in,23,-1.152559,36.919975
50700014501,in,24,-1.152823,36.920116
50700014501,in,25,-1.153165,36.920574
50700014501,in,26,-1.154922,36.92609
50700014501,in,27,-1.154788,36.926271
50700014501,in,28,-1.1549665,36.9264965
50700014501,in,29,-1.159675679,36.94120223
50700014501,in,30,-1.164242589,36.95546368
50700014501,in,31,-1.164333,36.95575
50700014501,in,32,-1.166163391,36.96158388
50700014501,in,33,-1.167852809,36.96680679
50700014501,in,34,-1.168542852,36.96846052
50700014501,in,35,-1.17036314,36.97139915
50700014501,in,36,-1.172254811,36.9743021
50700014501,in,37,-1.175907284,36.9800366
50700014501,in,38,-1.176870966,36.98153566
50700014501,in,39,-1.183973657,36.99265964
50700014501,in,40,-1.185008722,36.99428957
50700014501,in,41,-1.186115172,36.99553879
50700014501,in,42,-1.187364389,36.99653816
50700014501,in,43,-1.188982422,36.99716872
50700014501,in,44,-1.189636774,36.99732338
50700014501,in,45,-1.19067184,36.99740666
50700014501,in,46,-1.19186157,36.99741856
50700014501,in,47,-1.193075095,36.99721631
50700014501,in,48,-1.201534079,36.99486064
50700014501,in,49,-1.214621115,36.99112489
50700014501,in,50,-1.215846537,36.99080366
50700014501,in,51,-1.216726938,36.99069658
50700014501,in,52,-1.217976155,36.99054192
50700014501,in,53,-1.224186548,36.99035156
50700014501,in,54,-1.226244782,36.99032777
50700014501,in,55,-1.236440772,36.99007792
50700014501,in,56,-1.237880346,36.99001844
50700014501,in,57,-1.239545969,36.98993516
50700014501,in,58,-1.241401948,36.98967341
50700014501,in,59,-1.248409461,36.98815056
50700014501,in,60,-1.250741333,36.98756759
50700014501,in,61,-1.255821482,36.98613992
50700014501,in,62,-1.260045025,36.98458137
50700014501,in,63,-1.261829621,36.98391512
50700014501,in,64,-1.263150222,36.98360579
50700014501,in,65,-1.264137698,36.98303472
20700145D01,out,0,-1.164333,36.95575
20700145D01,out,1,-1.158657,36.937775
20700145D01,out,2,-1.155638,36.928406
20700145D01,out,3,-1.155053,36.926506
20700145D01,out,4,-1.155182,36.926395
20700145D01,out,5,-1.155195,36.926231
20700145D01,out,6,-1.15509,36.926105
20700145D01,out,7,-1.154922,36.92609
20700145D01,out,8,-1.153165,36.920574
20700145D01,out,9,-1.152823,36.920116
20700145D01,out,10,-1.152559,36.919975
20700145D01,out,11,-1.15215,36.919857
20700145D01,out,12,-1.15215,36.919857
20700145D01,out,13,-1.150721,36.922935
20700145D01,out,14,-1.15066,36.923218
20700145D01,out,15,-1.150674,36.92363
20700145D01,out,16,-1.15151,36.92675
20700145D01,out,17,-1.151716,36.92786
20700145D01,out,18,-1.151909,36.930363
20700145D01,out,19,-1.151181,36.93541
20700145D01,out,20,-1.150869,36.941582
20700145D01,out,21,-1.14943,36.946251
20700145D01,out,22,-1.149425,36.946667
20700145D01,out,23,-1.149703,36.948277
20700145D01,out,24,-1.150002,36.950699
20700145D01,out,25,-1.149998,36.951382
20700145D01,out,26,-1.148341,36.959267
20700145D01,out,27,-1.148341,36.959267
20700145D01,out,28,-1.147874,36.959194
20700145D01,out,29,-1.147874,36.959194
20700145D01,out,30,-1.147829,36.959389
20700145D01,in,0,-1.147681,36.959473
20700145D01,in,1,-1.146962,36.959309
20700145D01,in,2,-1.146962,36.959309
20700145D01,in,3,-1.146812,36.960091
20700145D01,in,4,-1.146812,36.960091
20700145D01,in,5,-1.147594,36.96027
20700145D01,in,6,-1.148103,36.960476
20700145D01,in,7,-1.148103,36.960476
20700145D01,in,8,-1.148168,36.960567
20700145D01,in,9,-1.148257,36.960594
20700145D01,in,10,-1.148343,36.96056
20700145D01,in,11,-1.148395,36.960464
20700145D01,in,12,-1.148371,36.960365
20700145D01,in,13,-1.148734,36.958633
20700145D01,in,14,-1.148662,36.957706
20700145D01,in,15,-1.149998,36.951382
20700145D01,in,16,-1.150002,36.950699
20700145D01,in,17,-1.149703,36.948277
20700145D01,in,18,-1.149425,36.946667
20700145D01,in,19,-1.14943,36.946251
20700145D01,in,20,-1.150869,36.941582
20700145D01,in,21,-1.151181,36.93541
20700145D01,in,22,-1.151909,36.930363
20700145D01,in,23,-1.151716,36.92786
20700145D01,in,24,-1.15151,36.92675
20700145D01,in,25,-1.150674,36.92363
20700145D01,in,26,-1.15066,36.923218
20700145D01,in,27,-1.150721,36.922935
20700145D01,in,28,-1.15215,36.919857
20700145D01,in,29,-1.15215,36.919857
20700145D01,in,30,-1.152559,36.919975
20700145D01,in,31,-1.152823,36.920116
20700145D01,in,32,-1.153165,36.920574
20700145D01,in,33,-1.154922,36.92609
20700145D01,in,34,-1.154798,36.926189
20700145D01,in,35,-1.154778,36.926353
20700145D01,in,36,-1.15488,36.926487
20700145D01,in,37,-1.155053,36.926506
20700145D01,in,38,-1.164284,36.955593
50201014A11,out,0,-1.287163,36.828938
50201014A11,out,1,-1.287486,36.8284
50201014A11,out,2,-1.287486,36.8284
50201014A11,out,3,-1.288394,36.82888
50201014A11,out,4,-1.288384,36.828957
50201014A11,out,5,-1.287799,36.830124
50201014A11,out,6,-1.287799,36.830124
50201014A11,out,7,-1.28763,36.830193
50201014A11,out,8,-1.28767,36.830349
50201014A11,out,9,-1.287796,36.830353
50201014A11,out,10,-1.287861,36.830292
50201014A11,out,11,-1.28916,36.827785
50201014A11,out,12,-1.289316,36.82777
50201014A11,out,13,-1.289415,36.827679
50201014A11,out,14,-1.289451,36.827541
50201014A11,out,15,-1.289384,36.827415
50201014A11,out,16,-1.292658,36.821053
50201014A11,out,17,-1.292658,36.821053
50201014A11,out,18,-1.2929,36.820774
50201014A11,out,19,-1.293391,36.820885
50201014A11,out,20,-1.298268,36.823799
50201014A11,out,21,-1.298751,36.823997
50201014A11,out,22,-1.299475,36.824184
50201014A11,out,23,-1.299824,36.824444
50201014A11,out,24,-1.300055,36.824409
50201014A11,out,25,-1.300322,36.824448
50201014A11,out,26,-1.30445,36.826389
50201014A11,out,27,-1.304667,36.826561
50201014A11,out,28,-1.304667,36.826561
50201014A11,out,29,-1.304719,36.826706
50201014A11,out,30,-1.304885,36.826782
50201014A11,out,31,-1.305107,36.826725
50201014A11,out,32,-1.305199,36.826611
50201014A11,out,33,-1.305178,36.826389
50201014A11,out,34,-1.305438,36.825676
50201014A11,out,35,-1.305672,36.82399
50201014A11,out,36,-1.305672,36.82399
50201014A11,out,37,-1.305721,36.823956
50201014A11,out,38,-1.305772,36.823689
50201014A11,out,39,-1.305905,36.823627
50201014A11,out,40,-1.307238,36.823784
50201014A11,out,41,-1.307238,36.823784
50201014A11,out,42,-1.307698,36.820606
50201014A11,out,43,-1.307205,36.819897
50201014A11,out,44,-1.307205,36.819897
50201014A11,out,45,-1.307276,36.819767
50201014A11,out,46,-1.307268,36.819622
50201014A11,out,47,-1.307141,36.819473
50201014A11,out,48,-1.306972,36.819443
50201014A11,out,49,-1.306813,36.818882
50201014A11,out,50,-1.306733,36.817509
50201014A11,out,51,-1.306793,36.81628
50201014A11,out,52,-1.307107,36.815273
50201014A11,out,53,-1.308694,36.812302
50201014A11,in,0,-1.308617,36.812447
50201014A11,in,1,-1.307107,36.815273
50201014A11,in,2,-1.306839,36.816078
50201014A11,in,3,-1.30676,36.816708
50201014A11,in,4,-1.306737,36.817894
50201014A11,in,5,-1.306813,36.818882
50201014A11,in,6,-1.306972,36.819443
50201014A11,in,7,-1.306972,36.819443
50201014A11,in,8,-1.306797,36.81955
50201014A11,in,9,-1.306749,36.819668
50201014A11,in,10,-1.306764,36.819805
50201014A11,in,11,-1.306305,36.820419
50201014A11,in,12,-1.306305,36.820419
50201014A11,in,13,-1.305493,36.823498
50201014A11,in,14,-1.305172,36.825775
50201014A11,in,15,-1.304921,36.826218
50201014A11,in,16,-1.304921,36.826218
50201014A11,in,17,-1.30477,36.826267
50201014A11,in,18,-1.302622,36.825325
50201014A11,in,19,-1.300383,36.824245
50201014A11,in,20,-1.300184,36.824131
50201014A11,in,21,-1.300123,36.824001
50201014A11,in,22,-1.300013,36.823921
50201014A11,in,23,-1.299841,36.82391
50201014A11,in,24,-1.299698,36.823997
50201014A11,in,25,-1.299514,36.824013
50201014A11,in,26,-1.299011,36.823898
50201014A11,in,27,-1.298395,36.823658
50201014A11,in,28,-1.292938,36.820431
50201014A11,in,29,-1.292938,36.820431
50201014A11,in,30,-1.292904,36.820305
50201014A11,in,31,-1.292785,36.82021
50201014A11,in,32,-1.292633,36.820217
50201014A11,in,33,-1.292515,36.820328
50201014A11,in,34,-1.2925,36.82048
50201014A11,in,35,-1.29261,36.820618
50201014A11,in,36,-1.292572,36.820938
50201014A11,in,37,-1.289558,36.8269
50201014A11,in,38,-1.289283,36.827343
50201014A11,in,39,-1.289117,36.827339
50201014A11,in,40,-1.28898,36.827457
50201014A11,in,41,-1.288953,36.827564
50201014A11,in,42,-1.288996,36.827679
50201014A11,in,43,-1.288712,36.828175
50201014A11,in,44,-1.288673,36.828384
50201014A11,in,45,-1.287799,36.830124
50201014A11,in,46,-1.287799,36.830124
50201014A11,in,47,-1.287636,36.830189
50201014A11,in,48,-1.287511,36.830242
50201014A11,in,49,-1.286744,36.830441
50201014A11,in,50,-1.286651,36.830444
50201014A11,in,51,-1.286371,36.829605
50201014A11,in,52,-1.286399,36.829597
50201014A11,in,53,-1.286868,36.829426
50201014A11,in,54,-1.287179,36.828907
50201014B11,out,0,-1.287163,36.828938
50201014B11,out,1,-1.287486,36.8284
50201014B11,out,2,-1.287486,36.8284
50201014B11,out,3,-1.288394,36.82888
50201014B11,out,4,-1.288369,36.828987
50201014B11,out,5,-1.287799,36.830124
50201014B11,out,6,-1.287799,36.830124
50201014B11,out,7,-1.28763,36.830193
50201014B11,out,8,-1.28767,36.830349
50201014B11,out,9,-1.287796,36.830353
50201014B11,out,10,-1.287861,36.830292
50201014B11,out,11,-1.28916,36.827785
50201014B11,out,12,-1.289316,36.82777
50201014B11,out,13,-1.289415,36.827679
50201014B11,out,14,-1.289451,36.827541
50201014B11,out,15,-1.289384,36.827415
50201014B11,out,16,-1.292658,36.821053
50201014B11,out,17,-1.292658,36.821053
50201014B11,out,18,-1.2929,36.820774
50201014B11,out,19,-1.293391,36.820885
50201014B11,out,20,-1.298268,36.823799
50201014B11,out,21,-1.298751,36.823997
50201014B11,out,22,-1.299475,36.824184
50201014B11,out,23,-1.299824,36.824444
50201014B11,out,24,-1.300055,36.824409
50201014B11,out,25,-1.300322,36.824448
50201014B11,out,26,-1.30445,36.826389
50201014B11,out,27,-1.304667,36.826561
50201014B11,out,28,-1.304667,36.826561
50201014B11,out,29,-1.304719,36.826706
50201014B11,out,30,-1.304885,36.826782
50201014B11,out,31,-1.305107,36.826725
50201014B11,out,32,-1.305199,36.826611
50201014B11,out,33,-1.305178,36.826389
50201014B11,out,34,-1.305438,36.825676
50201014B11,out,35,-1.305672,36.82399
50201014B11,out,36,-1.305672,36.82399
50201014B11,out,37,-1.305721,36.823956
50201014B11,out,38,-1.305772,36.823689
50201014B11,out,39,-1.305905,36.823627
50201014B11,out,40,-1.307238,36.823784
50201014B11,out,41,-1.307238,36.823784
50201014B11,out,42,-1.307459,36.822243
50201014B11,out,43,-1.307459,36.822243
50201014B11,out,44,-1.310577,36.822224
50201014B11,out,45,-1.310577,36.822224
50201014B11,out,46,-1.312072,36.81926
50201014B11,out,47,-1.313287,36.818977
50201014B11,out,48,-1.313916,36.818523
50201014B11,out,49,-1.314206,36.818233
50201014B11,out,50,-1.313919,36.817829
50201014B11,out,51,-1.312939,36.816689
50201014B11,in,0,-1.312939,36.816689
50201014B11,in,1,-1.312762,36.816483
50201014B11,in,2,-1.312712,36.816055
50201014B11,in,3,-1.312712,36.816055
50201014B11,in,4,-1.312835,36.815929
50201014B11,in,5,-1.312835,36.815762
50201014B11,in,6,-1.312715,36.815643
50201014B11,in,7,-1.312552,36.815639
50201014B11,in,8,-1.312451,36.81572
50201014B11,in,9,-1.312345,36.815979
50201014B11,in,10,-1.312055,36.816307
50201014B11,in,11,-1.309006,36.818691
50201014B11,in,12,-1.308279,36.819061
50201014B11,in,13,-1.307192,36.819508
50201014B11,in,14,-1.307018,36.819439
50201014B11,in,15,-1.306866,36.819485
50201014B11,in,16,-1.306755,36.819637
50201014B11,in,17,-1.306764,36.819805
50201014B11,in,18,-1.306305,36.820419
50201014B11,in,19,-1.306305,36.820419
50201014B11,in,20,-1.305493,36.823498
50201014B11,in,21,-1.305172,36.825775
50201014B11,in,22,-1.304921,36.826218
50201014B11,in,23,-1.304921,36.826218
50201014B11,in,24,-1.30477,36.826267
50201014B11,in,25,-1.302622,36.825325
50201014B11,in,26,-1.300383,36.824245
50201014B11,in,27,-1.300184,36.824131
50201014B11,in,28,-1.300123,36.824001
50201014B11,in,29,-1.300013,36.823921
50201014B11,in,30,-1.299841,36.82391
50201014B11,in,31,-1.299698,36.823997
50201014B11,in,32,-1.299514,36.824013
50201014B11,in,33,-1.299011,36.823898
50201014B11,in,34,-1.298395,36.823658
50201014B11,in,35,-1.292938,36.820431
50201014B11,in,36,-1.292938,36.820431
50201014B11,in,37,-1.292904,36.820305
50201014B11,in,38,-1.292785,36.82021
50201014B11,in,39,-1.292633,36.820217
50201014B11,in,40,-1.292515,36.820328
50201014B11,in,41,-1.2925,36.82048
50201014B11,in,42,-1.29261,36.820618
50201014B11,in,43,-1.292572,36.820938
50201014B11,in,44,-1.289558,36.8269
50201014B11,in,45,-1.289283,36.827343
50201014B11,in,46,-1.289117,36.827339
50201014B11,in,47,-1.28898,36.827457
50201014B11,in,48,-1.288953,36.827564
50201014B11,in,49,-1.288996,36.827679
50201014B11,in,50,-1.288712,36.828175
50201014B11,in,51,-1.288673,36.828384
50201014B11,in,52,-1.287799,36.830124
50201014B11,in,53,-1.287799,36.830124
50201014B11,in,54,-1.287636,36.830189
50201014B11,in,55,-1.287511,36.830242
50201014B11,in,56,-1.286744,36.830441
50201014B11,in,57,-1.286651,36.830444
50201014B11,in,58,-1.286371,36.829605
50201014B11,in,59,-1.286399,36.829597
50201014B11,in,60,-1.286868,36.829426
50201014B11,in,61,-1.287179,36.828907
30600186211,out,0,-1.286642,36.830414
30600186211,out,1,-1.286371,36.829605
30600186211,out,2,-1.286371,36.829605
30600186211,out,3,-1.28572,36.829819
30600186211,out,4,-1.285268,36.830696
30600186211,out,5,-1.285327,36.830875
30600186211,out,6,-1.285327,36.830875
30600186211,out,7,-1.287623,36.830215
30600186211,out,8,-1.287623,36.830215
30600186211,out,9,-1.28767,36.830349
30600186211,out,10,-1.287628,36.830513
30600186211,out,11,-1.287196,36.831287
30600186211,out,12,-1.28577,36.832111
30600186211,out,13,-1.28577,36.832111
30600186211,out,14,-1.285566,36.83213
30600186211,out,15,-1.28398,36.833084
30600186211,out,16,-1.28345,36.833248
30600186211,out,17,-1.282975,36.833302
30600186211,out,18,-1.282282,36.833282
30600186211,out,19,-1.282035,36.833199
30600186211,out,20,-1.281435,36.832821
30600186211,out,21,-1.281011,36.832355
30600186211,out,22,-1.281011,36.832355
30600186211,out,23,-1.281019,36.832207
30600186211,out,24,-1.280953,36.8321
30600186211,out,25,-1.280665,36.83197
30600186211,out,26,-1.280466,36.831978
30600186211,out,27,-1.280376,36.8321
30600186211,out,28,-1.280358,36.832321
30600186211,out,29,-1.280406,36.83242
30600186211,out,30,-1.279219,36.833508
30600186211,out,31,-1.278877,36.833698
30600186211,out,32,-1.278355,36.833862
30600186211,out,33,-1.277444,36.834007
30600186211,out,34,-1.27579,36.834785
30600186211,out,35,-1.273206,36.835724
30600186211,out,36,-1.270184,36.836914
30600186211,out,37,-1.270136,36.837307
30600186211,out,38,-1.268959,36.84193
30600186211,out,39,-1.267462,36.843559
30600186211,out,40,-1.26723,36.844017
30600186211,out,41,-1.266709,36.846722
30600186211,out,42,-1.266162,36.849201
30600186211,out,43,-1.265935,36.850643
30600186211,out,44,-1.265896,36.858215
30600186211,out,45,-1.265859,36.858566
30600186211,out,46,-1.265612,36.859039
30600186211,out,47,-1.264907,36.859509
30600186211,out,48,-1.264515,36.85984
30600186211,out,49,-1.264238,36.860188
30600186211,out,50,-1.264043,36.86055
30600186211,out,51,-1.263819,36.861179
30600186211,out,52,-1.262425,36.866047
30600186211,out,53,-1.261453,36.869598
30600186211,out,54,-1.261459,36.870129
30600186211,out,55,-1.262555,36.877377
30600186211,out,56,-1.262526,36.878223
30600186211,out,57,-1.262401,36.879044
30600186211,out,58,-1.262401,36.879044
30600186211,out,59,-1.262401,36.879044
30600186211,out,60,-1.262185,36.881405
30600186211,out,61,-1.261816,36.884445
30600186211,out,62,-1.261416,36.886402
30600186211,out,63,-1.26086,36.888687
30600186211,out,64,-1.260345,36.890232
30600186211,out,65,-1.260064,36.890785
30600186211,out,66,-1.258193,36.893421
30600186211,out,67,-1.25694,36.897091
30600186211,out,68,-1.256514,36.898506
30600186211,out,69,-1.2564,36.899281
30600186211,out,70,-1.25642,36.899574
30600186211,out,71,-1.256674,36.900528
30600186211,out,72,-1.25707,36.901619
30600186211,out,73,-1.257587,36.902515
30600186211,out,74,-1.257666,36.90276
30600186211,out,75,-1.25764,36.902996
30600186211,out,76,-1.256659,36.905628
30600186211,out,77,-1.256636,36.905972
30600186211,out,78,-1.256793,36.907791
30600186211,out,79,-1.256249,36.908691
30600186211,out,80,-1.254901,36.909946
30600186211,out,81,-1.254594,36.910339
30600186211,out,82,-1.254501,36.910576
30600186211,out,83,-1.254443,36.911224
30600186211,out,84,-1.254447,36.91143
30600186211,out,85,-1.254683,36.911533
30600186211,out,86,-1.257762,36.911976
30600186211,out,87,-1.259573,36.91238
30600186211,out,88,-1.259573,36.91238
30600186211,out,89,-1.259932,36.911369
30600186211,out,90,-1.260263,36.910652
30600186211,out,91,-1.260892,36.909515
30600186211,out,92,-1.261803,36.908188
30600186211,out,93,-1.26266,36.907097
30600186211,out,94,-1.263738,36.90596
30600186211,out,95,-1.265455,36.904526
30600186211,out,96,-1.265455,36.904526
30600186211,out,97,-1.266818,36.906227
30600186211,out,98,-1.266818,36.906227
30600186211,out,99,-1.26513,36.907738
30600186211,out,100,-1.264363,36.908348
30600186211,out,101,-1.264363,36.908348
30600186211,out,102,-1.264373,36.908466
30600186211,out,103,-1.264373,36.908466
30600186211,out,104,-1.266,36.910103
30600186211,out,105,-1.26625,36.910667
30600186211,out,106,-1.266568,36.91098
30600186211,out,107,-1.266932,36.911327
30600186211,out,108,-1.267344,36.911499
30600186211,out,109,-1.268008,36.912048
30600186211,out,110,-1.268514,36.912621
30600186211,out,111,-1.26876,36.912998
30600186211,out,112,-1.269034,36.913609
30600186211,in,0,-1.269016,36.913631
30600186211,in,1,-1.268715,36.913841
30600186211,in,2,-1.266836,36.915752
30600186211,in,3,-1.266425,36.91608
30600186211,in,4,-1.266425,36.91608
30600186211,in,5,-1.266924,36.916973
30600186211,in,6,-1.267428,36.918411
30600186211,in,7,-1.267887,36.919327
30600186211,in,8,-1.268582,36.920532
30600186211,in,9,-1.268582,36.920532
30600186211,in,10,-1.270324,36.919819
30600186211,in,11,-1.27065,36.919632
30600186211,in,12,-1.271379,36.919052
30600186211,in,13,-1.272433,36.918404
30600186211,in,14,-1.27507,36.917587
30600186211,in,15,-1.275689,36.917259
30600186211,in,16,-1.277387,36.915821
30600186211,in,17,-1.277387,36.915821
30600186211,in,18,-1.276506,36.914501
30600186211,in,19,-1.276107,36.913525
30600186211,in,20,-1.275781,36.912544
30600186211,in,21,-1.275235,36.911488
30600186211,in,22,-1.274602,36.910549
30600186211,in,23,-1.274602,36.910549
30600186211,in,24,-1.274346,36.910679
30600186211,in,25,-1.273031,36.911045
30600186211,in,26,-1.272733,36.911236
30600186211,in,27,-1.270626,36.91309
30600186211,in,28,-1.269039,36.91362
30600186211,in,29,-1.269039,36.91362
30600186211,in,30,-1.26876,36.912998
30600186211,in,31,-1.268514,36.912621
30600186211,in,32,-1.268008,36.912048
30600186211,in,33,-1.267344,36.911499
30600186211,in,34,-1.266932,36.911327
30600186211,in,35,-1.266568,36.91098
30600186211,in,36,-1.26625,36.910667
30600186211,in,37,-1.266,36.910103
30600186211,in,38,-1.264373,36.908466
30600186211,in,39,-1.264373,36.908466
30600186211,in,40,-1.264363,36.908348
30600186211,in,41,-1.264363,36.908348
30600186211,in,42,-1.26513,36.907738
30600186211,in,43,-1.266818,36.906227
30600186211,in,44,-1.266818,36.906227
30600186211,in,45,-1.265455,36.904526
30600186211,in,46,-1.265455,36.904526
30600186211,in,47,-1.263738,36.90596
30600186211,in,48,-1.26266,36.907097
30600186211,in,49,-1.261803,36.908188
30600186211,in,50,-1.260892,36.909515
30600186211,in,51,-1.260263,36.910652
30600186211,in,52,-1.259932,36.911369
30600186211,in,53,-1.259573,36.91238
30600186211,in,54,-1.259573,36.91238
30600186211,in,55,-1.257762,36.911976
30600186211,in,56,-1.254683,36.911533
30600186211,in,57,-1.254447,36.91143
30600186211,in,58,-1.254443,36.911224
30600186211,in,59,-1.254501,36.910576
30600186211,in,60,-1.254594,36.910339
30600186211,in,61,-1.254901,36.909946
30600186211,in,62,-1.256249,36.908691
30600186211,in,63,-1.256793,36.907791
30600186211,in,64,-1.256636,36.905972
30600186211,in,65,-1.256659,36.905628
30600186211,in,66,-1.25764,36.902996
30600186211,in,67,-1.257666,36.90276
30600186211,in,68,-1.257587,36.902515
30600186211,in,69,-1.25707,36.901619
30600186211,in,70,-1.256674,36.900528
30600186211,in,71,-1.25642,36.899574
30600186211,in,72,-1.2564,36.899281
30600186211,in,73,-1.256514,36.898506
30600186211,in,74,-1.25694,36.897091
30600186211,in,75,-1.258193,36.893421
30600186211,in,76,-1.260064,36.890785
30600186211,in,77,-1.260345,36.890232
30600186211,in,78,-1.26086,36.888687
30600186211,in,79,-1.261416,36.886402
30600186211,in,80,-1.261816,36.884445
30600186211,in,81,-1.262185,36.881405
30600186211,in,82,-1.262401,36.879044
30600186211,in,83,-1.262401,36.879044
30600186211,in,84,-1.262526,36.878223
30600186211,in,85,-1.262555,36.877377
30600186211,in,86,-1.261459,36.870129
30600186211,in,87,-1.261453,36.869598
30600186211,in,88,-1.262425,36.866047
30600186211,in,89,-1.263819,36.861179
30600186211,in,90,-1.264043,36.86055
30600186211,in,91,-1.264238,36.860188
30600186211,in,92,-1.264515,36.85984
30600186211,in,93,-1.264907,36.859509
30600186211,in,94,-1.265612,36.859039
30600186211,in,95,-1.265774,36.858791
30600186211,in,96,-1.265886,36.858452
30600186211,in,97,-1.265946,36.85043
30600186211,in,98,-1.266162,36.849201
30600186211,in,99,-1.266487,36.847763
30600186211,in,100,-1.266487,36.847763
30600186211,in,101,-1.266709,36.846722
30600186211,in,102,-1.26723,36.844017
30600186211,in,103,-1.267462,36.843559
30600186211,in,104,-1.268959,36.84193
30600186211,in,105,-1.270027,36.837757
30600186211,in,106,-1.270184,36.836914
30600186211,in,107,-1.270184,36.836914
30600186211,in,108,-1.271,36.836628
30600186211,in,109,-1.273206,36.835724
30600186211,in,110,-1.27579,36.834785
30600186211,in,111,-1.276643,36.834415
30600186211,in,112,-1.276643,36.834415
30600186211,in,113,-1.276816,36.834625
30600186211,in,114,-1.276988,36.835007
30600186211,in,115,-1.276993,36.835224
30600186211,in,116,-1.276993,36.835224
30600186211,in,117,-1.27696,36.83535
30600186211,in,118,-1.277043,36.83548
30600186211,in,119,-1.277219,36.835522
30600186211,in,120,-1.277318,36.835484
30600186211,in,121,-1.277416,36.835361
30600186211,in,122,-1.27741,36.83522
30600186211,in,123,-1.278411,36.834431
30600186211,in,124,-1.279459,36.833458
30600186211,in,125,-1.279459,36.833458
30600186211,in,126,-1.279503,36.83337
30600186211,in,127,-1.280622,36.832493
30600186211,in,128,-1.280622,36.832493
30600186211,in,129,-1.280815,36.8325
30600186211,in,130,-1.280954,36.832439
30600186211,in,131,-1.281011,36.832355
30600186211,in,132,-1.281007,36.832161
30600186211,in,133,-1.281611,36.832012
30600186211,in,134,-1.281611,36.832012
30600186211,in,135,-1.282879,36.831589
30600186211,in,136,-1.286658,36.83046
30600186211,in,137,-1.286658,36.83046
30600186211,in,138,-1.28641,36.829723
40705017A01,out,0,-1.262381,36.879044
40705017A01,out,1,-1.263887,36.879375
40705017A01,out,2,-1.274349,36.882004
40705017A01,out,3,-1.277741,36.882641
40705017A01,out,4,-1.278575,36.882751
40705017A01,out,5,-1.278575,36.882751
40705017A01,out,6,-1.278385,36.883766
40705017A01,out,7,-1.278148,36.884296
40705017A01,out,8,-1.276542,36.885902
40705017A01,out,9,-1.276135,36.886562
40705017A01,out,10,-1.275877,36.887283
40705017A01,out,11,-1.275877,36.887283
40705017A01,out,12,-1.276498,36.887505
40705017A01,out,13,-1.278103,36.889019
40705017A01,out,14,-1.278247,36.889133
40705017A01,out,15,-1.278616,36.889198
40705017A01,out,16,-1.278616,36.889198
40705017A01,out,17,-1.277684,36.892929
40705017A01,out,18,-1.277522,36.893909
40705017A01,out,19,-1.278018,36.895233
40705017A01,out,20,-1.278237,36.895603
40705017A01,out,21,-1.278359,36.895691
40705017A01,out,22,-1.28019,36.896156
40705017A01,out,23,-1.28019,36.896156
40705017A01,out,24,-1.279927,36.896885
40705017A01,out,25,-1.279163,36.898285
40705017A01,out,26,-1.278235,36.900181
40705017A01,out,27,-1.278235,36.900181
40705017A01,out,28,-1.282787,36.902534
40705017A01,out,29,-1.282787,36.902534
40705017A01,out,30,-1.28278,36.902683
40705017A01,out,31,-1.28285,36.902756
40705017A01,out,32,-1.28162,36.905056
40705017A01,out,33,-1.281312,36.905403
40705017A01,out,34,-1.279831,36.906162
40705017A01,out,35,-1.278454,36.907711
40705017A01,out,36,-1.278123,36.908009
40705017A01,out,37,-1.27784,36.908165
40705017A01,out,38,-1.276367,36.908707
40705017A01,out,39,-1.274681,36.9105
40705017A01,out,40,-1.274346,36.910679
40705017A01,out,41,-1.273031,36.911045
40705017A01,out,42,-1.272733,36.911236
40705017A01,out,43,-1.270626,36.91309
40705017A01,out,44,-1.269082,36.913597
40705017A01,out,45,-1.268855,36.913723
40705017A01,out,46,-1.266836,36.915752
40705017A01,out,47,-1.266425,36.91608
40705017A01,out,48,-1.264913,36.91663
40705017A01,out,49,-1.264568,36.916927
40705017A01,out,50,-1.263544,36.91827
40705017A01,out,51,-1.263053,36.918755
40705017A01,out,52,-1.26205,36.919525
40705017A01,in,0,-1.26205,36.919525
40705017A01,in,1,-1.261993,36.919579
40705017A01,in,2,-1.261993,36.919579
40705017A01,in,3,-1.263066,36.921124
40705017A01,in,4,-1.2638,36.922935
40705017A01,in,5,-1.263964,36.923199
40705017A01,in,6,-1.264331,36.923435
40705017A01,in,7,-1.264595,36.923477
40705017A01,in,8,-1.26489,36.923435
40705017A01,in,9,-1.26607,36.922749
40705017A01,in,10,-1.26861,36.921913
40705017A01,in,11,-1.269063,36.921612
40705017A01,in,12,-1.269063,36.921612
40705017A01,in,13,-1.268582,36.920532
40705017A01,in,14,-1.268582,36.920532
40705017A01,in,15,-1.270324,36.919819
40705017A01,in,16,-1.27065,36.919632
40705017A01,in,17,-1.271379,36.919052
40705017A01,in,18,-1.272433,36.918404
40705017A01,in,19,-1.27507,36.917587
40705017A01,in,20,-1.275689,36.917259
40705017A01,in,21,-1.277387,36.915821
40705017A01,in,22,-1.277716,36.915657
40705017A01,in,23,-1.278181,36.915527
40705017A01,in,24,-1.279224,36.915413
40705017A01,in,25,-1.279931,36.915283
40705017A01,in,26,-1.280987,36.914944
40705017A01,in,27,-1.2814,36.914715
40705017A01,in,28,-1.2814,36.914715
40705017A01,in,29,-1.281332,36.914406
40705017A01,in,30,-1.280704,36.912872
40705017A01,in,31,-1.280273,36.911476
40705017A01,in,32,-1.279904,36.910835
40705017A01,in,33,-1.278861,36.909561
40705017A01,in,34,-1.278505,36.90889
40705017A01,in,35,-1.278123,36.908009
40705017A01,in,36,-1.278123,36.908009
40705017A01,in,37,-1.278454,36.907711
40705017A01,in,38,-1.279009,36.907078
40705017A01,in,39,-1.279009,36.907078
40705017A01,in,40,-1.279831,36.906162
40705017A01,in,41,-1.281063,36.905548
40705017A01,in,42,-1.281497,36.905231
40705017A01,in,43,-1.282013,36.904354
40705017A01,in,44,-1.28285,36.902756
40705017A01,in,45,-1.28285,36.902756
40705017A01,in,46,-1.282968,36.902771
40705017A01,in,47,-1.283067,36.902687
40705017A01,in,48,-1.283076,36.902569
40705017A01,in,49,-1.28301,36.902489
40705017A01,in,50,-1.28288,36.90247
40705017A01,in,51,-1.282787,36.902534
40705017A01,in,52,-1.278235,36.900181
40705017A01,in,53,-1.278235,36.900181
40705017A01,in,54,-1.279163,36.898285
40705017A01,in,55,-1.279927,36.896885
40705017A01,in,56,-1.28019,36.896156
40705017A01,in,57,-1.28019,36.896156
40705017A01,in,58,-1.278359,36.895691
40705017A01,in,59,-1.278237,36.895603
40705017A01,in,60,-1.278018,36.895233
40705017A01,in,61,-1.277522,36.893909
40705017A01,in,62,-1.277684,36.892929
40705017A01,in,63,-1.278616,36.889198
40705017A01,in,64,-1.278616,36.889198
40705017A01,in,65,-1.278247,36.889133
40705017A01,in,66,-1.278103,36.889019
40705017A01,in,67,-1.276498,36.887505
40705017A01,in,68,-1.275877,36.887283
40705017A01,in,69,-1.275877,36.887283
40705017A01,in,70,-1.276135,36.886562
40705017A01,in,71,-1.276542,36.885902
40705017A01,in,72,-1.278148,36.884296
40705017A01,in,73,-1.278385,36.883766
40705017A01,in,74,-1.278575,36.882751
40705017A01,in,75,-1.278575,36.882751
40705017A01,in,76,-1.277741,36.882641
40705017A01,in,77,-1.274349,36.882004
40705017A01,in,78,-1.263887,36.879375
40705017A01,in,79,-1.262381,36.879044
30600017A11,out,0,-1.272247,36.848961
30600017A11,out,1,-1.266487,36.847763
30600017A11,out,2,-1.266487,36.847763
30600017A11,out,3,-1.266162,36.849201
30600017A11,out,4,-1.265946,36.85043
30600017A11,out,5,-1.265886,36.858452
30600017A11,out,6,-1.265774,36.858791
30600017A11,out,7,-1.265612,36.859039
30600017A11,out,8,-1.264907,36.859509
30600017A11,out,9,-1.264515,36.85984
30600017A11,out,10,-1.264238,36.860188
30600017A11,out,11,-1.264043,36.86055
30600017A11,out,12,-1.263819,36.861179
30600017A11,out,13,-1.262425,36.866047
30600017A11,out,14,-1.261453,36.869598
30600017A11,out,15,-1.261459,36.870129
30600017A11,out,16,-1.262555,36.877377
30600017A11,out,17,-1.262526,36.878223
30600017A11,out,18,-1.262401,36.879044
30600017A11,out,19,-1.262401,36.879044
30600017A11,out,20,-1.263887,36.879375
30600017A11,out,21,-1.274349,36.882004
30600017A11,out,22,-1.277741,36.882641
30600017A11,out,23,-1.278575,36.882751
30600017A11,out,24,-1.278575,36.882751
30600017A11,out,25,-1.278385,36.883766
30600017A11,out,26,-1.278148,36.884296
30600017A11,out,27,-1.276542,36.885902
30600017A11,out,28,-1.276135,36.886562
30600017A11,out,29,-1.275877,36.887283
30600017A11,out,30,-1.275877,36.887283
30600017A11,out,31,-1.276498,36.887505
30600017A11,out,32,-1.278103,36.889019
30600017A11,out,33,-1.278247,36.889133
30600017A11,out,34,-1.278616,36.889198
30600017A11,out,35,-1.278616,36.889198
30600017A11,out,36,-1.277684,36.892929
30600017A11,out,37,-1.277522,36.893909
30600017A11,out,38,-1.278018,36.895233
30600017A11,out,39,-1.278237,36.895603
30600017A11,out,40,-1.278359,36.895691
30600017A11,out,41,-1.28019,36.896156
30600017A11,out,42,-1.28019,36.896156
30600017A11,out,43,-1.279927,36.896885
30600017A11,out,44,-1.279163,36.898285
30600017A11,out,45,-1.278235,36.900181
30600017A11,out,46,-1.278235,36.900181
30600017A11,out,47,-1.282787,36.902534
30600017A11,out,48,-1.282787,36.902534
30600017A11,out,49,-1.28278,36.902683
30600017A11,out,50,-1.28285,36.902756
30600017A11,out,51,-1.28162,36.905056
30600017A11,out,52,-1.281312,36.905403
30600017A11,out,53,-1.279831,36.906162
30600017A11,out,54,-1.278454,36.907711
30600017A11,out,55,-1.278123,36.908009
30600017A11,out,56,-1.27784,36.908165
30600017A11,out,57,-1.276367,36.908707
30600017A11,out,58,-1.274681,36.9105
30600017A11,out,59,-1.274346,36.910679
30600017A11,out,60,-1.273031,36.911045
30600017A11,out,61,-1.272733,36.911236
30600017A11,out,62,-1.270626,36.91309
30600017A11,out,63,-1.269082,36.913597
30600017A11,out,64,-1.268855,36.913723
30600017A11,out,65,-1.266836,36.915752
30600017A11,out,66,-1.266425,36.91608
30600017A11,out,67,-1.264913,36.91663
30600017A11,out,68,-1.264568,36.916927
30600017A11,out,69,-1.263544,36.91827
30600017A11,out,70,-1.263053,36.918755
30600017A11,out,71,-1.262169,36.919392
30600017A11,out,72,-1.261993,36.919579
30600017A11,out,73,-1.261993,36.919579
30600017A11,out,74,-1.262052,36.919636
30600017A11,in,0,-1.262007,36.919567
30600017A11,in,1,-1.261993,36.919579
30600017A11,in,2,-1.261993,36.919579
30600017A11,in,3,-1.263066,36.921124
30600017A11,in,4,-1.2638,36.922935
30600017A11,in,5,-1.263964,36.923199
30600017A11,in,6,-1.264331,36.923435
30600017A11,in,7,-1.264595,36.923477
30600017A11,in,8,-1.26489,36.923435
30600017A11,in,9,-1.26607,36.922749
30600017A11,in,10,-1.26861,36.921913
30600017A11,in,11,-1.269063,36.921612
30600017A11,in,12,-1.269063,36.921612
30600017A11,in,13,-1.268582,36.920532
30600017A11,in,14,-1.268582,36.920532
30600017A11,in,15,-1.270324,36.919819
30600017A11,in,16,-1.27065,36.919632
30600017A11,in,17,-1.271379,36.919052
30600017A11,in,18,-1.272433,36.918404
30600017A11,in,19,-1.27507,36.917587
30600017A11,in,20,-1.275689,36.917259
30600017A11,in,21,-1.277387,36.915821
30600017A11,in,22,-1.277716,36.915657
30600017A11,in,23,-1.278181,36.915527
30600017A11,in,24,-1.279224,36.915413
30600017A11,in,25,-1.279931,36.915283
30600017A11,in,26,-1.280987,36.914944
30600017A11,in,27,-1.2814,36.914715
30600017A11,in,28,-1.2814,36.914715
30600017A11,in,29,-1.281332,36.914406
30600017A11,in,30,-1.280704,36.912872
30600017A11,in,31,-1.280273,36.911476
30600017A11,in,32,-1.279904,36.910835
30600017A11,in,33,-1.278861,36.909561
30600017A11,in,34,-1.278505,36.90889
30600017A11,in,35,-1.278123,36.908009
30600017A11,in,36,-1.278123,36.908009
30600017A11,in,37,-1.278454,36.907711
30600017A11,in,38,-1.279009,36.907078
30600017A11,in,39,-1.279009,36.907078
30600017A11,in,40,-1.279831,36.906162
30600017A11,in,41,-1.281063,36.905548
30600017A11,in,42,-1.281497,36.905231
30600017A11,in,43,-1.282013,36.904354
30600017A11,in,44,-1.28285,36.902756
30600017A11,in,45,-1.28285,36.902756
30600017A11,in,46,-1.282968,36.902771
30600017A11,in,47,-1.283067,36.902687
30600017A11,in,48,-1.283076,36.902569
30600017A11,in,49,-1.28301,36.902489
30600017A11,in,50,-1.28288,36.90247
30600017A11,in,51,-1.282787,36.902534
30600017A11,in,52,-1.278235,36.900181
30600017A11,in,53,-1.278235,36.900181
30600017A11,in,54,-1.279163,36.898285
30600017A11,in,55,-1.279927,36.896885
30600017A11,in,56,-1.28019,36.896156
30600017A11,in,57,-1.28019,36.896156
30600017A11,in,58,-1.278359,36.895691
30600017A11,in,59,-1.278237,36.895603
30600017A11,in,60,-1.278018,36.895233
30600017A11,in,61,-1.277522,36.893909
30600017A11,in,62,-1.277684,36.892929
30600017A11,in,63,-1.278616,36.889198
30600017A11,in,64,-1.278616,36.889198
30600017A11,in,65,-1.278247,36.889133
30600017A11,in,66,-1.278103,36.889019
30600017A11,in,67,-1.276498,36.887505
30600017A11,in,68,-1.275877,36.887283
30600017A11,in,69,-1.275877,36.887283
30600017A11,in,70,-1.276135,36.886562
30600017A11,in,71,-1.276542,36.885902
30600017A11,in,72,-1.278148,36.884296
30600017A11,in,73,-1.278385,36.883766
30600017A11,in,74,-1.278575,36.882751
30600017A11,in,75,-1.278575,36.882751
30600017A11,in,76,-1.277741,36.882641
30600017A11,in,77,-1.274349,36.882004
30600017A11,in,78,-1.263887,36.879375
30600017A11,in,79,-1.262401,36.879044
30600017A11,in,80,-1.262401,36.879044
30600017A11,in,81,-1.262526,36.878223
30600017A11,in,82,-1.262555,36.877377
30600017A11,in,83,-1.261459,36.870129
30600017A11,in,84,-1.261453,36.869598
30600017A11,in,85,-1.262425,36.866047
30600017A11,in,86,-1.263819,36.861179
30600017A11,in,87,-1.264043,36.86055
30600017A11,in,88,-1.264238,36.860188
30600017A11,in,89,-1.264515,36.85984
30600017A11,in,90,-1.264907,36.859509
30600017A11,in,91,-1.265612,36.859039
30600017A11,in,92,-1.265774,36.858791
30600017A11,in,93,-1.265886,36.858452
30600017A11,in,94,-1.265946,36.85043
30600017A11,in,95,-1.266162,36.849201
30600017A11,in,96,-1.266487,36.847763
30600017A11,in,97,-1.266487,36.847763
30600017A11,in,98,-1.272092,36.84893
21000017B11,out,0,-1.28706,36.830337
21000017B11,out,1,-1.286647,36.83045
21000017B11,out,2,-1.286619,36.830425
21000017B11,out,3,-1.28634,36.829597
21000017B11,out,4,-1.28634,36.829597
21000017B11,out,5,-1.285781,36.829781
21000017B11,out,6,-1.285648,36.829895
21000017B11,out,7,-1.285295,36.830593
21000017B11,out,8,-1.285268,36.830696
21000017B11,out,9,-1.285327,36.830875
21000017B11,out,10,-1.285327,36.830875
21000017B11,out,11,-1.287593,36.830212
21000017B11,out,12,-1.287593,36.830212
21000017B11,out,13,-1.287642,36.830338
21000017B11,out,14,-1.287306,36.831066
21000017B11,out,15,-1.287139,36.831284
21000017B11,out,16,-1.285747,36.832081
21000017B11,out,17,-1.285747,36.832081
21000017B11,out,18,-1.28553,36.832104
21000017B11,out,19,-1.283966,36.833054
21000017B11,out,20,-1.283438,36.833218
21000017B11,out,21,-1.282966,36.833271
21000017B11,out,22,-1.282282,36.833244
21000017B11,out,23,-1.282039,36.833164
21000017B11,out,24,-1.281446,36.832767
21000017B11,out,25,-1.281002,36.832329
21000017B11,out,26,-1.281002,36.832329
21000017B11,out,27,-1.28101,36.832172
21000017B11,out,28,-1.280949,36.832085
21000017B11,out,29,-1.280602,36.831898
21000017B11,out,30,-1.280602,36.831898
21000017B11,out,31,-1.280379,36.832047
21000017B11,out,32,-1.280394,36.832367
21000017B11,out,33,-1.280394,36.832367
21000017B11,out,34,-1.279445,36.833302
21000017B11,out,35,-1.279054,36.833611
21000017B11,out,36,-1.27836,36.833851
21000017B11,out,37,-1.277341,36.834099
21000017B11,out,38,-1.277341,36.834099
21000017B11,out,39,-1.276907,36.83419
21000017B11,out,40,-1.275927,36.834618
21000017B11,out,41,-1.270852,36.836521
21000017B11,out,42,-1.270281,36.836586
21000017B11,out,43,-1.269864,36.836491
21000017B11,out,44,-1.269536,36.836342
21000017B11,out,45,-1.269066,36.836021
21000017B11,out,46,-1.269066,36.836021
21000017B11,out,47,-1.269009,36.835907
21000017B11,out,48,-1.268203,36.835308
21000017B11,out,49,-1.267125,36.834541
21000017B11,out,50,-1.26697,36.834492
21000017B11,out,51,-1.266613,36.834549
21000017B11,out,52,-1.265904,36.835087
21000017B11,out,53,-1.265904,36.835087
21000017B11,out,54,-1.264883,36.836166
21000017B11,out,55,-1.264232,36.837017
21000017B11,out,56,-1.262462,36.839863
21000017B11,out,57,-1.261915,36.84063
21000017B11,out,58,-1.260896,36.841896
21000017B11,out,59,-1.260459,36.842583
21000017B11,out,60,-1.258493,36.846565
21000017B11,out,61,-1.258225,36.847267
21000017B11,out,62,-1.258072,36.848083
21000017B11,out,63,-1.257968,36.851944
21000017B11,out,64,-1.257815,36.852844
21000017B11,out,65,-1.257595,36.85339
21000017B11,out,66,-1.257252,36.854
21000017B11,out,67,-1.256621,36.854897
21000017B11,out,68,-1.255309,36.856529
21000017B11,out,69,-1.25431,36.857586
21000017B11,out,70,-1.249121,36.862492
21000017B11,out,71,-1.245289,36.866272
21000017B11,out,72,-1.244356,36.867256
21000017B11,out,73,-1.24345,36.868107
21000017B11,out,74,-1.242972,36.868404
21000017B11,out,75,-1.241701,36.869034
21000017B11,out,76,-1.237148,36.871078
21000017B11,out,77,-1.236086,36.871731
21000017B11,out,78,-1.235432,36.872292
21000017B11,out,79,-1.23485,36.872913
21000017B11,out,80,-1.230245,36.878613
21000017B11,out,81,-1.228419,36.88097
21000017B11,out,82,-1.224287,36.886677
21000017B11,out,83,-1.223064,36.88802
21000017B11,out,84,-1.221587,36.889446
21000017B11,out,85,-1.221587,36.889446
21000017B11,out,86,-1.221281,36.889603
21000017B11,out,87,-1.221281,36.889603
21000017B11,out,88,-1.219649,36.891151
21000017B11,out,89,-1.219649,36.891151
21000017B11,out,90,-1.21949,36.891171
21000017B11,out,91,-1.219337,36.891281
21000017B11,out,92,-1.219272,36.891434
21000017B11,out,93,-1.219316,36.891632
21000017B11,out,94,-1.219483,36.891769
21000017B11,out,95,-1.219688,36.891781
21000017B11,out,96,-1.219856,36.891869
21000017B11,out,97,-1.220394,36.892281
21000017B11,out,98,-1.22062,36.892624
21000017B11,out,99,-1.220689,36.892891
21000017B11,out,100,-1.220647,36.893093
21000017B11,out,101,-1.220522,36.893433
21000017B11,out,102,-1.217673,36.89703
21000017B11,out,103,-1.217485,36.897465
21000017B11,out,104,-1.217461,36.89764
21000017B11,out,105,-1.217742,36.898991
21000017B11,out,106,-1.218872,36.90313
21000017B11,out,107,-1.219418,36.90374
21000017B11,out,108,-1.21988,36.904114
21000017B11,out,109,-1.223892,36.908154
21000017B11,out,110,-1.22396,36.90844
21000017B11,out,111,-1.223064,36.911453
21000017B11,out,112,-1.223008,36.911736
21000017B11,out,113,-1.223044,36.911903
21000017B11,out,114,-1.223244,36.912235
21000017B11,out,115,-1.227511,36.917999
21000017B11,out,116,-1.22954,36.920841
21000017B11,out,117,-1.233034,36.928621
21000017B11,out,118,-1.233294,36.929211
21000017B11,out,119,-1.233992,36.930641
21000017B11,in,0,-1.233992,36.930641
21000017B11,in,1,-1.233817,36.930214
21000017B11,in,2,-1.22954,36.920841
21000017B11,in,3,-1.227511,36.917999
21000017B11,in,4,-1.223244,36.912235
21000017B11,in,5,-1.223044,36.911903
21000017B11,in,6,-1.223008,36.911736
21000017B11,in,7,-1.223064,36.911453
21000017B11,in,8,-1.22396,36.90844
21000017B11,in,9,-1.223892,36.908154
21000017B11,in,10,-1.21988,36.904114
21000017B11,in,11,-1.219418,36.90374
21000017B11,in,12,-1.218872,36.90313
21000017B11,in,13,-1.217742,36.898991
21000017B11,in,14,-1.217461,36.89764
21000017B11,in,15,-1.217485,36.897465
21000017B11,in,16,-1.217673,36.89703
21000017B11,in,17,-1.220522,36.893433
21000017B11,in,18,-1.220689,36.892891
21000017B11,in,19,-1.22062,36.892624
21000017B11,in,20,-1.220503,36.89241
21000017B11,in,21,-1.220306,36.892197
21000017B11,in,22,-1.220306,36.892197
21000017B11,in,23,-1.220176,36.891872
21000017B11,in,24,-1.220144,36.891579
21000017B11,in,25,-1.220219,36.891266
21000017B11,in,26,-1.220528,36.890762
21000017B11,in,27,-1.222758,36.888741
21000017B11,in,28,-1.224212,36.88723
21000017B11,in,29,-1.225937,36.884968
21000017B11,in,30,-1.229629,36.87989
21000017B11,in,31,-1.231566,36.877445
21000017B11,in,32,-1.235614,36.872517
21000017B11,in,33,-1.2363,36.871929
21000017B11,in,34,-1.237322,36.8713
21000017B11,in,35,-1.23969,36.870213
21000017B11,in,36,-1.242648,36.868946
21000017B11,in,37,-1.243573,36.868401
21000017B11,in,38,-1.24516,36.867031
21000017B11,in,39,-1.245572,36.866547
21000017B11,in,40,-1.248267,36.863895
21000017B11,in,41,-1.253709,36.858646
21000017B11,in,42,-1.254996,36.857319
21000017B11,in,43,-1.255967,36.856178
21000017B11,in,44,-1.25744,36.854279
21000017B11,in,45,-1.257863,36.853508
21000017B11,in,46,-1.258074,36.852959
21000017B11,in,47,-1.258268,36.851944
21000017B11,in,48,-1.258386,36.848228
21000017B11,in,49,-1.25849,36.847542
21000017B11,in,50,-1.258675,36.846992
21000017B11,in,51,-1.26088,36.842468
21000017B11,in,52,-1.261352,36.841747
21000017B11,in,53,-1.261598,36.84148
21000017B11,in,54,-1.261984,36.841114
21000017B11,in,55,-1.262498,36.840755
21000017B11,in,56,-1.262707,36.840511
21000017B11,in,57,-1.26299,36.839626
21000017B11,in,58,-1.263205,36.839249
21000017B11,in,59,-1.263205,36.839249
21000017B11,in,60,-1.263288,36.839134
21000017B11,in,61,-1.263288,36.839134
21000017B11,in,62,-1.263576,36.838547
21000017B11,in,63,-1.264937,36.836395
21000017B11,in,64,-1.265483,36.835747
21000017B11,in,65,-1.266667,36.834721
21000017B11,in,66,-1.266838,36.834667
21000017B11,in,67,-1.267033,36.834717
21000017B11,in,68,-1.268919,36.836082
21000017B11,in,69,-1.269014,36.836094
21000017B11,in,70,-1.269014,36.836094
21000017B11,in,71,-1.269493,36.836422
21000017B11,in,72,-1.269833,36.836575
21000017B11,in,73,-1.270272,36.836678
21000017B11,in,74,-1.27072,36.836639
21000017B11,in,75,-1.272048,36.836189
21000017B11,in,76,-1.276547,36.83448
21000017B11,in,77,-1.276802,36.834599
21000017B11,in,78,-1.276802,36.834599
21000017B11,in,79,-1.276986,36.835228
21000017B11,in,80,-1.276986,36.835228
21000017B11,in,81,-1.276986,36.835377
21000017B11,in,82,-1.277064,36.83548
21000017B11,in,83,-1.277186,36.835526
21000017B11,in,84,-1.277329,36.83548
21000017B11,in,85,-1.277411,36.835354
21000017B11,in,86,-1.277402,36.835224
21000017B11,in,87,-1.279424,36.833454
21000017B11,in,88,-1.279424,36.833454
21000017B11,in,89,-1.280599,36.832466
21000017B11,in,90,-1.280776,36.832466
21000017B11,in,91,-1.28094,36.832397
21000017B11,in,92,-1.281002,36.832329
21000017B11,in,93,-1.281004,36.83215
21000017B11,in,94,-1.281004,36.83215
21000017B11,in,95,-1.287194,36.830337
21200017B12,out,0,-1.217403,36.897636
21200017B12,out,1,-1.217742,36.898991
21200017B12,out,2,-1.218872,36.90313
21200017B12,out,3,-1.219418,36.90374
21200017B12,out,4,-1.21988,36.904114
21200017B12,out,5,-1.223892,36.908154
21200017B12,out,6,-1.22396,36.90844
21200017B12,out,7,-1.223064,36.911453
21200017B12,out,8,-1.223008,36.911736
21200017B12,out,9,-1.223044,36.911903
21200017B12,out,10,-1.223244,36.912235
21200017B12,out,11,-1.227511,36.917999
21200017B12,out,12,-1.22954,36.920841
21200017B12,out,13,-1.233034,36.928621
21200017B12,out,14,-1.233294,36.929211
21200017B12,out,15,-1.233992,36.930641
21200017B12,in,0,-1.233992,36.930641
21200017B12,in,1,-1.233817,36.930214
21200017B12,in,2,-1.22954,36.920841
21200017B12,in,3,-1.227511,36.917999
21200017B12,in,4,-1.223244,36.912235
21200017B12,in,5,-1.223044,36.911903
21200017B12,in,6,-1.223008,36.911736
21200017B12,in,7,-1.223064,36.911453
21200017B12,in,8,-1.22396,36.90844
21200017B12,in,9,-1.223892,36.908154
21200017B12,in,10,-1.21988,36.904114
21200017B12,in,11,-1.219418,36.90374
21200017B12,in,12,-1.218872,36.90313
21200017B12,in,13,-1.217742,36.898991
21200017B12,in,14,-1.217476,36.897765
21200017B12,in,15,-1.217387,36.897505
30600018C11,out,0,-1.269016,36.913631
30600018C11,out,1,-1.268715,36.913841
30600018C11,out,2,-1.266836,36.915752
30600018C11,out,3,-1.266425,36.91608
30600018C11,out,4,-1.266425,36.91608
30600018C11,out,5,-1.266924,36.916973
30600018C11,out,6,-1.267428,36.918411
30600018C11,out,7,-1.267887,36.919327
30600018C11,out,8,-1.268582,36.920532
30600018C11,out,9,-1.268582,36.920532
30600018C11,out,10,-1.270324,36.919819
30600018C11,out,11,-1.27065,36.919632
30600018C11,out,12,-1.271379,36.919052
30600018C11,out,13,-1.272433,36.918404
30600018C11,out,14,-1.27507,36.917587
30600018C11,out,15,-1.275689,36.917259
30600018C11,out,16,-1.277387,36.915821
30600018C11,out,17,-1.277387,36.915821
30600018C11,out,18,-1.276506,36.914501
30600018C11,out,19,-1.276107,36.913525
30600018C11,out,20,-1.275781,36.912544
30600018C11,out,21,-1.275235,36.911488
30600018C11,out,22,-1.274602,36.910549
30600018C11,out,23,-1.274602,36.910549
30600018C11,out,24,-1.274346,36.910679
30600018C11,out,25,-1.273031,36.911045
30600018C11,out,26,-1.272733,36.911236
30600018C11,out,27,-1.270626,36.91309
30600018C11,out,28,-1.269039,36.91362
30600018C11,out,29,-1.269039,36.91362
30600018C11,out,30,-1.26876,36.912998
30600018C11,out,31,-1.268514,36.912621
30600018C11,out,32,-1.268008,36.912048
30600018C11,out,33,-1.267344,36.911499
30600018C11,out,34,-1.266932,36.911327
30600018C11,out,35,-1.266568,36.91098
30600018C11,out,36,-1.26625,36.910667
30600018C11,out,37,-1.266,36.910103
30600018C11,out,38,-1.264373,36.908466
30600018C11,out,39,-1.264373,36.908466
30600018C11,out,40,-1.264363,36.908348
30600018C11,out,41,-1.264363,36.908348
30600018C11,out,42,-1.26513,36.907738
30600018C11,out,43,-1.266818,36.906227
30600018C11,out,44,-1.266818,36.906227
30600018C11,out,45,-1.265455,36.904526
30600018C11,out,46,-1.265455,36.904526
30600018C11,out,47,-1.263738,36.90596
30600018C11,out,48,-1.26266,36.907097
30600018C11,out,49,-1.261803,36.908188
30600018C11,out,50,-1.260892,36.909515
30600018C11,out,51,-1.260263,36.910652
30600018C11,out,52,-1.259932,36.911369
30600018C11,out,53,-1.259573,36.91238
30600018C11,out,54,-1.259573,36.91238
30600018C11,out,55,-1.257762,36.911976
30600018C11,out,56,-1.254683,36.911533
30600018C11,out,57,-1.254447,36.91143
30600018C11,out,58,-1.254443,36.911224
30600018C11,out,59,-1.254501,36.910576
30600018C11,out,60,-1.254594,36.910339
30600018C11,out,61,-1.254901,36.909946
30600018C11,out,62,-1.256249,36.908691
30600018C11,out,63,-1.256793,36.907791
30600018C11,out,64,-1.256636,36.905972
30600018C11,out,65,-1.256659,36.905628
30600018C11,out,66,-1.25764,36.902996
30600018C11,out,67,-1.257666,36.90276
30600018C11,out,68,-1.257587,36.902515
30600018C11,out,69,-1.25707,36.901619
30600018C11,out,70,-1.256674,36.900528
30600018C11,out,71,-1.25642,36.899574
30600018C11,out,72,-1.2564,36.899281
30600018C11,out,73,-1.256514,36.898506
30600018C11,out,74,-1.25694,36.897091
30600018C11,out,75,-1.258193,36.893421
30600018C11,out,76,-1.260064,36.890785
30600018C11,out,77,-1.260345,36.890232
30600018C11,out,78,-1.26086,36.888687
30600018C11,out,79,-1.261416,36.886402
30600018C11,out,80,-1.261816,36.884445
30600018C11,out,81,-1.262185,36.881405
30600018C11,out,82,-1.262401,36.879044
30600018C11,out,83,-1.262401,36.879044
30600018C11,out,84,-1.262526,36.878223
30600018C11,out,85,-1.262555,36.877377
30600018C11,out,86,-1.261459,36.870129
30600018C11,out,87,-1.261453,36.869598
30600018C11,out,88,-1.262425,36.866047
30600018C11,out,89,-1.263819,36.861179
30600018C11,out,90,-1.264043,36.86055
30600018C11,out,91,-1.264238,36.860188
30600018C11,out,92,-1.264515,36.85984
30600018C11,out,93,-1.264907,36.859509
30600018C11,out,94,-1.265612,36.859039
30600018C11,out,95,-1.265774,36.858791
30600018C11,out,96,-1.265886,36.858452
30600018C11,out,97,-1.265946,36.85043
30600018C11,out,98,-1.266162,36.849201
30600018C11,out,99,-1.266487,36.847763
30600018C11,out,100,-1.266487,36.847763
30600018C11,out,101,-1.272051,36.848923
30600018C11,in,0,-1.272051,36.848923
30600018C11,in,1,-1.266487,36.847763
30600018C11,in,2,-1.266487,36.847763
30600018C11,in,3,-1.266162,36.849201
30600018C11,in,4,-1.265946,36.85043
30600018C11,in,5,-1.265886,36.858452
30600018C11,in,6,-1.265774,36.858791
30600018C11,in,7,-1.265612,36.859039
30600018C11,in,8,-1.264907,36.859509
30600018C11,in,9,-1.264515,36.85984
30600018C11,in,10,-1.264238,36.860188
30600018C11,in,11,-1.264043,36.86055
30600018C11,in,12,-1.263819,36.861179
30600018C11,in,13,-1.262425,36.866047
30600018C11,in,14,-1.261453,36.869598
30600018C11,in,15,-1.261459,36.870129
30600018C11,in,16,-1.262555,36.877377
30600018C11,in,17,-1.262526,36.878223
30600018C11,in,18,-1.262401,36.879044
30600018C11,in,19,-1.262401,36.879044
30600018C11,in,20,-1.262185,36.881405
30600018C11,in,21,-1.261816,36.884445
30600018C11,in,22,-1.261416,36.886402
30600018C11,in,23,-1.26086,36.888687
30600018C11,in,24,-1.260345,36.890232
30600018C11,in,25,-1.260064,36.890785
30600018C11,in,26,-1.258193,36.893421
30600018C11,in,27,-1.25694,36.897091
30600018C11,in,28,-1.256514,36.898506
30600018C11,in,29,-1.2564,36.899281
30600018C11,in,30,-1.25642,36.899574
30600018C11,in,31,-1.256674,36.900528
30600018C11,in,32,-1.25707,36.901619
30600018C11,in,33,-1.257587,36.902515
30600018C11,in,34,-1.257666,36.90276
30600018C11,in,35,-1.25764,36.902996
30600018C11,in,36,-1.256659,36.905628
30600018C11,in,37,-1.256636,36.905972
30600018C11,in,38,-1.256793,36.907791
30600018C11,in,39,-1.256249,36.908691
30600018C11,in,40,-1.254901,36.909946
30600018C11,in,41,-1.254594,36.910339
30600018C11,in,42,-1.254501,36.910576
30600018C11,in,43,-1.254443,36.911224
30600018C11,in,44,-1.254447,36.91143
30600018C11,in,45,-1.254683,36.911533
30600018C11,in,46,-1.257762,36.911976
30600018C11,in,47,-1.259573,36.91238
30600018C11,in,48,-1.259573,36.91238
30600018C11,in,49,-1.259932,36.911369
30600018C11,in,50,-1.260263,36.910652
30600018C11,in,51,-1.260892,36.909515
30600018C11,in,52,-1.261803,36.908188
30600018C11,in,53,-1.26266,36.907097
30600018C11,in,54,-1.263738,36.90596
30600018C11,in,55,-1.265455,36.904526
30600018C11,in,56,-1.265455,36.904526
30600018C11,in,57,-1.266818,36.906227
30600018C11,in,58,-1.266818,36.906227
30600018C11,in,59,-1.26513,36.907738
30600018C11,in,60,-1.264363,36.908348
30600018C11,in,61,-1.264363,36.908348
30600018C11,in,62,-1.264373,36.908466
30600018C11,in,63,-1.264373,36.908466
30600018C11,in,64,-1.266,36.910103
30600018C11,in,65,-1.26625,36.910667
30600018C11,in,66,-1.266568,36.91098
30600018C11,in,67,-1.266932,36.911327
30600018C11,in,68,-1.267344,36.911499
30600018C11,in,69,-1.268008,36.912048
30600018C11,in,70,-1.268514,36.912621
30600018C11,in,71,-1.26876,36.912998
30600018C11,in,72,-1.269034,36.913609
40702196111,in,0,-1.269872,36.919998
40702196111,in,1,-1.27065,36.919632
40702196111,in,2,-1.271379,36.919052
40702196111,in,3,-1.272433,36.918404
40702196111,in,4,-1.27507,36.917587
40702196111,in,5,-1.275689,36.917259
40702196111,in,6,-1.277387,36.915821
40702196111,in,7,-1.277387,36.915821
40702196111,in,8,-1.276506,36.914501
40702196111,in,9,-1.276107,36.913525
40702196111,in,10,-1.275781,36.912544
40702196111,in,11,-1.275235,36.911488
40702196111,in,12,-1.274602,36.910549
40702196111,in,13,-1.274602,36.910549
40702196111,in,14,-1.276367,36.908707
40702196111,in,15,-1.278008,36.908081
40702196111,in,16,-1.278454,36.907711
40702196111,in,17,-1.279009,36.907078
40702196111,in,18,-1.279009,36.907078
40702196111,in,19,-1.279831,36.906162
40702196111,in,20,-1.281063,36.905548
40702196111,in,21,-1.281497,36.905231
40702196111,in,22,-1.282013,36.904354
40702196111,in,23,-1.28285,36.902756
40702196111,in,24,-1.28285,36.902756
40702196111,in,25,-1.282968,36.902771
40702196111,in,26,-1.283067,36.902687
40702196111,in,27,-1.285181,36.903847
40702196111,in,28,-1.287329,36.904636
40702196111,in,29,-1.287615,36.90469
40702196111,in,30,-1.287615,36.90469
40702196111,in,31,-1.287693,36.904785
40702196111,in,32,-1.287822,36.904743
40702196111,in,33,-1.287956,36.904396
40702196111,in,34,-1.289679,36.902115
40702196111,in,35,-1.291086,36.901463
40702196111,in,36,-1.291566,36.901005
40702196111,in,37,-1.292506,36.899754
40702196111,in,38,-1.292663,36.899277
40702196111,in,39,-1.292728,36.898754
40702196111,in,40,-1.292837,36.898521
40702196111,in,41,-1.294686,36.896133
40702196111,in,42,-1.294886,36.895939
40702196111,in,43,-1.29515,36.895779
40702196111,in,44,-1.296276,36.895329
40702196111,in,45,-1.296515,36.895184
40702196111,in,46,-1.296826,36.894875
40702196111,in,47,-1.296826,36.894875
40702196111,in,48,-1.297105,36.894436
40702196111,in,49,-1.298249,36.893059
40702196111,in,50,-1.29891,36.892113
40702196111,in,51,-1.299017,36.891785
40702196111,in,52,-1.299312,36.89016
40702196111,in,53,-1.300909,36.888069
40702196111,in,54,-1.301162,36.887577
40702196111,in,55,-1.301162,36.887577
40702196111,in,56,-1.299712,36.887264
40702196111,in,57,-1.298701,36.887188
40702196111,in,58,-1.298262,36.887054
40702196111,in,59,-1.298101,36.886803
40702196111,in,60,-1.298101,36.886803
40702196111,in,61,-1.298131,36.886711
40702196111,in,62,-1.298088,36.886543
40702196111,in,63,-1.297634,36.886093
40702196111,in,64,-1.296681,36.884178
40702196111,in,65,-1.296203,36.88303
40702196111,in,66,-1.296146,36.882664
40702196111,in,67,-1.296357,36.880936
40702196111,in,68,-1.297298,36.87492
40702196111,in,69,-1.297999,36.869648
40702196111,in,70,-1.297972,36.869041
40702196111,in,71,-1.295384,36.856445
40702196111,in,72,-1.295314,36.855961
40702196111,in,73,-1.295328,36.855576
40702196111,in,74,-1.295162,36.855198
40702196111,in,75,-1.294322,36.851715
40702196111,in,76,-1.294295,36.851349
40702196111,in,77,-1.292142,36.841774
40702196111,in,78,-1.292119,36.841454
40702196111,in,79,-1.292194,36.841251
40702196111,in,80,-1.292194,36.841251
40702196111,in,81,-1.2923,36.84108
40702196111,in,82,-1.292276,36.840923
40702196111,in,83,-1.292152,36.84079
40702196111,in,84,-1.29198,36.840725
40702196111,in,85,-1.291736,36.840755
40702196111,in,86,-1.291221,36.841057
40702196111,in,87,-1.290124,36.841301
40702196111,in,88,-1.289766,36.841198
40702196111,in,89,-1.289492,36.84095
40702196111,in,90,-1.289128,36.840324
40702196111,in,91,-1.288671,36.839321
40702196111,in,92,-1.287457,36.837158
40702196111,in,93,-1.287045,36.836285
40702196111,in,94,-1.286021,36.833656
40702196111,in,95,-1.28591,36.833187
40702196111,in,96,-1.285855,36.832546
40702196111,in,97,-1.285855,36.832546
40702196111,in,98,-1.285935,36.832409
40702196111,in,99,-1.285933,36.832291
40702196111,in,100,-1.285859,36.832165
40702196111,in,101,-1.285714,36.8321
40702196111,in,102,-1.285566,36.83213
40702196111,in,103,-1.28507,36.832455
40702196111,out,0,-1.28507,36.832455
40702196111,out,1,-1.284358,36.832882
40702196111,out,2,-1.283692,36.833195
40702196111,out,3,-1.283246,36.833282
40702196111,out,4,-1.282618,36.833309
40702196111,out,5,-1.282282,36.833282
40702196111,out,6,-1.281796,36.833076
40702196111,out,7,-1.281435,36.832821
40702196111,out,8,-1.281011,36.832355
40702196111,out,9,-1.281011,36.832355
40702196111,out,10,-1.281007,36.832161
40702196111,out,11,-1.280776,36.832001
40702196111,out,12,-1.280466,36.831978
40702196111,out,13,-1.280376,36.8321
40702196111,out,14,-1.280358,36.832321
40702196111,out,15,-1.280406,36.83242
40702196111,out,16,-1.280958,36.832554
40702196111,out,17,-1.281514,36.833004
40702196111,out,18,-1.28196,36.833275
40702196111,out,19,-1.282614,36.833408
40702196111,out,20,-1.283056,36.833405
40702196111,out,21,-1.283731,36.83329
40702196111,out,22,-1.284486,36.832954
40702196111,out,23,-1.285439,36.832401
40702196111,out,24,-1.285439,36.832401
40702196111,out,25,-1.285494,36.832516
40702196111,out,26,-1.28541,36.833794
40702196111,out,27,-1.285532,36.833961
40702196111,out,28,-1.286025,36.834091
40702196111,out,29,-1.286163,36.83424
40702196111,out,30,-1.286944,36.836292
40702196111,out,31,-1.287382,36.837189
40702196111,out,32,-1.287733,36.838051
40702196111,out,33,-1.288545,36.839382
40702196111,out,34,-1.289026,36.840397
40702196111,out,35,-1.289411,36.841045
40702196111,out,36,-1.289705,36.841297
40702196111,out,37,-1.289966,36.8414
40702196111,out,38,-1.290339,36.841377
40702196111,out,39,-1.291266,36.841187
40702196111,out,40,-1.29162,36.841282
40702196111,out,41,-1.29162,36.841282
40702196111,out,42,-1.291892,36.841541
40702196111,out,43,-1.291999,36.841782
40702196111,out,44,-1.293454,36.848656
40702196111,out,45,-1.294088,36.851238
40702196111,out,46,-1.2941,36.852112
40702196111,out,47,-1.294497,36.852978
40702196111,out,48,-1.294927,36.854965
40702196111,out,49,-1.294982,36.855766
40702196111,out,50,-1.295235,36.856407
40702196111,out,51,-1.297852,36.869064
40702196111,out,52,-1.297882,36.869644
40702196111,out,53,-1.297166,36.874924
40702196111,out,54,-1.296243,36.880966
40702196111,out,55,-1.296043,36.882679
40702196111,out,56,-1.296101,36.883011
40702196111,out,57,-1.296581,36.884201
40702196111,out,58,-1.297557,36.886238
40702196111,out,59,-1.297556,36.88649
40702196111,out,60,-1.297556,36.88649
40702196111,out,61,-1.29749,36.88665
40702196111,out,62,-1.297557,36.886868
40702196111,out,63,-1.297689,36.886967
40702196111,out,64,-1.298039,36.8871
40702196111,out,65,-1.299712,36.887264
40702196111,out,66,-1.301162,36.887577
40702196111,out,67,-1.301162,36.887577
40702196111,out,68,-1.300909,36.888069
40702196111,out,69,-1.299312,36.89016
40702196111,out,70,-1.299312,36.89016
40702196111,out,71,-1.299017,36.891785
40702196111,out,72,-1.29891,36.892113
40702196111,out,73,-1.298249,36.893059
40702196111,out,74,-1.297105,36.894436
40702196111,out,75,-1.296826,36.894875
40702196111,out,76,-1.296515,36.895184
40702196111,out,77,-1.296276,36.895329
40702196111,out,78,-1.29515,36.895779
40702196111,out,79,-1.294886,36.895939
40702196111,out,80,-1.294686,36.896133
40702196111,out,81,-1.292837,36.898521
40702196111,out,82,-1.292728,36.898754
40702196111,out,83,-1.292663,36.899277
40702196111,out,84,-1.292506,36.899754
40702196111,out,85,-1.291566,36.901005
40702196111,out,86,-1.291086,36.901463
40702196111,out,87,-1.289679,36.902115
40702196111,out,88,-1.28797,36.904381
40702196111,out,89,-1.287733,36.90456
40702196111,out,90,-1.287733,36.90456
40702196111,out,91,-1.287329,36.904636
40702196111,out,92,-1.285181,36.903847
40702196111,out,93,-1.283067,36.902687
40702196111,out,94,-1.283067,36.902687
40702196111,out,95,-1.283076,36.902569
40702196111,out,96,-1.28301,36.902489
40702196111,out,97,-1.28288,36.90247
40702196111,out,98,-1.282787,36.902534
40702196111,out,99,-1.28278,36.902683
40702196111,out,100,-1.28285,36.902756
40702196111,out,101,-1.28162,36.905056
40702196111,out,102,-1.28141,36.905323
40702196111,out,103,-1.281063,36.905548
40702196111,out,104,-1.279831,36.906162
40702196111,out,105,-1.278454,36.907711
40702196111,out,106,-1.278123,36.908009
40702196111,out,107,-1.27784,36.908165
40702196111,out,108,-1.276367,36.908707
40702196111,out,109,-1.274602,36.910549
40702196111,out,110,-1.274602,36.910549
40702196111,out,111,-1.275235,36.911488
40702196111,out,112,-1.275781,36.912544
40702196111,out,113,-1.276107,36.913525
40702196111,out,114,-1.276506,36.914501
40702196111,out,115,-1.277387,36.915821
40702196111,out,116,-1.277387,36.915821
40702196111,out,117,-1.275689,36.917259
40702196111,out,118,-1.27507,36.917587
40702196111,out,119,-1.272433,36.918404
40702196111,out,120,-1.271379,36.919052
40702196111,out,121,-1.27065,36.919632
40702196111,out,122,-1.269872,36.919998
40702196112,out,0,-1.300888,36.888096
40702196112,out,1,-1.299312,36.89016
40702196112,out,2,-1.299312,36.89016
40702196112,out,3,-1.299017,36.891785
40702196112,out,4,-1.29891,36.892113
40702196112,out,5,-1.298249,36.893059
40702196112,out,6,-1.297105,36.894436
40702196112,out,7,-1.296826,36.894875
40702196112,out,8,-1.296515,36.895184
40702196112,out,9,-1.296276,36.895329
40702196112,out,10,-1.29515,36.895779
40702196112,out,11,-1.294886,36.895939
40702196112,out,12,-1.294686,36.896133
40702196112,out,13,-1.292837,36.898521
40702196112,out,14,-1.292728,36.898754
40702196112,out,15,-1.292663,36.899277
40702196112,out,16,-1.292506,36.899754
40702196112,out,17,-1.291566,36.901005
40702196112,out,18,-1.291086,36.901463
40702196112,out,19,-1.289679,36.902115
40702196112,out,20,-1.28797,36.904381
40702196112,out,21,-1.287733,36.90456
40702196112,out,22,-1.287733,36.90456
40702196112,out,23,-1.287329,36.904636
40702196112,out,24,-1.285181,36.903847
40702196112,out,25,-1.283067,36.902687
40702196112,out,26,-1.283067,36.902687
40702196112,out,27,-1.283076,36.902569
40702196112,out,28,-1.28301,36.902489
40702196112,out,29,-1.28288,36.90247
40702196112,out,30,-1.282787,36.902534
40702196112,out,31,-1.28278,36.902683
40702196112,out,32,-1.28285,36.902756
40702196112,out,33,-1.28162,36.905056
40702196112,out,34,-1.28141,36.905323
40702196112,out,35,-1.281063,36.905548
40702196112,out,36,-1.279831,36.906162
40702196112,out,37,-1.278454,36.907711
40702196112,out,38,-1.278123,36.908009
40702196112,out,39,-1.27784,36.908165
40702196112,out,40,-1.276367,36.908707
40702196112,out,41,-1.274602,36.910549
40702196112,out,42,-1.274602,36.910549
40702196112,out,43,-1.275235,36.911488
40702196112,out,44,-1.275781,36.912544
40702196112,out,45,-1.276107,36.913525
40702196112,out,46,-1.276506,36.914501
40702196112,out,47,-1.277387,36.915821
40702196112,out,48,-1.277387,36.915821
40702196112,out,49,-1.275689,36.917259
40702196112,out,50,-1.27507,36.917587
40702196112,out,51,-1.272433,36.918404
40702196112,out,52,-1.271379,36.919052
40702196112,out,53,-1.271047,36.919327
40702196112,out,54,-1.271046,36.919327
40702196112,out,55,-1.270324,36.919819
40702196112,out,56,-1.269872,36.919998
40702196112,in,0,-1.269872,36.919998
40702196112,in,1,-1.27065,36.919632
40702196112,in,2,-1.271379,36.919052
40702196112,in,3,-1.272433,36.918404
40702196112,in,4,-1.27507,36.917587
40702196112,in,5,-1.275689,36.917259
40702196112,in,6,-1.277387,36.915821
40702196112,in,7,-1.277387,36.915821
40702196112,in,8,-1.276506,36.914501
40702196112,in,9,-1.276107,36.913525
40702196112,in,10,-1.275781,36.912544
40702196112,in,11,-1.275235,36.911488
40702196112,in,12,-1.274602,36.910549
40702196112,in,13,-1.274602,36.910549
40702196112,in,14,-1.276367,36.908707
40702196112,in,15,-1.278008,36.908081
40702196112,in,16,-1.278454,36.907711
40702196112,in,17,-1.279009,36.907078
40702196112,in,18,-1.279009,36.907078
40702196112,in,19,-1.279831,36.906162
40702196112,in,20,-1.281063,36.905548
40702196112,in,21,-1.281497,36.905231
40702196112,in,22,-1.282013,36.904354
40702196112,in,23,-1.28285,36.902756
40702196112,in,24,-1.28285,36.902756
40702196112,in,25,-1.282968,36.902771
40702196112,in,26,-1.283067,36.902687
40702196112,in,27,-1.285181,36.903847
40702196112,in,28,-1.287329,36.904636
40702196112,in,29,-1.287615,36.90469
40702196112,in,30,-1.287615,36.90469
40702196112,in,31,-1.287693,36.904785
40702196112,in,32,-1.287822,36.904743
40702196112,in,33,-1.287956,36.904396
40702196112,in,34,-1.289679,36.902115
40702196112,in,35,-1.291086,36.901463
40702196112,in,36,-1.291566,36.901005
40702196112,in,37,-1.292506,36.899754
40702196112,in,38,-1.292663,36.899277
40702196112,in,39,-1.292728,36.898754
40702196112,in,40,-1.292837,36.898521
40702196112,in,41,-1.294686,36.896133
40702196112,in,42,-1.294886,36.895939
40702196112,in,43,-1.29515,36.895779
40702196112,in,44,-1.296276,36.895329
40702196112,in,45,-1.296515,36.895184
40702196112,in,46,-1.296826,36.894875
40702196112,in,47,-1.296826,36.894875
40702196112,in,48,-1.297105,36.894436
40702196112,in,49,-1.298249,36.893059
40702196112,in,50,-1.29891,36.892113
40702196112,in,51,-1.299017,36.891785
40702196112,in,52,-1.299312,36.89016
40702196112,in,53,-1.300345,36.888817
4070519C211,out,0,-1.296527,36.886715
4070519C211,out,1,-1.295041,36.886452
4070519C211,out,2,-1.29136,36.885582
4070519C211,out,3,-1.281918,36.883251
4070519C211,out,4,-1.279878,36.882896
4070519C211,out,5,-1.278575,36.882751
4070519C211,out,6,-1.278575,36.882751
4070519C211,out,7,-1.278385,36.883766
4070519C211,out,8,-1.278148,36.884296
4070519C211,out,9,-1.277798,36.884689
4070519C211,out,10,-1.276702,36.885708
4070519C211,out,11,-1.276401,36.886101
4070519C211,out,12,-1.276038,36.886772
4070519C211,out,13,-1.275822,36.887554
4070519C211,out,14,-1.275567,36.889675
4070519C211,out,15,-1.275297,36.891243
4070519C211,out,16,-1.27495,36.89259
4070519C211,out,17,-1.274231,36.894634
4070519C211,out,18,-1.273448,36.896297
4070519C211,out,19,-1.272945,36.897182
4070519C211,out,20,-1.271727,36.898941
4070519C211,out,21,-1.270477,36.900471
4070519C211,out,22,-1.269957,36.900997
4070519C211,out,23,-1.268961,36.901936
4070519C211,out,24,-1.268275,36.902493
4070519C211,out,25,-1.265455,36.904526
4070519C211,out,26,-1.265455,36.904526
4070519C211,out,27,-1.266818,36.906227
4070519C211,out,28,-1.266818,36.906227
4070519C211,out,29,-1.26513,36.907738
4070519C211,out,30,-1.264363,36.908348
4070519C211,out,31,-1.264363,36.908348
4070519C211,out,32,-1.264373,36.908466
4070519C211,out,33,-1.264373,36.908466
4070519C211,out,34,-1.264241,36.908501
4070519C211,out,35,-1.264241,36.908501
4070519C211,out,36,-1.262594,36.910118
4070519C211,out,37,-1.261843,36.911224
4070519C211,out,38,-1.26181,36.911564
4070519C211,out,39,-1.261903,36.912083
4070519C211,out,40,-1.262044,36.912506
4070519C211,out,41,-1.262297,36.912781
4070519C211,out,42,-1.262868,36.91325
4070519C211,out,43,-1.263915,36.914341
4070519C211,out,44,-1.264435,36.915314
4070519C211,out,45,-1.264913,36.91663
4070519C211,out,46,-1.264913,36.91663
4070519C211,out,47,-1.266425,36.91608
4070519C211,out,48,-1.266836,36.915752
4070519C211,out,49,-1.268715,36.913841
4070519C211,out,50,-1.269126,36.913586
4070519C211,in,0,-1.268994,36.913521
4070519C211,in,1,-1.26876,36.912998
4070519C211,in,2,-1.268514,36.912621
4070519C211,in,3,-1.268008,36.912048
4070519C211,in,4,-1.267344,36.911499
4070519C211,in,5,-1.266932,36.911327
4070519C211,in,6,-1.266568,36.91098
4070519C211,in,7,-1.26625,36.910667
4070519C211,in,8,-1.266,36.910103
4070519C211,in,9,-1.264373,36.908466
4070519C211,in,10,-1.264373,36.908466
4070519C211,in,11,-1.264363,36.908348
4070519C211,in,12,-1.264363,36.908348
4070519C211,in,13,-1.264283,36.908314
4070519C211,in,14,-1.264212,36.908352
4070519C211,in,15,-1.26419,36.908432
4070519C211,in,16,-1.264241,36.908501
4070519C211,in,17,-1.264241,36.908501
4070519C211,in,18,-1.264373,36.908466
4070519C211,in,19,-1.264373,36.908466
4070519C211,in,20,-1.264363,36.908348
4070519C211,in,21,-1.264363,36.908348
4070519C211,in,22,-1.26513,36.907738
4070519C211,in,23,-1.266818,36.906227
4070519C211,in,24,-1.266818,36.906227
4070519C211,in,25,-1.265455,36.904526
4070519C211,in,26,-1.265455,36.904526
4070519C211,in,27,-1.268275,36.902493
4070519C211,in,28,-1.268961,36.901936
4070519C211,in,29,-1.269957,36.900997
4070519C211,in,30,-1.270477,36.900471
4070519C211,in,31,-1.271727,36.898941
4070519C211,in,32,-1.272945,36.897182
4070519C211,in,33,-1.273448,36.896297
4070519C211,in,34,-1.274231,36.894634
4070519C211,in,35,-1.27495,36.89259
4070519C211,in,36,-1.275297,36.891243
4070519C211,in,37,-1.275567,36.889675
4070519C211,in,38,-1.275822,36.887554
4070519C211,in,39,-1.276038,36.886772
4070519C211,in,40,-1.276401,36.886101
4070519C211,in,41,-1.276702,36.885708
4070519C211,in,42,-1.277798,36.884689
4070519C211,in,43,-1.278148,36.884296
4070519C211,in,44,-1.278385,36.883766
4070519C211,in,45,-1.278575,36.882751
4070519C211,in,46,-1.278575,36.882751
4070519C211,in,47,-1.279878,36.882896
4070519C211,in,48,-1.281918,36.883251
4070519C211,in,49,-1.29136,36.885582
4070519C211,in,50,-1.295041,36.886452
4070519C211,in,51,-1.296527,36.886715
40705019C11,out,0,-1.285904,36.827625
40705019C11,out,1,-1.285858,36.827602
40705019C11,out,2,-1.285858,36.827602
40705019C11,out,3,-1.286187,36.826923
40705019C11,out,4,-1.286187,36.826923
40705019C11,out,5,-1.287716,36.82769
40705019C11,out,6,-1.28777,36.827763
40705019C11,out,7,-1.28786,36.827766
40705019C11,out,8,-1.288712,36.828175
40705019C11,out,9,-1.288712,36.828175
40705019C11,out,10,-1.288673,36.828384
40705019C11,out,11,-1.287919,36.829922
40705019C11,out,12,-1.287799,36.830124
40705019C11,out,13,-1.28763,36.830193
40705019C11,out,14,-1.28767,36.830349
40705019C11,out,15,-1.287628,36.830513
40705019C11,out,16,-1.287284,36.831181
40705019C11,out,17,-1.286949,36.831459
40705019C11,out,18,-1.28577,36.832111
40705019C11,out,19,-1.28577,36.832111
40705019C11,out,20,-1.285566,36.83213
40705019C11,out,21,-1.28544,36.832298
40705019C11,out,22,-1.285494,36.832516
40705019C11,out,23,-1.28541,36.833794
40705019C11,out,24,-1.285532,36.833961
40705019C11,out,25,-1.286025,36.834091
40705019C11,out,26,-1.286163,36.83424
40705019C11,out,27,-1.286944,36.836292
40705019C11,out,28,-1.287382,36.837189
40705019C11,out,29,-1.287733,36.838051
40705019C11,out,30,-1.288545,36.839382
40705019C11,out,31,-1.289299,36.840874
40705019C11,out,32,-1.289551,36.841198
40705019C11,out,33,-1.289966,36.8414
40705019C11,out,34,-1.290339,36.841377
40705019C11,out,35,-1.291266,36.841187
40705019C11,out,36,-1.29162,36.841282
40705019C11,out,37,-1.29162,36.841282
40705019C11,out,38,-1.291892,36.841541
40705019C11,out,39,-1.291999,36.841782
40705019C11,out,40,-1.293454,36.848656
40705019C11,out,41,-1.294088,36.851238
40705019C11,out,42,-1.2941,36.852112
40705019C11,out,43,-1.294497,36.852978
40705019C11,out,44,-1.294927,36.854965
40705019C11,out,45,-1.294982,36.855766
40705019C11,out,46,-1.295235,36.856407
40705019C11,out,47,-1.297852,36.869064
40705019C11,out,48,-1.297882,36.869644
40705019C11,out,49,-1.297166,36.874924
40705019C11,out,50,-1.296243,36.880966
40705019C11,out,51,-1.296043,36.882679
40705019C11,out,52,-1.296101,36.883011
40705019C11,out,53,-1.296581,36.884201
40705019C11,out,54,-1.297557,36.886238
40705019C11,out,55,-1.297556,36.88649
40705019C11,out,56,-1.297556,36.88649
40705019C11,out,57,-1.297509,36.886589
40705019C11,out,58,-1.296936,36.886768
40705019C11,out,59,-1.295041,36.886452
40705019C11,out,60,-1.281918,36.883251
40705019C11,out,61,-1.279878,36.882896
40705019C11,out,62,-1.278575,36.882751
40705019C11,out,63,-1.278575,36.882751
40705019C11,out,64,-1.278385,36.883766
40705019C11,out,65,-1.278148,36.884296
40705019C11,out,66,-1.277798,36.884689
40705019C11,out,67,-1.276702,36.885708
40705019C11,out,68,-1.276401,36.886101
40705019C11,out,69,-1.276038,36.886772
40705019C11,out,70,-1.275822,36.887554
40705019C11,out,71,-1.275567,36.889675
40705019C11,out,72,-1.275297,36.891243
40705019C11,out,73,-1.27483,36.892994
40705019C11,out,74,-1.274231,36.894634
40705019C11,out,75,-1.273881,36.895405
40705019C11,out,76,-1.273448,36.896297
40705019C11,out,77,-1.272814,36.897381
40705019C11,out,78,-1.272814,36.897381
40705019C11,out,79,-1.282787,36.902534
40705019C11,out,80,-1.282787,36.902534
40705019C11,out,81,-1.28278,36.902683
40705019C11,out,82,-1.28285,36.902756
40705019C11,out,83,-1.28162,36.905056
40705019C11,out,84,-1.28141,36.905323
40705019C11,out,85,-1.281063,36.905548
40705019C11,out,86,-1.279831,36.906162
40705019C11,out,87,-1.278454,36.907711
40705019C11,out,88,-1.278123,36.908009
40705019C11,out,89,-1.27784,36.908165
40705019C11,out,90,-1.276367,36.908707
40705019C11,out,91,-1.274681,36.9105
40705019C11,out,92,-1.274346,36.910679
40705019C11,out,93,-1.272991,36.911068
40705019C11,out,94,-1.272991,36.911068
40705019C11,out,95,-1.27206,36.910065
40705019C11,out,96,-1.269056,36.9076
40705019C11,out,97,-1.268328,36.905609
40705019C11,out,98,-1.268328,36.905609
40705019C11,out,99,-1.266803,36.906235
40705019C11,out,100,-1.26513,36.907738
40705019C11,out,101,-1.264363,36.908348
40705019C11,out,102,-1.264363,36.908348
40705019C11,out,103,-1.264373,36.908466
40705019C11,out,104,-1.264373,36.908466
40705019C11,out,105,-1.264241,36.908501
40705019C11,out,106,-1.264241,36.908501
40705019C11,out,107,-1.262594,36.910118
40705019C11,out,108,-1.261843,36.911224
40705019C11,out,109,-1.26181,36.911564
40705019C11,out,110,-1.261903,36.912083
40705019C11,out,111,-1.262044,36.912506
40705019C11,out,112,-1.262297,36.912781
40705019C11,out,113,-1.262868,36.91325
40705019C11,out,114,-1.263915,36.914341
40705019C11,out,115,-1.264435,36.915314
40705019C11,out,116,-1.264913,36.91663
40705019C11,out,117,-1.264913,36.91663
40705019C11,out,118,-1.265173,36.916538
40705019C11,in,0,-1.265065,36.916534
40705019C11,in,1,-1.266038,36.916199
40705019C11,in,2,-1.266396,36.916019
40705019C11,in,3,-1.26847,36.914024
40705019C11,in,4,-1.269008,36.91357
40705019C11,in,5,-1.269008,36.91357
40705019C11,in,6,-1.26876,36.912998
40705019C11,in,7,-1.268514,36.912621
40705019C11,in,8,-1.268008,36.912048
40705019C11,in,9,-1.267445,36.911522
40705019C11,in,10,-1.267051,36.911377
40705019C11,in,11,-1.266568,36.91098
40705019C11,in,12,-1.26625,36.910667
40705019C11,in,13,-1.266,36.910103
40705019C11,in,14,-1.264357,36.908474
40705019C11,in,15,-1.264357,36.908474
40705019C11,in,16,-1.264357,36.908325
40705019C11,in,17,-1.266818,36.906227
40705019C11,in,18,-1.266818,36.906227
40705019C11,in,19,-1.266256,36.905533
40705019C11,in,20,-1.266281,36.905563
40705019C11,in,21,-1.265409,36.904472
40705019C11,in,22,-1.265409,36.904472
40705019C11,in,23,-1.268265,36.902458
40705019C11,in,24,-1.269946,36.900963
40705019C11,in,25,-1.271219,36.899551
40705019C11,in,26,-1.27223,36.898232
40705019C11,in,27,-1.272883,36.897186
40705019C11,in,28,-1.273628,36.895855
40705019C11,in,29,-1.273988,36.895081
40705019C11,in,30,-1.275032,36.892189
40705019C11,in,31,-1.27537,36.890675
40705019C11,in,32,-1.275838,36.88726
40705019C11,in,33,-1.27597,36.88686
40705019C11,in,34,-1.276226,36.886284
40705019C11,in,35,-1.276645,36.8857
40705019C11,in,36,-1.277808,36.884594
40705019C11,in,37,-1.278141,36.884205
40705019C11,in,38,-1.278335,36.883785
40705019C11,in,39,-1.278522,36.882732
40705019C11,in,40,-1.278522,36.882732
40705019C11,in,41,-1.279886,36.882858
40705019C11,in,42,-1.281925,36.883224
40705019C11,in,43,-1.294408,36.886288
40705019C11,in,44,-1.296607,36.886703
40705019C11,in,45,-1.297065,36.886772
40705019C11,in,46,-1.297397,36.886753
40705019C11,in,47,-1.297555,36.886837
40705019C11,in,48,-1.297555,36.886837
40705019C11,in,49,-1.297725,36.88694
40705019C11,in,50,-1.297932,36.886917
40705019C11,in,51,-1.298084,36.886761
40705019C11,in,52,-1.298102,36.886543
40705019C11,in,53,-1.298021,36.886402
40705019C11,in,54,-1.297822,36.886307
40705019C11,in,55,-1.297631,36.886108
40705019C11,in,56,-1.296633,36.884113
40705019C11,in,57,-1.296209,36.883026
40705019C11,in,58,-1.296155,36.882404
40705019C11,in,59,-1.296961,36.876766
40705019C11,in,60,-1.297899,36.869656
40705019C11,in,61,-1.297916,36.869202
40705019C11,in,62,-1.295353,36.856396
40705019C11,in,63,-1.295269,36.855412
40705019C11,in,64,-1.295133,36.855145
40705019C11,in,65,-1.294373,36.851871
40705019C11,in,66,-1.294286,36.851665
40705019C11,in,67,-1.29425,36.851337
40705019C11,in,68,-1.292483,36.843376
40705019C11,in,69,-1.2921,36.841522
40705019C11,in,70,-1.292186,36.841225
40705019C11,in,71,-1.292186,36.841225
40705019C11,in,72,-1.292292,36.841053
40705019C11,in,73,-1.292268,36.840897
40705019C11,in,74,-1.292144,36.840763
40705019C11,in,75,-1.291972,36.840698
40705019C11,in,76,-1.291727,36.840729
40705019C11,in,77,-1.29121,36.84103
40705019C11,in,78,-1.290106,36.841274
40705019C11,in,79,-1.289745,36.841167
40705019C11,in,80,-1.289469,36.840919
40705019C11,in,81,-1.2891,36.84029
40705019C11,in,82,-1.288671,36.839321
40705019C11,in,83,-1.287453,36.837151
40705019C11,in,84,-1.287039,36.836273
40705019C11,in,85,-1.286021,36.833656
40705019C11,in,86,-1.285896,36.833168
40705019C11,in,87,-1.285831,36.832512
40705019C11,in,88,-1.285831,36.832512
40705019C11,in,89,-1.285911,36.832378
40705019C11,in,90,-1.285884,36.832195
40705019C11,in,91,-1.285747,36.832081
40705019C11,in,92,-1.285592,36.832077
40705019C11,in,93,-1.285426,36.831665
40705019C11,in,94,-1.284953,36.830982
40705019C11,in,95,-1.284953,36.830982
40705019C11,in,96,-1.287593,36.830212
40705019C11,in,97,-1.287593,36.830212
40705019C11,in,98,-1.287661,36.830349
40705019C11,in,99,-1.287765,36.830357
40705019C11,in,100,-1.287824,36.830303
40705019C11,in,101,-1.289146,36.827766
40705019C11,in,102,-1.289146,36.827766
40705019C11,in,103,-1.289337,36.827717
40705019C11,in,104,-1.289434,36.827545
40705019C11,in,105,-1.289379,36.827358
40705019C11,in,106,-1.289223,36.827271
40705019C11,in,107,-1.289086,36.827286
40705019C11,in,108,-1.288962,36.8274
40705019C11,in,109,-1.288932,36.827515
40705019C11,in,110,-1.288969,36.827644
40705019C11,in,111,-1.288403,36.828873
40705019C11,in,112,-1.288403,36.828873
40705019C11,in,113,-1.285967,36.827656
40702019C11,out,0,-1.286327,36.826637
40702019C11,out,1,-1.286187,36.826923
40702019C11,out,2,-1.286187,36.826923
40702019C11,out,3,-1.287716,36.82769
40702019C11,out,4,-1.28777,36.827763
40702019C11,out,5,-1.28786,36.827766
40702019C11,out,6,-1.288712,36.828175
40702019C11,out,7,-1.288712,36.828175
40702019C11,out,8,-1.288673,36.828384
40702019C11,out,9,-1.287919,36.829922
40702019C11,out,10,-1.287799,36.830124
40702019C11,out,11,-1.28763,36.830193
40702019C11,out,12,-1.28767,36.830349
40702019C11,out,13,-1.287628,36.830513
40702019C11,out,14,-1.287284,36.831181
40702019C11,out,15,-1.286949,36.831459
40702019C11,out,16,-1.28577,36.832111
40702019C11,out,17,-1.28577,36.832111
40702019C11,out,18,-1.285566,36.83213
40702019C11,out,19,-1.28544,36.832298
40702019C11,out,20,-1.285494,36.832516
40702019C11,out,21,-1.28541,36.833794
40702019C11,out,22,-1.285532,36.833961
40702019C11,out,23,-1.286025,36.834091
40702019C11,out,24,-1.286163,36.83424
40702019C11,out,25,-1.286944,36.836292
40702019C11,out,26,-1.287382,36.837189
40702019C11,out,27,-1.287733,36.838051
40702019C11,out,28,-1.288545,36.839382
40702019C11,out,29,-1.289299,36.840874
40702019C11,out,30,-1.289551,36.841198
40702019C11,out,31,-1.289966,36.8414
40702019C11,out,32,-1.290339,36.841377
40702019C11,out,33,-1.291266,36.841187
40702019C11,out,34,-1.29162,36.841282
40702019C11,out,35,-1.29162,36.841282
40702019C11,out,36,-1.291892,36.841541
40702019C11,out,37,-1.291999,36.841782
40702019C11,out,38,-1.293454,36.848656
40702019C11,out,39,-1.294088,36.851238
40702019C11,out,40,-1.2941,36.852112
40702019C11,out,41,-1.294497,36.852978
40702019C11,out,42,-1.294927,36.854965
40702019C11,out,43,-1.294982,36.855766
40702019C11,out,44,-1.295235,36.856407
40702019C11,out,45,-1.297852,36.869064
40702019C11,out,46,-1.297882,36.869644
40702019C11,out,47,-1.297166,36.874924
40702019C11,out,48,-1.296243,36.880966
40702019C11,out,49,-1.296043,36.882679
40702019C11,out,50,-1.296101,36.883011
40702019C11,out,51,-1.296581,36.884201
40702019C11,out,52,-1.297557,36.886238
40702019C11,out,53,-1.297556,36.88649
40702019C11,out,54,-1.297556,36.88649
40702019C11,out,55,-1.29749,36.88665
40702019C11,out,56,-1.297557,36.886868
40702019C11,out,57,-1.297689,36.886967
40702019C11,out,58,-1.298039,36.8871
40702019C11,out,59,-1.299712,36.887264
40702019C11,out,60,-1.301162,36.887577
40702019C11,out,61,-1.301162,36.887577
40702019C11,out,62,-1.300909,36.888069
40702019C11,out,63,-1.299312,36.89016
40702019C11,out,64,-1.299312,36.89016
40702019C11,out,65,-1.299017,36.891785
40702019C11,out,66,-1.29891,36.892113
40702019C11,out,67,-1.298249,36.893059
40702019C11,out,68,-1.297105,36.894436
40702019C11,out,69,-1.296826,36.894875
40702019C11,out,70,-1.296515,36.895184
40702019C11,out,71,-1.296276,36.895329
40702019C11,out,72,-1.29515,36.895779
40702019C11,out,73,-1.294886,36.895939
40702019C11,out,74,-1.294686,36.896133
40702019C11,out,75,-1.292837,36.898521
40702019C11,out,76,-1.292728,36.898754
40702019C11,out,77,-1.292663,36.899277
40702019C11,out,78,-1.292506,36.899754
40702019C11,out,79,-1.291566,36.901005
40702019C11,out,80,-1.291086,36.901463
40702019C11,out,81,-1.289679,36.902115
40702019C11,out,82,-1.28797,36.904381
40702019C11,out,83,-1.287733,36.90456
40702019C11,out,84,-1.287733,36.90456
40702019C11,out,85,-1.287329,36.904636
40702019C11,out,86,-1.285181,36.903847
40702019C11,out,87,-1.283067,36.902687
40702019C11,out,88,-1.283067,36.902687
40702019C11,out,89,-1.283076,36.902569
40702019C11,out,90,-1.28301,36.902489
40702019C11,out,91,-1.28288,36.90247
40702019C11,out,92,-1.282787,36.902534
40702019C11,out,93,-1.28278,36.902683
40702019C11,out,94,-1.28285,36.902756
40702019C11,out,95,-1.28162,36.905056
40702019C11,out,96,-1.281312,36.905403
40702019C11,out,97,-1.279831,36.906162
40702019C11,out,98,-1.278454,36.907711
40702019C11,out,99,-1.278123,36.908009
40702019C11,out,100,-1.27784,36.908165
40702019C11,out,101,-1.276367,36.908707
40702019C11,out,102,-1.274681,36.9105
40702019C11,out,103,-1.274346,36.910679
40702019C11,out,104,-1.272991,36.911068
40702019C11,out,105,-1.272991,36.911068
40702019C11,out,106,-1.27206,36.910065
40702019C11,out,107,-1.269056,36.9076
40702019C11,out,108,-1.268328,36.905609
40702019C11,out,109,-1.268328,36.905609
40702019C11,out,110,-1.266803,36.906235
40702019C11,out,111,-1.26513,36.907738
40702019C11,out,112,-1.264363,36.908348
40702019C11,out,113,-1.264363,36.908348
40702019C11,out,114,-1.264373,36.908466
40702019C11,out,115,-1.264373,36.908466
40702019C11,out,116,-1.264241,36.908501
40702019C11,out,117,-1.264241,36.908501
40702019C11,out,118,-1.262594,36.910118
40702019C11,out,119,-1.261843,36.911224
40702019C11,out,120,-1.26181,36.911564
40702019C11,out,121,-1.261903,36.912083
40702019C11,out,122,-1.262044,36.912506
40702019C11,out,123,-1.262297,36.912781
40702019C11,out,124,-1.262868,36.91325
40702019C11,out,125,-1.263915,36.914341
40702019C11,out,126,-1.264435,36.915314
40702019C11,out,127,-1.264913,36.91663
40702019C11,out,128,-1.264913,36.91663
40702019C11,out,129,-1.265173,36.916538
40702019C11,in,0,-1.265173,36.916538
40702019C11,in,1,-1.266425,36.91608
40702019C11,in,2,-1.266836,36.915752
40702019C11,in,3,-1.268855,36.913723
40702019C11,in,4,-1.269082,36.913597
40702019C11,in,5,-1.270626,36.91309
40702019C11,in,6,-1.272733,36.911236
40702019C11,in,7,-1.272991,36.911068
40702019C11,in,8,-1.274346,36.910679
40702019C11,in,9,-1.274681,36.9105
40702019C11,in,10,-1.276367,36.908707
40702019C11,in,11,-1.278008,36.908081
40702019C11,in,12,-1.278454,36.907711
40702019C11,in,13,-1.279009,36.907078
40702019C11,in,14,-1.279009,36.907078
40702019C11,in,15,-1.279831,36.906162
40702019C11,in,16,-1.281063,36.905548
40702019C11,in,17,-1.281497,36.905231
40702019C11,in,18,-1.282013,36.904354
40702019C11,in,19,-1.28285,36.902756
40702019C11,in,20,-1.28285,36.902756
40702019C11,in,21,-1.282968,36.902771
40702019C11,in,22,-1.283067,36.902687
40702019C11,in,23,-1.285181,36.903847
40702019C11,in,24,-1.287329,36.904636
40702019C11,in,25,-1.287615,36.90469
40702019C11,in,26,-1.287615,36.90469
40702019C11,in,27,-1.287693,36.904785
40702019C11,in,28,-1.287822,36.904743
40702019C11,in,29,-1.287956,36.904396
40702019C11,in,30,-1.289679,36.902115
40702019C11,in,31,-1.291086,36.901463
40702019C11,in,32,-1.291566,36.901005
40702019C11,in,33,-1.292506,36.899754
40702019C11,in,34,-1.292663,36.899277
40702019C11,in,35,-1.292728,36.898754
40702019C11,in,36,-1.292837,36.898521
40702019C11,in,37,-1.294686,36.896133
40702019C11,in,38,-1.294886,36.895939
40702019C11,in,39,-1.29515,36.895779
40702019C11,in,40,-1.296276,36.895329
40702019C11,in,41,-1.296515,36.895184
40702019C11,in,42,-1.296826,36.894875
40702019C11,in,43,-1.296826,36.894875
40702019C11,in,44,-1.297105,36.894436
40702019C11,in,45,-1.298249,36.893059
40702019C11,in,46,-1.29891,36.892113
40702019C11,in,47,-1.299017,36.891785
40702019C11,in,48,-1.299312,36.89016
40702019C11,in,49,-1.300909,36.888069
40702019C11,in,50,-1.301162,36.887577
40702019C11,in,51,-1.301162,36.887577
40702019C11,in,52,-1.299712,36.887264
40702019C11,in,53,-1.298701,36.887188
40702019C11,in,54,-1.298262,36.887054
40702019C11,in,55,-1.298101,36.886803
40702019C11,in,56,-1.298101,36.886803
40702019C11,in,57,-1.298131,36.886711
40702019C11,in,58,-1.298088,36.886543
40702019C11,in,59,-1.297634,36.886093
40702019C11,in,60,-1.296681,36.884178
40702019C11,in,61,-1.296203,36.88303
40702019C11,in,62,-1.296146,36.882664
40702019C11,in,63,-1.296357,36.880936
40702019C11,in,64,-1.297298,36.87492
40702019C11,in,65,-1.297999,36.869648
40702019C11,in,66,-1.297972,36.869041
40702019C11,in,67,-1.295384,36.856445
40702019C11,in,68,-1.295314,36.855961
40702019C11,in,69,-1.295328,36.855576
40702019C11,in,70,-1.295162,36.855198
40702019C11,in,71,-1.294322,36.851715
40702019C11,in,72,-1.294295,36.851349
40702019C11,in,73,-1.292142,36.841774
40702019C11,in,74,-1.292119,36.841454
40702019C11,in,75,-1.292194,36.841251
40702019C11,in,76,-1.292194,36.841251
40702019C11,in,77,-1.2923,36.84108
40702019C11,in,78,-1.292276,36.840923
40702019C11,in,79,-1.292152,36.84079
40702019C11,in,80,-1.29198,36.840725
40702019C11,in,81,-1.291736,36.840755
40702019C11,in,82,-1.291221,36.841057
40702019C11,in,83,-1.290124,36.841301
40702019C11,in,84,-1.289766,36.841198
40702019C11,in,85,-1.289492,36.84095
40702019C11,in,86,-1.289128,36.840324
40702019C11,in,87,-1.288671,36.839321
40702019C11,in,88,-1.287457,36.837158
40702019C11,in,89,-1.287045,36.836285
40702019C11,in,90,-1.286021,36.833656
40702019C11,in,91,-1.28591,36.833187
40702019C11,in,92,-1.285855,36.832546
40702019C11,in,93,-1.285855,36.832546
40702019C11,in,94,-1.285935,36.832409
40702019C11,in,95,-1.285908,36.832226
40702019C11,in,96,-1.285817,36.832134
40702019C11,in,97,-1.28568,36.8321
40702019C11,in,98,-1.285631,36.831917
40702019C11,in,99,-1.285056,36.831036
40702019C11,in,100,-1.28505,36.830959
40702019C11,in,101,-1.28505,36.830959
40702019C11,in,102,-1.286658,36.83046
40702019C11,in,103,-1.286658,36.83046
40702019C11,in,104,-1.286243,36.829288
40702019C11,in,105,-1.285279,36.828804
40702019C11,in,106,-1.285279,36.828804
40702019C11,in,107,-1.286556,36.82618
40702019C11,in,108,-1.286556,36.82618
40702019C11,in,109,-1.285333,36.825493
40702019C11,in,110,-1.285333,36.825493
40702019C11,in,111,-1.285824,36.824505
80000002311,out,0,-1.282794,36.82505
80000002311,out,1,-1.283236,36.824707
80000002311,out,2,-1.283236,36.824707
80000002311,out,3,-1.284202,36.825943
80000002311,out,4,-1.286187,36.826923
80000002311,out,5,-1.286187,36.826923
80000002311,out,6,-1.286556,36.82618
80000002311,out,7,-1.286556,36.82618
80000002311,out,8,-1.284691,36.825092
80000002311,out,9,-1.282143,36.821964
80000002311,out,10,-1.28057,36.819935
80000002311,out,11,-1.280238,36.819378
80000002311,out,12,-1.280061,36.818886
80000002311,out,13,-1.280066,36.818707
80000002311,out,14,-1.280243,36.818275
80000002311,out,15,-1.280243,36.818275
80000002311,out,16,-1.28175,36.815289
80000002311,out,17,-1.28175,36.815289
80000002311,out,18,-1.281935,36.815182
80000002311,out,19,-1.281993,36.815044
80000002311,out,20,-1.281935,36.814842
80000002311,out,21,-1.281829,36.814777
80000002311,out,22,-1.281703,36.814766
80000002311,out,23,-1.281545,36.814838
80000002311,out,24,-1.280125,36.814201
80000002311,out,25,-1.279305,36.814034
80000002311,out,26,-1.278078,36.813877
80000002311,out,27,-1.277231,36.813675
80000002311,out,28,-1.276072,36.813187
80000002311,out,29,-1.275296,36.812695
80000002311,out,30,-1.275296,36.812695
80000002311,out,31,-1.274499,36.812012
80000002311,out,32,-1.274144,36.811615
80000002311,out,33,-1.273131,36.809734
80000002311,out,34,-1.272256,36.808544
80000002311,out,35,-1.268087,36.804871
80000002311,out,36,-1.266059,36.803112
80000002311,out,37,-1.265135,36.802376
80000002311,out,38,-1.264798,36.801811
80000002311,out,39,-1.264064,36.801514
80000002311,out,40,-1.263519,36.801075
80000002311,out,41,-1.263519,36.801075
80000002311,out,42,-1.262578,36.800278
80000002311,out,43,-1.26217,36.799805
80000002311,out,44,-1.261908,36.799389
80000002311,out,45,-1.26159,36.79858
80000002311,out,46,-1.261294,36.797588
80000002311,out,47,-1.260887,36.794437
80000002311,out,48,-1.260735,36.792377
80000002311,out,49,-1.260374,36.791157
80000002311,out,50,-1.260085,36.789616
80000002311,out,51,-1.259633,36.785126
80000002311,out,52,-1.259131,36.781364
80000002311,out,53,-1.258971,36.779404
80000002311,out,54,-1.259034,36.778088
80000002311,out,55,-1.25952,36.775063
80000002311,out,56,-1.260907,36.76849
80000002311,out,57,-1.261271,36.767544
80000002311,out,58,-1.262691,36.765411
80000002311,out,59,-1.26309,36.764397
80000002311,out,60,-1.263728,36.760822
80000002311,out,61,-1.26413,36.756737
80000002311,out,62,-1.264268,36.75272
80000002311,out,63,-1.264268,36.75272
80000002311,out,64,-1.264474,36.749451
80000002311,out,65,-1.264474,36.749451
80000002311,out,66,-1.264387,36.749447
80000002311,in,0,-1.26498,36.749535
80000002311,in,1,-1.264474,36.749451
80000002311,in,2,-1.263614,36.749416
80000002311,in,3,-1.263427,36.749256
80000002311,in,4,-1.2633,36.749012
80000002311,in,5,-1.2633,36.749012
80000002311,in,6,-1.263441,36.748714
80000002311,in,7,-1.263631,36.748615
80000002311,in,8,-1.263771,36.748623
80000002311,in,9,-1.263896,36.748699
80000002311,in,10,-1.264052,36.748932
80000002311,in,11,-1.264052,36.748932
80000002311,in,12,-1.263984,36.751434
80000002311,in,13,-1.264084,36.753899
80000002311,in,14,-1.263877,36.757507
80000002311,in,15,-1.263555,36.761044
80000002311,in,16,-1.262937,36.764168
80000002311,in,17,-1.262729,36.764912
80000002311,in,18,-1.262524,36.765411
80000002311,in,19,-1.262245,36.765884
80000002311,in,20,-1.261135,36.767544
80000002311,in,21,-1.260916,36.767944
80000002311,in,22,-1.260736,36.768459
80000002311,in,23,-1.260456,36.769558
80000002311,in,24,-1.259451,36.77454
80000002311,in,25,-1.259213,36.775143
80000002311,in,26,-1.259133,36.775513
80000002311,in,27,-1.259187,36.776329
80000002311,in,28,-1.258918,36.777946
80000002311,in,29,-1.25884,36.779198
80000002311,in,30,-1.258985,36.781376
80000002311,in,31,-1.259443,36.785027
80000002311,in,32,-1.259683,36.787994
80000002311,in,33,-1.26001,36.790375
80000002311,in,34,-1.260487,36.79229
80000002311,in,35,-1.26059,36.79361
80000002311,in,36,-1.260975,36.79686
80000002311,in,37,-1.261132,36.797569
80000002311,in,38,-1.261758,36.799469
80000002311,in,39,-1.261956,36.799854
80000002311,in,40,-1.262207,36.800194
80000002311,in,41,-1.263565,36.801403
80000002311,in,42,-1.264438,36.802006
80000002311,in,43,-1.264438,36.802006
80000002311,in,44,-1.264532,36.802174
80000002311,in,45,-1.264939,36.802326
80000002311,in,46,-1.265082,36.802444
80000002311,in,47,-1.266112,36.803375
80000002311,in,48,-1.266845,36.804214
80000002311,in,49,-1.267475,36.80484
80000002311,in,50,-1.267906,36.805168
80000002311,in,51,-1.272415,36.809128
80000002311,in,52,-1.272893,36.809715
80000002311,in,53,-1.27367,36.811146
80000002311,in,54,-1.274155,36.811852
80000002311,in,55,-1.274977,36.812607
80000002311,in,56,-1.2758,36.813183
80000002311,in,57,-1.2758,36.813183
80000002311,in,58,-1.276335,36.813499
80000002311,in,59,-1.277351,36.813847
80000002311,in,60,-1.279284,36.814152
80000002311,in,61,-1.280059,36.814365
80000002311,in,62,-1.28124,36.814854
80000002311,in,63,-1.281484,36.81501
80000002311,in,64,-1.281484,36.81501
80000002311,in,65,-1.281549,36.815201
80000002311,in,66,-1.280687,36.817047
80000002311,in,67,-1.280079,36.818184
80000002311,in,68,-1.280079,36.818184
80000002311,in,69,-1.279914,36.818687
80000002311,in,70,-1.279967,36.819092
80000002311,in,71,-1.279967,36.819092
80000002311,in,72,-1.27994,36.819355
80000002311,in,73,-1.279254,36.820496
80000002311,in,74,-1.279096,36.820644
80000002311,in,75,-1.279096,36.820644
80000002311,in,76,-1.27889,36.820541
80000002311,in,77,-1.278579,36.820492
80000002311,in,78,-1.278187,36.82056
80000002311,in,79,-1.277849,36.82082
80000002311,in,80,-1.277715,36.821117
80000002311,in,81,-1.277758,36.821362
80000002311,in,82,-1.27792,36.821728
80000002311,in,83,-1.278028,36.821857
80000002311,in,84,-1.27833,36.822002
80000002311,in,85,-1.278686,36.822044
80000002311,in,86,-1.279166,36.821861
80000002311,in,87,-1.279634,36.821453
80000002311,in,88,-1.279783,36.821423
80000002311,in,89,-1.28003,36.821487
80000002311,in,90,-1.280489,36.821831
80000002311,in,91,-1.280906,36.822269
80000002311,in,92,-1.281065,36.82267
80000002311,in,93,-1.281316,36.822948
80000002311,in,94,-1.281378,36.822975
80000002311,in,95,-1.281587,36.822884
80000002311,in,96,-1.2818,36.822948
80000002311,in,97,-1.281915,36.823063
80000002311,in,98,-1.283236,36.824707
80000002311,in,99,-1.283236,36.824707
80000002311,in,100,-1.282794,36.82505
40201002311,out,0,-1.286517,36.826981
40201002311,out,1,-1.286227,36.826843
40201002311,out,2,-1.286227,36.826843
40201002311,out,3,-1.286512,36.826252
40201002311,out,4,-1.286512,36.826252
40201002311,out,5,-1.287706,36.826839
40201002311,out,6,-1.288953,36.827541
40201002311,out,7,-1.288953,36.827541
40201002311,out,8,-1.288996,36.827679
40201002311,out,9,-1.288712,36.828175
40201002311,out,10,-1.288673,36.828384
40201002311,out,11,-1.287919,36.829922
40201002311,out,12,-1.287799,36.830124
40201002311,out,13,-1.28763,36.830193
40201002311,out,14,-1.28767,36.830349
40201002311,out,15,-1.287628,36.830513
40201002311,out,16,-1.287284,36.831181
40201002311,out,17,-1.286949,36.831459
40201002311,out,18,-1.28577,36.832111
40201002311,out,19,-1.28577,36.832111
40201002311,out,20,-1.285566,36.83213
40201002311,out,21,-1.28544,36.832298
40201002311,out,22,-1.285494,36.832516
40201002311,out,23,-1.28541,36.833794
40201002311,out,24,-1.285532,36.833961
40201002311,out,25,-1.286025,36.834091
40201002311,out,26,-1.286163,36.83424
40201002311,out,27,-1.286944,36.836292
40201002311,out,28,-1.287382,36.837189
40201002311,out,29,-1.287733,36.838051
40201002311,out,30,-1.288545,36.839382
40201002311,out,31,-1.289299,36.840874
40201002311,out,32,-1.289551,36.841198
40201002311,out,33,-1.289966,36.8414
40201002311,out,34,-1.290339,36.841377
40201002311,out,35,-1.291266,36.841187
40201002311,out,36,-1.29162,36.841282
40201002311,out,37,-1.29162,36.841282
40201002311,out,38,-1.291892,36.841541
40201002311,out,39,-1.291999,36.841782
40201002311,out,40,-1.293454,36.848656
40201002311,out,41,-1.294088,36.851238
40201002311,out,42,-1.294107,36.851807
40201002311,out,43,-1.294107,36.851807
40201002311,out,44,-1.2941,36.852112
40201002311,out,45,-1.292958,36.852299
40201002311,out,46,-1.292958,36.852299
40201002311,out,47,-1.292835,36.853142
40201002311,out,48,-1.292702,36.85347
40201002311,out,49,-1.288874,36.862202
40201002311,out,50,-1.288604,36.862942
40201002311,out,51,-1.288604,36.862942
40201002311,out,52,-1.288685,36.863903
40201002311,out,53,-1.288653,36.864132
40201002311,out,54,-1.288458,36.864498
40201002311,out,55,-1.287818,36.865044
40201002311,out,56,-1.286598,36.865566
40201002311,out,57,-1.286438,36.86573
40201002311,out,58,-1.286023,36.866508
40201002311,out,59,-1.286023,36.866508
40201002311,out,60,-1.286296,36.86668
40201002311,out,61,-1.286296,36.86668
40201002311,out,62,-1.285651,36.867699
40201002311,out,63,-1.284308,36.86874
40201002311,out,64,-1.283802,36.869366
40201002311,out,65,-1.281897,36.871445
40201002311,out,66,-1.281897,36.871445
40201002311,out,67,-1.281494,36.871136
40201002311,out,68,-1.281166,36.870998
40201002311,out,69,-1.280825,36.87101
40201002311,out,70,-1.2805,36.871101
40201002311,out,71,-1.280108,36.871265
40201002311,out,72,-1.279547,36.871597
40201002311,out,73,-1.279259,36.871834
40201002311,out,74,-1.278626,36.872623
40201002311,out,75,-1.278264,36.873249
40201002311,out,76,-1.278083,36.873768
40201002311,out,77,-1.27734,36.877377
40201002311,out,78,-1.27734,36.877377
40201002311,out,79,-1.277253,36.877411
40201002311,out,80,-1.277221,36.877495
40201002311,out,81,-1.271797,36.87751
40201002311,out,82,-1.271699,36.877659
40201002311,out,83,-1.271663,36.878353
40201002311,out,84,-1.271709,36.880074
40201002311,out,85,-1.271438,36.881248
40201002311,out,86,-1.271438,36.881248
40201002311,out,87,-1.269544,36.880779
40201002311,out,88,-1.269544,36.880779
40201002311,out,89,-1.26934,36.881783
40201002311,out,90,-1.269401,36.882378
40201002311,out,91,-1.269626,36.883499
40201002311,out,92,-1.269614,36.883732
40201002311,out,93,-1.269374,36.884178
40201002311,out,94,-1.2685,36.885071
40201002311,out,95,-1.268327,36.885193
40201002311,out,96,-1.267827,36.885349
40201002311,out,97,-1.266487,36.88559
40201002311,out,98,-1.265652,36.885799
40201002311,out,99,-1.265488,36.885887
40201002311,out,100,-1.26483,36.886955
40201002311,out,101,-1.264519,36.887634
40201002311,out,102,-1.264354,36.887764
40201002311,out,103,-1.264133,36.887756
40201002311,out,104,-1.262714,36.887047
40201002311,in,0,-1.262569,36.886974
40201002311,in,1,-1.264133,36.887756
40201002311,in,2,-1.26427,36.887775
40201002311,in,3,-1.26427,36.887775
40201002311,in,4,-1.264383,36.887753
40201002311,in,5,-1.264519,36.887634
40201002311,in,6,-1.26483,36.886955
40201002311,in,7,-1.265488,36.885887
40201002311,in,8,-1.265652,36.885799
40201002311,in,9,-1.266167,36.885666
40201002311,in,10,-1.267827,36.885349
40201002311,in,11,-1.268327,36.885193
40201002311,in,12,-1.2685,36.885071
40201002311,in,13,-1.269374,36.884178
40201002311,in,14,-1.269542,36.88393
40201002311,in,15,-1.269614,36.883732
40201002311,in,16,-1.269626,36.883499
40201002311,in,17,-1.269346,36.882011
40201002311,in,18,-1.269392,36.881443
40201002311,in,19,-1.269544,36.880779
40201002311,in,20,-1.269544,36.880779
40201002311,in,21,-1.271438,36.881248
40201002311,in,22,-1.271438,36.881248
40201002311,in,23,-1.271709,36.880074
40201002311,in,24,-1.271663,36.878353
40201002311,in,25,-1.271699,36.877659
40201002311,in,26,-1.271797,36.87751
40201002311,in,27,-1.277221,36.877495
40201002311,in,28,-1.277221,36.877495
40201002311,in,29,-1.27733,36.877586
40201002311,in,30,-1.27744,36.877487
40201002311,in,31,-1.27734,36.877377
40201002311,in,32,-1.277934,36.874382
40201002311,in,33,-1.278166,36.873478
40201002311,in,34,-1.278418,36.872955
40201002311,in,35,-1.278791,36.87241
40201002311,in,36,-1.279259,36.871834
40201002311,in,37,-1.279547,36.871597
40201002311,in,38,-1.280108,36.871265
40201002311,in,39,-1.280658,36.871052
40201002311,in,40,-1.281071,36.870991
40201002311,in,41,-1.281319,36.87104
40201002311,in,42,-1.281897,36.871445
40201002311,in,43,-1.281897,36.871445
40201002311,in,44,-1.283802,36.869366
40201002311,in,45,-1.284308,36.86874
40201002311,in,46,-1.285651,36.867699
40201002311,in,47,-1.286296,36.86668
40201002311,in,48,-1.286296,36.86668
40201002311,in,49,-1.286023,36.866508
40201002311,in,50,-1.286023,36.866508
40201002311,in,51,-1.286438,36.86573
40201002311,in,52,-1.286598,36.865566
40201002311,in,53,-1.287818,36.865044
40201002311,in,54,-1.288458,36.864498
40201002311,in,55,-1.288653,36.864132
40201002311,in,56,-1.288685,36.863903
40201002311,in,57,-1.288604,36.862942
40201002311,in,58,-1.288604,36.862942
40201002311,in,59,-1.288874,36.862202
40201002311,in,60,-1.292702,36.85347
40201002311,in,61,-1.292835,36.853142
40201002311,in,62,-1.292958,36.852299
40201002311,in,63,-1.292958,36.852299
40201002311,in,64,-1.2941,36.852112
40201002311,in,65,-1.2941,36.852112
40201002311,in,66,-1.29427,36.852467
40201002311,in,67,-1.294423,36.852467
40201002311,in,68,-1.294484,36.852337
40201002311,in,69,-1.294322,36.851715
40201002311,in,70,-1.294295,36.851349
40201002311,in,71,-1.292142,36.841774
40201002311,in,72,-1.292119,36.841454
40201002311,in,73,-1.292194,36.841251
40201002311,in,74,-1.292194,36.841251
40201002311,in,75,-1.2923,36.84108
40201002311,in,76,-1.292276,36.840923
40201002311,in,77,-1.292152,36.84079
40201002311,in,78,-1.29198,36.840725
40201002311,in,79,-1.291736,36.840755
40201002311,in,80,-1.291221,36.841057
40201002311,in,81,-1.290124,36.841301
40201002311,in,82,-1.289766,36.841198
40201002311,in,83,-1.289492,36.84095
40201002311,in,84,-1.289128,36.840324
40201002311,in,85,-1.288671,36.839321
40201002311,in,86,-1.287457,36.837158
40201002311,in,87,-1.287045,36.836285
40201002311,in,88,-1.286021,36.833656
40201002311,in,89,-1.28591,36.833187
40201002311,in,90,-1.285855,36.832546
40201002311,in,91,-1.285855,36.832546
40201002311,in,92,-1.285935,36.832409
40201002311,in,93,-1.28592,36.832253
40201002311,in,94,-1.287094,36.831478
40201002311,in,95,-1.287356,36.83123
40201002311,in,96,-1.287636,36.830769
40201002311,in,97,-1.287796,36.830353
40201002311,in,98,-1.28916,36.827785
40201002311,in,99,-1.28916,36.827785
40201002311,in,100,-1.289362,36.827744
40201002311,in,101,-1.28945,36.827587
40201002311,in,102,-1.289411,36.827442
40201002311,in,103,-1.289242,36.827332
40201002311,in,104,-1.289094,36.827351
40201002311,in,105,-1.28898,36.827457
40201002311,in,106,-1.288953,36.827564
40201002311,in,107,-1.288996,36.827679
40201002311,in,108,-1.288774,36.82806
40201002311,in,109,-1.288774,36.82806
40201002311,in,110,-1.286424,36.826935
20000002311,out,0,-1.281439,36.82233
20000002311,out,1,-1.281451,36.822426
20000002311,out,2,-1.281451,36.822426
20000002311,out,3,-1.281245,36.822311
20000002311,out,4,-1.281076,36.822285
20000002311,out,5,-1.280388,36.821514
20000002311,out,6,-1.279932,36.821239
20000002311,out,7,-1.279518,36.821156
20000002311,out,8,-1.27801,36.821224
20000002311,out,9,-1.277696,36.821304
20000002311,out,10,-1.277406,36.821468
20000002311,out,11,-1.276672,36.822475
20000002311,out,12,-1.276465,36.822678
20000002311,out,13,-1.275556,36.823093
20000002311,out,14,-1.275556,36.823093
20000002311,out,15,-1.275076,36.821407
20000002311,out,16,-1.274717,36.820705
20000002311,out,17,-1.27432,36.819656
20000002311,out,18,-1.273953,36.81905
20000002311,out,19,-1.273953,36.81905
20000002311,out,20,-1.275037,36.818161
20000002311,out,21,-1.275037,36.818161
20000002311,out,22,-1.273,36.815887
20000002311,out,23,-1.272807,36.815582
20000002311,out,24,-1.272699,36.815205
20000002311,out,25,-1.272699,36.815205
20000002311,out,26,-1.272029,36.814449
20000002311,out,27,-1.272029,36.814449
20000002311,out,28,-1.271722,36.814251
20000002311,out,29,-1.269386,36.812344
20000002311,out,30,-1.267409,36.812099
20000002311,out,31,-1.267409,36.812099
20000002311,out,32,-1.269115,36.810062
20000002311,out,33,-1.269115,36.810062
20000002311,out,34,-1.266649,36.807819
20000002311,out,35,-1.266649,36.807819
20000002311,out,36,-1.267564,36.80682
20000002311,out,37,-1.267564,36.80682
20000002311,out,38,-1.267073,36.806435
20000002311,out,39,-1.265029,36.804546
20000002311,out,40,-1.265029,36.804546
20000002311,out,41,-1.263966,36.805691
20000002311,out,42,-1.263966,36.805691
20000002311,out,43,-1.263062,36.804909
20000002311,out,44,-1.262606,36.80463
20000002311,out,45,-1.262606,36.80463
20000002311,out,46,-1.262221,36.803608
20000002311,in,0,-1.262221,36.803608
20000002311,in,1,-1.262136,36.803379
20000002311,in,2,-1.262136,36.803379
20000002311,in,3,-1.262165,36.803211
20000002311,in,4,-1.262047,36.803188
20000002311,in,5,-1.26149,36.803307
20000002311,in,6,-1.261418,36.803432
20000002311,in,7,-1.261481,36.803501
20000002311,in,8,-1.261634,36.803516
20000002311,in,9,-1.262506,36.80444
20000002311,in,10,-1.262606,36.80463
20000002311,in,11,-1.262606,36.80463
20000002311,in,12,-1.263062,36.804909
20000002311,in,13,-1.263966,36.805691
20000002311,in,14,-1.263966,36.805691
20000002311,in,15,-1.265029,36.804546
20000002311,in,16,-1.265029,36.804546
20000002311,in,17,-1.267073,36.806435
20000002311,in,18,-1.26777,36.807003
20000002311,in,19,-1.268754,36.808155
20000002311,in,20,-1.269918,36.809177
20000002311,in,21,-1.269918,36.809177
20000002311,in,22,-1.268208,36.811111
20000002311,in,23,-1.267409,36.812099
20000002311,in,24,-1.267409,36.812099
20000002311,in,25,-1.269405,36.812355
20000002311,in,26,-1.271722,36.814251
20000002311,in,27,-1.272073,36.81469
20000002311,in,28,-1.27255,36.815147
20000002311,in,29,-1.2727,36.815468
20000002311,in,30,-1.2727,36.815468
20000002311,in,31,-1.27279,36.815746
20000002311,in,32,-1.272952,36.815998
20000002311,in,33,-1.274116,36.817219
20000002311,in,34,-1.27496,36.81823
20000002311,in,35,-1.276754,36.820065
20000002311,in,36,-1.277735,36.82172
20000002311,in,37,-1.277735,36.82172
20000002311,in,38,-1.278028,36.821857
20000002311,in,39,-1.278028,36.821857
20000002311,in,40,-1.278343,36.821987
20000002311,in,41,-1.278714,36.822014
20000002311,in,42,-1.279212,36.821793
20000002311,in,43,-1.279478,36.821484
20000002311,in,44,-1.279727,36.821377
20000002311,in,45,-1.279852,36.821384
20000002311,in,46,-1.28023,36.821545
20000002311,in,47,-1.280512,36.821815
20000002311,in,48,-1.280993,36.82243
20000002311,in,49,-1.280993,36.82243
20000002311,in,50,-1.281099,36.822731
20000002311,in,51,-1.281361,36.822952
20000002311,in,52,-1.281561,36.822811
20000002311,in,53,-1.281631,36.822651
20000002311,in,54,-1.281451,36.822426
20000002311,in,55,-1.281439,36.82233
50000002412,out,0,-1.342678,36.766125
50000002412,out,1,-1.336532,36.722881
50000002412,out,2,-1.336332,36.720024
50000002412,out,3,-1.336201,36.719154
50000002412,out,4,-1.335978,36.718693
50000002412,out,5,-1.335437,36.718147
50000002412,out,6,-1.322606,36.707565
50000002412,out,7,-1.322606,36.707565
50000002412,out,8,-1.322379,36.707325
50000002412,out,9,-1.322379,36.707325
50000002412,out,10,-1.322307,36.707211
50000002412,out,11,-1.322244,36.707195
50000002412,out,12,-1.322169,36.707256
50000002412,out,13,-1.322152,36.707657
50000002412,out,14,-1.322064,36.707893
50000002412,in,0,-1.322064,36.707893
50000002412,in,1,-1.322152,36.707657
50000002412,in,2,-1.322152,36.707657
50000002412,in,3,-1.322315,36.707432
50000002412,in,4,-1.322315,36.707432
50000002412,in,5,-1.322606,36.707565
50000002412,in,6,-1.335437,36.718147
50000002412,in,7,-1.335978,36.718693
50000002412,in,8,-1.336201,36.719154
50000002412,in,9,-1.336332,36.720024
50000002412,in,10,-1.336532,36.722881
50000002412,in,11,-1.342633,36.765797
70201024C11,out,0,-1.28612,36.825939
70201024C11,out,1,-1.284691,36.825092
70201024C11,out,2,-1.283429,36.823555
70201024C11,out,3,-1.283429,36.823555
70201024C11,out,4,-1.283898,36.822826
70201024C11,out,5,-1.286493,36.8176
70201024C11,out,6,-1.286647,36.8176
70201024C11,out,7,-1.28678,36.817478
70201024C11,out,8,-1.286807,36.817371
70201024C11,out,9,-1.286721,36.817169
70201024C11,out,10,-1.286778,36.816936
70201024C11,out,11,-1.289285,36.811935
70201024C11,out,12,-1.289504,36.810772
70201024C11,out,13,-1.289645,36.810368
70201024C11,out,14,-1.289645,36.810368
70201024C11,out,15,-1.291604,36.806801
70201024C11,out,16,-1.29178,36.806377
70201024C11,out,17,-1.293012,36.804024
70201024C11,out,18,-1.293459,36.80323
70201024C11,out,19,-1.293701,36.802956
70201024C11,out,20,-1.293964,36.802784
70201024C11,out,21,-1.294318,36.802658
70201024C11,out,22,-1.294993,36.802532
70201024C11,out,23,-1.295248,36.802608
70201024C11,out,24,-1.295336,36.802574
70201024C11,out,25,-1.295404,36.802471
70201024C11,out,26,-1.297157,36.802704
70201024C11,out,27,-1.297503,36.802822
70201024C11,out,28,-1.297737,36.803047
70201024C11,out,29,-1.297737,36.803047
70201024C11,out,30,-1.297924,36.803139
70201024C11,out,31,-1.298073,36.803082
70201024C11,out,32,-1.298116,36.802998
70201024C11,out,33,-1.297959,36.80241
70201024C11,out,34,-1.298019,36.801781
70201024C11,out,35,-1.298564,36.79932
70201024C11,out,36,-1.299293,36.795574
70201024C11,out,37,-1.300059,36.779697
70201024C11,out,38,-1.300175,36.779663
70201024C11,out,39,-1.300252,36.779526
70201024C11,out,40,-1.300189,36.779381
70201024C11,out,41,-1.300056,36.779324
70201024C11,out,42,-1.300443,36.771992
70201024C11,out,43,-1.300487,36.770927
70201024C11,out,44,-1.300466,36.769653
70201024C11,out,45,-1.300402,36.768932
70201024C11,out,46,-1.299107,36.762836
70201024C11,out,47,-1.299147,36.762356
70201024C11,out,48,-1.299245,36.761997
70201024C11,out,49,-1.299116,36.76128
70201024C11,out,50,-1.299118,36.760807
70201024C11,out,51,-1.299118,36.760807
70201024C11,out,52,-1.303021,36.750317
70201024C11,out,53,-1.304185,36.746922
70201024C11,out,54,-1.305682,36.742874
70201024C11,out,55,-1.306424,36.73914
70201024C11,out,56,-1.306916,36.736977
70201024C11,out,57,-1.307764,36.734272
70201024C11,out,58,-1.308477,36.732224
70201024C11,out,59,-1.308423,36.731644
70201024C11,out,60,-1.307953,36.730202
70201024C11,out,61,-1.307951,36.729355
70201024C11,out,62,-1.308048,36.728809
70201024C11,out,63,-1.308288,36.72842
70201024C11,out,64,-1.309736,36.726894
70201024C11,out,65,-1.309958,36.72646
70201024C11,out,66,-1.31034,36.725468
70201024C11,out,67,-1.310644,36.724964
70201024C11,out,68,-1.315514,36.719238
70201024C11,out,69,-1.317279,36.717297
70201024C11,out,70,-1.320058,36.714081
70201024C11,out,71,-1.320272,36.713566
70201024C11,out,72,-1.320616,36.711983
70201024C11,out,73,-1.320885,36.711102
70201024C11,out,74,-1.322152,36.707657
70201024C11,out,75,-1.322152,36.707657
70201024C11,out,76,-1.322315,36.707432
70201024C11,out,77,-1.322315,36.707432
70201024C11,out,78,-1.322606,36.707565
70201024C11,out,79,-1.323352,36.708206
70201024C11,in,0,-1.323352,36.708206
70201024C11,in,1,-1.330837,36.714336
70201024C11,in,2,-1.33316,36.716305
70201024C11,in,3,-1.33316,36.716305
70201024C11,in,4,-1.333649,36.716164
70201024C11,in,5,-1.338628,36.715412
70201024C11,in,6,-1.338746,36.715363
70201024C11,in,7,-1.340033,36.714329
70201024C11,in,8,-1.34055,36.714119
70201024C11,in,9,-1.340824,36.714085
70201024C11,in,10,-1.341472,36.714153
70201024C11,in,11,-1.342961,36.714729
70201024C11,in,12,-1.343213,36.714756
70201024C11,in,13,-1.354075,36.713142
70201024C11,in,14,-1.354075,36.713142
70201024C11,in,15,-1.355211,36.723225
70201024C11,in,16,-1.355211,36.723225
70201024C11,in,17,-1.360963,36.722603
70201024C11,in,18,-1.360963,36.722603
70201024C11,in,19,-1.360826,36.729836
70201024C11,in,20,-1.360826,36.729836
70201024C11,in,21,-1.360917,36.730095
70201024C11,in,22,-1.363638,36.734623
70201024C11,in,23,-1.36561,36.735855
70201024C11,in,24,-1.36561,36.735855
70201024C11,in,25,-1.365311,36.737885
70201024C11,in,26,-1.364816,36.742336
70201024C11,in,27,-1.364816,36.742336
70201024C11,in,28,-1.366274,36.742569
70201024C11,in,29,-1.366484,36.742691
70201024C11,in,30,-1.366746,36.743008
70201024C11,in,31,-1.366837,36.743416
70201024C11,in,32,-1.36678,36.743725
70201024C11,in,33,-1.36678,36.743725
70201024C11,in,34,-1.364672,36.743565
70201024C11,in,35,-1.364672,36.743565
70201024C11,in,36,-1.364309,36.746544
70201024C11,in,37,-1.364309,36.746544
70201024C11,in,38,-1.36417,36.746925
70201024C11,in,39,-1.364009,36.747108
70201024C11,in,40,-1.363456,36.747429
70201024C11,in,41,-1.36317,36.747467
70201024C11,in,42,-1.358183,36.746853
70201024C11,in,43,-1.35568,36.746578
70201024C11,in,44,-1.354971,36.746544
70201024C11,in,45,-1.354562,36.746635
70201024C11,in,46,-1.354286,36.746765
70201024C11,in,47,-1.352958,36.747696
70201024C11,in,48,-1.352696,36.747818
70201024C11,in,49,-1.340464,36.750671
70201024C11,in,50,-1.340464,36.750671
70201024C11,in,51,-1.342774,36.7668
70201024C11,in,52,-1.342433,36.767838
70201024C11,in,53,-1.3421,36.768501
70201024C11,in,54,-1.341319,36.7696
70201024C11,in,55,-1.338396,36.773113
70201024C11,in,56,-1.336488,36.775517
70201024C11,in,57,-1.335915,36.776379
70201024C11,in,58,-1.333458,36.780712
70201024C11,in,59,-1.333102,36.781197
70201024C11,in,60,-1.331893,36.783207
70201024C11,in,61,-1.32944,36.78751
70201024C11,in,62,-1.328495,36.789017
70201024C11,in,63,-1.327388,36.791267
70201024C11,in,64,-1.326847,36.792152
70201024C11,in,65,-1.324156,36.796955
70201024C11,in,66,-1.32397,36.797478
70201024C11,in,67,-1.322819,36.803223
70201024C11,in,68,-1.322669,36.804771
70201024C11,in,69,-1.32253,36.805607
70201024C11,in,70,-1.322236,36.807018
70201024C11,in,71,-1.32198,36.807743
70201024C11,in,72,-1.321724,36.808147
70201024C11,in,73,-1.319649,36.810253
70201024C11,in,74,-1.316997,36.812836
70201024C11,in,75,-1.315587,36.81432
70201024C11,in,76,-1.314919,36.814751
70201024C11,in,77,-1.313031,36.815651
70201024C11,in,78,-1.312788,36.815693
70201024C11,in,79,-1.312788,36.815693
70201024C11,in,80,-1.312688,36.815636
70201024C11,in,81,-1.313482,36.813435
70201024C11,in,82,-1.314659,36.810398
70201024C11,in,83,-1.314792,36.809891
70201024C11,in,84,-1.314838,36.808956
70201024C11,in,85,-1.314791,36.808483
70201024C11,in,86,-1.314602,36.80809
70201024C11,in,87,-1.314049,36.807419
70201024C11,in,88,-1.313285,36.806854
70201024C11,in,89,-1.312477,36.806385
70201024C11,in,90,-1.308764,36.804474
70201024C11,in,91,-1.30659,36.803417
70201024C11,in,92,-1.305704,36.803131
70201024C11,in,93,-1.301848,36.802277
70201024C11,in,94,-1.301568,36.802273
70201024C11,in,95,-1.301324,36.802341
70201024C11,in,96,-1.300353,36.802906
70201024C11,in,97,-1.2999,36.803043
70201024C11,in,98,-1.29946,36.803066
70201024C11,in,99,-1.298348,36.802914
70201024C11,in,100,-1.298079,36.802814
70201024C11,in,101,-1.298079,36.802814
70201024C11,in,102,-1.297898,36.802753
70201024C11,in,103,-1.297797,36.802776
70201024C11,in,104,-1.297744,36.802864
70201024C11,in,105,-1.297726,36.803013
70201024C11,in,106,-1.297814,36.803425
70201024C11,in,107,-1.296895,36.807384
70201024C11,in,108,-1.29606,36.808739
70201024C11,in,109,-1.294522,36.811047
70201024C11,in,110,-1.293981,36.811653
70201024C11,in,111,-1.293981,36.811653
70201024C11,in,112,-1.293871,36.811867
70201024C11,in,113,-1.293914,36.812008
70201024C11,in,114,-1.29471,36.812206
70201024C11,in,115,-1.29471,36.812206
70201024C11,in,116,-1.295284,36.812653
70201024C11,in,117,-1.295284,36.812653
70201024C11,in,118,-1.295026,36.813469
70201024C11,in,119,-1.294708,36.814175
70201024C11,in,120,-1.294418,36.814461
70201024C11,in,121,-1.294067,36.814663
70201024C11,in,122,-1.293883,36.814941
70201024C11,in,123,-1.293516,36.816353
70201024C11,in,124,-1.292785,36.82021
70201024C11,in,125,-1.292785,36.82021
70201024C11,in,126,-1.292633,36.820217
70201024C11,in,127,-1.292515,36.820328
70201024C11,in,128,-1.2925,36.82048
70201024C11,in,129,-1.29261,36.820618
70201024C11,in,130,-1.292572,36.820938
70201024C11,in,131,-1.290668,36.824635
70201024C11,in,132,-1.289849,36.826336
70201024C11,in,133,-1.289283,36.827343
70201024C11,in,134,-1.289283,36.827343
70201024C11,in,135,-1.289142,36.827332
70201024C11,in,136,-1.289015,36.827412
70201024C11,in,137,-1.28612,36.825939
20801025A11,out,0,-1.282229,36.823517
20801025A11,out,1,-1.28225,36.823502
20801025A11,out,2,-1.28225,36.823502
20801025A11,out,3,-1.283086,36.824539
20801025A11,out,4,-1.283086,36.824539
20801025A11,out,5,-1.283154,36.824482
20801025A11,out,6,-1.282781,36.824001
20801025A11,out,7,-1.282781,36.824001
20801025A11,out,8,-1.283429,36.823555
20801025A11,out,9,-1.283429,36.823555
20801025A11,out,10,-1.281774,36.821487
20801025A11,out,11,-1.281774,36.821487
20801025A11,out,12,-1.28156,36.821896
20801025A11,out,13,-1.281468,36.822449
20801025A11,out,14,-1.281468,36.822449
20801025A11,out,15,-1.281239,36.822315
20801025A11,out,16,-1.281093,36.822308
20801025A11,out,17,-1.280954,36.822201
20801025A11,out,18,-1.280369,36.821541
20801025A11,out,19,-1.280192,36.821381
20801025A11,out,20,-1.27993,36.821255
20801025A11,out,21,-1.279516,36.821159
20801025A11,out,22,-1.27801,36.821224
20801025A11,out,23,-1.277696,36.821304
20801025A11,out,24,-1.277454,36.821423
20801025A11,out,25,-1.277327,36.821545
20801025A11,out,26,-1.276722,36.822529
20801025A11,out,27,-1.276513,36.822735
20801025A11,out,28,-1.275368,36.823215
20801025A11,out,29,-1.275368,36.823215
20801025A11,out,30,-1.274631,36.824097
20801025A11,out,31,-1.271894,36.827785
20801025A11,out,32,-1.269016,36.832413
20801025A11,out,33,-1.268624,36.832882
20801025A11,out,34,-1.267015,36.834183
20801025A11,out,35,-1.267015,36.834183
20801025A11,out,36,-1.266425,36.834595
20801025A11,out,37,-1.26543,36.835552
20801025A11,out,38,-1.264883,36.836166
20801025A11,out,39,-1.264232,36.837017
20801025A11,out,40,-1.26221,36.840233
20801025A11,out,41,-1.260896,36.841896
20801025A11,out,42,-1.260555,36.842415
20801025A11,out,43,-1.258493,36.846565
20801025A11,out,44,-1.258225,36.847267
20801025A11,out,45,-1.258096,36.847813
20801025A11,out,46,-1.257981,36.8517
20801025A11,out,47,-1.257922,36.852386
20801025A11,out,48,-1.25771,36.853127
20801025A11,out,49,-1.257252,36.854
20801025A11,out,50,-1.256621,36.854897
20801025A11,out,51,-1.254964,36.856911
20801025A11,out,52,-1.253466,36.858398
20801025A11,out,53,-1.249121,36.862492
20801025A11,out,54,-1.247762,36.863846
20801025A11,out,55,-1.247762,36.863846
20801025A11,out,56,-1.247482,36.863991
20801025A11,out,57,-1.245343,36.866066
20801025A11,out,58,-1.244758,36.866367
20801025A11,out,59,-1.244457,36.866596
20801025A11,out,60,-1.244457,36.866596
20801025A11,out,61,-1.246295,36.868721
20801025A11,out,62,-1.246729,36.869415
20801025A11,out,63,-1.247034,36.870159
20801025A11,out,64,-1.247184,36.871143
20801025A11,out,65,-1.247148,36.874908
20801025A11,out,66,-1.247148,36.874908
20801025A11,out,67,-1.244923,36.875599
20801025A11,out,68,-1.244046,36.87569
20801025A11,out,69,-1.243894,36.875774
20801025A11,out,70,-1.243639,36.876278
20801025A11,out,71,-1.243689,36.877869
20801025A11,out,72,-1.244298,36.887505
20801025A11,out,73,-1.244298,36.887505
20801025A11,out,74,-1.244015,36.887558
20801025A11,out,75,-1.240786,36.887714
20801025A11,out,76,-1.240786,36.887714
20801025A11,out,77,-1.240881,36.888912
20801025A11,out,78,-1.241162,36.890503
20801025A11,out,79,-1.241162,36.890503
20801025A11,out,80,-1.242722,36.890755
20801025A11,out,81,-1.242905,36.890877
20801025A11,out,82,-1.242946,36.890999
20801025A11,out,83,-1.242558,36.892635
20801025A11,out,84,-1.241007,36.894485
20801025A11,out,85,-1.240704,36.894711
20801025A11,out,86,-1.239763,36.897511
20801025A11,in,0,-1.239763,36.897511
20801025A11,in,1,-1.240704,36.894711
20801025A11,in,2,-1.241007,36.894485
20801025A11,in,3,-1.242558,36.892635
20801025A11,in,4,-1.242946,36.890999
20801025A11,in,5,-1.242905,36.890877
20801025A11,in,6,-1.242722,36.890755
20801025A11,in,7,-1.241162,36.890503
20801025A11,in,8,-1.241162,36.890503
20801025A11,in,9,-1.240881,36.888912
20801025A11,in,10,-1.240786,36.887714
20801025A11,in,11,-1.240786,36.887714
20801025A11,in,12,-1.244015,36.887558
20801025A11,in,13,-1.244298,36.887505
20801025A11,in,14,-1.244298,36.887505
20801025A11,in,15,-1.243689,36.877869
20801025A11,in,16,-1.243639,36.876278
20801025A11,in,17,-1.243894,36.875774
20801025A11,in,18,-1.244046,36.87569
20801025A11,in,19,-1.244923,36.875599
20801025A11,in,20,-1.247148,36.874908
20801025A11,in,21,-1.247148,36.874908
20801025A11,in,22,-1.247184,36.871143
20801025A11,in,23,-1.247034,36.870159
20801025A11,in,24,-1.246884,36.869743
20801025A11,in,25,-1.246526,36.869045
20801025A11,in,26,-1.245343,36.867619
20801025A11,in,27,-1.245343,36.867619
20801025A11,in,28,-1.245268,36.86718
20801025A11,in,29,-1.245311,36.866898
20801025A11,in,30,-1.245611,36.866451
20801025A11,in,31,-1.248832,36.863415
20801025A11,in,32,-1.248832,36.863415
20801025A11,in,33,-1.253715,36.858643
20801025A11,in,34,-1.253715,36.858643
20801025A11,in,35,-1.255232,36.857056
20801025A11,in,36,-1.256466,36.855553
20801025A11,in,37,-1.257456,36.854225
20801025A11,in,38,-1.257456,36.854225
20801025A11,in,39,-1.257886,36.853523
20801025A11,in,40,-1.258118,36.852898
20801025A11,in,41,-1.258235,36.852226
20801025A11,in,42,-1.258367,36.850491
20801025A11,in,43,-1.258414,36.84906
20801025A11,in,44,-1.258384,36.848633
20801025A11,in,45,-1.258486,36.847687
20801025A11,in,46,-1.258618,36.847218
20801025A11,in,47,-1.26088,36.842468
20801025A11,in,48,-1.261355,36.841751
20801025A11,in,49,-1.262003,36.841122
20801025A11,in,50,-1.262474,36.840778
20801025A11,in,51,-1.262474,36.840778
20801025A11,in,52,-1.26251,36.840527
20801025A11,in,53,-1.262332,36.840385
20801025A11,in,54,-1.262332,36.840385
20801025A11,in,55,-1.262735,36.839775
20801025A11,in,56,-1.262735,36.839775
20801025A11,in,57,-1.264366,36.83707
20801025A11,in,58,-1.265031,36.83617
20801025A11,in,59,-1.265514,36.835629
20801025A11,in,60,-1.266254,36.834942
20801025A11,in,61,-1.266994,36.834351
20801025A11,in,62,-1.266994,36.834351
20801025A11,in,63,-1.268686,36.832954
20801025A11,in,64,-1.269171,36.832439
20801025A11,in,65,-1.272132,36.827644
20801025A11,in,66,-1.274102,36.824978
20801025A11,in,67,-1.275311,36.823521
20801025A11,in,68,-1.275676,36.823257
20801025A11,in,69,-1.276723,36.822781
20801025A11,in,70,-1.277186,36.822029
20801025A11,in,71,-1.277419,36.821823
20801025A11,in,72,-1.277801,36.821796
20801025A11,in,73,-1.278028,36.821857
20801025A11,in,74,-1.278028,36.821857
20801025A11,in,75,-1.27833,36.822002
20801025A11,in,76,-1.278686,36.822044
20801025A11,in,77,-1.279166,36.821861
20801025A11,in,78,-1.279634,36.821453
20801025A11,in,79,-1.279783,36.821423
20801025A11,in,80,-1.28003,36.821487
20801025A11,in,81,-1.280489,36.821831
20801025A11,in,82,-1.280906,36.822269
20801025A11,in,83,-1.281065,36.82267
20801025A11,in,84,-1.281246,36.822887
20801025A11,in,85,-1.281378,36.822975
20801025A11,in,86,-1.281587,36.822884
20801025A11,in,87,-1.2818,36.822948
20801025A11,in,88,-1.28225,36.823502
20801025A11,in,89,-1.28225,36.823502
20801025A11,in,90,-1.282229,36.823517
40403002611,out,0,-1.292919,36.86261
40403002611,out,1,-1.2908,36.862701
40403002611,out,2,-1.290167,36.862663
40403002611,out,3,-1.289387,36.862518
40403002611,out,4,-1.288836,36.862312
40403002611,out,5,-1.288836,36.862312
40403002611,out,6,-1.288604,36.862942
40403002611,out,7,-1.288604,36.862942
40403002611,out,8,-1.288685,36.863903
40403002611,out,9,-1.288653,36.864132
40403002611,out,10,-1.288458,36.864498
40403002611,out,11,-1.287818,36.865044
40403002611,out,12,-1.286598,36.865566
40403002611,out,13,-1.286438,36.86573
40403002611,out,14,-1.286023,36.866508
40403002611,out,15,-1.286023,36.866508
40403002611,out,16,-1.286296,36.86668
40403002611,out,17,-1.286296,36.86668
40403002611,out,18,-1.285651,36.867699
40403002611,out,19,-1.284308,36.86874
40403002611,out,20,-1.283802,36.869366
40403002611,out,21,-1.281897,36.871445
40403002611,out,22,-1.281897,36.871445
40403002611,out,23,-1.281494,36.871136
40403002611,out,24,-1.281166,36.870998
40403002611,out,25,-1.280825,36.87101
40403002611,out,26,-1.2805,36.871101
40403002611,out,27,-1.280108,36.871265
40403002611,out,28,-1.279547,36.871597
40403002611,out,29,-1.279259,36.871834
40403002611,out,30,-1.278626,36.872623
40403002611,out,31,-1.278264,36.873249
40403002611,out,32,-1.278083,36.873768
40403002611,out,33,-1.27734,36.877377
40403002611,out,34,-1.27734,36.877377
40403002611,out,35,-1.277253,36.877411
40403002611,out,36,-1.277221,36.877495
40403002611,out,37,-1.271797,36.87751
40403002611,out,38,-1.271699,36.877659
40403002611,out,39,-1.271663,36.878353
40403002611,out,40,-1.271709,36.880074
40403002611,out,41,-1.271438,36.881248
40403002611,out,42,-1.271438,36.881248
40403002611,out,43,-1.262418,36.879047
40403002611,out,44,-1.256664,36.878838
40403002611,in,0,-1.257171,36.878849
40403002611,in,1,-1.262418,36.879047
40403002611,in,2,-1.271438,36.881248
40403002611,in,3,-1.271438,36.881248
40403002611,in,4,-1.271709,36.880074
40403002611,in,5,-1.271663,36.878353
40403002611,in,6,-1.271699,36.877659
40403002611,in,7,-1.271797,36.87751
40403002611,in,8,-1.277221,36.877495
40403002611,in,9,-1.277221,36.877495
40403002611,in,10,-1.27733,36.877586
40403002611,in,11,-1.27744,36.877487
40403002611,in,12,-1.27734,36.877377
40403002611,in,13,-1.277934,36.874382
40403002611,in,14,-1.278166,36.873478
40403002611,in,15,-1.278418,36.872955
40403002611,in,16,-1.278791,36.87241
40403002611,in,17,-1.279259,36.871834
40403002611,in,18,-1.279547,36.871597
40403002611,in,19,-1.280108,36.871265
40403002611,in,20,-1.280658,36.871052
40403002611,in,21,-1.281071,36.870991
40403002611,in,22,-1.281319,36.87104
40403002611,in,23,-1.281897,36.871445
40403002611,in,24,-1.281897,36.871445
40403002611,in,25,-1.283802,36.869366
40403002611,in,26,-1.284308,36.86874
40403002611,in,27,-1.285651,36.867699
40403002611,in,28,-1.286296,36.86668
40403002611,in,29,-1.286296,36.86668
40403002611,in,30,-1.286023,36.866508
40403002611,in,31,-1.286023,36.866508
40403002611,in,32,-1.286438,36.86573
40403002611,in,33,-1.286598,36.865566
40403002611,in,34,-1.287818,36.865044
40403002611,in,35,-1.288172,36.864773
40403002611,in,36,-1.288526,36.864403
40403002611,in,37,-1.288653,36.864132
40403002611,in,38,-1.288693,36.863796
40403002611,in,39,-1.288604,36.862942
40403002611,in,40,-1.288836,36.862312
40403002611,in,41,-1.288836,36.862312
40403002611,in,42,-1.289387,36.862518
40403002611,in,43,-1.290167,36.862663
40403002611,in,44,-1.2908,36.862701
40403002611,in,45,-1.292919,36.86261
20701293011,out,0,-1.274679,36.824036
20701293011,out,1,-1.271894,36.827785
20701293011,out,2,-1.269016,36.832413
20701293011,out,3,-1.268624,36.832882
20701293011,out,4,-1.267015,36.834183
20701293011,out,5,-1.267015,36.834183
20701293011,out,6,-1.266184,36.834805
20701293011,out,7,-1.264883,36.836166
20701293011,out,8,-1.264232,36.837017
20701293011,out,9,-1.26221,36.840233
20701293011,out,10,-1.260896,36.841896
20701293011,out,11,-1.260459,36.842583
20701293011,out,12,-1.258246,36.847012
20701293011,out,13,-1.258053,36.847523
20701293011,out,14,-1.258019,36.847916
20701293011,out,15,-1.25801,36.851063
20701293011,out,16,-1.25793,36.852398
20701293011,out,17,-1.25771,36.853127
20701293011,out,18,-1.257252,36.854
20701293011,out,19,-1.256621,36.854897
20701293011,out,20,-1.254964,36.856911
20701293011,out,21,-1.253466,36.858398
20701293011,out,22,-1.249121,36.862492
20701293011,out,23,-1.247762,36.863846
20701293011,out,24,-1.247762,36.863846
20701293011,out,25,-1.247482,36.863991
20701293011,out,26,-1.245343,36.866066
20701293011,out,27,-1.244758,36.866367
20701293011,out,28,-1.244457,36.866596
20701293011,out,29,-1.244457,36.866596
20701293011,out,30,-1.245069,36.867256
20701293011,out,31,-1.245069,36.867256
20701293011,out,32,-1.245611,36.866451
20701293011,out,33,-1.248832,36.863415
20701293011,out,34,-1.248832,36.863415
20701293011,out,35,-1.252681,36.865154
20701293011,out,36,-1.252681,36.865154
20701293011,out,37,-1.252146,36.867157
20701293011,in,0,-1.252137,36.867188
20701293011,in,1,-1.252681,36.865154
20701293011,in,2,-1.252681,36.865154
20701293011,in,3,-1.248832,36.863415
20701293011,in,4,-1.248832,36.863415
20701293011,in,5,-1.253715,36.858643
20701293011,in,6,-1.253715,36.858643
20701293011,in,7,-1.255232,36.857056
20701293011,in,8,-1.256466,36.855553
20701293011,in,9,-1.257456,36.854225
20701293011,in,10,-1.257456,36.854225
20701293011,in,11,-1.257886,36.853523
20701293011,in,12,-1.258118,36.852898
20701293011,in,13,-1.258235,36.852226
20701293011,in,14,-1.258367,36.850491
20701293011,in,15,-1.258414,36.84906
20701293011,in,16,-1.258384,36.848633
20701293011,in,17,-1.258486,36.847687
20701293011,in,18,-1.258618,36.847218
20701293011,in,19,-1.26052,36.843189
20701293011,in,20,-1.26088,36.842468
20701293011,in,21,-1.261355,36.841751
20701293011,in,22,-1.261355,36.841751
20701293011,in,23,-1.262003,36.841122
20701293011,in,24,-1.262474,36.840778
20701293011,in,25,-1.262474,36.840778
20701293011,in,26,-1.262727,36.840504
20701293011,in,27,-1.26299,36.839626
20701293011,in,28,-1.263575,36.838554
20701293011,in,29,-1.264982,36.836437
20701293011,in,30,-1.264982,36.836437
20701293011,in,31,-1.26553,36.835773
20701293011,in,32,-1.266057,36.83527
20701293011,in,33,-1.266057,36.83527
20701293011,in,34,-1.266313,36.835026
20701293011,in,35,-1.26722,36.832813
20701293011,in,36,-1.26722,36.832813
20701293011,in,37,-1.267716,36.830624
20701293011,in,38,-1.267716,36.830624
20701293011,in,39,-1.268243,36.82814
20701293011,in,40,-1.268243,36.82814
20701293011,in,41,-1.268709,36.825924
20701293011,in,42,-1.268709,36.825924
20701293011,in,43,-1.268975,36.824432
20701293011,in,44,-1.268794,36.821301
20701293011,in,45,-1.268927,36.820881
20701293011,in,46,-1.26912,36.820663
20701293011,in,47,-1.269317,36.820557
20701293011,in,48,-1.270123,36.820534
20701293011,in,49,-1.270423,36.820679
20701293011,in,50,-1.270576,36.820793
20701293011,in,51,-1.271496,36.82193
20701293011,in,52,-1.273403,36.823135
20701293011,in,53,-1.273851,36.823696
20701293011,in,54,-1.273851,36.823696
20701293011,in,55,-1.27406,36.824032
70200003211,out,0,-1.285808,36.824539
70200003211,out,1,-1.285974,36.824184
70200003211,out,2,-1.285974,36.824184
70200003211,out,3,-1.285239,36.823895
70200003211,out,4,-1.285239,36.823895
70200003211,out,5,-1.285041,36.824314
70200003211,out,6,-1.285041,36.824314
70200003211,out,7,-1.284324,36.82346
70200003211,out,8,-1.283887,36.822845
70200003211,out,9,-1.283887,36.822845
70200003211,out,10,-1.286493,36.8176
70200003211,out,11,-1.286647,36.8176
70200003211,out,12,-1.28678,36.817478
70200003211,out,13,-1.286807,36.817371
70200003211,out,14,-1.286721,36.817169
70200003211,out,15,-1.286778,36.816936
70200003211,out,16,-1.289306,36.811836
70200003211,out,17,-1.289306,36.811836
70200003211,out,18,-1.289632,36.812027
70200003211,out,19,-1.289738,36.812199
70200003211,out,20,-1.289819,36.812626
70200003211,out,21,-1.28984,36.813412
70200003211,out,22,-1.289968,36.81377
70200003211,out,23,-1.290535,36.814335
70200003211,out,24,-1.290839,36.814426
70200003211,out,25,-1.291138,36.814362
70200003211,out,26,-1.291311,36.814198
70200003211,out,27,-1.291567,36.813519
70200003211,out,28,-1.291731,36.813244
70200003211,out,29,-1.293454,36.812092
70200003211,out,30,-1.293454,36.812092
70200003211,out,31,-1.293733,36.812019
70200003211,out,32,-1.29471,36.812206
70200003211,out,33,-1.29471,36.812206
70200003211,out,34,-1.295284,36.812653
70200003211,out,35,-1.298147,36.813515
70200003211,out,36,-1.298147,36.813515
70200003211,out,37,-1.298322,36.813141
70200003211,out,38,-1.298322,36.813141
70200003211,out,39,-1.299621,36.812878
70200003211,out,40,-1.299862,36.812786
70200003211,out,41,-1.301299,36.812534
70200003211,out,42,-1.301761,36.812279
70200003211,out,43,-1.302383,36.811653
70200003211,out,44,-1.30263,36.81131
70200003211,out,45,-1.302923,36.810089
70200003211,out,46,-1.302947,36.809727
70200003211,out,47,-1.302877,36.809418
70200003211,out,48,-1.302744,36.809227
70200003211,out,49,-1.302405,36.808949
70200003211,out,50,-1.302072,36.808804
70200003211,out,51,-1.296997,36.808926
70200003211,out,52,-1.296592,36.808884
70200003211,out,53,-1.29606,36.808739
70200003211,out,54,-1.29606,36.808739
70200003211,out,55,-1.296895,36.807384
70200003211,out,56,-1.297814,36.803425
70200003211,out,57,-1.298116,36.802998
70200003211,out,58,-1.297959,36.80241
70200003211,out,59,-1.298019,36.801781
70200003211,out,60,-1.298564,36.79932
70200003211,out,61,-1.299293,36.795574
70200003211,out,62,-1.299424,36.792686
70200003211,out,63,-1.299424,36.792686
70200003211,out,64,-1.300202,36.792732
70200003211,out,65,-1.300434,36.792831
70200003211,out,66,-1.301004,36.792877
70200003211,out,67,-1.301157,36.792809
70200003211,out,68,-1.301202,36.79266
70200003211,out,69,-1.30128,36.790939
70200003211,out,70,-1.301345,36.790665
70200003211,out,71,-1.303225,36.788494
70200003211,out,72,-1.303387,36.78817
70200003211,out,73,-1.303387,36.78817
70200003211,out,74,-1.303752,36.788174
70200003211,out,75,-1.305483,36.787685
70200003211,out,76,-1.305831,36.787518
70200003211,out,77,-1.306056,36.787315
70200003211,out,78,-1.306241,36.78698
70200003211,out,79,-1.306243,36.786713
70200003211,out,80,-1.305816,36.785427
70200003211,out,81,-1.305804,36.785225
70200003211,out,82,-1.305898,36.78476
70200003211,out,83,-1.306312,36.783878
70200003211,out,84,-1.306851,36.783043
70200003211,out,85,-1.307183,36.782654
70200003211,out,86,-1.308429,36.78157
70200003211,out,87,-1.308949,36.780869
70200003211,out,88,-1.310288,36.779892
70200003211,out,89,-1.31167,36.778049
70200003211,out,90,-1.311785,36.777771
70200003211,out,91,-1.311793,36.777321
70200003211,out,92,-1.311254,36.776543
70200003211,out,93,-1.311096,36.776096
70200003211,out,94,-1.310979,36.774864
70200003211,out,95,-1.310672,36.774147
70200003211,out,96,-1.310164,36.773663
70200003211,out,97,-1.309923,36.773514
70200003211,out,98,-1.309391,36.773308
70200003211,out,99,-1.308243,36.773113
70200003211,out,100,-1.308035,36.772976
70200003211,out,101,-1.307902,36.772747
70200003211,in,0,-1.307902,36.772747
70200003211,in,1,-1.308035,36.772976
70200003211,in,2,-1.308243,36.773113
70200003211,in,3,-1.309391,36.773308
70200003211,in,4,-1.309923,36.773514
70200003211,in,5,-1.310164,36.773663
70200003211,in,6,-1.310672,36.774147
70200003211,in,7,-1.310979,36.774864
70200003211,in,8,-1.311096,36.776096
70200003211,in,9,-1.311254,36.776543
70200003211,in,10,-1.311793,36.777321
70200003211,in,11,-1.311785,36.777771
70200003211,in,12,-1.31167,36.778049
70200003211,in,13,-1.310288,36.779892
70200003211,in,14,-1.308949,36.780869
70200003211,in,15,-1.308429,36.78157
70200003211,in,16,-1.307183,36.782654
70200003211,in,17,-1.306851,36.783043
70200003211,in,18,-1.306312,36.783878
70200003211,in,19,-1.305898,36.78476
70200003211,in,20,-1.305804,36.785225
70200003211,in,21,-1.305816,36.785427
70200003211,in,22,-1.306243,36.786713
70200003211,in,23,-1.306241,36.78698
70200003211,in,24,-1.306056,36.787315
70200003211,in,25,-1.305831,36.787518
70200003211,in,26,-1.305483,36.787685
70200003211,in,27,-1.303752,36.788174
70200003211,in,28,-1.303387,36.78817
70200003211,in,29,-1.303387,36.78817
70200003211,in,30,-1.30337,36.787712
70200003211,in,31,-1.30337,36.787712
70200003211,in,32,-1.299684,36.787476
70200003211,in,33,-1.299684,36.787476
70200003211,in,34,-1.299293,36.795574
70200003211,in,35,-1.29924,36.795918
70200003211,in,36,-1.298564,36.79932
70200003211,in,37,-1.298019,36.801781
70200003211,in,38,-1.297959,36.80241
70200003211,in,39,-1.297724,36.802944
70200003211,in,40,-1.297814,36.803425
70200003211,in,41,-1.296895,36.807384
70200003211,in,42,-1.29606,36.808739
70200003211,in,43,-1.29606,36.808739
70200003211,in,44,-1.296592,36.808884
70200003211,in,45,-1.296997,36.808926
70200003211,in,46,-1.302072,36.808804
70200003211,in,47,-1.302405,36.808949
70200003211,in,48,-1.302744,36.809227
70200003211,in,49,-1.302877,36.809418
70200003211,in,50,-1.302947,36.809727
70200003211,in,51,-1.302923,36.810089
70200003211,in,52,-1.30263,36.81131
70200003211,in,53,-1.302383,36.811653
70200003211,in,54,-1.301761,36.812279
70200003211,in,55,-1.301299,36.812534
70200003211,in,56,-1.299862,36.812786
70200003211,in,57,-1.299621,36.812878
70200003211,in,58,-1.298322,36.813141
70200003211,in,59,-1.298322,36.813141
70200003211,in,60,-1.298486,36.812679
70200003211,in,61,-1.298486,36.812679
70200003211,in,62,-1.297382,36.812607
70200003211,in,63,-1.296547,36.812309
70200003211,in,64,-1.296487,36.812248
70200003211,in,65,-1.296508,36.811001
70200003211,in,66,-1.296508,36.811001
70200003211,in,67,-1.29545,36.810959
70200003211,in,68,-1.29545,36.810959
70200003211,in,69,-1.295422,36.810127
70200003211,in,70,-1.295422,36.810127
70200003211,in,71,-1.29533,36.810017
70200003211,in,72,-1.295155,36.81007
70200003211,in,73,-1.294522,36.811047
70200003211,in,74,-1.293797,36.811836
70200003211,in,75,-1.291731,36.813244
70200003211,in,76,-1.291567,36.813519
70200003211,in,77,-1.291311,36.814198
70200003211,in,78,-1.291138,36.814362
70200003211,in,79,-1.29093,36.81443
70200003211,in,80,-1.290535,36.814335
70200003211,in,81,-1.289968,36.81377
70200003211,in,82,-1.28984,36.813412
70200003211,in,83,-1.289819,36.812626
70200003211,in,84,-1.289738,36.812199
70200003211,in,85,-1.289632,36.812027
70200003211,in,86,-1.289487,36.811909
70200003211,in,87,-1.289188,36.81181
70200003211,in,88,-1.289188,36.81181
70200003211,in,89,-1.28904,36.81205
70200003211,in,90,-1.288684,36.812912
70200003211,in,91,-1.286663,36.816948
70200003211,in,92,-1.286569,36.817074
70200003211,in,93,-1.286395,36.817123
70200003211,in,94,-1.286307,36.817242
70200003211,in,95,-1.286302,36.817425
70200003211,in,96,-1.286349,36.817513
70200003211,in,97,-1.286024,36.818245
70200003211,in,98,-1.283786,36.82275
70200003211,in,99,-1.283786,36.82275
70200003211,in,100,-1.285041,36.824314
70200003211,in,101,-1.285041,36.824314
70200003211,in,102,-1.28483,36.824692
70200003211,in,103,-1.284673,36.825207
70200003211,in,104,-1.284673,36.825207
70200003211,in,105,-1.285267,36.825596
70200003211,in,106,-1.285267,36.825596
70200003211,in,107,-1.285465,36.825245
30907003211,out,0,-1.284163,36.8312
30907003211,out,1,-1.28486,36.831009
30907003211,out,2,-1.28486,36.831009
30907003211,out,3,-1.284967,36.831074
30907003211,out,4,-1.285527,36.831921
30907003211,out,5,-1.285566,36.83213
30907003211,out,6,-1.285566,36.83213
30907003211,out,7,-1.28398,36.833084
30907003211,out,8,-1.28345,36.833248
30907003211,out,9,-1.282975,36.833302
30907003211,out,10,-1.282282,36.833282
30907003211,out,11,-1.282035,36.833199
30907003211,out,12,-1.281435,36.832821
30907003211,out,13,-1.281011,36.832355
30907003211,out,14,-1.281011,36.832355
30907003211,out,15,-1.281019,36.832207
30907003211,out,16,-1.280953,36.8321
30907003211,out,17,-1.280665,36.83197
30907003211,out,18,-1.280466,36.831978
30907003211,out,19,-1.280376,36.8321
30907003211,out,20,-1.280358,36.832321
30907003211,out,21,-1.280406,36.83242
30907003211,out,22,-1.279219,36.833508
30907003211,out,23,-1.278877,36.833698
30907003211,out,24,-1.278355,36.833862
30907003211,out,25,-1.277444,36.834007
30907003211,out,26,-1.27579,36.834785
30907003211,out,27,-1.273206,36.835724
30907003211,out,28,-1.271,36.836628
30907003211,out,29,-1.270184,36.836914
30907003211,out,30,-1.270184,36.836914
30907003211,out,31,-1.270136,36.837307
30907003211,out,32,-1.268959,36.84193
30907003211,out,33,-1.267462,36.843559
30907003211,out,34,-1.26723,36.844017
30907003211,out,35,-1.266709,36.846722
30907003211,out,36,-1.266162,36.849201
30907003211,out,37,-1.265935,36.850643
30907003211,out,38,-1.265896,36.858215
30907003211,out,39,-1.265859,36.858566
30907003211,out,40,-1.265612,36.859039
30907003211,out,41,-1.264907,36.859509
30907003211,out,42,-1.264515,36.85984
30907003211,out,43,-1.264238,36.860188
30907003211,out,44,-1.264043,36.86055
30907003211,out,45,-1.263819,36.861179
30907003211,out,46,-1.262425,36.866047
30907003211,out,47,-1.261453,36.869598
30907003211,out,48,-1.261459,36.870129
30907003211,out,49,-1.262555,36.877377
30907003211,out,50,-1.262526,36.878223
30907003211,out,51,-1.262401,36.879044
30907003211,out,52,-1.262401,36.879044
30907003211,out,53,-1.262185,36.881405
30907003211,out,54,-1.261816,36.884445
30907003211,out,55,-1.261416,36.886402
30907003211,out,56,-1.26086,36.888687
30907003211,out,57,-1.260345,36.890232
30907003211,out,58,-1.260064,36.890785
30907003211,out,59,-1.258193,36.893421
30907003211,out,60,-1.256648,36.897984
30907003211,out,61,-1.256648,36.897984
30907003211,out,62,-1.256251,36.898037
30907003211,out,63,-1.255992,36.898235
30907003211,out,64,-1.252244,36.902588
30907003211,out,65,-1.24999,36.906082
30907003211,out,66,-1.24909,36.907349
30907003211,out,67,-1.248445,36.908161
30907003211,out,68,-1.248138,36.908337
30907003211,out,69,-1.247813,36.908401
30907003211,out,70,-1.24522,36.908424
30907003211,in,0,-1.245178,36.908428
30907003211,in,1,-1.245112,36.908428
30907003211,in,2,-1.245112,36.908428
30907003211,in,3,-1.245117,36.907433
30907003211,in,4,-1.245147,36.907234
30907003211,in,5,-1.245253,36.907017
30907003211,in,6,-1.248031,36.903545
30907003211,in,7,-1.248521,36.901955
30907003211,in,8,-1.249083,36.901196
30907003211,in,9,-1.251864,36.897793
30907003211,in,10,-1.252532,36.897461
30907003211,in,11,-1.253081,36.897011
30907003211,in,12,-1.25455,36.895084
30907003211,in,13,-1.254628,36.894848
30907003211,in,14,-1.254622,36.894264
30907003211,in,15,-1.254622,36.894264
30907003211,in,16,-1.256227,36.893059
30907003211,in,17,-1.258193,36.893421
30907003211,in,18,-1.258193,36.893421
30907003211,in,19,-1.26015,36.890629
30907003211,in,20,-1.260345,36.890232
30907003211,in,21,-1.260949,36.888386
30907003211,in,22,-1.261653,36.885345
30907003211,in,23,-1.261816,36.884445
30907003211,in,24,-1.262185,36.881405
30907003211,in,25,-1.262401,36.879044
30907003211,in,26,-1.262401,36.879044
30907003211,in,27,-1.262526,36.878223
30907003211,in,28,-1.262555,36.877377
30907003211,in,29,-1.261459,36.870129
30907003211,in,30,-1.261453,36.869598
30907003211,in,31,-1.262425,36.866047
30907003211,in,32,-1.263819,36.861179
30907003211,in,33,-1.264043,36.86055
30907003211,in,34,-1.264238,36.860188
30907003211,in,35,-1.264515,36.85984
30907003211,in,36,-1.264907,36.859509
30907003211,in,37,-1.265612,36.859039
30907003211,in,38,-1.265859,36.858566
30907003211,in,39,-1.265896,36.858215
30907003211,in,40,-1.265935,36.850643
30907003211,in,41,-1.266162,36.849201
30907003211,in,42,-1.266709,36.846722
30907003211,in,43,-1.26723,36.844017
30907003211,in,44,-1.267462,36.843559
30907003211,in,45,-1.268959,36.84193
30907003211,in,46,-1.270027,36.837757
30907003211,in,47,-1.270184,36.836914
30907003211,in,48,-1.270184,36.836914
30907003211,in,49,-1.271,36.836628
30907003211,in,50,-1.273206,36.835724
30907003211,in,51,-1.27579,36.834785
30907003211,in,52,-1.276643,36.834415
30907003211,in,53,-1.276643,36.834415
30907003211,in,54,-1.276816,36.834625
30907003211,in,55,-1.276988,36.835007
30907003211,in,56,-1.276993,36.835224
30907003211,in,57,-1.276993,36.835224
30907003211,in,58,-1.27696,36.83535
30907003211,in,59,-1.277043,36.83548
30907003211,in,60,-1.277219,36.835522
30907003211,in,61,-1.277318,36.835484
30907003211,in,62,-1.277416,36.835361
30907003211,in,63,-1.27741,36.83522
30907003211,in,64,-1.278411,36.834431
30907003211,in,65,-1.279459,36.833458
30907003211,in,66,-1.279459,36.833458
30907003211,in,67,-1.279503,36.83337
30907003211,in,68,-1.280622,36.832493
30907003211,in,69,-1.280622,36.832493
30907003211,in,70,-1.280815,36.8325
30907003211,in,71,-1.280954,36.832439
30907003211,in,72,-1.281011,36.832355
30907003211,in,73,-1.281007,36.832161
30907003211,in,74,-1.281611,36.832012
30907003211,in,75,-1.284163,36.8312
40700003311,out,0,-1.298033,36.887096
40700003311,out,1,-1.298544,36.88718
40700003311,out,2,-1.2993,36.887207
40700003311,out,3,-1.300389,36.887383
40700003311,out,4,-1.302787,36.888035
40700003311,out,5,-1.304833,36.888702
40700003311,out,6,-1.307538,36.889942
40700003311,out,7,-1.309442,36.891026
40700003311,out,8,-1.323179,36.899544
40700003311,out,9,-1.323345,36.899975
40700003311,out,10,-1.323345,36.899975
40700003311,out,11,-1.323408,36.9002
40700003311,out,12,-1.323598,36.900356
40700003311,out,13,-1.323859,36.900364
40700003311,out,14,-1.324075,36.900204
40700003311,out,15,-1.324137,36.900047
40700003311,out,16,-1.324118,36.899841
40700003311,out,17,-1.324221,36.899414
40700003311,out,18,-1.328521,36.892475
40700003311,out,19,-1.329961,36.890434
40700003311,in,0,-1.329961,36.890434
40700003311,in,1,-1.328521,36.892475
40700003311,in,2,-1.324221,36.899414
40700003311,in,3,-1.323778,36.899582
40700003311,in,4,-1.323778,36.899582
40700003311,in,5,-1.323612,36.899605
40700003311,in,6,-1.323179,36.899544
40700003311,in,7,-1.322654,36.899235
40700003311,in,8,-1.309442,36.891026
40700003311,in,9,-1.307538,36.889942
40700003311,in,10,-1.305655,36.889046
40700003311,in,11,-1.304398,36.888535
40700003311,in,12,-1.301738,36.887726
40700003311,in,13,-1.300389,36.887383
40700003311,in,14,-1.298947,36.887184
40700033C11,out,0,-1.283943,36.826431
40700033C11,out,1,-1.284305,36.826241
40700033C11,out,2,-1.284754,36.826206
40700033C11,out,3,-1.284754,36.826206
40700033C11,out,4,-1.287716,36.82769
40700033C11,out,5,-1.28777,36.827763
40700033C11,out,6,-1.28786,36.827766
40700033C11,out,7,-1.288712,36.828175
40700033C11,out,8,-1.288712,36.828175
40700033C11,out,9,-1.288673,36.828384
40700033C11,out,10,-1.287919,36.829922
40700033C11,out,11,-1.287799,36.830124
40700033C11,out,12,-1.28763,36.830193
40700033C11,out,13,-1.28767,36.830349
40700033C11,out,14,-1.287628,36.830513
40700033C11,out,15,-1.287284,36.831181
40700033C11,out,16,-1.286949,36.831459
40700033C11,out,17,-1.28577,36.832111
40700033C11,out,18,-1.28577,36.832111
40700033C11,out,19,-1.285566,36.83213
40700033C11,out,20,-1.28544,36.832298
40700033C11,out,21,-1.285494,36.832516
40700033C11,out,22,-1.28541,36.833794
40700033C11,out,23,-1.285532,36.833961
40700033C11,out,24,-1.286025,36.834091
40700033C11,out,25,-1.286163,36.83424
40700033C11,out,26,-1.286944,36.836292
40700033C11,out,27,-1.287382,36.837189
40700033C11,out,28,-1.287733,36.838051
40700033C11,out,29,-1.288545,36.839382
40700033C11,out,30,-1.289299,36.840874
40700033C11,out,31,-1.289551,36.841198
40700033C11,out,32,-1.289966,36.8414
40700033C11,out,33,-1.290339,36.841377
40700033C11,out,34,-1.291266,36.841187
40700033C11,out,35,-1.29162,36.841282
40700033C11,out,36,-1.29162,36.841282
40700033C11,out,37,-1.291892,36.841541
40700033C11,out,38,-1.291999,36.841782
40700033C11,out,39,-1.293454,36.848656
40700033C11,out,40,-1.294088,36.851238
40700033C11,out,41,-1.2941,36.852112
40700033C11,out,42,-1.294497,36.852978
40700033C11,out,43,-1.294927,36.854965
40700033C11,out,44,-1.294982,36.855766
40700033C11,out,45,-1.295235,36.856407
40700033C11,out,46,-1.297852,36.869064
40700033C11,out,47,-1.297882,36.869644
40700033C11,out,48,-1.297166,36.874924
40700033C11,out,49,-1.296243,36.880966
40700033C11,out,50,-1.296043,36.882679
40700033C11,out,51,-1.296101,36.883011
40700033C11,out,52,-1.296581,36.884201
40700033C11,out,53,-1.297557,36.886238
40700033C11,out,54,-1.297556,36.88649
40700033C11,out,55,-1.297556,36.88649
40700033C11,out,56,-1.29749,36.88665
40700033C11,out,57,-1.297557,36.886868
40700033C11,out,58,-1.297689,36.886967
40700033C11,out,59,-1.298039,36.8871
40700033C11,out,60,-1.298544,36.88718
40700033C11,out,61,-1.2993,36.887207
40700033C11,out,62,-1.300389,36.887383
40700033C11,out,63,-1.302787,36.888035
40700033C11,out,64,-1.304833,36.888702
40700033C11,out,65,-1.307538,36.889942
40700033C11,out,66,-1.309442,36.891026
40700033C11,out,67,-1.323179,36.899544
40700033C11,out,68,-1.323345,36.899975
40700033C11,out,69,-1.323345,36.899975
40700033C11,out,70,-1.323408,36.9002
40700033C11,out,71,-1.323598,36.900356
40700033C11,out,72,-1.323859,36.900364
40700033C11,out,73,-1.324075,36.900204
40700033C11,out,74,-1.324137,36.900047
40700033C11,out,75,-1.324118,36.899841
40700033C11,out,76,-1.324221,36.899414
40700033C11,out,77,-1.328521,36.892475
40700033C11,out,78,-1.329961,36.890434
40700033C11,in,0,-1.329961,36.890434
40700033C11,in,1,-1.328521,36.892475
40700033C11,in,2,-1.324221,36.899414
40700033C11,in,3,-1.323778,36.899582
40700033C11,in,4,-1.323778,36.899582
40700033C11,in,5,-1.323612,36.899605
40700033C11,in,6,-1.323179,36.899544
40700033C11,in,7,-1.322654,36.899235
40700033C11,in,8,-1.309442,36.891026
40700033C11,in,9,-1.307538,36.889942
40700033C11,in,10,-1.305655,36.889046
40700033C11,in,11,-1.304398,36.888535
40700033C11,in,12,-1.301738,36.887726
40700033C11,in,13,-1.300389,36.887383
40700033C11,in,14,-1.2993,36.887207
40700033C11,in,15,-1.298701,36.887188
40700033C11,in,16,-1.29834,36.887089
40700033C11,in,17,-1.298202,36.887001
40700033C11,in,18,-1.298101,36.886803
40700033C11,in,19,-1.298101,36.886803
40700033C11,in,20,-1.298131,36.886711
40700033C11,in,21,-1.298088,36.886543
40700033C11,in,22,-1.297634,36.886093
40700033C11,in,23,-1.296681,36.884178
40700033C11,in,24,-1.296203,36.88303
40700033C11,in,25,-1.296146,36.882664
40700033C11,in,26,-1.296357,36.880936
40700033C11,in,27,-1.297298,36.87492
40700033C11,in,28,-1.297999,36.869648
40700033C11,in,29,-1.297972,36.869041
40700033C11,in,30,-1.295384,36.856445
40700033C11,in,31,-1.295314,36.855961
40700033C11,in,32,-1.295328,36.855576
40700033C11,in,33,-1.295162,36.855198
40700033C11,in,34,-1.294322,36.851715
40700033C11,in,35,-1.294295,36.851349
40700033C11,in,36,-1.292142,36.841774
40700033C11,in,37,-1.292119,36.841454
40700033C11,in,38,-1.292194,36.841251
40700033C11,in,39,-1.292194,36.841251
40700033C11,in,40,-1.2923,36.84108
40700033C11,in,41,-1.292276,36.840923
40700033C11,in,42,-1.292152,36.84079
40700033C11,in,43,-1.29198,36.840725
40700033C11,in,44,-1.291736,36.840755
40700033C11,in,45,-1.291221,36.841057
40700033C11,in,46,-1.290124,36.841301
40700033C11,in,47,-1.289766,36.841198
40700033C11,in,48,-1.289492,36.84095
40700033C11,in,49,-1.289128,36.840324
40700033C11,in,50,-1.288671,36.839321
40700033C11,in,51,-1.287457,36.837158
40700033C11,in,52,-1.287045,36.836285
40700033C11,in,53,-1.286021,36.833656
40700033C11,in,54,-1.28591,36.833187
40700033C11,in,55,-1.285855,36.832546
40700033C11,in,56,-1.285855,36.832546
40700033C11,in,57,-1.285935,36.832409
40700033C11,in,58,-1.28592,36.832253
40700033C11,in,59,-1.287094,36.831478
40700033C11,in,60,-1.287356,36.83123
40700033C11,in,61,-1.287636,36.830769
40700033C11,in,62,-1.287796,36.830353
40700033C11,in,63,-1.28916,36.827785
40700033C11,in,64,-1.28916,36.827785
40700033C11,in,65,-1.289362,36.827744
40700033C11,in,66,-1.28945,36.827587
40700033C11,in,67,-1.289411,36.827442
40700033C11,in,68,-1.289242,36.827332
40700033C11,in,69,-1.289094,36.827351
40700033C11,in,70,-1.28898,36.827457
40700033C11,in,71,-1.288953,36.827564
40700033C11,in,72,-1.288996,36.827679
40700033C11,in,73,-1.288774,36.82806
40700033C11,in,74,-1.288774,36.82806
40700033C11,in,75,-1.284481,36.825981
40700033C11,in,76,-1.284481,36.825981
40700033C11,in,77,-1.284408,36.82608
40700033C11,in,78,-1.282975,36.82692
40700033C11,in,79,-1.282975,36.82692
40700033C11,in,80,-1.283037,36.82703
40700033C11,in,81,-1.283244,36.826878
50703033C11,out,0,-1.283759,36.826534
50703033C11,out,1,-1.284305,36.826241
50703033C11,out,2,-1.284754,36.826206
50703033C11,out,3,-1.284754,36.826206
50703033C11,out,4,-1.288752,36.828186
50703033C11,out,5,-1.288752,36.828186
50703033C11,out,6,-1.287766,36.83012
50703033C11,out,7,-1.287766,36.83012
50703033C11,out,8,-1.28767,36.83012
50703033C11,out,9,-1.287601,36.830189
50703033C11,out,10,-1.287599,36.83028
50703033C11,out,11,-1.287661,36.830349
50703033C11,out,12,-1.287765,36.830357
50703033C11,out,13,-1.287831,36.830292
50703033C11,out,14,-1.289146,36.827766
50703033C11,out,15,-1.289314,36.827736
50703033C11,out,16,-1.289409,36.827633
50703033C11,out,17,-1.289433,36.827488
50703033C11,out,18,-1.289379,36.827358
50703033C11,out,19,-1.29257,36.821178
50703033C11,out,20,-1.29257,36.821178
50703033C11,out,21,-1.293214,36.820976
50703033C11,out,22,-1.293516,36.820961
50703033C11,out,23,-1.295027,36.821873
50703033C11,out,24,-1.298407,36.823784
50703033C11,out,25,-1.299694,36.824177
50703033C11,out,26,-1.299826,36.824299
50703033C11,out,27,-1.299989,36.824261
50703033C11,out,28,-1.301348,36.824871
50703033C11,out,29,-1.304442,36.826378
50703033C11,out,30,-1.30482,36.826756
50703033C11,out,31,-1.304983,36.826775
50703033C11,out,32,-1.305144,36.826687
50703033C11,out,33,-1.313291,36.830536
50703033C11,out,34,-1.314236,36.831085
50703033C11,out,35,-1.315239,36.831905
50703033C11,out,36,-1.315744,36.832458
50703033C11,out,37,-1.317168,36.83453
50703033C11,out,38,-1.317849,36.835613
50703033C11,out,39,-1.330301,36.85688
50703033C11,out,40,-1.330657,36.857719
50703033C11,out,41,-1.330966,36.858994
50703033C11,out,42,-1.33111,36.860195
50703033C11,out,43,-1.331062,36.861298
50703033C11,out,44,-1.329233,36.87476
50703033C11,out,45,-1.328482,36.880547
50703033C11,out,46,-1.328431,36.881279
50703033C11,out,47,-1.328543,36.882782
50703033C11,out,48,-1.328756,36.883739
50703033C11,out,49,-1.329231,36.885109
50703033C11,out,50,-1.329868,36.886295
50703033C11,out,51,-1.329868,36.886295
50703033C11,out,52,-1.330588,36.887867
50703033C11,out,53,-1.33078,36.888432
50703033C11,out,54,-1.330813,36.888779
50703033C11,out,55,-1.330691,36.889168
50703033C11,out,56,-1.327945,36.893078
50703033C11,out,57,-1.323986,36.899445
50703033C11,out,58,-1.323778,36.899582
50703033C11,out,59,-1.323557,36.899632
50703033C11,out,60,-1.323388,36.899799
50703033C11,out,61,-1.323326,36.900497
50703033C11,out,62,-1.319491,36.906719
50703033C11,out,63,-1.31889,36.90786
50703033C11,out,64,-1.318891,36.908192
50703033C11,out,65,-1.318891,36.908192
50703033C11,out,66,-1.318539,36.90921
50703033C11,out,67,-1.318443,36.909874
50703033C11,out,68,-1.318422,36.910511
50703033C11,out,69,-1.31845,36.911213
50703033C11,out,70,-1.318772,36.913559
50703033C11,out,71,-1.3188,36.914722
50703033C11,out,72,-1.318712,36.915607
50703033C11,out,73,-1.318561,36.916382
50703033C11,out,74,-1.31824,36.917374
50703033C11,out,75,-1.318054,36.917843
50703033C11,out,76,-1.317665,36.918575
50703033C11,out,77,-1.317665,36.918575
50703033C11,out,78,-1.31487,36.916565
50703033C11,out,79,-1.31487,36.916565
50703033C11,out,80,-1.310642,36.913521
50703033C11,out,81,-1.310642,36.913521
50703033C11,out,82,-1.30922,36.915432
50703033C11,out,83,-1.309056,36.915527
50703033C11,out,84,-1.307253,36.916039
50703033C11,out,85,-1.307009,36.916046
50703033C11,out,86,-1.305427,36.915783
50703033C11,out,87,-1.304654,36.915287
50703033C11,out,88,-1.304654,36.915287
50703033C11,out,89,-1.30363,36.916664
50703033C11,out,90,-1.30363,36.916664
50703033C11,out,91,-1.302451,36.915863
50703033C11,out,92,-1.298254,36.912811
50703033C11,in,0,-1.298102,36.912701
50703033C11,in,1,-1.302451,36.915863
50703033C11,in,2,-1.30363,36.916664
50703033C11,in,3,-1.30363,36.916664
50703033C11,in,4,-1.304654,36.915287
50703033C11,in,5,-1.304654,36.915287
50703033C11,in,6,-1.305427,36.915783
50703033C11,in,7,-1.307009,36.916046
50703033C11,in,8,-1.307253,36.916039
50703033C11,in,9,-1.309056,36.915527
50703033C11,in,10,-1.30922,36.915432
50703033C11,in,11,-1.310642,36.913521
50703033C11,in,12,-1.310642,36.913521
50703033C11,in,13,-1.31487,36.916565
50703033C11,in,14,-1.31487,36.916565
50703033C11,in,15,-1.317665,36.918575
50703033C11,in,16,-1.317665,36.918575
50703033C11,in,17,-1.317147,36.919373
50703033C11,in,18,-1.316293,36.920525
50703033C11,in,19,-1.315396,36.921581
50703033C11,in,20,-1.315007,36.921925
50703033C11,in,21,-1.314515,36.92226
50703033C11,in,22,-1.312984,36.923088
50703033C11,in,23,-1.312984,36.923088
50703033C11,in,24,-1.312781,36.923088
50703033C11,in,25,-1.312613,36.923283
50703033C11,in,26,-1.312645,36.923492
50703033C11,in,27,-1.312782,36.923607
50703033C11,in,28,-1.312933,36.923618
50703033C11,in,29,-1.313058,36.923565
50703033C11,in,30,-1.313146,36.923447
50703033C11,in,31,-1.313145,36.923256
50703033C11,in,32,-1.315068,36.921989
50703033C11,in,33,-1.31546,36.921642
50703033C11,in,34,-1.316364,36.920582
50703033C11,in,35,-1.317219,36.919426
50703033C11,in,36,-1.317741,36.918625
50703033C11,in,37,-1.318132,36.917885
50703033C11,in,38,-1.318643,36.916405
50703033C11,in,39,-1.318862,36.915131
50703033C11,in,40,-1.318887,36.914139
50703033C11,in,41,-1.318839,36.912903
50703033C11,in,42,-1.318642,36.911083
50703033C11,in,43,-1.318615,36.910221
50703033C11,in,44,-1.318707,36.909389
50703033C11,in,45,-1.318841,36.908615
50703033C11,in,46,-1.319043,36.908035
50703033C11,in,47,-1.319376,36.907326
50703033C11,in,48,-1.320035,36.906219
50703033C11,in,49,-1.327835,36.893623
50703033C11,in,50,-1.329523,36.891186
50703033C11,in,51,-1.329688,36.891102
50703033C11,in,52,-1.330297,36.891037
50703033C11,in,53,-1.332757,36.890484
50703033C11,in,54,-1.333044,36.890396
50703033C11,in,55,-1.33322,36.89027
50703033C11,in,56,-1.33322,36.89027
50703033C11,in,57,-1.334693,36.891918
50703033C11,in,58,-1.334693,36.891918
50703033C11,in,59,-1.334869,36.892002
50703033C11,in,60,-1.334991,36.891991
50703033C11,in,61,-1.335078,36.891872
50703033C11,in,62,-1.335063,36.891693
50703033C11,in,63,-1.330908,36.887131
50703033C11,in,64,-1.329812,36.885544
50703033C11,in,65,-1.329474,36.884884
50703033C11,in,66,-1.329147,36.883976
50703033C11,in,67,-1.328964,36.883251
50703033C11,in,68,-1.328784,36.882122
50703033C11,in,69,-1.328757,36.881496
50703033C11,in,70,-1.328832,36.880306
50703033C11,in,71,-1.331318,36.861992
50703033C11,in,72,-1.331445,36.860191
50703033C11,in,73,-1.331294,36.858795
50703033C11,in,74,-1.330835,36.857208
50703033C11,in,75,-1.330419,36.856346
50703033C11,in,76,-1.323925,36.845215
50703033C11,in,77,-1.319492,36.837944
50703033C11,in,78,-1.31731,36.834206
50703033C11,in,79,-1.316606,36.833107
50703033C11,in,80,-1.316368,36.832752
50703033C11,in,81,-1.315709,36.832005
50703033C11,in,82,-1.314893,36.831261
50703033C11,in,83,-1.314072,36.830696
50703033C11,in,84,-1.309307,36.828403
50703033C11,in,85,-1.305423,36.826611
50703033C11,in,86,-1.305224,36.826469
50703033C11,in,87,-1.305165,36.826305
50703033C11,in,88,-1.305045,36.826214
50703033C11,in,89,-1.304661,36.826237
50703033C11,in,90,-1.304502,36.826187
50703033C11,in,91,-1.300047,36.824112
50703033C11,in,92,-1.299925,36.823952
50703033C11,in,93,-1.299745,36.823994
50703033C11,in,94,-1.299493,36.823959
50703033C11,in,95,-1.298558,36.823708
50703033C11,in,96,-1.295137,36.821777
50703033C11,in,97,-1.292894,36.820362
50703033C11,in,98,-1.292894,36.820362
50703033C11,in,99,-1.292858,36.820244
50703033C11,in,100,-1.292756,36.820171
50703033C11,in,101,-1.29262,36.820183
50703033C11,in,102,-1.292532,36.820267
50703033C11,in,103,-1.292517,36.8204
50703033C11,in,104,-1.292595,36.820583
50703033C11,in,105,-1.292556,36.82085
50703033C11,in,106,-1.291871,36.822311
50703033C11,in,107,-1.291871,36.822311
50703033C11,in,108,-1.291648,36.822472
50703033C11,in,109,-1.290845,36.823971
50703033C11,in,110,-1.290845,36.823971
50703033C11,in,111,-1.290843,36.824295
50703033C11,in,112,-1.290843,36.824295
50703033C11,in,113,-1.289544,36.826881
50703033C11,in,114,-1.289267,36.827282
50703033C11,in,115,-1.289086,36.827286
50703033C11,in,116,-1.288962,36.8274
50703033C11,in,117,-1.288932,36.827515
50703033C11,in,118,-1.288969,36.827644
50703033C11,in,119,-1.288809,36.828056
50703033C11,in,120,-1.288809,36.828056
50703033C11,in,121,-1.284481,36.825981
50703033C11,in,122,-1.284481,36.825981
50703033C11,in,123,-1.284408,36.826077
50703033C11,in,124,-1.284102,36.826237
50702003311,out,0,-1.284132,36.826233
50702003311,out,1,-1.284032,36.82629
50702003311,out,2,-1.284032,36.82629
50702003311,out,3,-1.283695,36.825863
50702003311,out,4,-1.283695,36.825863
50702003311,out,5,-1.283973,36.825653
50702003311,out,6,-1.283973,36.825653
50702003311,out,7,-1.284202,36.825943
50702003311,out,8,-1.284319,36.826008
50702003311,out,9,-1.287716,36.82769
50702003311,out,10,-1.28777,36.827763
50702003311,out,11,-1.28786,36.827766
50702003311,out,12,-1.288712,36.828175
50702003311,out,13,-1.288712,36.828175
50702003311,out,14,-1.288673,36.828384
50702003311,out,15,-1.288673,36.828384
50702003311,out,16,-1.288796,36.828445
50702003311,out,17,-1.288796,36.828445
50702003311,out,18,-1.28916,36.827785
50702003311,out,19,-1.289316,36.82777
50702003311,out,20,-1.289415,36.827679
50702003311,out,21,-1.289451,36.827541
50702003311,out,22,-1.289384,36.827415
50702003311,out,23,-1.292658,36.821053
50702003311,out,24,-1.292658,36.821053
50702003311,out,25,-1.2929,36.820774
50702003311,out,26,-1.293391,36.820885
50702003311,out,27,-1.298268,36.823799
50702003311,out,28,-1.298751,36.823997
50702003311,out,29,-1.299475,36.824184
50702003311,out,30,-1.299824,36.824444
50702003311,out,31,-1.300055,36.824409
50702003311,out,32,-1.300322,36.824448
50702003311,out,33,-1.30445,36.826389
50702003311,out,34,-1.304667,36.826561
50702003311,out,35,-1.304667,36.826561
50702003311,out,36,-1.304696,36.826679
50702003311,out,37,-1.3048,36.826763
50702003311,out,38,-1.305153,36.82674
50702003311,out,39,-1.305253,36.826778
50702003311,out,40,-1.313525,36.830681
50702003311,out,41,-1.314626,36.831375
50702003311,out,42,-1.315205,36.831856
50702003311,out,43,-1.315742,36.83247
50702003311,out,44,-1.317064,36.834412
50702003311,out,45,-1.319836,36.838982
50702003311,out,46,-1.324609,36.847187
50702003311,out,47,-1.328752,36.854134
50702003311,out,48,-1.330301,36.85688
50702003311,out,49,-1.330722,36.857853
50702003311,out,50,-1.331058,36.859409
50702003311,out,51,-1.33111,36.860195
50702003311,out,52,-1.331067,36.86129
50702003311,out,53,-1.330119,36.868683
50702003311,out,54,-1.329171,36.875156
50702003311,out,55,-1.328476,36.880608
50702003311,out,56,-1.328462,36.881371
50702003311,out,57,-1.328526,36.882465
50702003311,out,58,-1.328785,36.883949
50702003311,out,59,-1.329231,36.885109
50702003311,out,60,-1.329785,36.886181
50702003311,out,61,-1.330518,36.887238
50702003311,out,62,-1.331302,36.888081
50702003311,out,63,-1.331302,36.888081
50702003311,out,64,-1.331305,36.888607
50702003311,out,65,-1.330804,36.889248
50702003311,out,66,-1.328521,36.892475
50702003311,out,67,-1.324221,36.899414
50702003311,out,68,-1.323612,36.899605
50702003311,out,69,-1.323388,36.899799
50702003311,out,70,-1.32328,36.900867
50702003311,out,71,-1.319596,36.906845
50702003311,out,72,-1.319119,36.907749
50702003311,out,73,-1.31869,36.908981
50702003311,out,74,-1.318474,36.910206
50702003311,out,75,-1.318456,36.911495
50702003311,out,76,-1.318679,36.914349
50702003311,out,77,-1.318675,36.915333
50702003311,out,78,-1.318565,36.916153
50702003311,out,79,-1.318346,36.917168
50702003311,out,80,-1.318093,36.917862
50702003311,out,81,-1.317728,36.91861
50702003311,out,82,-1.317728,36.91861
50702003311,out,83,-1.314878,36.916592
50702003311,out,84,-1.314878,36.916592
50702003311,out,85,-1.310912,36.913738
50702003311,out,86,-1.310912,36.913738
50702003311,out,87,-1.311151,36.913475
50702003311,out,88,-1.312412,36.911736
50702003311,out,89,-1.312655,36.911182
50702003311,out,90,-1.31281,36.909992
50702003311,out,91,-1.312325,36.909145
50702003311,out,92,-1.312035,36.908943
50702003311,out,93,-1.311585,36.908787
50702003311,out,94,-1.310703,36.909077
50702003311,out,95,-1.308701,36.909241
50702003311,out,96,-1.308211,36.910072
50702003311,out,97,-1.307886,36.910755
50702003311,out,98,-1.308315,36.911457
50702003311,in,0,-1.308319,36.911465
50702003311,in,1,-1.308441,36.911659
50702003311,in,2,-1.308385,36.911682
50702003311,in,3,-1.308476,36.911854
50702003311,in,4,-1.308764,36.912189
50702003311,in,5,-1.308924,36.91235
50702003311,in,6,-1.309521,36.912708
50702003311,in,7,-1.309521,36.912708
50702003311,in,8,-1.309505,36.912811
50702003311,in,9,-1.309568,36.91288
50702003311,in,10,-1.309697,36.912842
50702003311,in,11,-1.310568,36.913528
50702003311,in,12,-1.314878,36.916592
50702003311,in,13,-1.314878,36.916592
50702003311,in,14,-1.317728,36.91861
50702003311,in,15,-1.317728,36.91861
50702003311,in,16,-1.317159,36.919483
50702003311,in,17,-1.315891,36.921104
50702003311,in,18,-1.315428,36.921612
50702003311,in,19,-1.315037,36.921955
50702003311,in,20,-1.314544,36.922295
50702003311,in,21,-1.313105,36.923195
50702003311,in,22,-1.313105,36.923195
50702003311,in,23,-1.312923,36.923065
50702003311,in,24,-1.312732,36.9231
50702003311,in,25,-1.312611,36.923252
50702003311,in,26,-1.312627,36.923462
50702003311,in,27,-1.312802,36.923599
50702003311,in,28,-1.313022,36.923557
50702003311,in,29,-1.313133,36.923401
50702003311,in,30,-1.313105,36.923195
50702003311,in,31,-1.314544,36.922295
50702003311,in,32,-1.315037,36.921955
50702003311,in,33,-1.315428,36.921612
50702003311,in,34,-1.315891,36.921104
50702003311,in,35,-1.317451,36.919079
50702003311,in,36,-1.318093,36.917862
50702003311,in,37,-1.318346,36.917168
50702003311,in,38,-1.318565,36.916153
50702003311,in,39,-1.318675,36.915333
50702003311,in,40,-1.318679,36.914349
50702003311,in,41,-1.318456,36.911495
50702003311,in,42,-1.318457,36.910515
50702003311,in,43,-1.318587,36.909416
50702003311,in,44,-1.318797,36.908585
50702003311,in,45,-1.319119,36.907749
50702003311,in,46,-1.319596,36.906845
50702003311,in,47,-1.32328,36.900867
50702003311,in,48,-1.32378,36.900383
50702003311,in,49,-1.32378,36.900383
50702003311,in,50,-1.324,36.900288
50702003311,in,51,-1.324137,36.900047
50702003311,in,52,-1.324118,36.899841
50702003311,in,53,-1.323939,36.899635
50702003311,in,54,-1.323778,36.899582
50702003311,in,55,-1.323612,36.899605
50702003311,in,56,-1.323179,36.899544
50702003311,in,57,-1.322654,36.899235
50702003311,in,58,-1.309442,36.891026
50702003311,in,59,-1.307538,36.889942
50702003311,in,60,-1.305655,36.889046
50702003311,in,61,-1.304398,36.888535
50702003311,in,62,-1.301738,36.887726
50702003311,in,63,-1.300389,36.887383
50702003311,in,64,-1.2993,36.887207
50702003311,in,65,-1.298701,36.887188
50702003311,in,66,-1.29834,36.887089
50702003311,in,67,-1.298202,36.887001
50702003311,in,68,-1.298101,36.886803
50702003311,in,69,-1.298101,36.886803
50702003311,in,70,-1.298131,36.886711
50702003311,in,71,-1.298088,36.886543
50702003311,in,72,-1.297634,36.886093
50702003311,in,73,-1.296681,36.884178
50702003311,in,74,-1.296203,36.88303
50702003311,in,75,-1.296146,36.882664
50702003311,in,76,-1.296357,36.880936
50702003311,in,77,-1.297298,36.87492
50702003311,in,78,-1.297999,36.869648
50702003311,in,79,-1.297972,36.869041
50702003311,in,80,-1.295384,36.856445
50702003311,in,81,-1.295314,36.855961
50702003311,in,82,-1.295328,36.855576
50702003311,in,83,-1.295162,36.855198
50702003311,in,84,-1.294322,36.851715
50702003311,in,85,-1.294295,36.851349
50702003311,in,86,-1.292142,36.841774
50702003311,in,87,-1.292119,36.841454
50702003311,in,88,-1.292194,36.841251
50702003311,in,89,-1.292194,36.841251
50702003311,in,90,-1.2923,36.84108
50702003311,in,91,-1.292276,36.840923
50702003311,in,92,-1.292152,36.84079
50702003311,in,93,-1.29198,36.840725
50702003311,in,94,-1.291736,36.840755
50702003311,in,95,-1.291221,36.841057
50702003311,in,96,-1.290124,36.841301
50702003311,in,97,-1.289766,36.841198
50702003311,in,98,-1.289492,36.84095
50702003311,in,99,-1.289128,36.840324
50702003311,in,100,-1.288671,36.839321
50702003311,in,101,-1.287457,36.837158
50702003311,in,102,-1.287045,36.836285
50702003311,in,103,-1.286021,36.833656
50702003311,in,104,-1.28591,36.833187
50702003311,in,105,-1.285855,36.832546
50702003311,in,106,-1.285855,36.832546
50702003311,in,107,-1.285935,36.832409
50702003311,in,108,-1.285908,36.832226
50702003311,in,109,-1.285817,36.832134
50702003311,in,110,-1.28568,36.8321
50702003311,in,111,-1.285631,36.831917
50702003311,in,112,-1.285056,36.831036
50702003311,in,113,-1.28505,36.830959
50702003311,in,114,-1.28505,36.830959
50702003311,in,115,-1.286658,36.83046
50702003311,in,116,-1.286658,36.83046
50702003311,in,117,-1.286243,36.829288
50702003311,in,118,-1.285279,36.828804
50702003311,in,119,-1.285279,36.828804
50702003311,in,120,-1.286227,36.826843
50702003311,in,121,-1.286227,36.826843
50702003311,in,122,-1.284481,36.825981
50702003311,in,123,-1.284481,36.825981
50702003311,in,124,-1.284408,36.82608
50702003311,in,125,-1.284131,36.826233
40701003311,out,0,-1.284247,36.826267
40701003311,out,1,-1.284754,36.826206
40701003311,out,2,-1.284754,36.826206
40701003311,out,3,-1.287716,36.82769
40701003311,out,4,-1.28777,36.827763
40701003311,out,5,-1.287905,36.827721
40701003311,out,6,-1.287854,36.827587
40701003311,out,7,-1.287728,36.827629
40701003311,out,8,-1.287756,36.827755
40701003311,out,9,-1.288712,36.828175
40701003311,out,10,-1.288712,36.828175
40701003311,out,11,-1.288673,36.828384
40701003311,out,12,-1.287919,36.829922
40701003311,out,13,-1.287799,36.830124
40701003311,out,14,-1.28763,36.830193
40701003311,out,15,-1.28767,36.830349
40701003311,out,16,-1.287628,36.830513
40701003311,out,17,-1.287284,36.831181
40701003311,out,18,-1.286949,36.831459
40701003311,out,19,-1.28577,36.832111
40701003311,out,20,-1.28577,36.832111
40701003311,out,21,-1.285566,36.83213
40701003311,out,22,-1.28544,36.832298
40701003311,out,23,-1.285494,36.832516
40701003311,out,24,-1.28541,36.833794
40701003311,out,25,-1.285532,36.833961
40701003311,out,26,-1.286025,36.834091
40701003311,out,27,-1.286163,36.83424
40701003311,out,28,-1.286944,36.836292
40701003311,out,29,-1.287382,36.837189
40701003311,out,30,-1.287733,36.838051
40701003311,out,31,-1.288545,36.839382
40701003311,out,32,-1.289299,36.840874
40701003311,out,33,-1.289551,36.841198
40701003311,out,34,-1.289966,36.8414
40701003311,out,35,-1.290339,36.841377
40701003311,out,36,-1.291266,36.841187
40701003311,out,37,-1.29162,36.841282
40701003311,out,38,-1.29162,36.841282
40701003311,out,39,-1.291892,36.841541
40701003311,out,40,-1.291999,36.841782
40701003311,out,41,-1.293454,36.848656
40701003311,out,42,-1.294088,36.851238
40701003311,out,43,-1.2941,36.852112
40701003311,out,44,-1.294497,36.852978
40701003311,out,45,-1.294927,36.854965
40701003311,out,46,-1.294982,36.855766
40701003311,out,47,-1.295235,36.856407
40701003311,out,48,-1.297852,36.869064
40701003311,out,49,-1.297882,36.869644
40701003311,out,50,-1.297166,36.874924
40701003311,out,51,-1.296243,36.880966
40701003311,out,52,-1.296043,36.882679
40701003311,out,53,-1.296101,36.883011
40701003311,out,54,-1.296581,36.884201
40701003311,out,55,-1.297557,36.886238
40701003311,out,56,-1.297556,36.88649
40701003311,out,57,-1.297556,36.88649
40701003311,out,58,-1.29749,36.88665
40701003311,out,59,-1.297557,36.886868
40701003311,out,60,-1.297689,36.886967
40701003311,out,61,-1.298039,36.8871
40701003311,out,62,-1.299712,36.887264
40701003311,out,63,-1.301162,36.887577
40701003311,out,64,-1.304398,36.888535
40701003311,out,65,-1.305655,36.889046
40701003311,out,66,-1.307538,36.889942
40701003311,out,67,-1.309442,36.891026
40701003311,out,68,-1.314518,36.89418
40701003311,out,69,-1.314518,36.89418
40701003311,out,70,-1.313038,36.896557
40701003311,out,71,-1.312776,36.898247
40701003311,out,72,-1.31256,36.898655
40701003311,out,73,-1.312372,36.898884
40701003311,out,74,-1.312086,36.899082
40701003311,out,75,-1.310952,36.899681
40701003311,out,76,-1.310756,36.89983
40701003311,out,77,-1.308214,36.903286
40701003311,in,0,-1.308151,36.90337
40701003311,in,1,-1.310756,36.89983
40701003311,in,2,-1.310952,36.899681
40701003311,in,3,-1.312086,36.899082
40701003311,in,4,-1.312372,36.898884
40701003311,in,5,-1.31256,36.898655
40701003311,in,6,-1.312776,36.898247
40701003311,in,7,-1.313002,36.896709
40701003311,in,8,-1.313099,36.896446
40701003311,in,9,-1.313099,36.896446
40701003311,in,10,-1.314518,36.89418
40701003311,in,11,-1.314518,36.89418
40701003311,in,12,-1.309442,36.891026
40701003311,in,13,-1.307538,36.889942
40701003311,in,14,-1.305655,36.889046
40701003311,in,15,-1.304398,36.888535
40701003311,in,16,-1.301738,36.887726
40701003311,in,17,-1.300389,36.887383
40701003311,in,18,-1.2993,36.887207
40701003311,in,19,-1.298701,36.887188
40701003311,in,20,-1.29834,36.887089
40701003311,in,21,-1.298202,36.887001
40701003311,in,22,-1.298101,36.886803
40701003311,in,23,-1.298101,36.886803
40701003311,in,24,-1.298131,36.886711
40701003311,in,25,-1.298088,36.886543
40701003311,in,26,-1.297634,36.886093
40701003311,in,27,-1.296681,36.884178
40701003311,in,28,-1.296203,36.88303
40701003311,in,29,-1.296146,36.882664
40701003311,in,30,-1.296357,36.880936
40701003311,in,31,-1.297298,36.87492
40701003311,in,32,-1.297999,36.869648
40701003311,in,33,-1.297972,36.869041
40701003311,in,34,-1.295384,36.856445
40701003311,in,35,-1.295314,36.855961
40701003311,in,36,-1.295328,36.855576
40701003311,in,37,-1.295162,36.855198
40701003311,in,38,-1.294322,36.851715
40701003311,in,39,-1.294295,36.851349
40701003311,in,40,-1.292142,36.841774
40701003311,in,41,-1.292119,36.841454
40701003311,in,42,-1.292194,36.841251
40701003311,in,43,-1.292194,36.841251
40701003311,in,44,-1.2923,36.84108
40701003311,in,45,-1.292276,36.840923
40701003311,in,46,-1.292152,36.84079
40701003311,in,47,-1.29198,36.840725
40701003311,in,48,-1.291736,36.840755
40701003311,in,49,-1.291221,36.841057
40701003311,in,50,-1.290124,36.841301
40701003311,in,51,-1.289766,36.841198
40701003311,in,52,-1.289492,36.84095
40701003311,in,53,-1.289128,36.840324
40701003311,in,54,-1.288671,36.839321
40701003311,in,55,-1.287457,36.837158
40701003311,in,56,-1.287045,36.836285
40701003311,in,57,-1.286021,36.833656
40701003311,in,58,-1.28591,36.833187
40701003311,in,59,-1.285855,36.832546
40701003311,in,60,-1.285855,36.832546
40701003311,in,61,-1.285935,36.832409
40701003311,in,62,-1.28592,36.832253
40701003311,in,63,-1.287094,36.831478
40701003311,in,64,-1.287356,36.83123
40701003311,in,65,-1.287636,36.830769
40701003311,in,66,-1.287796,36.830353
40701003311,in,67,-1.28916,36.827785
40701003311,in,68,-1.28916,36.827785
40701003311,in,69,-1.289362,36.827744
40701003311,in,70,-1.28945,36.827587
40701003311,in,71,-1.289411,36.827442
40701003311,in,72,-1.289242,36.827332
40701003311,in,73,-1.289094,36.827351
40701003311,in,74,-1.28898,36.827457
40701003311,in,75,-1.288953,36.827564
40701003311,in,76,-1.288996,36.827679
40701003311,in,77,-1.288774,36.82806
40701003311,in,78,-1.288774,36.82806
40701003311,in,79,-1.284481,36.825981
40701003311,in,80,-1.284481,36.825981
40701003311,in,81,-1.284408,36.82608
40701003311,in,82,-1.284131,36.826233
50700033H01,out,0,-1.332322428,36.88725599
50700033H01,out,1,-1.329865,36.8904785
50700033H01,out,2,-1.328405,36.892376
50700033H01,out,3,-1.327653,36.893528
50700033H01,out,4,-1.323986,36.899445
50700033H01,out,5,-1.323778,36.899582
50700033H01,out,6,-1.323557,36.899632
50700033H01,out,7,-1.323385,36.899834
50700033H01,out,8,-1.323382,36.900154
50700033H01,out,9,-1.323326,36.900497
50700033H01,out,10,-1.319491,36.906719
50700033H01,out,11,-1.31889,36.90786
50700033H01,out,12,-1.318891,36.908192
50700033H01,out,13,-1.318539,36.90921
50700033H01,out,14,-1.318443,36.909874
50700033H01,out,15,-1.318422,36.910511
50700033H01,out,16,-1.31845,36.911213
50700033H01,out,17,-1.318772,36.913559
50700033H01,out,18,-1.3188,36.914722
50700033H01,out,19,-1.318712,36.915607
50700033H01,out,20,-1.318561,36.916382
50700033H01,out,21,-1.31824,36.917374
50700033H01,out,22,-1.318054,36.917843
50700033H01,out,23,-1.317665,36.918575
50700033H01,out,24,-1.317147,36.919373
50700033H01,out,25,-1.316293,36.920525
50700033H01,out,26,-1.315577,36.921387
50700033H01,out,27,-1.315007,36.921925
50700033H01,out,28,-1.314515,36.92226
50700033H01,out,29,-1.312984,36.923088
50700033H01,out,30,-1.31271,36.923155
50700033H01,out,31,-1.312627,36.9234275
50700033H01,out,32,-1.312032,36.924328
50700033H01,out,33,-1.311792,36.924866
50700033H01,out,34,-1.311621,36.925438
50700033H01,out,35,-1.311059,36.927959
50700033H01,out,36,-1.310524,36.929649
50700033H01,out,37,-1.310291,36.930145
50700033H01,out,38,-1.30992,36.930759
50700033H01,out,39,-1.309661,36.931129
50700033H01,out,40,-1.309012,36.931866
50700033H01,out,41,-1.308136,36.932617
50700033H01,out,42,-1.294348,36.942806
50700033H01,out,43,-1.293374,36.943665
50700033H01,out,44,-1.292603,36.944515
50700033H01,out,45,-1.291695,36.945789
50700033H01,out,46,-1.282889,36.959927
50700033H01,out,47,-1.281393,36.962696
50700033H01,out,48,-1.279702,36.966309
50700033H01,out,49,-1.279123,36.967316
50700033H01,out,50,-1.278439,36.968334
50700033H01,out,51,-1.2774335,36.9695525
50700033H01,out,52,-1.274298,36.972736
50700033H01,out,53,-1.273585,36.973568
50700033H01,out,54,-1.271282,36.976532
50700033H01,out,55,-1.270078,36.977753
50700033H01,out,56,-1.266628,36.980778
50700033H01,out,57,-1.266434,36.980865
50700033H01,out,58,-1.264904,36.982044
50700033H01,out,59,-1.264049,36.982613
50700033H01,out,60,-1.264304,36.9834595
50700033H01,in,0,-1.264171,36.983013
50700033H01,in,1,-1.265712,36.981792
50700033H01,in,2,-1.2665895,36.980858
50700033H01,in,3,-1.270078,36.977753
50700033H01,in,4,-1.271282,36.976532
50700033H01,in,5,-1.273585,36.973568
50700033H01,in,6,-1.274298,36.972736
50700033H01,in,7,-1.2774655,36.969585
50700033H01,in,8,-1.278511,36.968388
50700033H01,in,9,-1.279337,36.967091
50700033H01,in,10,-1.281393,36.962696
50700033H01,in,11,-1.282889,36.959927
50700033H01,in,12,-1.291695,36.945789
50700033H01,in,13,-1.292603,36.944515
50700033H01,in,14,-1.293374,36.943665
50700033H01,in,15,-1.294348,36.942806
50700033H01,in,16,-1.308136,36.932617
50700033H01,in,17,-1.309012,36.931866
50700033H01,in,18,-1.309661,36.931129
50700033H01,in,19,-1.30992,36.930759
50700033H01,in,20,-1.310291,36.930145
50700033H01,in,21,-1.310524,36.929649
50700033H01,in,22,-1.311059,36.927959
50700033H01,in,23,-1.311621,36.925438
50700033H01,in,24,-1.311792,36.924866
50700033H01,in,25,-1.312032,36.924328
50700033H01,in,26,-1.312194,36.924091
50700033H01,in,27,-1.312508,36.923714
50700033H01,in,28,-1.312782,36.923607
50700033H01,in,29,-1.3129955,36.9235915
50700033H01,in,30,-1.3131455,36.9233515
50700033H01,in,31,-1.315068,36.921989
50700033H01,in,32,-1.31546,36.921642
50700033H01,in,33,-1.316364,36.920582
50700033H01,in,34,-1.317219,36.919426
50700033H01,in,35,-1.317741,36.918625
50700033H01,in,36,-1.318132,36.917885
50700033H01,in,37,-1.318496,36.916897
50700033H01,in,38,-1.318643,36.916405
50700033H01,in,39,-1.318862,36.915131
50700033H01,in,40,-1.318887,36.914139
50700033H01,in,41,-1.318839,36.912903
50700033H01,in,42,-1.318642,36.911083
50700033H01,in,43,-1.318625,36.909893
50700033H01,in,44,-1.318841,36.908615
50700033H01,in,45,-1.31916,36.907768
50700033H01,in,46,-1.320035,36.906219
50700033H01,in,47,-1.327281,36.894512
50700033H01,in,48,-1.328554,36.892529
50700033H01,in,49,-1.3296055,36.891144
50700033H01,in,50,-1.329881101,36.89086801
50700033H01,in,51,-1.330594939,36.89078235
50700033H01,in,52,-1.331422992,36.89068242
50700033H01,in,53,-1.33213683,36.89061103
50700033H01,in,54,-1.332722178,36.89058248
50700033H01,in,55,-1.33315048,36.89059676
50700033H01,in,56,-1.333407462,36.89066814
50700033H01,in,57,-1.333721551,36.89079663
50700033H01,in,58,-1.33447822,36.89165324
50700033H01,in,59,-1.334749478,36.89196733
50700033H01,in,60,-1.334846132,36.89200673
50700033H01,in,61,-1.334960346,36.89200316
50700033H01,in,62,-1.335042438,36.8919639
50700033H01,in,63,-1.335063853,36.89179258
50700033H01,in,64,-1.335010315,36.89163196
50700033H01,in,65,-1.332779285,36.88926902
50700033H01,in,66,-1.331622867,36.88791272
50700033H01,in,67,-1.331280224,36.88722744
50700033H01,in,68,-1.331137456,36.88684197
50700033H01,in,69,-1.33120884,36.8865136
50700033H01,in,70,-1.331337331,36.88625662
50700033H01,in,71,-1.331494376,36.88605674
50700033H01,in,72,-1.331879848,36.8858997
50700033H01,in,73,-1.332151107,36.88592825
50700033H01,in,74,-1.332365258,36.88605674
50700033H01,in,75,-1.332465196,36.88631373
50700033H01,in,76,-1.332436642,36.88687052
50700033H01,in,77,-1.332322428,36.88725599
50600003311,out,0,-1.284129,36.826324
50600003311,out,1,-1.284305,36.826241
50600003311,out,2,-1.284754,36.826206
50600003311,out,3,-1.284754,36.826206
50600003311,out,4,-1.287716,36.82769
50600003311,out,5,-1.28777,36.827763
50600003311,out,6,-1.28786,36.827766
50600003311,out,7,-1.288712,36.828175
50600003311,out,8,-1.288712,36.828175
50600003311,out,9,-1.288673,36.828384
50600003311,out,10,-1.287799,36.830124
50600003311,out,11,-1.287799,36.830124
50600003311,out,12,-1.28763,36.830193
50600003311,out,13,-1.28767,36.830349
50600003311,out,14,-1.287796,36.830353
50600003311,out,15,-1.287861,36.830292
50600003311,out,16,-1.28916,36.827785
50600003311,out,17,-1.289316,36.82777
50600003311,out,18,-1.289415,36.827679
50600003311,out,19,-1.289451,36.827541
50600003311,out,20,-1.289384,36.827415
50600003311,out,21,-1.292591,36.821178
50600003311,out,22,-1.292591,36.821178
50600003311,out,23,-1.293214,36.820976
50600003311,out,24,-1.293516,36.820961
50600003311,out,25,-1.298268,36.823799
50600003311,out,26,-1.298751,36.823997
50600003311,out,27,-1.299475,36.824184
50600003311,out,28,-1.299824,36.824444
50600003311,out,29,-1.300055,36.824409
50600003311,out,30,-1.300322,36.824448
50600003311,out,31,-1.30445,36.826389
50600003311,out,32,-1.304667,36.826561
50600003311,out,33,-1.304667,36.826561
50600003311,out,34,-1.304696,36.826679
50600003311,out,35,-1.3048,36.826763
50600003311,out,36,-1.305153,36.82674
50600003311,out,37,-1.305253,36.826778
50600003311,out,38,-1.313525,36.830681
50600003311,out,39,-1.314626,36.831375
50600003311,out,40,-1.315205,36.831856
50600003311,out,41,-1.315742,36.83247
50600003311,out,42,-1.317064,36.834412
50600003311,out,43,-1.319836,36.838982
50600003311,out,44,-1.324609,36.847187
50600003311,out,45,-1.328752,36.854134
50600003311,out,46,-1.330301,36.85688
50600003311,out,47,-1.330722,36.857853
50600003311,out,48,-1.331058,36.859409
50600003311,out,49,-1.33111,36.860195
50600003311,out,50,-1.331067,36.86129
50600003311,out,51,-1.330119,36.868683
50600003311,out,52,-1.329171,36.875156
50600003311,out,53,-1.328476,36.880608
50600003311,out,54,-1.328476,36.880608
50600003311,out,55,-1.327285,36.88063
50600003311,out,56,-1.325236,36.880783
50600003311,out,57,-1.325236,36.880783
50600003311,out,58,-1.325083,36.881088
50600003311,in,0,-1.32504,36.881211
50600003311,in,1,-1.325116,36.881023
50600003311,in,2,-1.325116,36.881023
50600003311,in,3,-1.325236,36.880783
50600003311,in,4,-1.325236,36.880783
50600003311,in,5,-1.327285,36.88063
50600003311,in,6,-1.328476,36.880608
50600003311,in,7,-1.328476,36.880608
50600003311,in,8,-1.328462,36.881371
50600003311,in,9,-1.328526,36.882465
50600003311,in,10,-1.328785,36.883949
50600003311,in,11,-1.32888,36.884178
50600003311,in,12,-1.328937,36.884263
50600003311,in,13,-1.328969,36.884198
50600003311,in,14,-1.329039,36.884113
50600003311,in,15,-1.329138,36.884102
50600003311,in,16,-1.329108,36.88402
50600003311,in,17,-1.329165,36.884026
50600003311,in,18,-1.328927,36.88303
50600003311,in,19,-1.328784,36.882122
50600003311,in,20,-1.328824,36.880302
50600003311,in,21,-1.32981,36.87265
50600003311,in,22,-1.330808,36.865788
50600003311,in,23,-1.331404,36.860985
50600003311,in,24,-1.331389,36.859535
50600003311,in,25,-1.331294,36.858795
50600003311,in,26,-1.330835,36.857208
50600003311,in,27,-1.330136,36.85585
50600003311,in,28,-1.325683,36.848305
50600003311,in,29,-1.323925,36.845215
50600003311,in,30,-1.319492,36.837944
50600003311,in,31,-1.31731,36.834206
50600003311,in,32,-1.316368,36.832752
50600003311,in,33,-1.315208,36.831543
50600003311,in,34,-1.314893,36.831261
50600003311,in,35,-1.314072,36.830696
50600003311,in,36,-1.309307,36.828411
50600003311,in,37,-1.305414,36.826649
50600003311,in,38,-1.30522,36.826492
50600003311,in,39,-1.30522,36.826492
50600003311,in,40,-1.305072,36.826248
50600003311,in,41,-1.304921,36.826218
50600003311,in,42,-1.30477,36.826267
50600003311,in,43,-1.302622,36.825325
50600003311,in,44,-1.300383,36.824245
50600003311,in,45,-1.300184,36.824131
50600003311,in,46,-1.300123,36.824001
50600003311,in,47,-1.300013,36.823921
50600003311,in,48,-1.299841,36.82391
50600003311,in,49,-1.299698,36.823997
50600003311,in,50,-1.299514,36.824013
50600003311,in,51,-1.299011,36.823898
50600003311,in,52,-1.298395,36.823658
50600003311,in,53,-1.292938,36.820431
50600003311,in,54,-1.292938,36.820431
50600003311,in,55,-1.292904,36.820305
50600003311,in,56,-1.292785,36.82021
50600003311,in,57,-1.292633,36.820217
50600003311,in,58,-1.292515,36.820328
50600003311,in,59,-1.2925,36.82048
50600003311,in,60,-1.29261,36.820618
50600003311,in,61,-1.292572,36.820938
50600003311,in,62,-1.289558,36.8269
50600003311,in,63,-1.289283,36.827343
50600003311,in,64,-1.289117,36.827339
50600003311,in,65,-1.28899,36.827442
50600003311,in,66,-1.288953,36.827564
50600003311,in,67,-1.288996,36.827679
50600003311,in,68,-1.288774,36.82806
50600003311,in,69,-1.288774,36.82806
50600003311,in,70,-1.284481,36.825981
50600003311,in,71,-1.284481,36.825981
50600003311,in,72,-1.284408,36.82608
50600003311,in,73,-1.284178,36.826206
50703033J01,out,0,-1.332322428,36.88725599
50703033J01,out,1,-1.329865,36.8904785
50703033J01,out,2,-1.328405,36.892376
50703033J01,out,3,-1.327653,36.893528
50703033J01,out,4,-1.323986,36.899445
50703033J01,out,5,-1.323778,36.899582
50703033J01,out,6,-1.323557,36.899632
50703033J01,out,7,-1.323385,36.899834
50703033J01,out,8,-1.323382,36.900154
50703033J01,out,9,-1.323326,36.900497
50703033J01,out,10,-1.319491,36.906719
50703033J01,out,11,-1.31889,36.90786
50703033J01,out,12,-1.318891,36.908192
50703033J01,out,13,-1.318539,36.90921
50703033J01,out,14,-1.318443,36.909874
50703033J01,out,15,-1.318422,36.910511
50703033J01,out,16,-1.31845,36.911213
50703033J01,out,17,-1.318772,36.913559
50703033J01,out,18,-1.3188,36.914722
50703033J01,out,19,-1.318712,36.915607
50703033J01,out,20,-1.318561,36.916382
50703033J01,out,21,-1.31824,36.917374
50703033J01,out,22,-1.318054,36.917843
50703033J01,out,23,-1.317665,36.918575
50703033J01,out,24,-1.317147,36.919373
50703033J01,out,25,-1.316293,36.920525
50703033J01,out,26,-1.315577,36.921387
50703033J01,out,27,-1.315007,36.921925
50703033J01,out,28,-1.314515,36.92226
50703033J01,out,29,-1.312984,36.923088
50703033J01,out,30,-1.31271,36.923155
50703033J01,out,31,-1.312627,36.9234275
50703033J01,out,32,-1.312032,36.924328
50703033J01,out,33,-1.311792,36.924866
50703033J01,out,34,-1.311621,36.925438
50703033J01,out,35,-1.311059,36.927959
50703033J01,out,36,-1.310524,36.929649
50703033J01,out,37,-1.310291,36.930145
50703033J01,out,38,-1.30992,36.930759
50703033J01,out,39,-1.309661,36.931129
50703033J01,out,40,-1.309012,36.931866
50703033J01,out,41,-1.308136,36.932617
50703033J01,out,42,-1.294348,36.942806
50703033J01,out,43,-1.293374,36.943665
50703033J01,out,44,-1.292395,36.944775
50703033J01,out,45,-1.291271,36.946461
50703033J01,out,46,-1.282889,36.959927
50703033J01,out,47,-1.281393,36.962696
50703033J01,out,48,-1.279768,36.966183
50703033J01,out,49,-1.279123,36.967316
50703033J01,out,50,-1.278243,36.968582
50703033J01,out,51,-1.2774335,36.9695525
50703033J01,out,52,-1.2769075,36.970171
50703033J01,out,53,-1.277402,36.970261
50703033J01,out,54,-1.278978,36.970837
50703033J01,out,55,-1.289474,36.974781
50703033J01,out,56,-1.2865205,36.9824025
50703033J01,in,0,-1.2865205,36.9824025
50703033J01,in,1,-1.289474,36.974781
50703033J01,in,2,-1.278978,36.970837
50703033J01,in,3,-1.277402,36.970261
50703033J01,in,4,-1.276934,36.970188
50703033J01,in,5,-1.2774655,36.969585
50703033J01,in,6,-1.278135,36.968864
50703033J01,in,7,-1.278511,36.968388
50703033J01,in,8,-1.279184,36.967358
50703033J01,in,9,-1.279649,36.966473
50703033J01,in,10,-1.281393,36.962696
50703033J01,in,11,-1.282889,36.959927
50703033J01,in,12,-1.291271,36.946461
50703033J01,in,13,-1.292395,36.944775
50703033J01,in,14,-1.293374,36.943665
50703033J01,in,15,-1.294348,36.942806
50703033J01,in,16,-1.308136,36.932617
50703033J01,in,17,-1.309012,36.931866
50703033J01,in,18,-1.309661,36.931129
50703033J01,in,19,-1.30992,36.930759
50703033J01,in,20,-1.310291,36.930145
50703033J01,in,21,-1.310524,36.929649
50703033J01,in,22,-1.311059,36.927959
50703033J01,in,23,-1.311621,36.925438
50703033J01,in,24,-1.311792,36.924866
50703033J01,in,25,-1.312032,36.924328
50703033J01,in,26,-1.312194,36.924091
50703033J01,in,27,-1.312508,36.923714
50703033J01,in,28,-1.312782,36.923607
50703033J01,in,29,-1.3129955,36.9235915
50703033J01,in,30,-1.3131455,36.9233515
50703033J01,in,31,-1.315068,36.921989
50703033J01,in,32,-1.31546,36.921642
50703033J01,in,33,-1.316364,36.920582
50703033J01,in,34,-1.317219,36.919426
50703033J01,in,35,-1.317741,36.918625
50703033J01,in,36,-1.318132,36.917885
50703033J01,in,37,-1.318496,36.916897
50703033J01,in,38,-1.318643,36.916405
50703033J01,in,39,-1.318862,36.915131
50703033J01,in,40,-1.318887,36.914139
50703033J01,in,41,-1.318839,36.912903
50703033J01,in,42,-1.318642,36.911083
50703033J01,in,43,-1.318625,36.909893
50703033J01,in,44,-1.318841,36.908615
50703033J01,in,45,-1.31916,36.907768
50703033J01,in,46,-1.320035,36.906219
50703033J01,in,47,-1.327281,36.894512
50703033J01,in,48,-1.328554,36.892529
50703033J01,in,49,-1.329556,36.891155
50703033J01,in,50,-1.329881101,36.89086801
50703033J01,in,51,-1.330594939,36.89078235
50703033J01,in,52,-1.331422992,36.89068242
50703033J01,in,53,-1.33213683,36.89061103
50703033J01,in,54,-1.332722178,36.89058248
50703033J01,in,55,-1.33315048,36.89059676
50703033J01,in,56,-1.333407462,36.89066814
50703033J01,in,57,-1.333721551,36.89079663
50703033J01,in,58,-1.33447822,36.89165324
50703033J01,in,59,-1.334749478,36.89196733
50703033J01,in,60,-1.334846132,36.89200673
50703033J01,in,61,-1.334960346,36.89200316
50703033J01,in,62,-1.335042438,36.8919639
50703033J01,in,63,-1.335063853,36.89179258
50703033J01,in,64,-1.335010315,36.89163196
50703033J01,in,65,-1.332779285,36.88926902
50703033J01,in,66,-1.331727782,36.88803577
50703033J01,in,67,-1.331622867,36.88791272
50703033J01,in,68,-1.331280224,36.88722744
50703033J01,in,69,-1.331137456,36.88684197
50703033J01,in,70,-1.33120884,36.8865136
50703033J01,in,71,-1.331337331,36.88625662
50703033J01,in,72,-1.331494376,36.88605674
50703033J01,in,73,-1.331879848,36.8858997
50703033J01,in,74,-1.332151107,36.88592825
50703033J01,in,75,-1.332365258,36.88605674
50703033J01,in,76,-1.332465196,36.88631373
50703033J01,in,77,-1.332436642,36.88687052
50703033J01,in,78,-1.332322428,36.88725599
50600033A11,out,0,-1.287213,36.829378
50600033A11,out,1,-1.287213,36.829185
50600033A11,out,2,-1.287288,36.828874
50600033A11,out,3,-1.287363,36.82867
50600033A11,out,4,-1.28747,36.828455
50600033A11,out,5,-1.287706,36.828531
50600033A11,out,6,-1.288328,36.828895
50600033A11,out,7,-1.288402,36.828918
50600033A11,out,8,-1.287799,36.830124
50600033A11,out,9,-1.287799,36.830124
50600033A11,out,10,-1.28763,36.830193
50600033A11,out,11,-1.28767,36.830349
50600033A11,out,12,-1.287796,36.830353
50600033A11,out,13,-1.287861,36.830292
50600033A11,out,14,-1.28916,36.827785
50600033A11,out,15,-1.289316,36.82777
50600033A11,out,16,-1.289415,36.827679
50600033A11,out,17,-1.289451,36.827541
50600033A11,out,18,-1.289384,36.827415
50600033A11,out,19,-1.292591,36.821178
50600033A11,out,20,-1.292591,36.821178
50600033A11,out,21,-1.293214,36.820976
50600033A11,out,22,-1.293516,36.820961
50600033A11,out,23,-1.298268,36.823799
50600033A11,out,24,-1.298751,36.823997
50600033A11,out,25,-1.299475,36.824184
50600033A11,out,26,-1.299824,36.824444
50600033A11,out,27,-1.300055,36.824409
50600033A11,out,28,-1.300322,36.824448
50600033A11,out,29,-1.30445,36.826389
50600033A11,out,30,-1.304667,36.826561
50600033A11,out,31,-1.304667,36.826561
50600033A11,out,32,-1.304696,36.826679
50600033A11,out,33,-1.3048,36.826763
50600033A11,out,34,-1.305153,36.82674
50600033A11,out,35,-1.305253,36.826778
50600033A11,out,36,-1.313525,36.830681
50600033A11,out,37,-1.314626,36.831375
50600033A11,out,38,-1.315205,36.831856
50600033A11,out,39,-1.315742,36.83247
50600033A11,out,40,-1.317064,36.834412
50600033A11,out,41,-1.319836,36.838982
50600033A11,out,42,-1.324609,36.847187
50600033A11,out,43,-1.328752,36.854134
50600033A11,out,44,-1.330301,36.85688
50600033A11,out,45,-1.330722,36.857853
50600033A11,out,46,-1.331058,36.859409
50600033A11,out,47,-1.33111,36.860195
50600033A11,out,48,-1.331067,36.86129
50600033A11,out,49,-1.330119,36.868683
50600033A11,out,50,-1.329171,36.875156
50600033A11,out,51,-1.328476,36.880608
50600033A11,out,52,-1.328476,36.880608
50600033A11,out,53,-1.327285,36.88063
50600033A11,out,54,-1.325236,36.880783
50600033A11,out,55,-1.325236,36.880783
50600033A11,out,56,-1.323745,36.883667
50600033A11,out,57,-1.323666,36.883865
50600033A11,out,58,-1.323625,36.884289
50600033A11,out,59,-1.323204,36.885185
50600033A11,out,60,-1.323204,36.885185
50600033A11,out,61,-1.325999,36.886677
50600033A11,out,62,-1.325999,36.886677
50600033A11,out,63,-1.32548,36.887524
50600033A11,out,64,-1.32472,36.888931
50600033A11,in,0,-1.32472,36.888931
50600033A11,in,1,-1.32548,36.887524
50600033A11,in,2,-1.325999,36.886677
50600033A11,in,3,-1.325999,36.886677
50600033A11,in,4,-1.323204,36.885185
50600033A11,in,5,-1.323204,36.885185
50600033A11,in,6,-1.323625,36.884289
50600033A11,in,7,-1.323666,36.883865
50600033A11,in,8,-1.323745,36.883667
50600033A11,in,9,-1.325236,36.880783
50600033A11,in,10,-1.325236,36.880783
50600033A11,in,11,-1.327285,36.88063
50600033A11,in,12,-1.328476,36.880608
50600033A11,in,13,-1.328476,36.880608
50600033A11,in,14,-1.328462,36.881371
50600033A11,in,15,-1.328526,36.882465
50600033A11,in,16,-1.328785,36.883949
50600033A11,in,17,-1.328871,36.884159
50600033A11,in,18,-1.329157,36.884003
50600033A11,in,19,-1.328927,36.88303
50600033A11,in,20,-1.328784,36.882122
50600033A11,in,21,-1.328824,36.880302
50600033A11,in,22,-1.32981,36.87265
50600033A11,in,23,-1.330808,36.865788
50600033A11,in,24,-1.331404,36.860985
50600033A11,in,25,-1.331389,36.859535
50600033A11,in,26,-1.331294,36.858795
50600033A11,in,27,-1.330835,36.857208
50600033A11,in,28,-1.330136,36.85585
50600033A11,in,29,-1.325683,36.848305
50600033A11,in,30,-1.323925,36.845215
50600033A11,in,31,-1.319492,36.837944
50600033A11,in,32,-1.31731,36.834206
50600033A11,in,33,-1.316368,36.832752
50600033A11,in,34,-1.315208,36.831543
50600033A11,in,35,-1.314893,36.831261
50600033A11,in,36,-1.314072,36.830696
50600033A11,in,37,-1.309307,36.828411
50600033A11,in,38,-1.305414,36.826649
50600033A11,in,39,-1.30522,36.826492
50600033A11,in,40,-1.30522,36.826492
50600033A11,in,41,-1.305072,36.826248
50600033A11,in,42,-1.304921,36.826218
50600033A11,in,43,-1.30477,36.826267
50600033A11,in,44,-1.302622,36.825325
50600033A11,in,45,-1.300383,36.824245
50600033A11,in,46,-1.300184,36.824131
50600033A11,in,47,-1.300123,36.824001
50600033A11,in,48,-1.300013,36.823921
50600033A11,in,49,-1.299841,36.82391
50600033A11,in,50,-1.299698,36.823997
50600033A11,in,51,-1.299514,36.824013
50600033A11,in,52,-1.299011,36.823898
50600033A11,in,53,-1.298395,36.823658
50600033A11,in,54,-1.292938,36.820431
50600033A11,in,55,-1.292938,36.820431
50600033A11,in,56,-1.292904,36.820305
50600033A11,in,57,-1.292785,36.82021
50600033A11,in,58,-1.292633,36.820217
50600033A11,in,59,-1.292515,36.820328
50600033A11,in,60,-1.2925,36.82048
50600033A11,in,61,-1.29261,36.820618
50600033A11,in,62,-1.292572,36.820938
50600033A11,in,63,-1.289558,36.8269
50600033A11,in,64,-1.289283,36.827343
50600033A11,in,65,-1.289117,36.827339
50600033A11,in,66,-1.28898,36.827457
50600033A11,in,67,-1.288953,36.827564
50600033A11,in,68,-1.288996,36.827679
50600033A11,in,69,-1.288712,36.828175
50600033A11,in,70,-1.288673,36.828384
50600033A11,in,71,-1.287799,36.830124
50600033A11,in,72,-1.287799,36.830124
50600033A11,in,73,-1.287705,36.830135
50600033A11,in,74,-1.287623,36.830215
50600033A11,in,75,-1.287449,36.830232
50600033A11,in,76,-1.287223,36.830302
50600033A11,in,77,-1.286692,36.830436
50600033A11,in,78,-1.286644,36.830404
50600033A11,in,79,-1.286491,36.829953
50600033A11,in,80,-1.286381,36.829613
50600033A11,in,81,-1.286432,36.829586
50600033A11,in,82,-1.286666,36.829519
50600033A11,in,83,-1.286816,36.829479
50600033A11,in,84,-1.286899,36.829481
50600033A11,in,85,-1.286931,36.829591
50600033A11,in,86,-1.286947,36.829736
70000203311,out,0,-1.286324,36.830563
70000203311,out,1,-1.287623,36.830215
70000203311,out,2,-1.287623,36.830215
70000203311,out,3,-1.28763,36.830303
70000203311,out,4,-1.287693,36.830357
70000203311,out,5,-1.287796,36.830353
70000203311,out,6,-1.287861,36.830292
70000203311,out,7,-1.28916,36.827785
70000203311,out,8,-1.289316,36.82777
70000203311,out,9,-1.289415,36.827679
70000203311,out,10,-1.289451,36.827541
70000203311,out,11,-1.289384,36.827415
70000203311,out,12,-1.292658,36.821053
70000203311,out,13,-1.292658,36.821053
70000203311,out,14,-1.292799,36.820705
70000203311,out,15,-1.292786,36.820633
70000203311,out,16,-1.292786,36.820633
70000203311,out,17,-1.292933,36.820477
70000203311,out,18,-1.292924,36.820343
70000203311,out,19,-1.292791,36.820175
70000203311,out,20,-1.293516,36.816353
70000203311,out,21,-1.29384,36.815079
70000203311,out,22,-1.294067,36.814663
70000203311,out,23,-1.294579,36.81432
70000203311,out,24,-1.294796,36.81403
70000203311,out,25,-1.295284,36.812653
70000203311,out,26,-1.29545,36.810959
70000203311,out,27,-1.295454,36.809624
70000203311,out,28,-1.295454,36.809624
70000203311,out,29,-1.296895,36.807384
70000203311,out,30,-1.297814,36.803425
70000203311,out,31,-1.298073,36.803082
70000203311,out,32,-1.298073,36.803082
70000203311,out,33,-1.298471,36.803074
70000203311,out,34,-1.299514,36.8032
70000203311,out,35,-1.299925,36.803173
70000203311,out,36,-1.300459,36.803013
70000203311,out,37,-1.301467,36.802448
70000203311,out,38,-1.301872,36.802425
70000203311,out,39,-1.305376,36.8032
70000203311,out,40,-1.306408,36.803513
70000203311,out,41,-1.306724,36.803658
70000203311,out,42,-1.306724,36.803658
70000203311,out,43,-1.30726,36.803802
70000203311,out,44,-1.307496,36.803345
70000203311,out,45,-1.307611,36.802895
70000203311,out,46,-1.306505,36.802464
70000203311,out,47,-1.306166,36.802162
70000203311,out,48,-1.305944,36.801685
70000203311,out,49,-1.306018,36.801529
70000203311,out,50,-1.306032,36.801182
70000203311,out,51,-1.306174,36.800831
70000203311,out,52,-1.306381,36.800568
70000203311,out,53,-1.307888,36.799538
70000203311,out,54,-1.307986,36.799412
70000203311,out,55,-1.30822,36.798817
70000203311,out,56,-1.30857,36.798519
70000203311,out,57,-1.308886,36.79845
70000203311,out,58,-1.309265,36.79847
70000203311,out,59,-1.309669,36.798676
70000203311,out,60,-1.309669,36.798676
70000203311,out,61,-1.309848,36.798908
70000203311,in,0,-1.309848,36.798908
70000203311,in,1,-1.310318,36.79948
70000203311,in,2,-1.3111,36.79995
70000203311,in,3,-1.311378,36.800236
70000203311,in,4,-1.311493,36.800507
70000203311,in,5,-1.311594,36.80101
70000203311,in,6,-1.311541,36.801388
70000203311,in,7,-1.311458,36.801579
70000203311,in,8,-1.311167,36.801865
70000203311,in,9,-1.310816,36.802013
70000203311,in,10,-1.308418,36.801987
70000203311,in,11,-1.308147,36.802078
70000203311,in,12,-1.308016,36.802208
70000203311,in,13,-1.307611,36.802895
70000203311,in,14,-1.307496,36.803345
70000203311,in,15,-1.30728,36.803772
70000203311,in,16,-1.30728,36.803772
70000203311,in,17,-1.30659,36.803417
70000203311,in,18,-1.305704,36.803131
70000203311,in,19,-1.301848,36.802277
70000203311,in,20,-1.301568,36.802273
70000203311,in,21,-1.301324,36.802341
70000203311,in,22,-1.300353,36.802906
70000203311,in,23,-1.2999,36.803043
70000203311,in,24,-1.29946,36.803066
70000203311,in,25,-1.298348,36.802914
70000203311,in,26,-1.298079,36.802814
70000203311,in,27,-1.298079,36.802814
70000203311,in,28,-1.297898,36.802753
70000203311,in,29,-1.297797,36.802776
70000203311,in,30,-1.297744,36.802864
70000203311,in,31,-1.297726,36.803013
70000203311,in,32,-1.297814,36.803425
70000203311,in,33,-1.296895,36.807384
70000203311,in,34,-1.29606,36.808739
70000203311,in,35,-1.294522,36.811047
70000203311,in,36,-1.293981,36.811653
70000203311,in,37,-1.293981,36.811653
70000203311,in,38,-1.293871,36.811867
70000203311,in,39,-1.293914,36.812008
70000203311,in,40,-1.29471,36.812206
70000203311,in,41,-1.29471,36.812206
70000203311,in,42,-1.295284,36.812653
70000203311,in,43,-1.295284,36.812653
70000203311,in,44,-1.295026,36.813469
70000203311,in,45,-1.294708,36.814175
70000203311,in,46,-1.294418,36.814461
70000203311,in,47,-1.294067,36.814663
70000203311,in,48,-1.293883,36.814941
70000203311,in,49,-1.293516,36.816353
70000203311,in,50,-1.292785,36.82021
70000203311,in,51,-1.292785,36.82021
70000203311,in,52,-1.292633,36.820217
70000203311,in,53,-1.292515,36.820328
70000203311,in,54,-1.2925,36.82048
70000203311,in,55,-1.29261,36.820618
70000203311,in,56,-1.292572,36.820938
70000203311,in,57,-1.289558,36.8269
70000203311,in,58,-1.289283,36.827343
70000203311,in,59,-1.289117,36.827339
70000203311,in,60,-1.28898,36.827457
70000203311,in,61,-1.288953,36.827564
70000203311,in,62,-1.288996,36.827679
70000203311,in,63,-1.288712,36.828175
70000203311,in,64,-1.288673,36.828384
70000203311,in,65,-1.287799,36.830124
70000203311,in,66,-1.287799,36.830124
70000203311,in,67,-1.287705,36.830135
70000203311,in,68,-1.287623,36.830215
40100003311,out,0,-1.288593,36.834015
40100003311,out,1,-1.288678,36.834255
40100003311,out,2,-1.288641,36.834927
40100003311,out,3,-1.288796,36.835728
40100003311,out,4,-1.288862,36.835979
40100003311,out,5,-1.289228,36.836796
40100003311,out,6,-1.290381,36.838093
40100003311,out,7,-1.290918,36.838863
40100003311,out,8,-1.291386,36.839375
40100003311,out,9,-1.291736,36.840755
40100003311,out,10,-1.291736,36.840755
40100003311,out,11,-1.291548,36.840862
40100003311,out,12,-1.291495,36.841095
40100003311,out,13,-1.291564,36.841232
40100003311,out,14,-1.291714,36.841328
40100003311,out,15,-1.291892,36.841541
40100003311,out,16,-1.291999,36.841782
40100003311,out,17,-1.293454,36.848656
40100003311,out,18,-1.294088,36.851238
40100003311,out,19,-1.2941,36.852112
40100003311,out,20,-1.294497,36.852978
40100003311,out,21,-1.294927,36.854965
40100003311,out,22,-1.294982,36.855766
40100003311,out,23,-1.295235,36.856407
40100003311,out,24,-1.297852,36.869064
40100003311,out,25,-1.297882,36.869644
40100003311,out,26,-1.297166,36.874924
40100003311,out,27,-1.296243,36.880966
40100003311,out,28,-1.296043,36.882679
40100003311,out,29,-1.296101,36.883011
40100003311,out,30,-1.296581,36.884201
40100003311,out,31,-1.297557,36.886238
40100003311,out,32,-1.297556,36.88649
40100003311,out,33,-1.297556,36.88649
40100003311,out,34,-1.29749,36.88665
40100003311,out,35,-1.297557,36.886868
40100003311,out,36,-1.297689,36.886967
40100003311,out,37,-1.298039,36.8871
40100003311,out,38,-1.298544,36.88718
40100003311,out,39,-1.2993,36.887207
40100003311,out,40,-1.300389,36.887383
40100003311,out,41,-1.302787,36.888035
40100003311,out,42,-1.304833,36.888702
40100003311,out,43,-1.307538,36.889942
40100003311,out,44,-1.309442,36.891026
40100003311,out,45,-1.323179,36.899544
40100003311,out,46,-1.323345,36.899975
40100003311,out,47,-1.323345,36.899975
40100003311,out,48,-1.323408,36.9002
40100003311,out,49,-1.323598,36.900356
40100003311,out,50,-1.323859,36.900364
40100003311,out,51,-1.324075,36.900204
40100003311,out,52,-1.324142,36.899975
40100003311,out,53,-1.324065,36.89975
40100003311,out,54,-1.323888,36.899612
40100003311,out,55,-1.323612,36.899605
40100003311,in,0,-1.323612,36.899605
40100003311,in,1,-1.323179,36.899544
40100003311,in,2,-1.321917,36.898796
40100003311,in,3,-1.309442,36.891026
40100003311,in,4,-1.307538,36.889942
40100003311,in,5,-1.305655,36.889046
40100003311,in,6,-1.304398,36.888535
40100003311,in,7,-1.301738,36.887726
40100003311,in,8,-1.300389,36.887383
40100003311,in,9,-1.2993,36.887207
40100003311,in,10,-1.298701,36.887188
40100003311,in,11,-1.29834,36.887089
40100003311,in,12,-1.298202,36.887001
40100003311,in,13,-1.298101,36.886803
40100003311,in,14,-1.298101,36.886803
40100003311,in,15,-1.298131,36.886711
40100003311,in,16,-1.298088,36.886543
40100003311,in,17,-1.297634,36.886093
40100003311,in,18,-1.296681,36.884178
40100003311,in,19,-1.296203,36.88303
40100003311,in,20,-1.296146,36.882664
40100003311,in,21,-1.296357,36.880936
40100003311,in,22,-1.297298,36.87492
40100003311,in,23,-1.297999,36.869648
40100003311,in,24,-1.297972,36.869041
40100003311,in,25,-1.295384,36.856445
40100003311,in,26,-1.295314,36.855961
40100003311,in,27,-1.295328,36.855576
40100003311,in,28,-1.295162,36.855198
40100003311,in,29,-1.294322,36.851715
40100003311,in,30,-1.294295,36.851349
40100003311,in,31,-1.292142,36.841774
40100003311,in,32,-1.292119,36.841454
40100003311,in,33,-1.292194,36.841251
40100003311,in,34,-1.292194,36.841251
40100003311,in,35,-1.292304,36.841057
40100003311,in,36,-1.292255,36.840885
40100003311,in,37,-1.292022,36.840733
40100003311,in,38,-1.291736,36.840755
40100003311,in,39,-1.291386,36.839375
40100003311,in,40,-1.290918,36.838863
40100003311,in,41,-1.290381,36.838093
40100003311,in,42,-1.289228,36.836796
40100003311,in,43,-1.289122,36.836601
40100003311,in,44,-1.288843,36.835907
40100003311,in,45,-1.288663,36.834846
40100003311,in,46,-1.288666,36.834171
40100003311,in,47,-1.288468,36.833927
40100003311,in,48,-1.288468,36.833927
40100003311,in,49,-1.288436,36.833805
50701003311,out,0,-1.283943,36.826431
50701003311,out,1,-1.284305,36.826241
50701003311,out,2,-1.284754,36.826206
50701003311,out,3,-1.284754,36.826206
50701003311,out,4,-1.287716,36.82769
50701003311,out,5,-1.28777,36.827763
50701003311,out,6,-1.28786,36.827766
50701003311,out,7,-1.288712,36.828175
50701003311,out,8,-1.288712,36.828175
50701003311,out,9,-1.288673,36.828384
50701003311,out,10,-1.288673,36.828384
50701003311,out,11,-1.288796,36.828445
50701003311,out,12,-1.288796,36.828445
50701003311,out,13,-1.28916,36.827785
50701003311,out,14,-1.289316,36.82777
50701003311,out,15,-1.289415,36.827679
50701003311,out,16,-1.289451,36.827541
50701003311,out,17,-1.289384,36.827415
50701003311,out,18,-1.292658,36.821053
50701003311,out,19,-1.292658,36.821053
50701003311,out,20,-1.2929,36.820774
50701003311,out,21,-1.293391,36.820885
50701003311,out,22,-1.298268,36.823799
50701003311,out,23,-1.298751,36.823997
50701003311,out,24,-1.299475,36.824184
50701003311,out,25,-1.299824,36.824444
50701003311,out,26,-1.300055,36.824409
50701003311,out,27,-1.300322,36.824448
50701003311,out,28,-1.30445,36.826389
50701003311,out,29,-1.304667,36.826561
50701003311,out,30,-1.304667,36.826561
50701003311,out,31,-1.304696,36.826679
50701003311,out,32,-1.3048,36.826763
50701003311,out,33,-1.305153,36.82674
50701003311,out,34,-1.305253,36.826778
50701003311,out,35,-1.313525,36.830681
50701003311,out,36,-1.314626,36.831375
50701003311,out,37,-1.315205,36.831856
50701003311,out,38,-1.315742,36.83247
50701003311,out,39,-1.317064,36.834412
50701003311,out,40,-1.319836,36.838982
50701003311,out,41,-1.324609,36.847187
50701003311,out,42,-1.328752,36.854134
50701003311,out,43,-1.330301,36.85688
50701003311,out,44,-1.330722,36.857853
50701003311,out,45,-1.331058,36.859409
50701003311,out,46,-1.33111,36.860195
50701003311,out,47,-1.331067,36.86129
50701003311,out,48,-1.330119,36.868683
50701003311,out,49,-1.329171,36.875156
50701003311,out,50,-1.328476,36.880608
50701003311,out,51,-1.328462,36.881371
50701003311,out,52,-1.328526,36.882465
50701003311,out,53,-1.328785,36.883949
50701003311,out,54,-1.329231,36.885109
50701003311,out,55,-1.329785,36.886181
50701003311,out,56,-1.330518,36.887238
50701003311,out,57,-1.331302,36.888081
50701003311,out,58,-1.331302,36.888081
50701003311,out,59,-1.331305,36.888607
50701003311,out,60,-1.330804,36.889248
50701003311,out,61,-1.328521,36.892475
50701003311,out,62,-1.324221,36.899414
50701003311,out,63,-1.323778,36.899582
50701003311,out,64,-1.323778,36.899582
50701003311,out,65,-1.323612,36.899605
50701003311,out,66,-1.323179,36.899544
50701003311,out,67,-1.322742,36.899288
50701003311,in,0,-1.322742,36.899288
50701003311,in,1,-1.309442,36.891026
50701003311,in,2,-1.307538,36.889942
50701003311,in,3,-1.305655,36.889046
50701003311,in,4,-1.304398,36.888535
50701003311,in,5,-1.301738,36.887726
50701003311,in,6,-1.300389,36.887383
50701003311,in,7,-1.2993,36.887207
50701003311,in,8,-1.298701,36.887188
50701003311,in,9,-1.29834,36.887089
50701003311,in,10,-1.298202,36.887001
50701003311,in,11,-1.298101,36.886803
50701003311,in,12,-1.298101,36.886803
50701003311,in,13,-1.298131,36.886711
50701003311,in,14,-1.298088,36.886543
50701003311,in,15,-1.297634,36.886093
50701003311,in,16,-1.296681,36.884178
50701003311,in,17,-1.296203,36.88303
50701003311,in,18,-1.296146,36.882664
50701003311,in,19,-1.296357,36.880936
50701003311,in,20,-1.297298,36.87492
50701003311,in,21,-1.297999,36.869648
50701003311,in,22,-1.297972,36.869041
50701003311,in,23,-1.295384,36.856445
50701003311,in,24,-1.295314,36.855961
50701003311,in,25,-1.295328,36.855576
50701003311,in,26,-1.295162,36.855198
50701003311,in,27,-1.294322,36.851715
50701003311,in,28,-1.294295,36.851349
50701003311,in,29,-1.292142,36.841774
50701003311,in,30,-1.292119,36.841454
50701003311,in,31,-1.292194,36.841251
50701003311,in,32,-1.292194,36.841251
50701003311,in,33,-1.2923,36.84108
50701003311,in,34,-1.292276,36.840923
50701003311,in,35,-1.292152,36.84079
50701003311,in,36,-1.29198,36.840725
50701003311,in,37,-1.291736,36.840755
50701003311,in,38,-1.291221,36.841057
50701003311,in,39,-1.290124,36.841301
50701003311,in,40,-1.289766,36.841198
50701003311,in,41,-1.289492,36.84095
50701003311,in,42,-1.289128,36.840324
50701003311,in,43,-1.288671,36.839321
50701003311,in,44,-1.287457,36.837158
50701003311,in,45,-1.287045,36.836285
50701003311,in,46,-1.286021,36.833656
50701003311,in,47,-1.28591,36.833187
50701003311,in,48,-1.285855,36.832546
50701003311,in,49,-1.285855,36.832546
50701003311,in,50,-1.285935,36.832409
50701003311,in,51,-1.285908,36.832226
50701003311,in,52,-1.285817,36.832134
50701003311,in,53,-1.28568,36.8321
50701003311,in,54,-1.285631,36.831917
50701003311,in,55,-1.285056,36.831036
50701003311,in,56,-1.28505,36.830959
50701003311,in,57,-1.28505,36.830959
50701003311,in,58,-1.286658,36.83046
50701003311,in,59,-1.286658,36.83046
50701003311,in,60,-1.286243,36.829288
50701003311,in,61,-1.285279,36.828804
50701003311,in,62,-1.285279,36.828804
50701003311,in,63,-1.285341,36.828648
50701003311,in,64,-1.285341,36.828648
50701003311,in,65,-1.284924,36.828411
50701003311,in,66,-1.284488,36.827972
50701003311,in,67,-1.283526,36.827522
50701003311,in,68,-1.283037,36.82703
50701003311,in,69,-1.283037,36.82703
50701003311,in,70,-1.283943,36.826431
70101013301,out,0,-1.307808,36.802582
70101013301,out,1,-1.307611,36.802895
70101013301,out,2,-1.307496,36.803345
70101013301,out,3,-1.30728,36.803772
70101013301,out,4,-1.30728,36.803772
70101013301,out,5,-1.30659,36.803417
70101013301,out,6,-1.305704,36.803131
70101013301,out,7,-1.304647,36.802876
70101013301,out,8,-1.304647,36.802876
70101013301,out,9,-1.304495,36.802921
70101013301,out,10,-1.304617,36.803036
70101013301,out,11,-1.304617,36.803036
70101013301,out,12,-1.305376,36.8032
70101013301,out,13,-1.306408,36.803513
70101013301,out,14,-1.307499,36.804001
70101013301,out,15,-1.311334,36.80592
70101013301,out,16,-1.313273,36.806976
70101013301,out,17,-1.31385,36.807423
70101013301,out,18,-1.314176,36.807751
70101013301,out,19,-1.314486,36.808182
70101013301,out,20,-1.314619,36.808502
70101013301,out,21,-1.314706,36.809166
70101013301,out,22,-1.314644,36.80991
70101013301,out,23,-1.314506,36.81044
70101013301,out,24,-1.312996,36.814308
70101013301,out,25,-1.312515,36.815662
70101013301,out,26,-1.312515,36.815662
70101013301,out,27,-1.31243,36.815758
70101013301,out,28,-1.312415,36.815884
70101013301,out,29,-1.312055,36.816307
70101013301,out,30,-1.309006,36.818691
70101013301,out,31,-1.308279,36.819061
70101013301,out,32,-1.307192,36.819508
70101013301,out,33,-1.307192,36.819508
70101013301,out,34,-1.30705,36.819443
70101013301,out,35,-1.306894,36.819469
70101013301,out,36,-1.30678,36.819576
70101013301,out,37,-1.306747,36.819733
70101013301,out,38,-1.306806,36.819878
70101013301,out,39,-1.306938,36.819965
70101013301,out,40,-1.307096,36.819965
70101013301,out,41,-1.307205,36.819897
70101013301,out,42,-1.307698,36.820606
70101013301,out,43,-1.307459,36.822243
70101013301,out,44,-1.307459,36.822243
70101013301,out,45,-1.310577,36.822224
70101013301,out,46,-1.312003,36.822906
70101013301,out,47,-1.312291,36.823116
70101013301,out,48,-1.312483,36.823467
70101013301,out,49,-1.312574,36.823833
70101013301,out,50,-1.312976,36.825546
70101013301,out,51,-1.313414,36.82782
70101013301,out,52,-1.313414,36.82782
70101013301,out,53,-1.312631,36.827969
70101013301,out,54,-1.312269,36.82814
70101013301,out,55,-1.311981,36.828571
70101013301,out,56,-1.311483,36.829956
70101013301,out,57,-1.311483,36.829956
70101013301,out,58,-1.311082,36.830765
70101013301,out,59,-1.310791,36.831112
70101013301,out,60,-1.310791,36.831112
70101013301,out,61,-1.311174,36.831387
70101013301,out,62,-1.311202,36.831532
70101013301,out,63,-1.311178,36.833698
70101013301,out,64,-1.311178,36.833698
70101013301,out,65,-1.311616,36.833736
70101013301,out,66,-1.311616,36.833736
70101013301,out,67,-1.311616,36.835346
70101013301,out,68,-1.311616,36.835346
70101013301,out,69,-1.311586,36.83535
70101013301,in,0,-1.311586,36.83535
70101013301,in,1,-1.311616,36.835346
70101013301,in,2,-1.311616,36.835346
70101013301,in,3,-1.311616,36.833736
70101013301,in,4,-1.311616,36.833736
70101013301,in,5,-1.311178,36.833698
70101013301,in,6,-1.311178,36.833698
70101013301,in,7,-1.311202,36.831532
70101013301,in,8,-1.311174,36.831387
70101013301,in,9,-1.310791,36.831112
70101013301,in,10,-1.310791,36.831112
70101013301,in,11,-1.311082,36.830765
70101013301,in,12,-1.311358,36.830235
70101013301,in,13,-1.311981,36.828571
70101013301,in,14,-1.311981,36.828571
70101013301,in,15,-1.312152,36.828285
70101013301,in,16,-1.312403,36.828049
70101013301,in,17,-1.313414,36.82782
70101013301,in,18,-1.313414,36.82782
70101013301,in,19,-1.312976,36.825546
70101013301,in,20,-1.312574,36.823833
70101013301,in,21,-1.312483,36.823467
70101013301,in,22,-1.312291,36.823116
70101013301,in,23,-1.312003,36.822906
70101013301,in,24,-1.310577,36.822224
70101013301,in,25,-1.307459,36.822243
70101013301,in,26,-1.307459,36.822243
70101013301,in,27,-1.307698,36.820606
70101013301,in,28,-1.307205,36.819897
70101013301,in,29,-1.307205,36.819897
70101013301,in,30,-1.307268,36.819798
70101013301,in,31,-1.307274,36.819641
70101013301,in,32,-1.308698,36.819004
70101013301,in,33,-1.30897,36.818836
70101013301,in,34,-1.312507,36.816032
70101013301,in,35,-1.312507,36.816032
70101013301,in,36,-1.312712,36.816055
70101013301,in,37,-1.312835,36.815929
70101013301,in,38,-1.312826,36.815742
70101013301,in,39,-1.312688,36.815636
70101013301,in,40,-1.314725,36.810196
70101013301,in,41,-1.314823,36.809685
70101013301,in,42,-1.314838,36.808956
70101013301,in,43,-1.314791,36.808483
70101013301,in,44,-1.314707,36.808258
70101013301,in,45,-1.314049,36.807419
70101013301,in,46,-1.313285,36.806854
70101013301,in,47,-1.312477,36.806385
70101013301,in,48,-1.308764,36.804474
70101013301,in,49,-1.30728,36.803772
70101013301,in,50,-1.30728,36.803772
70101013301,in,51,-1.307496,36.803345
70101013301,in,52,-1.307611,36.802895
70101013301,in,53,-1.307808,36.802582
50700003311,out,0,-1.285456,36.825695
50700003311,out,1,-1.287706,36.826839
50700003311,out,2,-1.288953,36.827541
50700003311,out,3,-1.288953,36.827541
50700003311,out,4,-1.288986,36.827667
50700003311,out,5,-1.289112,36.82777
50700003311,out,6,-1.289291,36.827778
50700003311,out,7,-1.289415,36.827679
50700003311,out,8,-1.289451,36.827541
50700003311,out,9,-1.289384,36.827415
50700003311,out,10,-1.292658,36.821053
50700003311,out,11,-1.292658,36.821053
50700003311,out,12,-1.2929,36.820774
50700003311,out,13,-1.293391,36.820885
50700003311,out,14,-1.298268,36.823799
50700003311,out,15,-1.298751,36.823997
50700003311,out,16,-1.299475,36.824184
50700003311,out,17,-1.299824,36.824444
50700003311,out,18,-1.300055,36.824409
50700003311,out,19,-1.300322,36.824448
50700003311,out,20,-1.30445,36.826389
50700003311,out,21,-1.304667,36.826561
50700003311,out,22,-1.304667,36.826561
50700003311,out,23,-1.304696,36.826679
50700003311,out,24,-1.3048,36.826763
50700003311,out,25,-1.305153,36.82674
50700003311,out,26,-1.305253,36.826778
50700003311,out,27,-1.313525,36.830681
50700003311,out,28,-1.314626,36.831375
50700003311,out,29,-1.315205,36.831856
50700003311,out,30,-1.315742,36.83247
50700003311,out,31,-1.317064,36.834412
50700003311,out,32,-1.319836,36.838982
50700003311,out,33,-1.324609,36.847187
50700003311,out,34,-1.328752,36.854134
50700003311,out,35,-1.330301,36.85688
50700003311,out,36,-1.330722,36.857853
50700003311,out,37,-1.331058,36.859409
50700003311,out,38,-1.33111,36.860195
50700003311,out,39,-1.331067,36.86129
50700003311,out,40,-1.330119,36.868683
50700003311,out,41,-1.329171,36.875156
50700003311,out,42,-1.328476,36.880608
50700003311,out,43,-1.328462,36.881371
50700003311,out,44,-1.328526,36.882465
50700003311,out,45,-1.328785,36.883949
50700003311,out,46,-1.329231,36.885109
50700003311,out,47,-1.329785,36.886181
50700003311,out,48,-1.330518,36.887238
50700003311,out,49,-1.331302,36.888081
50700003311,out,50,-1.331302,36.888081
50700003311,out,51,-1.331305,36.888607
50700003311,out,52,-1.330804,36.889248
50700003311,out,53,-1.328521,36.892475
50700003311,out,54,-1.324221,36.899414
50700003311,out,55,-1.323612,36.899605
50700003311,out,56,-1.323388,36.899799
50700003311,out,57,-1.32328,36.900867
50700003311,out,58,-1.319596,36.906845
50700003311,out,59,-1.319119,36.907749
50700003311,out,60,-1.31869,36.908981
50700003311,out,61,-1.318474,36.910206
50700003311,out,62,-1.318456,36.911495
50700003311,out,63,-1.318679,36.914349
50700003311,out,64,-1.318675,36.915333
50700003311,out,65,-1.318565,36.916153
50700003311,out,66,-1.318346,36.917168
50700003311,out,67,-1.318093,36.917862
50700003311,out,68,-1.317607,36.91885
50700003311,out,69,-1.316329,36.920551
50700003311,out,70,-1.315428,36.921612
50700003311,out,71,-1.315037,36.921955
50700003311,out,72,-1.314544,36.922295
50700003311,out,73,-1.313105,36.923195
50700003311,out,74,-1.313105,36.923195
50700003311,out,75,-1.312891,36.923061
50700003311,out,76,-1.312658,36.923164
50700003311,out,77,-1.312598,36.923351
50700003311,out,78,-1.312666,36.923515
50700003311,out,79,-1.312086,36.924217
50700003311,out,80,-1.311498,36.925404
50700003311,out,81,-1.311498,36.925404
50700003311,out,82,-1.31103,36.927967
50700003311,out,83,-1.310552,36.929661
50700003311,out,84,-1.3099,36.930851
50700003311,out,85,-1.309258,36.931629
50700003311,out,86,-1.308868,36.932018
50700003311,out,87,-1.307976,36.932755
50700003311,out,88,-1.302392,36.936836
50700003311,out,89,-1.294201,36.942947
50700003311,out,90,-1.293396,36.943672
50700003311,out,91,-1.292804,36.944286
50700003311,out,92,-1.292175,36.945068
50700003311,out,93,-1.28289,36.959961
50700003311,out,94,-1.281374,36.962757
50700003311,out,95,-1.279505,36.966751
50700003311,out,96,-1.27905,36.967537
50700003311,out,97,-1.27862,36.968132
50700003311,out,98,-1.27862,36.968132
50700003311,out,99,-1.279186,36.968376
50700003311,out,100,-1.280484,36.969162
50700003311,out,101,-1.281303,36.970028
50700003311,out,102,-1.281238,36.970158
50700003311,out,103,-1.281238,36.970158
50700003311,out,104,-1.281637,36.970196
50700003311,out,105,-1.282104,36.970509
50700003311,out,106,-1.282104,36.970509
50700003311,out,107,-1.28179,36.97052
50700003311,out,108,-1.281567,36.970608
50700003311,out,109,-1.28141,36.970768
50700003311,out,110,-1.281078,36.971302
50700003311,out,111,-1.280798,36.971546
50700003311,out,112,-1.280798,36.971546
50700003311,out,113,-1.289548,36.974808
50700003311,out,114,-1.289548,36.974808
50700003311,out,115,-1.288646,36.976933
50700003311,out,116,-1.28658,36.982483
50700003311,in,0,-1.28658,36.982483
50700003311,in,1,-1.288646,36.976933
50700003311,in,2,-1.289548,36.974808
50700003311,in,3,-1.289548,36.974808
50700003311,in,4,-1.284116,36.972775
50700003311,in,5,-1.284116,36.972775
50700003311,in,6,-1.284669,36.971317
50700003311,in,7,-1.284669,36.971317
50700003311,in,8,-1.282359,36.970436
50700003311,in,9,-1.282104,36.970509
50700003311,in,10,-1.282104,36.970509
50700003311,in,11,-1.281637,36.970196
50700003311,in,12,-1.281238,36.970158
50700003311,in,13,-1.281238,36.970158
50700003311,in,14,-1.281303,36.970028
50700003311,in,15,-1.280484,36.969162
50700003311,in,16,-1.279186,36.968376
50700003311,in,17,-1.27862,36.968132
50700003311,in,18,-1.27862,36.968132
50700003311,in,19,-1.27905,36.967537
50700003311,in,20,-1.279505,36.966751
50700003311,in,21,-1.281374,36.962757
50700003311,in,22,-1.28289,36.959961
50700003311,in,23,-1.292175,36.945068
50700003311,in,24,-1.292804,36.944286
50700003311,in,25,-1.293396,36.943672
50700003311,in,26,-1.294201,36.942947
50700003311,in,27,-1.302392,36.936836
50700003311,in,28,-1.307976,36.932755
50700003311,in,29,-1.308868,36.932018
50700003311,in,30,-1.309258,36.931629
50700003311,in,31,-1.3099,36.930851
50700003311,in,32,-1.310552,36.929661
50700003311,in,33,-1.31103,36.927967
50700003311,in,34,-1.311564,36.925228
50700003311,in,35,-1.311564,36.925228
50700003311,in,36,-1.312086,36.924217
50700003311,in,37,-1.312666,36.923515
50700003311,in,38,-1.312666,36.923515
50700003311,in,39,-1.312834,36.923607
50700003311,in,40,-1.313022,36.923557
50700003311,in,41,-1.313133,36.923401
50700003311,in,42,-1.313105,36.923195
50700003311,in,43,-1.314544,36.922295
50700003311,in,44,-1.315037,36.921955
50700003311,in,45,-1.315428,36.921612
50700003311,in,46,-1.316329,36.920551
50700003311,in,47,-1.317607,36.91885
50700003311,in,48,-1.318093,36.917862
50700003311,in,49,-1.318346,36.917168
50700003311,in,50,-1.318565,36.916153
50700003311,in,51,-1.318675,36.915333
50700003311,in,52,-1.318679,36.914349
50700003311,in,53,-1.318456,36.911495
50700003311,in,54,-1.318474,36.910206
50700003311,in,55,-1.31869,36.908981
50700003311,in,56,-1.319119,36.907749
50700003311,in,57,-1.319596,36.906845
50700003311,in,58,-1.32328,36.900867
50700003311,in,59,-1.32378,36.900383
50700003311,in,60,-1.323954,36.900322
50700003311,in,61,-1.324075,36.900204
50700003311,in,62,-1.324137,36.900047
50700003311,in,63,-1.324118,36.899841
50700003311,in,64,-1.324221,36.899414
50700003311,in,65,-1.328521,36.892475
50700003311,in,66,-1.330804,36.889248
50700003311,in,67,-1.331305,36.888607
50700003311,in,68,-1.331305,36.888607
50700003311,in,69,-1.331752,36.888641
50700003311,in,70,-1.334664,36.89193
50700003311,in,71,-1.334664,36.89193
50700003311,in,72,-1.334903,36.89201
50700003311,in,73,-1.335024,36.891968
50700003311,in,74,-1.335078,36.891872
50700003311,in,75,-1.335063,36.891693
50700003311,in,76,-1.334375,36.890991
50700003311,in,77,-1.330908,36.887131
50700003311,in,78,-1.330206,36.88623
50700003311,in,79,-1.329612,36.885212
50700003311,in,80,-1.329368,36.884647
50700003311,in,81,-1.329147,36.883976
50700003311,in,82,-1.328825,36.882488
50700003311,in,83,-1.328768,36.881905
50700003311,in,84,-1.328824,36.880302
50700003311,in,85,-1.32981,36.87265
50700003311,in,86,-1.330808,36.865788
50700003311,in,87,-1.331404,36.860985
50700003311,in,88,-1.331389,36.859535
50700003311,in,89,-1.331294,36.858795
50700003311,in,90,-1.330835,36.857208
50700003311,in,91,-1.330686,36.856876
50700003311,in,92,-1.330136,36.85585
50700003311,in,93,-1.325683,36.848305
50700003311,in,94,-1.323232,36.844048
50700003311,in,95,-1.319492,36.837944
50700003311,in,96,-1.31731,36.834206
50700003311,in,97,-1.316368,36.832752
50700003311,in,98,-1.315208,36.831543
50700003311,in,99,-1.314893,36.831261
50700003311,in,100,-1.314072,36.830696
50700003311,in,101,-1.309307,36.828411
50700003311,in,102,-1.305414,36.826649
50700003311,in,103,-1.30522,36.826492
50700003311,in,104,-1.30522,36.826492
50700003311,in,105,-1.305072,36.826248
50700003311,in,106,-1.304921,36.826218
50700003311,in,107,-1.30477,36.826267
50700003311,in,108,-1.302622,36.825325
50700003311,in,109,-1.300383,36.824245
50700003311,in,110,-1.300184,36.824131
50700003311,in,111,-1.300123,36.824001
50700003311,in,112,-1.300013,36.823921
50700003311,in,113,-1.299841,36.82391
50700003311,in,114,-1.299698,36.823997
50700003311,in,115,-1.299514,36.824013
50700003311,in,116,-1.299011,36.823898
50700003311,in,117,-1.298395,36.823658
50700003311,in,118,-1.292938,36.820431
50700003311,in,119,-1.292938,36.820431
50700003311,in,120,-1.292904,36.820305
50700003311,in,121,-1.292825,36.820229
50700003311,in,122,-1.292601,36.820232
50700003311,in,123,-1.291565,36.819756
50700003311,in,124,-1.286807,36.817371
50700003311,in,125,-1.286807,36.817371
50700003311,in,126,-1.286721,36.817169
50700003311,in,127,-1.286569,36.817074
50700003311,in,128,-1.286395,36.817123
50700003311,in,129,-1.286307,36.817242
50700003311,in,130,-1.286302,36.817425
50700003311,in,131,-1.286349,36.817513
50700003311,in,132,-1.285438,36.819485
50700003311,in,133,-1.283576,36.82317
50700003311,in,134,-1.283306,36.82354
50700003311,in,135,-1.283306,36.82354
50700003311,in,136,-1.284673,36.825207
50700003311,in,137,-1.285456,36.825695
40702034B11,out,0,-1.286368,36.82655
40702034B11,out,1,-1.286187,36.826923
40702034B11,out,2,-1.286187,36.826923
40702034B11,out,3,-1.287716,36.82769
40702034B11,out,4,-1.28777,36.827763
40702034B11,out,5,-1.28786,36.827766
40702034B11,out,6,-1.288712,36.828175
40702034B11,out,7,-1.288712,36.828175
40702034B11,out,8,-1.288673,36.828384
40702034B11,out,9,-1.287919,36.829922
40702034B11,out,10,-1.287799,36.830124
40702034B11,out,11,-1.28763,36.830193
40702034B11,out,12,-1.28767,36.830349
40702034B11,out,13,-1.287628,36.830513
40702034B11,out,14,-1.287284,36.831181
40702034B11,out,15,-1.286949,36.831459
40702034B11,out,16,-1.28577,36.832111
40702034B11,out,17,-1.28577,36.832111
40702034B11,out,18,-1.285566,36.83213
40702034B11,out,19,-1.28544,36.832298
40702034B11,out,20,-1.285494,36.832516
40702034B11,out,21,-1.28541,36.833794
40702034B11,out,22,-1.285532,36.833961
40702034B11,out,23,-1.286025,36.834091
40702034B11,out,24,-1.286163,36.83424
40702034B11,out,25,-1.286944,36.836292
40702034B11,out,26,-1.287382,36.837189
40702034B11,out,27,-1.287733,36.838051
40702034B11,out,28,-1.288545,36.839382
40702034B11,out,29,-1.289299,36.840874
40702034B11,out,30,-1.289551,36.841198
40702034B11,out,31,-1.289966,36.8414
40702034B11,out,32,-1.290339,36.841377
40702034B11,out,33,-1.291266,36.841187
40702034B11,out,34,-1.29162,36.841282
40702034B11,out,35,-1.29162,36.841282
40702034B11,out,36,-1.291892,36.841541
40702034B11,out,37,-1.291999,36.841782
40702034B11,out,38,-1.293454,36.848656
40702034B11,out,39,-1.294088,36.851238
40702034B11,out,40,-1.2941,36.852112
40702034B11,out,41,-1.294497,36.852978
40702034B11,out,42,-1.294927,36.854965
40702034B11,out,43,-1.294982,36.855766
40702034B11,out,44,-1.295235,36.856407
40702034B11,out,45,-1.297852,36.869064
40702034B11,out,46,-1.297882,36.869644
40702034B11,out,47,-1.297166,36.874924
40702034B11,out,48,-1.296243,36.880966
40702034B11,out,49,-1.296043,36.882679
40702034B11,out,50,-1.296101,36.883011
40702034B11,out,51,-1.296581,36.884201
40702034B11,out,52,-1.297557,36.886238
40702034B11,out,53,-1.297556,36.88649
40702034B11,out,54,-1.297556,36.88649
40702034B11,out,55,-1.29749,36.88665
40702034B11,out,56,-1.297557,36.886868
40702034B11,out,57,-1.297689,36.886967
40702034B11,out,58,-1.298039,36.8871
40702034B11,out,59,-1.299712,36.887264
40702034B11,out,60,-1.301162,36.887577
40702034B11,out,61,-1.301162,36.887577
40702034B11,out,62,-1.300909,36.888069
40702034B11,out,63,-1.299312,36.89016
40702034B11,out,64,-1.299312,36.89016
40702034B11,out,65,-1.299017,36.891785
40702034B11,out,66,-1.29891,36.892113
40702034B11,out,67,-1.298249,36.893059
40702034B11,out,68,-1.297105,36.894436
40702034B11,out,69,-1.296826,36.894875
40702034B11,out,70,-1.296515,36.895184
40702034B11,out,71,-1.296276,36.895329
40702034B11,out,72,-1.29515,36.895779
40702034B11,out,73,-1.294886,36.895939
40702034B11,out,74,-1.294686,36.896133
40702034B11,out,75,-1.292837,36.898521
40702034B11,out,76,-1.292728,36.898754
40702034B11,out,77,-1.292663,36.899277
40702034B11,out,78,-1.292506,36.899754
40702034B11,out,79,-1.291566,36.901005
40702034B11,out,80,-1.291086,36.901463
40702034B11,out,81,-1.289679,36.902115
40702034B11,out,82,-1.28797,36.904381
40702034B11,out,83,-1.287733,36.90456
40702034B11,out,84,-1.287733,36.90456
40702034B11,out,85,-1.287626,36.904625
40702034B11,out,86,-1.287647,36.904755
40702034B11,in,0,-1.287647,36.904755
40702034B11,in,1,-1.287775,36.904781
40702034B11,in,2,-1.287844,36.904655
40702034B11,in,3,-1.287844,36.904655
40702034B11,in,4,-1.287956,36.904396
40702034B11,in,5,-1.289679,36.902115
40702034B11,in,6,-1.291086,36.901463
40702034B11,in,7,-1.291566,36.901005
40702034B11,in,8,-1.292506,36.899754
40702034B11,in,9,-1.292663,36.899277
40702034B11,in,10,-1.292728,36.898754
40702034B11,in,11,-1.292837,36.898521
40702034B11,in,12,-1.294686,36.896133
40702034B11,in,13,-1.294886,36.895939
40702034B11,in,14,-1.29515,36.895779
40702034B11,in,15,-1.296276,36.895329
40702034B11,in,16,-1.296515,36.895184
40702034B11,in,17,-1.296826,36.894875
40702034B11,in,18,-1.296826,36.894875
40702034B11,in,19,-1.297105,36.894436
40702034B11,in,20,-1.298249,36.893059
40702034B11,in,21,-1.29891,36.892113
40702034B11,in,22,-1.299017,36.891785
40702034B11,in,23,-1.299312,36.89016
40702034B11,in,24,-1.300909,36.888069
40702034B11,in,25,-1.301162,36.887577
40702034B11,in,26,-1.301162,36.887577
40702034B11,in,27,-1.299712,36.887264
40702034B11,in,28,-1.298701,36.887188
40702034B11,in,29,-1.298262,36.887054
40702034B11,in,30,-1.298101,36.886803
40702034B11,in,31,-1.298101,36.886803
40702034B11,in,32,-1.298131,36.886711
40702034B11,in,33,-1.298088,36.886543
40702034B11,in,34,-1.297634,36.886093
40702034B11,in,35,-1.296681,36.884178
40702034B11,in,36,-1.296203,36.88303
40702034B11,in,37,-1.296146,36.882664
40702034B11,in,38,-1.296357,36.880936
40702034B11,in,39,-1.297298,36.87492
40702034B11,in,40,-1.297999,36.869648
40702034B11,in,41,-1.297972,36.869041
40702034B11,in,42,-1.295384,36.856445
40702034B11,in,43,-1.295314,36.855961
40702034B11,in,44,-1.295328,36.855576
40702034B11,in,45,-1.295162,36.855198
40702034B11,in,46,-1.294322,36.851715
40702034B11,in,47,-1.294295,36.851349
40702034B11,in,48,-1.292142,36.841774
40702034B11,in,49,-1.292119,36.841454
40702034B11,in,50,-1.292194,36.841251
40702034B11,in,51,-1.292194,36.841251
40702034B11,in,52,-1.2923,36.84108
40702034B11,in,53,-1.292276,36.840923
40702034B11,in,54,-1.292152,36.84079
40702034B11,in,55,-1.29198,36.840725
40702034B11,in,56,-1.291736,36.840755
40702034B11,in,57,-1.291221,36.841057
40702034B11,in,58,-1.290124,36.841301
40702034B11,in,59,-1.289766,36.841198
40702034B11,in,60,-1.289492,36.84095
40702034B11,in,61,-1.289128,36.840324
40702034B11,in,62,-1.288671,36.839321
40702034B11,in,63,-1.287457,36.837158
40702034B11,in,64,-1.287045,36.836285
40702034B11,in,65,-1.286021,36.833656
40702034B11,in,66,-1.28591,36.833187
40702034B11,in,67,-1.285855,36.832546
40702034B11,in,68,-1.285855,36.832546
40702034B11,in,69,-1.285935,36.832409
40702034B11,in,70,-1.285908,36.832226
40702034B11,in,71,-1.285817,36.832134
40702034B11,in,72,-1.28568,36.8321
40702034B11,in,73,-1.285631,36.831917
40702034B11,in,74,-1.285056,36.831036
40702034B11,in,75,-1.28505,36.830959
40702034B11,in,76,-1.28505,36.830959
40702034B11,in,77,-1.286658,36.83046
40702034B11,in,78,-1.286658,36.83046
40702034B11,in,79,-1.286243,36.829288
40702034B11,in,80,-1.285279,36.828804
40702034B11,in,81,-1.285279,36.828804
40702034B11,in,82,-1.286556,36.82618
40702034B11,in,83,-1.286556,36.82618
40702034B11,in,84,-1.285333,36.825493
40702034B11,in,85,-1.285333,36.825493
40702034B11,in,86,-1.285565,36.825058
40700003411,out,0,-1.286337,36.826614
40700003411,out,1,-1.286187,36.826923
40700003411,out,2,-1.286187,36.826923
40700003411,out,3,-1.287716,36.82769
40700003411,out,4,-1.28777,36.827763
40700003411,out,5,-1.28786,36.827766
40700003411,out,6,-1.288712,36.828175
40700003411,out,7,-1.288712,36.828175
40700003411,out,8,-1.288673,36.828384
40700003411,out,9,-1.287919,36.829922
40700003411,out,10,-1.287799,36.830124
40700003411,out,11,-1.28763,36.830193
40700003411,out,12,-1.28767,36.830349
40700003411,out,13,-1.287628,36.830513
40700003411,out,14,-1.287284,36.831181
40700003411,out,15,-1.286949,36.831459
40700003411,out,16,-1.28577,36.832111
40700003411,out,17,-1.28577,36.832111
40700003411,out,18,-1.285566,36.83213
40700003411,out,19,-1.28544,36.832298
40700003411,out,20,-1.285494,36.832516
40700003411,out,21,-1.28541,36.833794
40700003411,out,22,-1.285532,36.833961
40700003411,out,23,-1.286025,36.834091
40700003411,out,24,-1.286163,36.83424
40700003411,out,25,-1.286944,36.836292
40700003411,out,26,-1.287382,36.837189
40700003411,out,27,-1.287733,36.838051
40700003411,out,28,-1.288545,36.839382
40700003411,out,29,-1.289299,36.840874
40700003411,out,30,-1.289551,36.841198
40700003411,out,31,-1.289966,36.8414
40700003411,out,32,-1.290339,36.841377
40700003411,out,33,-1.291266,36.841187
40700003411,out,34,-1.29162,36.841282
40700003411,out,35,-1.29162,36.841282
40700003411,out,36,-1.291892,36.841541
40700003411,out,37,-1.291999,36.841782
40700003411,out,38,-1.293454,36.848656
40700003411,out,39,-1.294088,36.851238
40700003411,out,40,-1.2941,36.852112
40700003411,out,41,-1.294497,36.852978
40700003411,out,42,-1.294927,36.854965
40700003411,out,43,-1.294982,36.855766
40700003411,out,44,-1.295235,36.856407
40700003411,out,45,-1.297852,36.869064
40700003411,out,46,-1.297882,36.869644
40700003411,out,47,-1.297166,36.874924
40700003411,out,48,-1.296243,36.880966
40700003411,out,49,-1.296043,36.882679
40700003411,out,50,-1.296101,36.883011
40700003411,out,51,-1.296581,36.884201
40700003411,out,52,-1.297557,36.886238
40700003411,out,53,-1.297556,36.88649
40700003411,out,54,-1.297556,36.88649
40700003411,out,55,-1.29749,36.88665
40700003411,out,56,-1.297557,36.886868
40700003411,out,57,-1.297689,36.886967
40700003411,out,58,-1.298039,36.8871
40700003411,out,59,-1.298544,36.88718
40700003411,out,60,-1.2993,36.887207
40700003411,out,61,-1.300389,36.887383
40700003411,out,62,-1.302787,36.888035
40700003411,out,63,-1.304833,36.888702
40700003411,out,64,-1.307538,36.889942
40700003411,out,65,-1.309442,36.891026
40700003411,out,66,-1.323179,36.899544
40700003411,out,67,-1.323345,36.899975
40700003411,out,68,-1.323345,36.899975
40700003411,out,69,-1.323408,36.9002
40700003411,out,70,-1.323598,36.900356
40700003411,out,71,-1.324291,36.900345
40700003411,out,72,-1.332964,36.906544
40700003411,out,73,-1.339028,36.910961
40700003411,out,74,-1.339166,36.911137
40700003411,out,75,-1.339271,36.91143
40700003411,out,76,-1.339271,36.91143
40700003411,out,77,-1.339296,36.911537
40700003411,out,78,-1.339296,36.911537
40700003411,out,79,-1.339243,36.911999
40700003411,out,80,-1.339175,36.912102
40700003411,out,81,-1.335485,36.917034
40700003411,out,82,-1.335024,36.917747
40700003411,out,83,-1.335024,36.917747
40700003411,out,84,-1.33579,36.918365
40700003411,out,85,-1.33672,36.918961
40700003411,out,86,-1.339099,36.920723
40700003411,out,87,-1.339099,36.920723
40700003411,out,88,-1.33699,36.923576
40700003411,out,89,-1.334943,36.926476
40700003411,out,90,-1.334541,36.926807
40700003411,out,91,-1.334313,36.926826
40700003411,out,92,-1.334313,36.926826
40700003411,out,93,-1.334191,36.926682
40700003411,out,94,-1.333914,36.926624
40700003411,out,95,-1.333668,36.926746
40700003411,out,96,-1.333415,36.927036
40700003411,out,97,-1.331579,36.925659
40700003411,out,98,-1.331431,36.925503
40700003411,out,99,-1.33141,36.925304
40700003411,out,100,-1.33141,36.925304
40700003411,out,101,-1.331461,36.925037
40700003411,out,102,-1.331406,36.924702
40700003411,out,103,-1.331212,36.9244
40700003411,out,104,-1.33094,36.924213
40700003411,out,105,-1.330479,36.924126
40700003411,out,106,-1.330181,36.924191
40700003411,out,107,-1.329914,36.924374
40700003411,out,108,-1.329715,36.924652
40700003411,in,0,-1.329706,36.924671
40700003411,in,1,-1.329629,36.925144
40700003411,in,2,-1.329733,36.925453
40700003411,in,3,-1.329733,36.925453
40700003411,in,4,-1.329945,36.925537
40700003411,in,5,-1.330295,36.92551
40700003411,in,6,-1.330743,36.925789
40700003411,in,7,-1.330901,36.925804
40700003411,in,8,-1.33124,36.925732
40700003411,in,9,-1.33138,36.925766
40700003411,in,10,-1.33376,36.92754
40700003411,in,11,-1.33376,36.92754
40700003411,in,12,-1.334091,36.927692
40700003411,in,13,-1.334436,36.927727
40700003411,in,14,-1.334756,36.92765
40700003411,in,15,-1.335106,36.92738
40700003411,in,16,-1.338399,36.922794
40700003411,in,17,-1.343973,36.915279
40700003411,in,18,-1.343973,36.915279
40700003411,in,19,-1.344265,36.915165
40700003411,in,20,-1.344556,36.914841
40700003411,in,21,-1.344645,36.914387
40700003411,in,22,-1.344536,36.914185
40700003411,in,23,-1.344336,36.914104
40700003411,in,24,-1.34352,36.91423
40700003411,in,25,-1.340106,36.91177
40700003411,in,26,-1.339868,36.911388
40700003411,in,27,-1.339868,36.911388
40700003411,in,28,-1.339673,36.911148
40700003411,in,29,-1.339249,36.911072
40700003411,in,30,-1.339028,36.910961
40700003411,in,31,-1.332964,36.906544
40700003411,in,32,-1.324883,36.900772
40700003411,in,33,-1.324291,36.900345
40700003411,in,34,-1.324141,36.899994
40700003411,in,35,-1.324141,36.899994
40700003411,in,36,-1.324095,36.899796
40700003411,in,37,-1.323939,36.899635
40700003411,in,38,-1.323778,36.899582
40700003411,in,39,-1.323612,36.899605
40700003411,in,40,-1.323179,36.899544
40700003411,in,41,-1.322654,36.899235
40700003411,in,42,-1.309442,36.891026
40700003411,in,43,-1.307538,36.889942
40700003411,in,44,-1.305655,36.889046
40700003411,in,45,-1.304398,36.888535
40700003411,in,46,-1.301738,36.887726
40700003411,in,47,-1.300389,36.887383
40700003411,in,48,-1.2993,36.887207
40700003411,in,49,-1.298701,36.887188
40700003411,in,50,-1.29834,36.887089
40700003411,in,51,-1.298202,36.887001
40700003411,in,52,-1.298101,36.886803
40700003411,in,53,-1.298101,36.886803
40700003411,in,54,-1.298131,36.886711
40700003411,in,55,-1.298088,36.886543
40700003411,in,56,-1.297634,36.886093
40700003411,in,57,-1.296681,36.884178
40700003411,in,58,-1.296203,36.88303
40700003411,in,59,-1.296146,36.882664
40700003411,in,60,-1.296357,36.880936
40700003411,in,61,-1.297298,36.87492
40700003411,in,62,-1.297999,36.869648
40700003411,in,63,-1.297972,36.869041
40700003411,in,64,-1.295384,36.856445
40700003411,in,65,-1.295314,36.855961
40700003411,in,66,-1.295328,36.855576
40700003411,in,67,-1.295162,36.855198
40700003411,in,68,-1.294322,36.851715
40700003411,in,69,-1.294295,36.851349
40700003411,in,70,-1.292142,36.841774
40700003411,in,71,-1.292119,36.841454
40700003411,in,72,-1.292194,36.841251
40700003411,in,73,-1.292194,36.841251
40700003411,in,74,-1.2923,36.84108
40700003411,in,75,-1.292276,36.840923
40700003411,in,76,-1.292152,36.84079
40700003411,in,77,-1.29198,36.840725
40700003411,in,78,-1.291736,36.840755
40700003411,in,79,-1.291221,36.841057
40700003411,in,80,-1.290124,36.841301
40700003411,in,81,-1.289766,36.841198
40700003411,in,82,-1.289492,36.84095
40700003411,in,83,-1.289128,36.840324
40700003411,in,84,-1.288671,36.839321
40700003411,in,85,-1.287457,36.837158
40700003411,in,86,-1.287045,36.836285
40700003411,in,87,-1.286021,36.833656
40700003411,in,88,-1.28591,36.833187
40700003411,in,89,-1.285855,36.832546
40700003411,in,90,-1.285855,36.832546
40700003411,in,91,-1.285935,36.832409
40700003411,in,92,-1.285908,36.832226
40700003411,in,93,-1.285817,36.832134
40700003411,in,94,-1.28568,36.8321
40700003411,in,95,-1.285631,36.831917
40700003411,in,96,-1.285056,36.831036
40700003411,in,97,-1.28505,36.830959
40700003411,in,98,-1.28505,36.830959
40700003411,in,99,-1.286658,36.83046
40700003411,in,100,-1.286658,36.83046
40700003411,in,101,-1.286243,36.829288
40700003411,in,102,-1.285279,36.828804
40700003411,in,103,-1.285279,36.828804
40700003411,in,104,-1.286556,36.82618
40700003411,in,105,-1.286556,36.82618
40700003411,in,106,-1.285333,36.825493
40700003411,in,107,-1.285333,36.825493
40700003411,in,108,-1.285582,36.825024
70100203411,out,0,-1.297462,36.804844
70100203411,out,1,-1.297792,36.803421
70100203411,out,2,-1.297984,36.803089
70100203411,out,3,-1.297984,36.803089
70100203411,out,4,-1.298054,36.803024
70100203411,out,5,-1.298368,36.803036
70100203411,out,6,-1.299515,36.803169
70100203411,out,7,-1.29991,36.803143
70100203411,out,8,-1.300271,36.803055
70100203411,out,9,-1.301065,36.802582
70100203411,out,10,-1.301415,36.80241
70100203411,out,11,-1.301657,36.802357
70100203411,out,12,-1.302382,36.802471
70100203411,out,13,-1.305379,36.803192
70100203411,out,14,-1.306409,36.803509
70100203411,out,15,-1.307501,36.803989
70100203411,out,16,-1.311923,36.806229
70100203411,out,17,-1.313273,36.806976
70100203411,out,18,-1.31385,36.807423
70100203411,out,19,-1.314176,36.807751
70100203411,out,20,-1.314486,36.808182
70100203411,out,21,-1.314619,36.808502
70100203411,out,22,-1.314706,36.809166
70100203411,out,23,-1.314644,36.80991
70100203411,out,24,-1.314506,36.81044
70100203411,out,25,-1.312996,36.814308
70100203411,out,26,-1.312515,36.815662
70100203411,out,27,-1.312515,36.815662
70100203411,out,28,-1.312416,36.8158
70100203411,out,29,-1.312436,36.815948
70100203411,out,30,-1.312565,36.816059
70100203411,out,31,-1.312712,36.816055
70100203411,out,32,-1.312823,36.815956
70100203411,out,33,-1.314934,36.814911
70100203411,out,34,-1.315624,36.814457
70100203411,out,35,-1.318946,36.811062
70100203411,out,36,-1.321586,36.808517
70100203411,out,37,-1.322032,36.807907
70100203411,out,38,-1.322326,36.807102
70100203411,out,39,-1.322527,36.806183
70100203411,out,40,-1.323101,36.802448
70100203411,out,41,-1.323922,36.798389
70100203411,out,42,-1.324234,36.797199
70100203411,out,43,-1.324729,36.796154
70100203411,out,44,-1.328731,36.789207
70100203411,out,45,-1.328731,36.789207
70100203411,out,46,-1.328707,36.789066
70100203411,out,47,-1.328587,36.788994
70100203411,out,48,-1.328495,36.789017
70100203411,out,49,-1.328389,36.789177
70100203411,out,50,-1.328389,36.789177
70100203411,out,51,-1.328131,36.789265
70100203411,out,52,-1.327334,36.788857
70100203411,out,53,-1.327334,36.788857
70100203411,out,54,-1.326725,36.789722
70100203411,out,55,-1.32607,36.790409
70100203411,out,56,-1.325858,36.79052
70100203411,out,57,-1.325021,36.790516
70100203411,out,58,-1.323555,36.789833
70100203411,out,59,-1.322236,36.788273
70100203411,out,60,-1.322152,36.788074
70100203411,out,61,-1.322165,36.787819
70100203411,out,62,-1.322442,36.787422
70100203411,out,63,-1.323332,36.786591
70100203411,out,64,-1.323992,36.786011
70100203411,out,65,-1.324306,36.785843
70100203411,out,66,-1.324768,36.785629
70100203411,out,67,-1.325409,36.785419
70100203411,out,68,-1.326808,36.785328
70100203411,out,69,-1.327515,36.785175
70100203411,out,70,-1.328045,36.784832
70100203411,out,71,-1.328743,36.783928
70100203411,out,72,-1.329065,36.78339
70100203411,out,73,-1.330543,36.78043
70100203411,out,74,-1.330543,36.78043
70100203411,out,75,-1.329682,36.780128
70100203411,out,76,-1.328725,36.78001
70100203411,out,77,-1.327789,36.780041
70100203411,out,78,-1.326517,36.780315
70100203411,out,79,-1.326261,36.780247
70100203411,out,80,-1.32616,36.780079
70100203411,out,81,-1.325948,36.77998
70100203411,out,82,-1.323448,36.779972
70100203411,out,83,-1.323448,36.779972
70100203411,out,84,-1.32345,36.778568
70100203411,out,85,-1.32345,36.778568
70100203411,out,86,-1.323251,36.778564
70100203411,out,87,-1.323251,36.778564
70100203411,out,88,-1.323251,36.777313
70100203411,out,89,-1.3234,36.776993
70100203411,out,90,-1.3234,36.776993
70100203411,out,91,-1.32307,36.776806
70100203411,out,92,-1.32307,36.776806
70100203411,out,93,-1.323104,36.776585
70100203411,out,94,-1.323011,36.776405
70100203411,out,95,-1.321941,36.776012
70100203411,out,96,-1.321737,36.775829
70100203411,out,97,-1.321676,36.775551
70100203411,out,98,-1.321814,36.774403
70100203411,in,0,-1.321814,36.774403
70100203411,in,1,-1.321676,36.775551
70100203411,in,2,-1.321737,36.775829
70100203411,in,3,-1.321941,36.776012
70100203411,in,4,-1.323011,36.776405
70100203411,in,5,-1.323104,36.776585
70100203411,in,6,-1.32307,36.776806
70100203411,in,7,-1.32307,36.776806
70100203411,in,8,-1.3247,36.77763
70100203411,in,9,-1.329399,36.779839
70100203411,in,10,-1.3296,36.779953
70100203411,in,11,-1.329682,36.780128
70100203411,in,12,-1.329682,36.780128
70100203411,in,13,-1.33028,36.780315
70100203411,in,14,-1.330953,36.780605
70100203411,in,15,-1.332518,36.781387
70100203411,in,16,-1.332858,36.781616
70100203411,in,17,-1.332858,36.781616
70100203411,in,18,-1.332687,36.781826
70100203411,in,19,-1.331081,36.784592
70100203411,in,20,-1.32944,36.78751
70100203411,in,21,-1.328389,36.789177
70100203411,in,22,-1.327382,36.791264
70100203411,in,23,-1.324164,36.796906
70100203411,in,24,-1.323986,36.797314
70100203411,in,25,-1.323879,36.797649
70100203411,in,26,-1.323184,36.800983
70100203411,in,27,-1.322732,36.803501
70100203411,in,28,-1.322631,36.804569
70100203411,in,29,-1.322236,36.807018
70100203411,in,30,-1.32198,36.807743
70100203411,in,31,-1.321724,36.808147
70100203411,in,32,-1.319649,36.810253
70100203411,in,33,-1.316997,36.812836
70100203411,in,34,-1.315587,36.81432
70100203411,in,35,-1.314919,36.814751
70100203411,in,36,-1.313031,36.815651
70100203411,in,37,-1.312788,36.815693
70100203411,in,38,-1.312788,36.815693
70100203411,in,39,-1.312688,36.815636
70100203411,in,40,-1.313482,36.813435
70100203411,in,41,-1.314659,36.810398
70100203411,in,42,-1.314792,36.809891
70100203411,in,43,-1.314838,36.808956
70100203411,in,44,-1.314791,36.808483
70100203411,in,45,-1.314602,36.80809
70100203411,in,46,-1.314049,36.807419
70100203411,in,47,-1.313285,36.806854
70100203411,in,48,-1.312477,36.806385
70100203411,in,49,-1.310473,36.805351
70100203411,in,50,-1.306597,36.803406
70100203411,in,51,-1.305708,36.803127
70100203411,in,52,-1.301839,36.802227
70100203411,in,53,-1.301619,36.802223
70100203411,in,54,-1.30129,36.802311
70100203411,in,55,-1.300346,36.802872
70100203411,in,56,-1.299893,36.803017
70100203411,in,57,-1.29946,36.803043
70100203411,in,58,-1.298087,36.802864
70100203411,in,59,-1.298087,36.802864
70100203411,in,60,-1.297999,36.802731
70100203411,in,61,-1.297892,36.802692
70100203411,in,62,-1.297755,36.802727
70100203411,in,63,-1.297669,36.802837
70100203411,in,64,-1.297683,36.803009
70100203411,in,65,-1.297782,36.803101
70100203411,in,66,-1.297792,36.803421
70100203411,in,67,-1.297616,36.804153
40704356011,out,0,-1.285533,36.828259
40704356011,out,1,-1.286187,36.826923
40704356011,out,2,-1.286187,36.826923
40704356011,out,3,-1.287716,36.82769
40704356011,out,4,-1.28777,36.827763
40704356011,out,5,-1.28786,36.827766
40704356011,out,6,-1.288712,36.828175
40704356011,out,7,-1.288712,36.828175
40704356011,out,8,-1.288673,36.828384
40704356011,out,9,-1.287919,36.829922
40704356011,out,10,-1.287799,36.830124
40704356011,out,11,-1.28763,36.830193
40704356011,out,12,-1.28767,36.830349
40704356011,out,13,-1.287628,36.830513
40704356011,out,14,-1.287284,36.831181
40704356011,out,15,-1.286949,36.831459
40704356011,out,16,-1.28577,36.832111
40704356011,out,17,-1.28577,36.832111
40704356011,out,18,-1.285566,36.83213
40704356011,out,19,-1.28544,36.832298
40704356011,out,20,-1.285494,36.832516
40704356011,out,21,-1.28541,36.833794
40704356011,out,22,-1.285532,36.833961
40704356011,out,23,-1.286025,36.834091
40704356011,out,24,-1.286163,36.83424
40704356011,out,25,-1.286944,36.836292
40704356011,out,26,-1.287382,36.837189
40704356011,out,27,-1.287733,36.838051
40704356011,out,28,-1.288545,36.839382
40704356011,out,29,-1.289299,36.840874
40704356011,out,30,-1.289551,36.841198
40704356011,out,31,-1.289966,36.8414
40704356011,out,32,-1.290339,36.841377
40704356011,out,33,-1.291266,36.841187
40704356011,out,34,-1.29162,36.841282
40704356011,out,35,-1.29162,36.841282
40704356011,out,36,-1.291892,36.841541
40704356011,out,37,-1.291999,36.841782
40704356011,out,38,-1.293454,36.848656
40704356011,out,39,-1.294088,36.851238
40704356011,out,40,-1.2941,36.852112
40704356011,out,41,-1.294497,36.852978
40704356011,out,42,-1.294927,36.854965
40704356011,out,43,-1.294982,36.855766
40704356011,out,44,-1.295235,36.856407
40704356011,out,45,-1.297852,36.869064
40704356011,out,46,-1.297882,36.869644
40704356011,out,47,-1.297166,36.874924
40704356011,out,48,-1.296243,36.880966
40704356011,out,49,-1.296043,36.882679
40704356011,out,50,-1.296101,36.883011
40704356011,out,51,-1.296581,36.884201
40704356011,out,52,-1.297557,36.886238
40704356011,out,53,-1.297556,36.88649
40704356011,out,54,-1.297556,36.88649
40704356011,out,55,-1.297509,36.886589
40704356011,out,56,-1.296936,36.886768
40704356011,out,57,-1.295041,36.886452
40704356011,out,58,-1.284956,36.883999
40704356011,out,59,-1.284956,36.883999
40704356011,out,60,-1.284174,36.887245
40704356011,in,0,-1.283857,36.887169
40704356011,in,1,-1.28108,36.886505
40704356011,in,2,-1.280699,36.886497
40704356011,in,3,-1.280336,36.886696
40704356011,in,4,-1.279092,36.887951
40704356011,in,5,-1.278888,36.888214
40704356011,in,6,-1.278744,36.888691
40704356011,in,7,-1.277533,36.893669
40704356011,in,8,-1.277546,36.89399
40704356011,in,9,-1.278018,36.895233
40704356011,in,10,-1.278128,36.89547
40704356011,in,11,-1.278359,36.895691
40704356011,in,12,-1.28254,36.896736
40704356011,in,13,-1.28254,36.896736
40704356011,in,14,-1.282753,36.895897
40704356011,in,15,-1.283404,36.894497
40704356011,in,16,-1.283745,36.894081
40704356011,in,17,-1.28403,36.89394
40704356011,in,18,-1.284496,36.893902
40704356011,in,19,-1.287141,36.894543
40704356011,in,20,-1.287141,36.894543
40704356011,in,21,-1.287922,36.891144
40704356011,in,22,-1.287922,36.891144
40704356011,in,23,-1.287521,36.890972
40704356011,in,24,-1.287284,36.890667
40704356011,in,25,-1.286963,36.889687
40704356011,in,26,-1.286592,36.888294
40704356011,in,27,-1.286415,36.887955
40704356011,in,28,-1.286159,36.887756
40704356011,in,29,-1.284174,36.887245
40704356011,in,30,-1.284174,36.887245
40704356011,in,31,-1.284956,36.883999
40704356011,in,32,-1.284956,36.883999
40704356011,in,33,-1.28979,36.885197
40704356011,in,34,-1.28979,36.885197
40704356011,in,35,-1.295041,36.886452
40704356011,in,36,-1.29706,36.886799
40704356011,in,37,-1.297379,36.88678
40704356011,in,38,-1.297557,36.886868
40704356011,in,39,-1.297557,36.886868
40704356011,in,40,-1.297765,36.886986
40704356011,in,41,-1.297966,36.886944
40704356011,in,42,-1.298123,36.886757
40704356011,in,43,-1.298114,36.886608
40704356011,in,44,-1.298045,36.886482
40704356011,in,45,-1.297634,36.886093
40704356011,in,46,-1.296681,36.884178
40704356011,in,47,-1.296203,36.88303
40704356011,in,48,-1.296146,36.882664
40704356011,in,49,-1.296357,36.880936
40704356011,in,50,-1.297298,36.87492
40704356011,in,51,-1.297999,36.869648
40704356011,in,52,-1.297972,36.869041
40704356011,in,53,-1.295384,36.856445
40704356011,in,54,-1.295314,36.855961
40704356011,in,55,-1.295328,36.855576
40704356011,in,56,-1.295162,36.855198
40704356011,in,57,-1.294322,36.851715
40704356011,in,58,-1.294295,36.851349
40704356011,in,59,-1.292142,36.841774
40704356011,in,60,-1.292119,36.841454
40704356011,in,61,-1.292194,36.841251
40704356011,in,62,-1.292194,36.841251
40704356011,in,63,-1.2923,36.84108
40704356011,in,64,-1.292276,36.840923
40704356011,in,65,-1.292152,36.84079
40704356011,in,66,-1.29198,36.840725
40704356011,in,67,-1.291736,36.840755
40704356011,in,68,-1.291221,36.841057
40704356011,in,69,-1.290124,36.841301
40704356011,in,70,-1.289766,36.841198
40704356011,in,71,-1.289492,36.84095
40704356011,in,72,-1.289128,36.840324
40704356011,in,73,-1.288671,36.839321
40704356011,in,74,-1.287457,36.837158
40704356011,in,75,-1.287045,36.836285
40704356011,in,76,-1.286021,36.833656
40704356011,in,77,-1.28591,36.833187
40704356011,in,78,-1.285855,36.832546
40704356011,in,79,-1.285855,36.832546
40704356011,in,80,-1.285935,36.832409
40704356011,in,81,-1.285908,36.832226
40704356011,in,82,-1.285817,36.832134
40704356011,in,83,-1.28568,36.8321
40704356011,in,84,-1.285631,36.831917
40704356011,in,85,-1.285056,36.831036
40704356011,in,86,-1.28505,36.830959
40704356011,in,87,-1.28505,36.830959
40704356011,in,88,-1.286658,36.83046
40704356011,in,89,-1.286658,36.83046
40704356011,in,90,-1.286243,36.829288
40704356011,in,91,-1.285279,36.828804
40704356011,in,92,-1.285279,36.828804
40704356011,in,93,-1.285488,36.82835
40704356001,out,0,-1.296378,36.886688
40704356001,out,1,-1.295041,36.886452
40704356001,out,2,-1.284956,36.883999
40704356001,out,3,-1.284956,36.883999
40704356001,out,4,-1.284174,36.887245
40704356001,out,5,-1.284174,36.887245
40704356001,out,6,-1.28108,36.886505
40704356001,out,7,-1.280699,36.886497
40704356001,out,8,-1.280438,36.88662
40704356001,out,9,-1.280114,36.886906
40704356001,out,10,-1.279058,36.887985
40704356001,out,11,-1.278888,36.888214
40704356001,out,12,-1.277796,36.892452
40704356001,out,13,-1.277533,36.893669
40704356001,out,14,-1.277522,36.893909
40704356001,out,15,-1.278018,36.895233
40704356001,out,16,-1.278237,36.895603
40704356001,out,17,-1.278359,36.895691
40704356001,out,18,-1.28019,36.896156
40704356001,out,19,-1.28019,36.896156
40704356001,out,20,-1.279927,36.896885
40704356001,out,21,-1.279262,36.898098
40704356001,in,0,-1.279262,36.898098
40704356001,in,1,-1.279927,36.896885
40704356001,in,2,-1.28019,36.896156
40704356001,in,3,-1.28019,36.896156
40704356001,in,4,-1.278359,36.895691
40704356001,in,5,-1.278237,36.895603
40704356001,in,6,-1.278018,36.895233
40704356001,in,7,-1.277522,36.893909
40704356001,in,8,-1.277533,36.893669
40704356001,in,9,-1.277796,36.892452
40704356001,in,10,-1.278888,36.888214
40704356001,in,11,-1.279058,36.887985
40704356001,in,12,-1.280114,36.886906
40704356001,in,13,-1.280438,36.88662
40704356001,in,14,-1.280699,36.886497
40704356001,in,15,-1.28108,36.886505
40704356001,in,16,-1.284174,36.887245
40704356001,in,17,-1.284174,36.887245
40704356001,in,18,-1.284956,36.883999
40704356001,in,19,-1.284956,36.883999
40704356001,in,20,-1.28979,36.885197
40704356001,in,21,-1.28979,36.885197
40704356001,in,22,-1.295041,36.886452
40704356001,in,23,-1.296936,36.886768
40705383911,out,0,-1.288484,36.834244
40705383911,out,1,-1.288468,36.833927
40705383911,out,2,-1.288468,36.833927
40705383911,out,3,-1.288666,36.834171
40705383911,out,4,-1.288663,36.834846
40705383911,out,5,-1.288843,36.835907
40705383911,out,6,-1.289003,36.836361
40705383911,out,7,-1.289228,36.836796
40705383911,out,8,-1.290381,36.838093
40705383911,out,9,-1.290918,36.838863
40705383911,out,10,-1.291386,36.839375
40705383911,out,11,-1.291736,36.840755
40705383911,out,12,-1.291736,36.840755
40705383911,out,13,-1.291548,36.840862
40705383911,out,14,-1.291495,36.841095
40705383911,out,15,-1.291564,36.841232
40705383911,out,16,-1.291714,36.841328
40705383911,out,17,-1.291892,36.841541
40705383911,out,18,-1.291999,36.841782
40705383911,out,19,-1.293454,36.848656
40705383911,out,20,-1.294088,36.851238
40705383911,out,21,-1.2941,36.852112
40705383911,out,22,-1.294497,36.852978
40705383911,out,23,-1.294927,36.854965
40705383911,out,24,-1.294982,36.855766
40705383911,out,25,-1.295235,36.856407
40705383911,out,26,-1.297852,36.869064
40705383911,out,27,-1.297882,36.869644
40705383911,out,28,-1.297166,36.874924
40705383911,out,29,-1.296243,36.880966
40705383911,out,30,-1.296043,36.882679
40705383911,out,31,-1.296101,36.883011
40705383911,out,32,-1.296581,36.884201
40705383911,out,33,-1.297557,36.886238
40705383911,out,34,-1.297556,36.88649
40705383911,out,35,-1.297556,36.88649
40705383911,out,36,-1.297509,36.886589
40705383911,out,37,-1.296936,36.886768
40705383911,out,38,-1.295041,36.886452
40705383911,out,39,-1.281918,36.883251
40705383911,out,40,-1.279878,36.882896
40705383911,out,41,-1.278575,36.882751
40705383911,out,42,-1.278575,36.882751
40705383911,out,43,-1.278385,36.883766
40705383911,out,44,-1.278148,36.884296
40705383911,out,45,-1.277798,36.884689
40705383911,out,46,-1.276702,36.885708
40705383911,out,47,-1.276401,36.886101
40705383911,out,48,-1.276038,36.886772
40705383911,out,49,-1.275822,36.887554
40705383911,out,50,-1.275567,36.889675
40705383911,out,51,-1.275297,36.891243
40705383911,out,52,-1.27483,36.892994
40705383911,out,53,-1.274231,36.894634
40705383911,out,54,-1.273881,36.895405
40705383911,out,55,-1.273448,36.896297
40705383911,out,56,-1.272774,36.897457
40705383911,out,57,-1.271298,36.899487
40705383911,out,58,-1.270477,36.900471
40705383911,out,59,-1.269957,36.900997
40705383911,out,60,-1.268961,36.901936
40705383911,out,61,-1.268275,36.902493
40705383911,out,62,-1.265045,36.904835
40705383911,out,63,-1.26393,36.905773
40705383911,out,64,-1.262985,36.906731
40705383911,out,65,-1.261803,36.908188
40705383911,out,66,-1.260892,36.909515
40705383911,out,67,-1.260263,36.910652
40705383911,out,68,-1.259775,36.911785
40705383911,out,69,-1.259279,36.913322
40705383911,out,70,-1.2589,36.914848
40705383911,out,71,-1.25805,36.919613
40705383911,out,72,-1.257597,36.921818
40705383911,out,73,-1.257137,36.92374
40705383911,out,74,-1.256397,36.926311
40705383911,out,75,-1.255809,36.928066
40705383911,out,76,-1.25471,36.930969
40705383911,out,77,-1.253978,36.932594
40705383911,out,78,-1.24982,36.941341
40705383911,out,79,-1.249243,36.942829
40705383911,out,80,-1.24893,36.944016
40705383911,out,81,-1.248818,36.944672
40705383911,out,82,-1.248715,36.945904
40705383911,out,83,-1.248725,36.946877
40705383911,out,84,-1.248832,36.947845
40705383911,out,85,-1.24919,36.94949
40705383911,out,86,-1.249711,36.950829
40705383911,out,87,-1.250825,36.952923
40705383911,out,88,-1.251364,36.954071
40705383911,out,89,-1.251856,36.95549
40705383911,out,90,-1.251891,36.955807
40705383911,out,91,-1.251913,36.955892
40705383911,out,92,-1.251923,36.955957
40705383911,out,93,-1.251956,36.956053
40705383911,out,94,-1.25202,36.956225
40705383911,out,95,-1.252052,36.956397
40705383911,out,96,-1.252084,36.956558
40705383911,out,97,-1.252106,36.956729
40705383911,out,98,-1.25217,36.956901
40705383911,out,99,-1.252245,36.957137
40705383911,out,100,-1.252277,36.957298
40705383911,out,101,-1.252342,36.957534
40705383911,out,102,-1.252395,36.95777
40705383911,out,103,-1.252438,36.95792
40705383911,out,104,-1.25252,36.958046
40705383911,out,105,-1.254418,36.965382
40705383911,out,106,-1.254826,36.966583
40705383911,out,107,-1.255145,36.967293
40705383911,out,108,-1.255377,36.96777
40705383911,out,109,-1.256081,36.968861
40705383911,out,110,-1.257068,36.970051
40705383911,out,111,-1.258041,36.970978
40705383911,out,112,-1.259818,36.972321
40705383911,out,113,-1.260423,36.972954
40705383911,out,114,-1.261292,36.974121
40705383911,out,115,-1.261937,36.975433
40705383911,out,116,-1.264876,36.985443
40705383911,out,117,-1.265648,36.987503
40705383911,out,118,-1.266512,36.989166
40705383911,out,119,-1.271234,36.996864
40705383911,out,120,-1.27133,36.99714
40705383911,out,121,-1.271287,36.996983
40705383911,out,122,-1.271712,36.997278
40705383911,out,123,-1.272223,36.998453
40705383911,out,124,-1.272535,36.998965
40705383911,out,125,-1.272957,36.999316
40705383911,out,126,-1.272939,36.999617
40705383911,out,127,-1.273345,37.000026
40705383911,out,128,-1.273566,37.000637
40705383911,out,129,-1.274285,37.001511
40705383911,out,130,-1.274201,37.001682
40705383911,out,131,-1.274386,37.002023
40705383911,out,132,-1.274786,37.002601
40705383911,out,133,-1.274827,37.002831
40705383911,out,134,-1.274981,37.003225
40705383911,out,135,-1.275182,37.003727
40705383911,out,136,-1.275369,37.004469
40705383911,out,137,-1.275482,37.005134
40705383911,out,138,-1.275539,37.005724
40705383911,out,139,-1.275586,37.006192
40705383911,out,140,-1.275752,37.007895
40705383911,out,141,-1.275775,37.008119
40705383911,out,142,-1.275829,37.008678
40705383911,out,143,-1.27585,37.008906
40705383911,out,144,-1.275917,37.009638
40705383911,out,145,-1.276007,37.010595
40705383911,out,146,-1.276007,37.010595
40705383911,out,147,-1.276046,37.011032
40705383911,out,148,-1.2761,37.011629
40705383911,out,149,-1.27614,37.012095
40705383911,out,150,-1.276204,37.012778
40705383911,out,151,-1.27637,37.014536
40705383911,out,152,-1.276416,37.015049
40705383911,out,153,-1.276441,37.01532
40705383911,out,154,-1.276479,37.015744
40705383911,out,155,-1.276526,37.016244
40705383911,out,156,-1.276578,37.016782
40705383911,out,157,-1.276676,37.01779
40705383911,out,158,-1.276676,37.01779
40705383911,out,159,-1.276697,37.018026
40705383911,out,160,-1.276798,37.019137
40705383911,out,161,-1.277014,37.021459
40705383911,out,162,-1.27709,37.02226
40705383911,out,163,-1.27709,37.02226
40705383911,out,164,-1.277175,37.023258
40705383911,out,165,-1.277355,37.025205
40705383911,out,166,-1.277413,37.025834
40705383911,out,167,-1.277413,37.025834
40705383911,out,168,-1.277436,37.026073
40705383911,out,169,-1.27748,37.026535
40705383911,out,170,-1.277604,37.027865
40705383911,out,171,-1.277668,37.028558
40705383911,out,172,-1.277702,37.028935
40705383911,out,173,-1.277729,37.029223
40705383911,out,174,-1.277792,37.029889
40705383911,out,175,-1.277818,37.030167
40705383911,out,176,-1.277886,37.030885
40705383911,out,177,-1.277931,37.031409
40705383911,out,178,-1.278016,37.032176
40705383911,out,179,-1.278111,37.033378
40705383911,out,180,-1.278136,37.033703
40705383911,out,181,-1.278136,37.033703
40705383911,out,182,-1.27818,37.034122
40705383911,out,183,-1.278213,37.034447
40705383911,out,184,-1.278264,37.034936
40705383911,out,185,-1.278308,37.035479
40705383911,out,186,-1.278338,37.035837
40705383911,out,187,-1.278438,37.036896
40705383911,out,188,-1.278485,37.037387
40705383911,out,189,-1.278543,37.038065
40705383911,out,190,-1.27864,37.038905
40705383911,out,191,-1.278717,37.039811
40705383911,out,192,-1.278762,37.040173
40705383911,out,193,-1.278762,37.040173
40705383911,out,194,-1.278827,37.040539
40705383911,out,195,-1.278877,37.040955
40705383911,out,196,-1.278924,37.041348
40705383911,out,197,-1.278949,37.041608
40705383911,out,198,-1.279039,37.042438
40705383911,out,199,-1.27909,37.042999
40705383911,out,200,-1.279117,37.043223
40705383911,out,201,-1.27919,37.043842
40705383911,out,202,-1.279249,37.044337
40705383911,out,203,-1.279287,37.044685
40705383911,out,204,-1.27934,37.045236
40705383911,out,205,-1.279408,37.046
40705383911,out,206,-1.279408,37.046
40705383911,out,207,-1.279459,37.046458
40705383911,out,208,-1.279547,37.04723
40705383911,out,209,-1.279597,37.047741
40705383911,out,210,-1.279689,37.048634
40705383911,out,211,-1.279746,37.049192
40705383911,out,212,-1.279872,37.050227
40705383911,out,213,-1.279872,37.050227
40705383911,out,214,-1.279891,37.050454
40705383911,out,215,-1.279934,37.050932
40705383911,out,216,-1.279983,37.051446
40705383911,out,217,-1.280004,37.051653
40705383911,out,218,-1.280172,37.05304
40705383911,out,219,-1.280279,37.053836
40705383911,out,220,-1.280368,37.054251
40705383911,out,221,-1.280563,37.055138
40705383911,out,222,-1.280691,37.05564
40705383911,out,223,-1.28085,37.056233
40705383911,out,224,-1.28085,37.056233
40705383911,out,225,-1.280925,37.056501
40705383911,out,226,-1.281227,37.057577
40705383911,out,227,-1.28139,37.058178
40705383911,out,228,-1.281515,37.058609
40705383911,out,229,-1.281612,37.058945
40705383911,out,230,-1.281796,37.059608
40705383911,out,231,-1.282155,37.060889
40705383911,out,232,-1.282372,37.061762
40705383911,out,233,-1.28253,37.062671
40705383911,out,234,-1.282564,37.062864
40705383911,out,235,-1.282628,37.063355
40705383911,out,236,-1.282679,37.063678
40705383911,out,237,-1.282735,37.064129
40705383911,out,238,-1.28276,37.064408
40705383911,out,239,-1.28276,37.064408
40705383911,out,240,-1.28281,37.065297
40705383911,out,241,-1.282822,37.065914
40705383911,out,242,-1.282823,37.066242
40705383911,out,243,-1.282828,37.066629
40705383911,out,244,-1.282799,37.067577
40705383911,out,245,-1.282722,37.068343
40705383911,out,246,-1.282705,37.068767
40705383911,out,247,-1.282701,37.068874
40705383911,out,248,-1.282682,37.069389
40705383911,out,249,-1.282644,37.070371
40705383911,out,250,-1.282601,37.071486
40705383911,out,251,-1.282561,37.072362
40705383911,out,252,-1.282534,37.073097
40705383911,out,253,-1.282509,37.074299
40705383911,out,254,-1.282483,37.074908
40705383911,out,255,-1.282468,37.075509
40705383911,out,256,-1.282467,37.075768
40705383911,out,257,-1.282448,37.076212
40705383911,out,258,-1.282445,37.07664
40705383911,out,259,-1.282448,37.077195
40705383911,out,260,-1.282475,37.077767
40705383911,out,261,-1.282522,37.078423
40705383911,out,262,-1.282565,37.078848
40705383911,out,263,-1.282652,37.079467
40705383911,out,264,-1.282685,37.079776
40705383911,out,265,-1.282726,37.080085
40705383911,out,266,-1.282793,37.080584
40705383911,out,267,-1.282845,37.081078
40705383911,out,268,-1.282908,37.081454
40705383911,out,269,-1.282945,37.08184
40705383911,out,270,-1.282979,37.08208
40705383911,out,271,-1.28304,37.082617
40705383911,out,272,-1.283085,37.083074
40705383911,out,273,-1.28311,37.083344
40705383911,out,274,-1.283183,37.083964
40705383911,out,275,-1.283252,37.08457
40705383911,out,276,-1.283316,37.084943
40705383911,out,277,-1.283426,37.085831
40705383911,out,278,-1.283504,37.086467
40705383911,out,279,-1.283575,37.087038
40705383911,out,280,-1.283734,37.088375
40705383911,out,281,-1.283848,37.089338
40705383911,out,282,-1.283912,37.089779
40705383911,out,283,-1.283971,37.090293
40705383911,out,284,-1.284015,37.090771
40705383911,out,285,-1.284048,37.091182
40705383911,out,286,-1.284074,37.0916
40705383911,out,287,-1.284079,37.091671
40705383911,out,288,-1.284105,37.092074
40705383911,out,289,-1.284114,37.092741
40705383911,out,290,-1.284112,37.092955
40705383911,out,291,-1.284109,37.09352
40705383911,out,292,-1.284069,37.093894
40705383911,out,293,-1.284065,37.094157
40705383911,out,294,-1.284043,37.094714
40705383911,out,295,-1.283982,37.095016
40705383911,out,296,-1.283942,37.095494
40705383911,out,297,-1.283945,37.095924
40705383911,out,298,-1.283917,37.096411
40705383911,out,299,-1.283904,37.097042
40705383911,out,300,-1.283887,37.097504
40705383911,in,0,-1.283887,37.097504
40705383911,in,1,-1.283904,37.097042
40705383911,in,2,-1.283917,37.096411
40705383911,in,3,-1.283945,37.095924
40705383911,in,4,-1.283942,37.095494
40705383911,in,5,-1.283982,37.095016
40705383911,in,6,-1.284043,37.094714
40705383911,in,7,-1.284065,37.094157
40705383911,in,8,-1.284069,37.093894
40705383911,in,9,-1.284109,37.09352
40705383911,in,10,-1.284112,37.092955
40705383911,in,11,-1.284114,37.092741
40705383911,in,12,-1.284105,37.092074
40705383911,in,13,-1.284079,37.091671
40705383911,in,14,-1.284074,37.0916
40705383911,in,15,-1.284048,37.091182
40705383911,in,16,-1.284015,37.090771
40705383911,in,17,-1.283971,37.090293
40705383911,in,18,-1.283912,37.089779
40705383911,in,19,-1.283848,37.089338
40705383911,in,20,-1.283734,37.088375
40705383911,in,21,-1.283575,37.087038
40705383911,in,22,-1.283504,37.086467
40705383911,in,23,-1.283426,37.085831
40705383911,in,24,-1.283316,37.084943
40705383911,in,25,-1.283252,37.08457
40705383911,in,26,-1.283183,37.083964
40705383911,in,27,-1.28311,37.083344
40705383911,in,28,-1.283085,37.083074
40705383911,in,29,-1.28304,37.082617
40705383911,in,30,-1.282979,37.08208
40705383911,in,31,-1.282945,37.08184
40705383911,in,32,-1.282908,37.081454
40705383911,in,33,-1.282845,37.081078
40705383911,in,34,-1.282793,37.080584
40705383911,in,35,-1.282726,37.080085
40705383911,in,36,-1.282685,37.079776
40705383911,in,37,-1.282652,37.079467
40705383911,in,38,-1.282565,37.078848
40705383911,in,39,-1.282522,37.078423
40705383911,in,40,-1.282475,37.077767
40705383911,in,41,-1.282448,37.077195
40705383911,in,42,-1.282445,37.07664
40705383911,in,43,-1.282448,37.076212
40705383911,in,44,-1.282467,37.075768
40705383911,in,45,-1.282468,37.075509
40705383911,in,46,-1.282483,37.074908
40705383911,in,47,-1.282509,37.074299
40705383911,in,48,-1.282534,37.073097
40705383911,in,49,-1.282561,37.072362
40705383911,in,50,-1.282601,37.071486
40705383911,in,51,-1.282644,37.070371
40705383911,in,52,-1.282682,37.069389
40705383911,in,53,-1.282701,37.068874
40705383911,in,54,-1.282705,37.068767
40705383911,in,55,-1.282722,37.068343
40705383911,in,56,-1.282799,37.067577
40705383911,in,57,-1.282828,37.066629
40705383911,in,58,-1.282823,37.066242
40705383911,in,59,-1.282822,37.065914
40705383911,in,60,-1.28281,37.065297
40705383911,in,61,-1.28276,37.064408
40705383911,in,62,-1.28276,37.064408
40705383911,in,63,-1.282735,37.064129
40705383911,in,64,-1.282679,37.063678
40705383911,in,65,-1.282628,37.063355
40705383911,in,66,-1.282564,37.062864
40705383911,in,67,-1.28253,37.062671
40705383911,in,68,-1.282372,37.061762
40705383911,in,69,-1.282155,37.060889
40705383911,in,70,-1.281796,37.059608
40705383911,in,71,-1.281612,37.058945
40705383911,in,72,-1.281515,37.058609
40705383911,in,73,-1.28139,37.058178
40705383911,in,74,-1.281227,37.057577
40705383911,in,75,-1.280925,37.056501
40705383911,in,76,-1.28085,37.056233
40705383911,in,77,-1.28085,37.056233
40705383911,in,78,-1.280691,37.05564
40705383911,in,79,-1.280563,37.055138
40705383911,in,80,-1.280368,37.054251
40705383911,in,81,-1.280279,37.053836
40705383911,in,82,-1.280172,37.05304
40705383911,in,83,-1.280004,37.051653
40705383911,in,84,-1.279983,37.051446
40705383911,in,85,-1.279934,37.050932
40705383911,in,86,-1.279891,37.050454
40705383911,in,87,-1.279872,37.050227
40705383911,in,88,-1.279872,37.050227
40705383911,in,89,-1.279746,37.049192
40705383911,in,90,-1.279689,37.048634
40705383911,in,91,-1.279597,37.047741
40705383911,in,92,-1.279547,37.04723
40705383911,in,93,-1.279459,37.046458
40705383911,in,94,-1.279408,37.046
40705383911,in,95,-1.279408,37.046
40705383911,in,96,-1.27934,37.045236
40705383911,in,97,-1.279287,37.044685
40705383911,in,98,-1.279249,37.044337
40705383911,in,99,-1.27919,37.043842
40705383911,in,100,-1.279117,37.043223
40705383911,in,101,-1.27909,37.042999
40705383911,in,102,-1.279039,37.042438
40705383911,in,103,-1.278949,37.041608
40705383911,in,104,-1.278924,37.041348
40705383911,in,105,-1.278877,37.040955
40705383911,in,106,-1.278827,37.040539
40705383911,in,107,-1.278762,37.040173
40705383911,in,108,-1.278762,37.040173
40705383911,in,109,-1.278717,37.039811
40705383911,in,110,-1.27864,37.038905
40705383911,in,111,-1.278543,37.038065
40705383911,in,112,-1.278485,37.037387
40705383911,in,113,-1.278438,37.036896
40705383911,in,114,-1.278338,37.035837
40705383911,in,115,-1.278308,37.035479
40705383911,in,116,-1.278264,37.034936
40705383911,in,117,-1.278213,37.034447
40705383911,in,118,-1.27818,37.034122
40705383911,in,119,-1.278136,37.033703
40705383911,in,120,-1.278136,37.033703
40705383911,in,121,-1.278111,37.033378
40705383911,in,122,-1.278016,37.032176
40705383911,in,123,-1.277931,37.031409
40705383911,in,124,-1.277886,37.030885
40705383911,in,125,-1.277818,37.030167
40705383911,in,126,-1.277792,37.029889
40705383911,in,127,-1.277729,37.029223
40705383911,in,128,-1.277702,37.028935
40705383911,in,129,-1.277668,37.028558
40705383911,in,130,-1.277604,37.027865
40705383911,in,131,-1.27748,37.026535
40705383911,in,132,-1.277436,37.026073
40705383911,in,133,-1.277413,37.025834
40705383911,in,134,-1.277413,37.025834
40705383911,in,135,-1.277355,37.025205
40705383911,in,136,-1.277175,37.023258
40705383911,in,137,-1.27709,37.02226
40705383911,in,138,-1.27709,37.02226
40705383911,in,139,-1.277014,37.021459
40705383911,in,140,-1.276798,37.019137
40705383911,in,141,-1.276697,37.018026
40705383911,in,142,-1.276676,37.01779
40705383911,in,143,-1.276676,37.01779
40705383911,in,144,-1.276578,37.016782
40705383911,in,145,-1.276526,37.016244
40705383911,in,146,-1.276479,37.015744
40705383911,in,147,-1.276441,37.01532
40705383911,in,148,-1.276416,37.015049
40705383911,in,149,-1.27637,37.014536
40705383911,in,150,-1.276204,37.012778
40705383911,in,151,-1.27614,37.012095
40705383911,in,152,-1.2761,37.011629
40705383911,in,153,-1.276046,37.011032
40705383911,in,154,-1.276007,37.010595
40705383911,in,155,-1.276007,37.010595
40705383911,in,156,-1.275917,37.009638
40705383911,in,157,-1.27585,37.008906
40705383911,in,158,-1.275829,37.008678
40705383911,in,159,-1.275775,37.008119
40705383911,in,160,-1.275752,37.007895
40705383911,in,161,-1.275586,37.006192
40705383911,in,162,-1.275539,37.005724
40705383911,in,163,-1.275482,37.005134
40705383911,in,164,-1.275369,37.004469
40705383911,in,165,-1.275182,37.003727
40705383911,in,166,-1.274981,37.003225
40705383911,in,167,-1.274827,37.002831
40705383911,in,168,-1.274786,37.002601
40705383911,in,169,-1.274386,37.002023
40705383911,in,170,-1.274201,37.001682
40705383911,in,171,-1.274285,37.001511
40705383911,in,172,-1.273566,37.000637
40705383911,in,173,-1.273345,37.000026
40705383911,in,174,-1.272939,36.999617
40705383911,in,175,-1.272957,36.999316
40705383911,in,176,-1.272535,36.998965
40705383911,in,177,-1.272223,36.998453
40705383911,in,178,-1.271712,36.997278
40705383911,in,179,-1.271287,36.996983
40705383911,in,180,-1.27133,36.99714
40705383911,in,181,-1.27112,36.996674
40705383911,in,182,-1.266512,36.989166
40705383911,in,183,-1.265648,36.987503
40705383911,in,184,-1.264876,36.985443
40705383911,in,185,-1.261937,36.975433
40705383911,in,186,-1.261292,36.974121
40705383911,in,187,-1.260423,36.972954
40705383911,in,188,-1.259818,36.972321
40705383911,in,189,-1.258041,36.970978
40705383911,in,190,-1.257068,36.970051
40705383911,in,191,-1.256081,36.968861
40705383911,in,192,-1.255377,36.96777
40705383911,in,193,-1.255145,36.967293
40705383911,in,194,-1.254826,36.966583
40705383911,in,195,-1.254418,36.965382
40705383911,in,196,-1.252517,36.958035
40705383911,in,197,-1.252438,36.95792
40705383911,in,198,-1.252395,36.95777
40705383911,in,199,-1.252342,36.957534
40705383911,in,200,-1.252277,36.957298
40705383911,in,201,-1.252245,36.957137
40705383911,in,202,-1.25217,36.956901
40705383911,in,203,-1.252106,36.956729
40705383911,in,204,-1.252084,36.956558
40705383911,in,205,-1.252052,36.956397
40705383911,in,206,-1.25202,36.956225
40705383911,in,207,-1.251956,36.956053
40705383911,in,208,-1.251923,36.955957
40705383911,in,209,-1.251913,36.955892
40705383911,in,210,-1.251891,36.955807
40705383911,in,211,-1.251848,36.955515
40705383911,in,212,-1.251741,36.955258
40705383911,in,213,-1.251677,36.955
40705383911,in,214,-1.251548,36.954743
40705383911,in,215,-1.251505,36.954528
40705383911,in,216,-1.251376,36.954271
40705383911,in,217,-1.251361,36.954063
40705383911,in,218,-1.250825,36.952923
40705383911,in,219,-1.249711,36.950829
40705383911,in,220,-1.249355,36.949982
40705383911,in,221,-1.249045,36.948914
40705383911,in,222,-1.248832,36.947845
40705383911,in,223,-1.248725,36.946877
40705383911,in,224,-1.248715,36.945904
40705383911,in,225,-1.248818,36.944672
40705383911,in,226,-1.24893,36.944016
40705383911,in,227,-1.249243,36.942829
40705383911,in,228,-1.24982,36.941341
40705383911,in,229,-1.253978,36.932594
40705383911,in,230,-1.25471,36.930969
40705383911,in,231,-1.255809,36.928066
40705383911,in,232,-1.256397,36.926311
40705383911,in,233,-1.257137,36.92374
40705383911,in,234,-1.257597,36.921818
40705383911,in,235,-1.25805,36.919613
40705383911,in,236,-1.2589,36.914848
40705383911,in,237,-1.259279,36.913322
40705383911,in,238,-1.259932,36.911369
40705383911,in,239,-1.260263,36.910652
40705383911,in,240,-1.260892,36.909515
40705383911,in,241,-1.261454,36.908657
40705383911,in,242,-1.262985,36.906731
40705383911,in,243,-1.26393,36.905773
40705383911,in,244,-1.265045,36.904835
40705383911,in,245,-1.268275,36.902493
40705383911,in,246,-1.268961,36.901936
40705383911,in,247,-1.269957,36.900997
40705383911,in,248,-1.270477,36.900471
40705383911,in,249,-1.271298,36.899487
40705383911,in,250,-1.272774,36.897457
40705383911,in,251,-1.273448,36.896297
40705383911,in,252,-1.273881,36.895405
40705383911,in,253,-1.274231,36.894634
40705383911,in,254,-1.27483,36.892994
40705383911,in,255,-1.275297,36.891243
40705383911,in,256,-1.275567,36.889675
40705383911,in,257,-1.275822,36.887554
40705383911,in,258,-1.276038,36.886772
40705383911,in,259,-1.276401,36.886101
40705383911,in,260,-1.276702,36.885708
40705383911,in,261,-1.277798,36.884689
40705383911,in,262,-1.278148,36.884296
40705383911,in,263,-1.278385,36.883766
40705383911,in,264,-1.278575,36.882751
40705383911,in,265,-1.278575,36.882751
40705383911,in,266,-1.279878,36.882896
40705383911,in,267,-1.281918,36.883251
40705383911,in,268,-1.295041,36.886452
40705383911,in,269,-1.29706,36.886799
40705383911,in,270,-1.297379,36.88678
40705383911,in,271,-1.297557,36.886868
40705383911,in,272,-1.297557,36.886868
40705383911,in,273,-1.297765,36.886986
40705383911,in,274,-1.297966,36.886944
40705383911,in,275,-1.298123,36.886757
40705383911,in,276,-1.298114,36.886608
40705383911,in,277,-1.298045,36.886482
40705383911,in,278,-1.297634,36.886093
40705383911,in,279,-1.296681,36.884178
40705383911,in,280,-1.296203,36.88303
40705383911,in,281,-1.296146,36.882664
40705383911,in,282,-1.296357,36.880936
40705383911,in,283,-1.297298,36.87492
40705383911,in,284,-1.297999,36.869648
40705383911,in,285,-1.297972,36.869041
40705383911,in,286,-1.295384,36.856445
40705383911,in,287,-1.295314,36.855961
40705383911,in,288,-1.295328,36.855576
40705383911,in,289,-1.295162,36.855198
40705383911,in,290,-1.294322,36.851715
40705383911,in,291,-1.294295,36.851349
40705383911,in,292,-1.292142,36.841774
40705383911,in,293,-1.292119,36.841454
40705383911,in,294,-1.292194,36.841251
40705383911,in,295,-1.292194,36.841251
40705383911,in,296,-1.292304,36.841057
40705383911,in,297,-1.292255,36.840885
40705383911,in,298,-1.292022,36.840733
40705383911,in,299,-1.291736,36.840755
40705383911,in,300,-1.291386,36.839375
40705383911,in,301,-1.290918,36.838863
40705383911,in,302,-1.290381,36.838093
40705383911,in,303,-1.289228,36.836796
40705383911,in,304,-1.289122,36.836601
40705383911,in,305,-1.288843,36.835907
40705383911,in,306,-1.288663,36.834846
40705383911,in,307,-1.288666,36.834171
40705383911,in,308,-1.288468,36.833927
40705383911,in,309,-1.288468,36.833927
40705383911,in,310,-1.288436,36.833805
30101000311,out,0,-1.275806,36.82473
30101000311,out,1,-1.276031,36.825825
30101000311,out,2,-1.276605,36.827461
30101000311,out,3,-1.27802,36.830212
30101000311,out,4,-1.27802,36.830212
30101000311,out,5,-1.277919,36.830383
30101000311,out,6,-1.278008,36.830559
30101000311,out,7,-1.278193,36.830582
30101000311,out,8,-1.278323,36.830437
30101000311,out,9,-1.278644,36.830486
30101000311,out,10,-1.280561,36.83197
30101000311,out,11,-1.280561,36.83197
30101000311,out,12,-1.280466,36.831978
30101000311,out,13,-1.280376,36.8321
30101000311,out,14,-1.280358,36.832321
30101000311,out,15,-1.280406,36.83242
30101000311,out,16,-1.279219,36.833508
30101000311,out,17,-1.278624,36.83379
30101000311,out,18,-1.277444,36.834007
30101000311,out,19,-1.276643,36.834415
30101000311,out,20,-1.276643,36.834415
30101000311,out,21,-1.276816,36.834625
30101000311,out,22,-1.276988,36.835007
30101000311,out,23,-1.276993,36.835224
30101000311,out,24,-1.276993,36.835224
30101000311,out,25,-1.27696,36.83535
30101000311,out,26,-1.277004,36.835449
30101000311,out,27,-1.277243,36.835518
30101000311,out,28,-1.277381,36.835423
30101000311,out,29,-1.27741,36.83522
30101000311,out,30,-1.277578,36.835087
30101000311,out,31,-1.277578,36.835087
30101000311,out,32,-1.277738,36.835163
30101000311,out,33,-1.281723,36.839653
30101000311,out,34,-1.284117,36.840523
30101000311,in,0,-1.283796,36.840412
30101000311,in,1,-1.281723,36.839653
30101000311,in,2,-1.277738,36.835163
30101000311,in,3,-1.277578,36.835087
30101000311,in,4,-1.277578,36.835087
30101000311,in,5,-1.278411,36.834431
30101000311,in,6,-1.279459,36.833458
30101000311,in,7,-1.279459,36.833458
30101000311,in,8,-1.279503,36.83337
30101000311,in,9,-1.280622,36.832493
30101000311,in,10,-1.280622,36.832493
30101000311,in,11,-1.280815,36.8325
30101000311,in,12,-1.280976,36.83242
30101000311,in,13,-1.281023,36.832253
30101000311,in,14,-1.280976,36.832119
30101000311,in,15,-1.280776,36.832001
30101000311,in,16,-1.280561,36.83197
30101000311,in,17,-1.278644,36.830486
30101000311,in,18,-1.278323,36.830437
30101000311,in,19,-1.278323,36.830437
30101000311,in,20,-1.278288,36.830273
30101000311,in,21,-1.278129,36.830189
30101000311,in,22,-1.27671,36.827415
30101000311,in,23,-1.276299,36.826305
30101000311,in,24,-1.275918,36.824673
30101000311,in,25,-1.275918,36.824673
30101000311,in,26,-1.275801,36.824707
30101000311,in,27,-1.275816,36.824783
70000000311,out,0,-1.29851,36.760155
70000000311,out,1,-1.29798,36.757702
70000000311,out,2,-1.297669,36.757084
70000000311,out,3,-1.297237,36.756676
70000000311,out,4,-1.295534,36.755699
70000000311,out,5,-1.295071,36.755348
70000000311,out,6,-1.294338,36.754581
70000000311,out,7,-1.293252,36.753262
70000000311,out,8,-1.292943,36.752506
70000000311,out,9,-1.291563,36.747562
70000000311,out,10,-1.291408,36.747257
70000000311,out,11,-1.285411,36.738632
70000000311,out,12,-1.285084,36.738266
70000000311,out,13,-1.284392,36.737713
70000000311,out,14,-1.28405,36.737518
70000000311,out,15,-1.283465,36.737297
70000000311,out,16,-1.281086,36.736729
70000000311,out,17,-1.280244,36.736267
70000000311,out,18,-1.279492,36.735962
70000000311,out,19,-1.279211,36.735912
70000000311,out,20,-1.277681,36.73587
70000000311,out,21,-1.277198,36.735725
70000000311,out,22,-1.276546,36.735054
70000000311,out,23,-1.275987,36.73418
70000000311,out,24,-1.275708,36.733864
70000000311,out,25,-1.27379,36.732918
70000000311,out,26,-1.272947,36.732407
70000000311,out,27,-1.272823,36.732231
70000000311,out,28,-1.272655,36.731773
70000000311,out,29,-1.27234,36.730618
70000000311,out,30,-1.272101,36.730148
70000000311,out,31,-1.270117,36.727718
70000000311,out,32,-1.268123,36.724609
70000000311,out,33,-1.266804,36.723137
70000000311,out,34,-1.266139,36.722267
70000000311,out,35,-1.265632,36.721752
70000000311,out,36,-1.265445,36.72131
70000000311,out,37,-1.265445,36.72131
70000000311,out,38,-1.265427,36.72113
70000000311,out,39,-1.265337,36.720963
70000000311,out,40,-1.26518,36.720852
70000000311,out,41,-1.264984,36.720814
70000000311,out,42,-1.264611,36.720535
70000000311,out,43,-1.261661,36.717155
70000000311,out,44,-1.261386,36.716919
70000000311,in,0,-1.261386,36.716919
70000000311,in,1,-1.261661,36.717155
70000000311,in,2,-1.264611,36.720535
70000000311,in,3,-1.26467,36.720947
70000000311,in,4,-1.26467,36.720947
70000000311,in,5,-1.264561,36.721199
70000000311,in,6,-1.264573,36.72139
70000000311,in,7,-1.264648,36.721527
70000000311,in,8,-1.264943,36.721691
70000000311,in,9,-1.265196,36.721676
70000000311,in,10,-1.265632,36.721752
70000000311,in,11,-1.26583,36.72192
70000000311,in,12,-1.266804,36.723137
70000000311,in,13,-1.267758,36.724152
70000000311,in,14,-1.268383,36.724964
70000000311,in,15,-1.270117,36.727718
70000000311,in,16,-1.271794,36.729725
70000000311,in,17,-1.272243,36.730377
70000000311,in,18,-1.272438,36.7309
70000000311,in,19,-1.272655,36.731773
70000000311,in,20,-1.272823,36.732231
70000000311,in,21,-1.272947,36.732407
70000000311,in,22,-1.27379,36.732918
70000000311,in,23,-1.275708,36.733864
70000000311,in,24,-1.275987,36.73418
70000000311,in,25,-1.276546,36.735054
70000000311,in,26,-1.277198,36.735725
70000000311,in,27,-1.277681,36.73587
70000000311,in,28,-1.279211,36.735912
70000000311,in,29,-1.279492,36.735962
70000000311,in,30,-1.280244,36.736267
70000000311,in,31,-1.281086,36.736729
70000000311,in,32,-1.283465,36.737297
70000000311,in,33,-1.28405,36.737518
70000000311,in,34,-1.284392,36.737713
70000000311,in,35,-1.285084,36.738266
70000000311,in,36,-1.285411,36.738632
70000000311,in,37,-1.291408,36.747257
70000000311,in,38,-1.291563,36.747562
70000000311,in,39,-1.292943,36.752506
70000000311,in,40,-1.293252,36.753262
70000000311,in,41,-1.294338,36.754581
70000000311,in,42,-1.295071,36.755348
70000000311,in,43,-1.295534,36.755699
70000000311,in,44,-1.297237,36.756676
70000000311,in,45,-1.297669,36.757084
70000000311,in,46,-1.29798,36.757702
70000000311,in,47,-1.29851,36.760155
21100004411,out,0,-1.28295,36.824917
21100004411,out,1,-1.283306,36.82465
21100004411,out,2,-1.283306,36.82465
21100004411,out,3,-1.2819,36.822906
21100004411,out,4,-1.281648,36.822674
21100004411,out,5,-1.281648,36.822674
21100004411,out,6,-1.281392,36.822384
21100004411,out,7,-1.281093,36.822308
21100004411,out,8,-1.280954,36.822201
21100004411,out,9,-1.280369,36.821541
21100004411,out,10,-1.280192,36.821381
21100004411,out,11,-1.27993,36.821255
21100004411,out,12,-1.279516,36.821159
21100004411,out,13,-1.27801,36.821224
21100004411,out,14,-1.277696,36.821304
21100004411,out,15,-1.277454,36.821423
21100004411,out,16,-1.277327,36.821545
21100004411,out,17,-1.276722,36.822529
21100004411,out,18,-1.276513,36.822735
21100004411,out,19,-1.275368,36.823215
21100004411,out,20,-1.275368,36.823215
21100004411,out,21,-1.274631,36.824097
21100004411,out,22,-1.271894,36.827785
21100004411,out,23,-1.269016,36.832413
21100004411,out,24,-1.268624,36.832882
21100004411,out,25,-1.267015,36.834183
21100004411,out,26,-1.267015,36.834183
21100004411,out,27,-1.266184,36.834805
21100004411,out,28,-1.264883,36.836166
21100004411,out,29,-1.264232,36.837017
21100004411,out,30,-1.26221,36.840233
21100004411,out,31,-1.260896,36.841896
21100004411,out,32,-1.260459,36.842583
21100004411,out,33,-1.258246,36.847012
21100004411,out,34,-1.258053,36.847523
21100004411,out,35,-1.257978,36.851944
21100004411,out,36,-1.257826,36.852829
21100004411,out,37,-1.257595,36.85339
21100004411,out,38,-1.257252,36.854
21100004411,out,39,-1.256621,36.854897
21100004411,out,40,-1.255309,36.856529
21100004411,out,41,-1.25431,36.857586
21100004411,out,42,-1.249121,36.862492
21100004411,out,43,-1.245289,36.866272
21100004411,out,44,-1.244356,36.867256
21100004411,out,45,-1.24345,36.868107
21100004411,out,46,-1.242972,36.868404
21100004411,out,47,-1.241701,36.869034
21100004411,out,48,-1.237148,36.871078
21100004411,out,49,-1.236086,36.871731
21100004411,out,50,-1.235432,36.872292
21100004411,out,51,-1.23485,36.872913
21100004411,out,52,-1.230245,36.878613
21100004411,out,53,-1.228419,36.88097
21100004411,out,54,-1.224287,36.886677
21100004411,out,55,-1.223064,36.88802
21100004411,out,56,-1.221587,36.889446
21100004411,out,57,-1.221587,36.889446
21100004411,out,58,-1.221214,36.889664
21100004411,out,59,-1.221214,36.889664
21100004411,out,60,-1.220749,36.889671
21100004411,out,61,-1.220749,36.889671
21100004411,out,62,-1.218676,36.890564
21100004411,out,63,-1.218676,36.890564
21100004411,out,64,-1.218128,36.89093
21100004411,out,65,-1.21788,36.89119
21100004411,out,66,-1.215112,36.89254
21100004411,out,67,-1.213078,36.893055
21100004411,out,68,-1.209782,36.893723
21100004411,out,69,-1.20721,36.89431
21100004411,out,70,-1.206437,36.894535
21100004411,out,71,-1.205738,36.89489
21100004411,out,72,-1.204055,36.896164
21100004411,out,73,-1.202358,36.897194
21100004411,out,74,-1.20177,36.897839
21100004411,out,75,-1.20038,36.899788
21100004411,out,76,-1.200093,36.900066
21100004411,out,77,-1.199621,36.900738
21100004411,out,78,-1.198561,36.901608
21100004411,out,79,-1.197975,36.901913
21100004411,out,80,-1.197643,36.902016
21100004411,out,81,-1.196958,36.902027
21100004411,out,82,-1.196528,36.901958
21100004411,out,83,-1.196273,36.901863
21100004411,out,84,-1.195168,36.901241
21100004411,out,85,-1.194762,36.900936
21100004411,out,86,-1.194514,36.900673
21100004411,out,87,-1.194024,36.899971
21100004411,out,88,-1.192346,36.898921
21100004411,out,89,-1.192175,36.898739
21100004411,out,90,-1.191019,36.897357
21100004411,out,91,-1.19074,36.89714
21100004411,out,92,-1.187356,36.895161
21100004411,out,93,-1.18679,36.894836
21100004411,out,94,-1.186241,36.894688
21100004411,out,95,-1.186241,36.894688
21100004411,out,96,-1.185595,36.894733
21100004411,out,97,-1.183526,36.895176
21100004411,out,98,-1.183133,36.895027
21100004411,out,99,-1.182694,36.894611
21100004411,out,100,-1.182113,36.894226
21100004411,out,101,-1.182113,36.894226
21100004411,out,102,-1.18206,36.894386
21100004411,out,103,-1.182072,36.894569
21100004411,out,104,-1.183712,36.90168
21100004411,out,105,-1.184313,36.903381
21100004411,out,106,-1.184591,36.904011
21100004411,in,0,-1.184591,36.904011
21100004411,in,1,-1.184313,36.903381
21100004411,in,2,-1.183712,36.90168
21100004411,in,3,-1.182072,36.894569
21100004411,in,4,-1.18206,36.894386
21100004411,in,5,-1.182113,36.894226
21100004411,in,6,-1.182113,36.894226
21100004411,in,7,-1.182694,36.894611
21100004411,in,8,-1.183133,36.895027
21100004411,in,9,-1.183526,36.895176
21100004411,in,10,-1.185595,36.894733
21100004411,in,11,-1.186241,36.894688
21100004411,in,12,-1.186241,36.894688
21100004411,in,13,-1.186784,36.894886
21100004411,in,14,-1.187364,36.895195
21100004411,in,15,-1.190748,36.897171
21100004411,in,16,-1.191056,36.897423
21100004411,in,17,-1.192338,36.898949
21100004411,in,18,-1.194024,36.899971
21100004411,in,19,-1.194514,36.900673
21100004411,in,20,-1.194762,36.900936
21100004411,in,21,-1.195168,36.901241
21100004411,in,22,-1.196273,36.901863
21100004411,in,23,-1.196528,36.901958
21100004411,in,24,-1.196958,36.902027
21100004411,in,25,-1.197643,36.902016
21100004411,in,26,-1.197975,36.901913
21100004411,in,27,-1.198561,36.901608
21100004411,in,28,-1.199621,36.900738
21100004411,in,29,-1.20038,36.899788
21100004411,in,30,-1.20177,36.897839
21100004411,in,31,-1.202358,36.897194
21100004411,in,32,-1.204055,36.896164
21100004411,in,33,-1.205738,36.89489
21100004411,in,34,-1.206101,36.894691
21100004411,in,35,-1.206437,36.894535
21100004411,in,36,-1.20721,36.89431
21100004411,in,37,-1.209782,36.893723
21100004411,in,38,-1.213078,36.893055
21100004411,in,39,-1.214874,36.892612
21100004411,in,40,-1.215328,36.892445
21100004411,in,41,-1.21788,36.89119
21100004411,in,42,-1.218654,36.891033
21100004411,in,43,-1.218978,36.891094
21100004411,in,44,-1.219359,36.891277
21100004411,in,45,-1.219359,36.891277
21100004411,in,46,-1.219282,36.891476
21100004411,in,47,-1.219369,36.891697
21100004411,in,48,-1.219567,36.891792
21100004411,in,49,-1.219765,36.891739
21100004411,in,50,-1.21989,36.891571
21100004411,in,51,-1.21989,36.891392
21100004411,in,52,-1.22005,36.891197
21100004411,in,53,-1.221497,36.889904
21100004411,in,54,-1.221691,36.889557
21100004411,in,55,-1.221691,36.889557
21100004411,in,56,-1.223461,36.887852
21100004411,in,57,-1.224695,36.886414
21100004411,in,58,-1.228945,36.880554
21100004411,in,59,-1.234804,36.873184
21100004411,in,60,-1.235367,36.872547
21100004411,in,61,-1.236354,36.871704
21100004411,in,62,-1.237325,36.871124
21100004411,in,63,-1.243069,36.868626
21100004411,in,64,-1.243535,36.868343
21100004411,in,65,-1.244627,36.867348
21100004411,in,66,-1.245971,36.865894
21100004411,in,67,-1.251944,36.860168
21100004411,in,68,-1.254573,36.857571
21100004411,in,69,-1.256152,36.855774
21100004411,in,70,-1.257378,36.854153
21100004411,in,71,-1.257764,36.853489
21100004411,in,72,-1.25801,36.852863
21100004411,in,73,-1.258158,36.852009
21100004411,in,74,-1.258228,36.847679
21100004411,in,75,-1.258397,36.847126
21100004411,in,76,-1.260719,36.842503
21100004411,in,77,-1.261277,36.841648
21100004411,in,78,-1.261979,36.840855
21100004411,in,79,-1.262735,36.839775
21100004411,in,80,-1.262735,36.839775
21100004411,in,81,-1.264366,36.83707
21100004411,in,82,-1.265031,36.83617
21100004411,in,83,-1.265514,36.835629
21100004411,in,84,-1.266254,36.834942
21100004411,in,85,-1.266994,36.834351
21100004411,in,86,-1.266994,36.834351
21100004411,in,87,-1.268686,36.832954
21100004411,in,88,-1.269171,36.832439
21100004411,in,89,-1.272132,36.827644
21100004411,in,90,-1.274102,36.824978
21100004411,in,91,-1.27457,36.824409
21100004411,in,92,-1.275466,36.82338
21100004411,in,93,-1.276723,36.822781
21100004411,in,94,-1.277186,36.822029
21100004411,in,95,-1.277186,36.822029
21100004411,in,96,-1.277304,36.821709
21100004411,in,97,-1.277492,36.82151
21100004411,in,98,-1.277822,36.821342
21100004411,in,99,-1.279468,36.821247
21100004411,in,100,-1.27993,36.821365
21100004411,in,101,-1.280391,36.82164
21100004411,in,102,-1.281037,36.822353
21100004411,in,103,-1.281037,36.822353
21100004411,in,104,-1.281019,36.822552
21100004411,in,105,-1.281116,36.82275
21100004411,in,106,-1.281378,36.822975
21100004411,in,107,-1.281587,36.822884
21100004411,in,108,-1.2818,36.822948
21100004411,in,109,-1.283236,36.824707
21100004411,in,110,-1.283236,36.824707
21100004411,in,111,-1.28295,36.824917
21100004421,out,0,-1.218227,36.891051
21100004421,out,1,-1.218128,36.89093
21100004421,out,2,-1.21788,36.89119
21100004421,out,3,-1.215112,36.89254
21100004421,out,4,-1.213078,36.893055
21100004421,out,5,-1.209782,36.893723
21100004421,out,6,-1.20721,36.89431
21100004421,out,7,-1.206437,36.894535
21100004421,out,8,-1.205738,36.89489
21100004421,out,9,-1.204055,36.896164
21100004421,out,10,-1.202358,36.897194
21100004421,out,11,-1.20177,36.897839
21100004421,out,12,-1.20038,36.899788
21100004421,out,13,-1.200093,36.900066
21100004421,out,14,-1.199621,36.900738
21100004421,out,15,-1.198561,36.901608
21100004421,out,16,-1.197975,36.901913
21100004421,out,17,-1.197643,36.902016
21100004421,out,18,-1.196958,36.902027
21100004421,out,19,-1.196528,36.901958
21100004421,out,20,-1.196273,36.901863
21100004421,out,21,-1.195168,36.901241
21100004421,out,22,-1.194762,36.900936
21100004421,out,23,-1.194514,36.900673
21100004421,out,24,-1.194024,36.899971
21100004421,out,25,-1.192346,36.898921
21100004421,out,26,-1.192175,36.898739
21100004421,out,27,-1.191019,36.897357
21100004421,out,28,-1.19074,36.89714
21100004421,out,29,-1.187356,36.895161
21100004421,out,30,-1.18679,36.894836
21100004421,out,31,-1.186241,36.894688
21100004421,out,32,-1.186241,36.894688
21100004421,out,33,-1.185595,36.894733
21100004421,out,34,-1.183526,36.895176
21100004421,out,35,-1.183133,36.895027
21100004421,out,36,-1.182694,36.894611
21100004421,out,37,-1.182113,36.894226
21100004421,out,38,-1.182113,36.894226
21100004421,out,39,-1.18206,36.894386
21100004421,out,40,-1.182072,36.894569
21100004421,out,41,-1.183712,36.90168
21100004421,out,42,-1.184313,36.903381
21100004421,out,43,-1.184591,36.904011
21100004421,in,0,-1.184591,36.904011
21100004421,in,1,-1.184313,36.903381
21100004421,in,2,-1.183712,36.90168
21100004421,in,3,-1.182072,36.894569
21100004421,in,4,-1.18206,36.894386
21100004421,in,5,-1.182113,36.894226
21100004421,in,6,-1.182113,36.894226
21100004421,in,7,-1.182694,36.894611
21100004421,in,8,-1.183133,36.895027
21100004421,in,9,-1.183526,36.895176
21100004421,in,10,-1.185595,36.894733
21100004421,in,11,-1.186241,36.894688
21100004421,in,12,-1.186241,36.894688
21100004421,in,13,-1.186784,36.894886
21100004421,in,14,-1.187364,36.895195
21100004421,in,15,-1.190748,36.897171
21100004421,in,16,-1.191056,36.897423
21100004421,in,17,-1.192338,36.898949
21100004421,in,18,-1.194024,36.899971
21100004421,in,19,-1.194514,36.900673
21100004421,in,20,-1.194762,36.900936
21100004421,in,21,-1.195168,36.901241
21100004421,in,22,-1.196273,36.901863
21100004421,in,23,-1.196528,36.901958
21100004421,in,24,-1.196958,36.902027
21100004421,in,25,-1.197643,36.902016
21100004421,in,26,-1.197975,36.901913
21100004421,in,27,-1.198561,36.901608
21100004421,in,28,-1.199621,36.900738
21100004421,in,29,-1.20038,36.899788
21100004421,in,30,-1.20177,36.897839
21100004421,in,31,-1.202358,36.897194
21100004421,in,32,-1.204055,36.896164
21100004421,in,33,-1.205738,36.89489
21100004421,in,34,-1.206101,36.894691
21100004421,in,35,-1.206437,36.894535
21100004421,in,36,-1.20721,36.89431
21100004421,in,37,-1.209782,36.893723
21100004421,in,38,-1.213078,36.893055
21100004421,in,39,-1.214874,36.892612
21100004421,in,40,-1.215328,36.892445
21100004421,in,41,-1.21788,36.89119
21100004421,in,42,-1.218227,36.891051
21100004412,out,0,-1.282907,36.824871
21100004412,out,1,-1.28295,36.824917
21100004412,out,2,-1.28295,36.824917
21100004412,out,3,-1.281553,36.825909
21100004412,out,4,-1.281553,36.825909
21100004412,out,5,-1.281393,36.825615
21100004412,out,6,-1.281378,36.822975
21100004412,out,7,-1.281378,36.822975
21100004412,out,8,-1.281539,36.822926
21100004412,out,9,-1.281658,36.822796
21100004412,out,10,-1.281648,36.822674
21100004412,out,11,-1.281553,36.822525
21100004412,out,12,-1.281392,36.822384
21100004412,out,13,-1.281093,36.822308
21100004412,out,14,-1.280954,36.822201
21100004412,out,15,-1.280192,36.821381
21100004412,out,16,-1.279736,36.82119
21100004412,out,17,-1.279077,36.821167
21100004412,out,18,-1.27801,36.821224
21100004412,out,19,-1.277516,36.821388
21100004412,out,20,-1.277327,36.821545
21100004412,out,21,-1.276722,36.822529
21100004412,out,22,-1.276513,36.822735
21100004412,out,23,-1.275368,36.823215
21100004412,out,24,-1.275368,36.823215
21100004412,out,25,-1.274631,36.824097
21100004412,out,26,-1.271894,36.827785
21100004412,out,27,-1.269016,36.832413
21100004412,out,28,-1.268624,36.832882
21100004412,out,29,-1.267015,36.834183
21100004412,out,30,-1.267015,36.834183
21100004412,out,31,-1.266184,36.834805
21100004412,out,32,-1.264883,36.836166
21100004412,out,33,-1.264232,36.837017
21100004412,out,34,-1.26221,36.840233
21100004412,out,35,-1.260896,36.841896
21100004412,out,36,-1.260459,36.842583
21100004412,out,37,-1.258493,36.846565
21100004412,out,38,-1.258225,36.847267
21100004412,out,39,-1.258072,36.848083
21100004412,out,40,-1.257968,36.851944
21100004412,out,41,-1.257815,36.852844
21100004412,out,42,-1.257595,36.85339
21100004412,out,43,-1.257252,36.854
21100004412,out,44,-1.256621,36.854897
21100004412,out,45,-1.255309,36.856529
21100004412,out,46,-1.25431,36.857586
21100004412,out,47,-1.249121,36.862492
21100004412,out,48,-1.245289,36.866272
21100004412,out,49,-1.244356,36.867256
21100004412,out,50,-1.24345,36.868107
21100004412,out,51,-1.242972,36.868404
21100004412,out,52,-1.241701,36.869034
21100004412,out,53,-1.237148,36.871078
21100004412,out,54,-1.236086,36.871731
21100004412,out,55,-1.235432,36.872292
21100004412,out,56,-1.23485,36.872913
21100004412,out,57,-1.230245,36.878613
21100004412,out,58,-1.228419,36.88097
21100004412,out,59,-1.224287,36.886677
21100004412,out,60,-1.223064,36.88802
21100004412,out,61,-1.221587,36.889446
21100004412,out,62,-1.221587,36.889446
21100004412,out,63,-1.221214,36.889664
21100004412,out,64,-1.221214,36.889664
21100004412,out,65,-1.220749,36.889671
21100004412,out,66,-1.220749,36.889671
21100004412,out,67,-1.218676,36.890564
21100004412,out,68,-1.218676,36.890564
21100004412,out,69,-1.218128,36.89093
21100004412,out,70,-1.21788,36.89119
21100004412,out,71,-1.215112,36.89254
21100004412,out,72,-1.213078,36.893055
21100004412,out,73,-1.209782,36.893723
21100004412,out,74,-1.20721,36.89431
21100004412,out,75,-1.206437,36.894535
21100004412,out,76,-1.206101,36.894691
21100004412,out,77,-1.205738,36.89489
21100004412,out,78,-1.204055,36.896164
21100004412,out,79,-1.202358,36.897194
21100004412,out,80,-1.20177,36.897839
21100004412,out,81,-1.200093,36.900154
21100004412,in,0,-1.200093,36.900154
21100004412,in,1,-1.20177,36.897839
21100004412,in,2,-1.202358,36.897194
21100004412,in,3,-1.204055,36.896164
21100004412,in,4,-1.205738,36.89489
21100004412,in,5,-1.206437,36.894535
21100004412,in,6,-1.20721,36.89431
21100004412,in,7,-1.209782,36.893723
21100004412,in,8,-1.213078,36.893055
21100004412,in,9,-1.214874,36.892612
21100004412,in,10,-1.215328,36.892445
21100004412,in,11,-1.21788,36.89119
21100004412,in,12,-1.218461,36.891045
21100004412,in,13,-1.218833,36.891052
21100004412,in,14,-1.219359,36.891277
21100004412,in,15,-1.219359,36.891277
21100004412,in,16,-1.219282,36.891476
21100004412,in,17,-1.219369,36.891697
21100004412,in,18,-1.219567,36.891792
21100004412,in,19,-1.219765,36.891739
21100004412,in,20,-1.21989,36.891571
21100004412,in,21,-1.21989,36.891392
21100004412,in,22,-1.22005,36.891197
21100004412,in,23,-1.221497,36.889904
21100004412,in,24,-1.221691,36.889557
21100004412,in,25,-1.221691,36.889557
21100004412,in,26,-1.223461,36.887852
21100004412,in,27,-1.224695,36.886414
21100004412,in,28,-1.228945,36.880554
21100004412,in,29,-1.234804,36.873184
21100004412,in,30,-1.235367,36.872547
21100004412,in,31,-1.236354,36.871704
21100004412,in,32,-1.237325,36.871124
21100004412,in,33,-1.243069,36.868626
21100004412,in,34,-1.243535,36.868343
21100004412,in,35,-1.244627,36.867348
21100004412,in,36,-1.245971,36.865894
21100004412,in,37,-1.251944,36.860168
21100004412,in,38,-1.254573,36.857571
21100004412,in,39,-1.256152,36.855774
21100004412,in,40,-1.257378,36.854153
21100004412,in,41,-1.257764,36.853489
21100004412,in,42,-1.25801,36.852863
21100004412,in,43,-1.258158,36.852009
21100004412,in,44,-1.258228,36.847679
21100004412,in,45,-1.258397,36.847126
21100004412,in,46,-1.260719,36.842503
21100004412,in,47,-1.261277,36.841648
21100004412,in,48,-1.261979,36.840855
21100004412,in,49,-1.262735,36.839775
21100004412,in,50,-1.262735,36.839775
21100004412,in,51,-1.264366,36.83707
21100004412,in,52,-1.265031,36.83617
21100004412,in,53,-1.265514,36.835629
21100004412,in,54,-1.266254,36.834942
21100004412,in,55,-1.266994,36.834351
21100004412,in,56,-1.266994,36.834351
21100004412,in,57,-1.268686,36.832954
21100004412,in,58,-1.269171,36.832439
21100004412,in,59,-1.272132,36.827644
21100004412,in,60,-1.274102,36.824978
21100004412,in,61,-1.275311,36.823521
21100004412,in,62,-1.275676,36.823257
21100004412,in,63,-1.276723,36.822781
21100004412,in,64,-1.277186,36.822029
21100004412,in,65,-1.277419,36.821823
21100004412,in,66,-1.277801,36.821796
21100004412,in,67,-1.278028,36.821857
21100004412,in,68,-1.278028,36.821857
21100004412,in,69,-1.27833,36.822002
21100004412,in,70,-1.278686,36.822044
21100004412,in,71,-1.279166,36.821861
21100004412,in,72,-1.279634,36.821453
21100004412,in,73,-1.279783,36.821423
21100004412,in,74,-1.28003,36.821487
21100004412,in,75,-1.280489,36.821831
21100004412,in,76,-1.280906,36.822269
21100004412,in,77,-1.281065,36.82267
21100004412,in,78,-1.281246,36.822887
21100004412,in,79,-1.281378,36.822975
21100004412,in,80,-1.281587,36.822884
21100004412,in,81,-1.2818,36.822948
21100004412,in,82,-1.28225,36.823502
21100004412,in,83,-1.28225,36.823502
21100004412,in,84,-1.281988,36.823696
21100004412,in,85,-1.281975,36.823971
21100004412,in,86,-1.281975,36.823971
21100004412,in,87,-1.282171,36.823978
21100004412,in,88,-1.282234,36.824028
21100004412,in,89,-1.282659,36.824615
21100004412,in,90,-1.282907,36.824871
20000004512,out,0,-1.285228,36.828903
20000004512,out,1,-1.284026,36.831249
20000004512,out,2,-1.284026,36.831249
20000004512,out,3,-1.281611,36.832012
20000004512,out,4,-1.281007,36.832161
20000004512,out,5,-1.281007,36.832161
20000004512,out,6,-1.280776,36.832001
20000004512,out,7,-1.280466,36.831978
20000004512,out,8,-1.280376,36.8321
20000004512,out,9,-1.280358,36.832321
20000004512,out,10,-1.280406,36.83242
20000004512,out,11,-1.279219,36.833508
20000004512,out,12,-1.278877,36.833698
20000004512,out,13,-1.278355,36.833862
20000004512,out,14,-1.277444,36.834007
20000004512,out,15,-1.27579,36.834785
20000004512,out,16,-1.273206,36.835724
20000004512,out,17,-1.27026,36.836895
20000004512,out,18,-1.270083,36.836895
20000004512,out,19,-1.268524,36.835728
20000004512,out,20,-1.268524,36.835728
20000004512,out,21,-1.268436,36.835533
20000004512,out,22,-1.268189,36.835327
20000004512,out,23,-1.267085,36.834526
20000004512,out,24,-1.266677,36.834515
20000004512,out,25,-1.265904,36.835087
20000004512,out,26,-1.265904,36.835087
20000004512,out,27,-1.264883,36.836166
20000004512,out,28,-1.264232,36.837017
20000004512,out,29,-1.262462,36.839863
20000004512,out,30,-1.261915,36.84063
20000004512,out,31,-1.260896,36.841896
20000004512,out,32,-1.260459,36.842583
20000004512,out,33,-1.258493,36.846565
20000004512,out,34,-1.258225,36.847267
20000004512,out,35,-1.258072,36.848083
20000004512,out,36,-1.257968,36.851944
20000004512,out,37,-1.257815,36.852844
20000004512,out,38,-1.257595,36.85339
20000004512,out,39,-1.257252,36.854
20000004512,out,40,-1.256621,36.854897
20000004512,out,41,-1.255309,36.856529
20000004512,out,42,-1.25431,36.857586
20000004512,out,43,-1.249121,36.862492
20000004512,out,44,-1.245289,36.866272
20000004512,out,45,-1.244356,36.867256
20000004512,out,46,-1.24345,36.868107
20000004512,out,47,-1.242972,36.868404
20000004512,out,48,-1.241701,36.869034
20000004512,out,49,-1.237148,36.871078
20000004512,out,50,-1.236086,36.871731
20000004512,out,51,-1.235432,36.872292
20000004512,out,52,-1.23485,36.872913
20000004512,out,53,-1.230245,36.878613
20000004512,out,54,-1.228419,36.88097
20000004512,out,55,-1.224287,36.886677
20000004512,out,56,-1.223064,36.88802
20000004512,out,57,-1.221587,36.889446
20000004512,out,58,-1.221587,36.889446
20000004512,out,59,-1.221214,36.889664
20000004512,out,60,-1.221214,36.889664
20000004512,out,61,-1.21964,36.891174
20000004512,out,62,-1.21964,36.891174
20000004512,out,63,-1.219486,36.89119
20000004512,out,64,-1.219359,36.891277
20000004512,out,65,-1.219292,36.891403
20000004512,out,66,-1.21929,36.891548
20000004512,out,67,-1.217802,36.893242
20000004512,out,68,-1.217802,36.893242
20000004512,out,69,-1.215891,36.895309
20000004512,out,70,-1.215056,36.89629
20000004512,out,71,-1.214528,36.897026
20000004512,out,72,-1.214037,36.897877
20000004512,out,73,-1.213496,36.899078
20000004512,out,74,-1.211156,36.906017
20000004512,out,75,-1.211156,36.906017
20000004512,out,76,-1.209688,36.910458
20000004512,out,77,-1.209184,36.911381
20000004512,out,78,-1.208487,36.912174
20000004512,out,79,-1.20477,36.915817
20000004512,out,80,-1.204233,36.916409
20000004512,out,81,-1.204112,36.916508
20000004512,out,82,-1.203959,36.916496
20000004512,out,83,-1.203812,36.916565
20000004512,out,84,-1.203694,36.916801
20000004512,out,85,-1.203694,36.916801
20000004512,out,86,-1.20373,36.916965
20000004512,out,87,-1.203817,36.917068
20000004512,out,88,-1.203984,36.917133
20000004512,out,89,-1.204118,36.917118
20000004512,out,90,-1.204118,36.917118
20000004512,out,91,-1.204268,36.917007
20000004512,in,0,-1.204332,36.916809
20000004512,in,1,-1.204331,36.916767
20000004512,in,2,-1.204331,36.916767
20000004512,in,3,-1.204542,36.916496
20000004512,in,4,-1.20536,36.915833
20000004512,in,5,-1.209223,36.912052
20000004512,in,6,-1.209802,36.911228
20000004512,in,7,-1.210216,36.910309
20000004512,in,8,-1.210216,36.910309
20000004512,in,9,-1.213662,36.899857
20000004512,in,10,-1.214086,36.898693
20000004512,in,11,-1.214403,36.898018
20000004512,in,12,-1.215003,36.897015
20000004512,in,13,-1.215985,36.895782
20000004512,in,14,-1.219526,36.891785
20000004512,in,15,-1.219526,36.891785
20000004512,in,16,-1.219688,36.891781
20000004512,in,17,-1.219799,36.891712
20000004512,in,18,-1.21989,36.891571
20000004512,in,19,-1.21989,36.891392
20000004512,in,20,-1.22005,36.891197
20000004512,in,21,-1.221497,36.889904
20000004512,in,22,-1.221691,36.889557
20000004512,in,23,-1.221691,36.889557
20000004512,in,24,-1.223461,36.887852
20000004512,in,25,-1.224695,36.886414
20000004512,in,26,-1.228945,36.880554
20000004512,in,27,-1.234804,36.873184
20000004512,in,28,-1.235367,36.872547
20000004512,in,29,-1.236354,36.871704
20000004512,in,30,-1.237325,36.871124
20000004512,in,31,-1.243069,36.868626
20000004512,in,32,-1.243535,36.868343
20000004512,in,33,-1.244627,36.867348
20000004512,in,34,-1.245971,36.865894
20000004512,in,35,-1.251944,36.860168
20000004512,in,36,-1.254573,36.857571
20000004512,in,37,-1.256152,36.855774
20000004512,in,38,-1.257378,36.854153
20000004512,in,39,-1.257764,36.853489
20000004512,in,40,-1.25801,36.852863
20000004512,in,41,-1.258158,36.852009
20000004512,in,42,-1.258204,36.848038
20000004512,in,43,-1.258271,36.847481
20000004512,in,44,-1.258501,36.846886
20000004512,in,45,-1.260265,36.84341
20000004512,in,46,-1.260265,36.84341
20000004512,in,47,-1.26052,36.843189
20000004512,in,48,-1.26088,36.842468
20000004512,in,49,-1.261355,36.841751
20000004512,in,50,-1.261355,36.841751
20000004512,in,51,-1.262003,36.841122
20000004512,in,52,-1.262474,36.840778
20000004512,in,53,-1.262474,36.840778
20000004512,in,54,-1.262727,36.840504
20000004512,in,55,-1.26299,36.839626
20000004512,in,56,-1.263575,36.838554
20000004512,in,57,-1.264982,36.836437
20000004512,in,58,-1.264982,36.836437
20000004512,in,59,-1.26553,36.835773
20000004512,in,60,-1.266057,36.83527
20000004512,in,61,-1.266057,36.83527
20000004512,in,62,-1.266313,36.835026
20000004512,in,63,-1.266642,36.834839
20000004512,in,64,-1.267058,36.834782
20000004512,in,65,-1.267245,36.834866
20000004512,in,66,-1.268386,36.835701
20000004512,in,67,-1.268524,36.835728
20000004512,in,68,-1.268524,36.835728
20000004512,in,69,-1.269943,36.8368
20000004512,in,70,-1.270169,36.836918
20000004512,in,71,-1.271,36.836628
20000004512,in,72,-1.273206,36.835724
20000004512,in,73,-1.27579,36.834785
20000004512,in,74,-1.277444,36.834007
20000004512,in,75,-1.278355,36.833862
20000004512,in,76,-1.278355,36.833862
20000004512,in,77,-1.278515,36.834045
20000004512,in,78,-1.278588,36.834267
20000004512,in,79,-1.279459,36.833458
20000004512,in,80,-1.279459,36.833458
20000004512,in,81,-1.279503,36.83337
20000004512,in,82,-1.280622,36.832493
20000004512,in,83,-1.280622,36.832493
20000004512,in,84,-1.280815,36.8325
20000004512,in,85,-1.280954,36.832439
20000004512,in,86,-1.281011,36.832355
20000004512,in,87,-1.281007,36.832161
20000004512,in,88,-1.286658,36.83046
20000004512,in,89,-1.286658,36.83046
20000004512,in,90,-1.286243,36.829288
20000004512,in,91,-1.285279,36.828804
20000004512,in,92,-1.285279,36.828804
20000004512,in,93,-1.285228,36.828903
20000004511,out,0,-1.285267,36.828606
20000004511,out,1,-1.285341,36.828648
20000004511,out,2,-1.285341,36.828648
20000004511,out,3,-1.284486,36.830326
20000004511,out,4,-1.284486,36.830326
20000004511,out,5,-1.281365,36.825665
20000004511,out,6,-1.281313,36.823784
20000004511,out,7,-1.281323,36.823532
20000004511,out,8,-1.281403,36.823303
20000004511,out,9,-1.281361,36.822952
20000004511,out,10,-1.281361,36.822952
20000004511,out,11,-1.28148,36.822899
20000004511,out,12,-1.281609,36.822731
20000004511,out,13,-1.281631,36.822651
20000004511,out,14,-1.281573,36.822556
20000004511,out,15,-1.281391,36.822384
20000004511,out,16,-1.281076,36.822285
20000004511,out,17,-1.280308,36.821445
20000004511,out,18,-1.279739,36.821182
20000004511,out,19,-1.279078,36.821163
20000004511,out,20,-1.27801,36.821224
20000004511,out,21,-1.277516,36.821388
20000004511,out,22,-1.277327,36.821545
20000004511,out,23,-1.27671,36.822426
20000004511,out,24,-1.276465,36.822678
20000004511,out,25,-1.275384,36.823181
20000004511,out,26,-1.275384,36.823181
20000004511,out,27,-1.274349,36.824413
20000004511,out,28,-1.272027,36.827549
20000004511,out,29,-1.268859,36.832581
20000004511,out,30,-1.268292,36.833138
20000004511,out,31,-1.267015,36.834183
20000004511,out,32,-1.267015,36.834183
20000004511,out,33,-1.266184,36.834805
20000004511,out,34,-1.264883,36.836166
20000004511,out,35,-1.264232,36.837017
20000004511,out,36,-1.26221,36.840233
20000004511,out,37,-1.260896,36.841896
20000004511,out,38,-1.260459,36.842583
20000004511,out,39,-1.258493,36.846565
20000004511,out,40,-1.258225,36.847267
20000004511,out,41,-1.258072,36.848083
20000004511,out,42,-1.257968,36.851944
20000004511,out,43,-1.257815,36.852844
20000004511,out,44,-1.257595,36.85339
20000004511,out,45,-1.257252,36.854
20000004511,out,46,-1.256621,36.854897
20000004511,out,47,-1.255309,36.856529
20000004511,out,48,-1.25431,36.857586
20000004511,out,49,-1.249121,36.862492
20000004511,out,50,-1.245289,36.866272
20000004511,out,51,-1.244356,36.867256
20000004511,out,52,-1.24345,36.868107
20000004511,out,53,-1.242972,36.868404
20000004511,out,54,-1.241701,36.869034
20000004511,out,55,-1.237148,36.871078
20000004511,out,56,-1.236086,36.871731
20000004511,out,57,-1.235432,36.872292
20000004511,out,58,-1.23485,36.872913
20000004511,out,59,-1.230245,36.878613
20000004511,out,60,-1.228419,36.88097
20000004511,out,61,-1.224287,36.886677
20000004511,out,62,-1.223064,36.88802
20000004511,out,63,-1.221587,36.889446
20000004511,out,64,-1.221587,36.889446
20000004511,out,65,-1.221281,36.889603
20000004511,out,66,-1.221281,36.889603
20000004511,out,67,-1.219649,36.891151
20000004511,out,68,-1.21949,36.891171
20000004511,out,69,-1.219365,36.891251
20000004511,out,70,-1.219272,36.891434
20000004511,out,71,-1.219283,36.891556
20000004511,out,72,-1.217726,36.89333
20000004511,out,73,-1.216449,36.894604
20000004511,out,74,-1.215012,36.896221
20000004511,out,75,-1.214223,36.897392
20000004511,out,76,-1.213785,36.898251
20000004511,out,77,-1.213465,36.899078
20000004511,out,78,-1.209688,36.910458
20000004511,out,79,-1.209345,36.911129
20000004511,out,80,-1.208996,36.911621
20000004511,out,81,-1.208487,36.912174
20000004511,out,82,-1.20477,36.915817
20000004511,out,83,-1.204233,36.916409
20000004511,out,84,-1.204112,36.916508
20000004511,out,85,-1.203926,36.916504
20000004511,out,86,-1.203809,36.916561
20000004511,out,87,-1.203545,36.917004
20000004511,out,88,-1.203277,36.917259
20000004511,out,89,-1.201467,36.918652
20000004511,out,90,-1.200339,36.919643
20000004511,out,91,-1.195196,36.924625
20000004511,out,92,-1.187548,36.931828
20000004511,out,93,-1.18675,36.932644
20000004511,out,94,-1.185655,36.93364
20000004511,out,95,-1.182834,36.936413
20000004511,out,96,-1.180416,36.938652
20000004511,out,97,-1.179863,36.93922
20000004511,in,0,-1.179863,36.93922
20000004511,in,1,-1.178721,36.940289
20000004511,in,2,-1.177718,36.940639
20000004511,in,3,-1.177455,36.940765
20000004511,in,4,-1.176828,36.941208
20000004511,in,5,-1.174714,36.942867
20000004511,in,6,-1.174141,36.943417
20000004511,in,7,-1.173712,36.943985
20000004511,in,8,-1.172961,36.94519
20000004511,in,9,-1.168568,36.952915
20000004511,in,10,-1.167764,36.954288
20000004511,in,11,-1.167378,36.954857
20000004511,in,12,-1.166822,36.955505
20000004511,in,13,-1.166251,36.956039
20000004511,in,14,-1.165849,36.956299
20000004511,in,15,-1.164653,36.956909
20000004511,in,16,-1.164653,36.956909
20000004511,in,17,-1.164712,36.957199
20000004511,in,18,-1.164932,36.957493
20000004511,in,19,-1.164932,36.957493
20000004511,in,20,-1.165474,36.957253
20000004511,in,21,-1.165876,36.956963
20000004511,in,22,-1.167024,36.955921
20000004511,in,23,-1.16763,36.955208
20000004511,in,24,-1.168193,36.954399
20000004511,in,25,-1.172206,36.947392
20000004511,in,26,-1.172598,36.946793
20000004511,in,27,-1.173084,36.946178
20000004511,in,28,-1.173781,36.945438
20000004511,in,29,-1.176168,36.943008
20000004511,in,30,-1.179584,36.940117
20000004511,in,31,-1.181522,36.938309
20000004511,in,32,-1.182851,36.93697
20000004511,in,33,-1.187592,36.932549
20000004511,in,34,-1.189249,36.930965
20000004511,in,35,-1.191595,36.928616
20000004511,in,36,-1.195775,36.924664
20000004511,in,37,-1.196225,36.92429
20000004511,in,38,-1.198278,36.922123
20000004511,in,39,-1.199956,36.920498
20000004511,in,40,-1.203716,36.91732
20000004511,in,41,-1.204217,36.917061
20000004511,in,42,-1.204321,36.916904
20000004511,in,43,-1.20433,36.916767
20000004511,in,44,-1.20536,36.915833
20000004511,in,45,-1.209227,36.912045
20000004511,in,46,-1.209807,36.911221
20000004511,in,47,-1.210097,36.910629
20000004511,in,48,-1.213662,36.899857
20000004511,in,49,-1.214086,36.898693
20000004511,in,50,-1.214612,36.897621
20000004511,in,51,-1.215003,36.897015
20000004511,in,52,-1.215985,36.895782
20000004511,in,53,-1.216675,36.895042
20000004511,in,54,-1.218788,36.89259
20000004511,in,55,-1.219526,36.891785
20000004511,in,56,-1.219688,36.891781
20000004511,in,57,-1.219831,36.891674
20000004511,in,58,-1.219893,36.89156
20000004511,in,59,-1.21989,36.891392
20000004511,in,60,-1.22011,36.891136
20000004511,in,61,-1.221497,36.889904
20000004511,in,62,-1.221497,36.889904
20000004511,in,63,-1.221691,36.889557
20000004511,in,64,-1.223461,36.887852
20000004511,in,65,-1.224695,36.886414
20000004511,in,66,-1.228945,36.880554
20000004511,in,67,-1.234804,36.873184
20000004511,in,68,-1.235367,36.872547
20000004511,in,69,-1.236354,36.871704
20000004511,in,70,-1.237325,36.871124
20000004511,in,71,-1.243069,36.868626
20000004511,in,72,-1.243535,36.868343
20000004511,in,73,-1.244627,36.867348
20000004511,in,74,-1.245971,36.865894
20000004511,in,75,-1.251944,36.860168
20000004511,in,76,-1.254573,36.857571
20000004511,in,77,-1.256576,36.855259
20000004511,in,78,-1.257378,36.854153
20000004511,in,79,-1.257764,36.853489
20000004511,in,80,-1.25801,36.852863
20000004511,in,81,-1.258102,36.852486
20000004511,in,82,-1.25819,36.851212
20000004511,in,83,-1.258204,36.848038
20000004511,in,84,-1.258228,36.847679
20000004511,in,85,-1.258397,36.847126
20000004511,in,86,-1.260719,36.842503
20000004511,in,87,-1.261277,36.841648
20000004511,in,88,-1.261979,36.840855
20000004511,in,89,-1.262735,36.839775
20000004511,in,90,-1.262735,36.839775
20000004511,in,91,-1.264336,36.837093
20000004511,in,92,-1.265012,36.836182
20000004511,in,93,-1.265509,36.835625
20000004511,in,94,-1.266265,36.834923
20000004511,in,95,-1.268238,36.833336
20000004511,in,96,-1.268925,36.832714
20000004511,in,97,-1.269157,36.832432
20000004511,in,98,-1.272107,36.827637
20000004511,in,99,-1.275028,36.823746
20000004511,in,100,-1.275469,36.823296
20000004511,in,101,-1.276156,36.82299
20000004511,in,102,-1.276744,36.822609
20000004511,in,103,-1.276744,36.822609
20000004511,in,104,-1.277303,36.821709
20000004511,in,105,-1.277641,36.821415
20000004511,in,106,-1.278007,36.821308
20000004511,in,107,-1.279198,36.821213
20000004511,in,108,-1.279756,36.821266
20000004511,in,109,-1.280126,36.821415
20000004511,in,110,-1.28039,36.821613
20000004511,in,111,-1.281019,36.82233
20000004511,in,112,-1.281019,36.82233
20000004511,in,113,-1.280993,36.82243
20000004511,in,114,-1.281099,36.822731
20000004511,in,115,-1.281361,36.822952
20000004511,in,116,-1.281403,36.823303
20000004511,in,117,-1.281323,36.823532
20000004511,in,118,-1.281313,36.823784
20000004511,in,119,-1.281365,36.825665
20000004511,in,120,-1.282503,36.827351
20000004511,in,121,-1.282503,36.827351
20000004511,in,122,-1.283048,36.827003
20000004511,in,123,-1.283048,36.827003
20000004511,in,124,-1.283251,36.827274
20000004511,in,125,-1.283533,36.827496
20000004511,in,126,-1.284449,36.827934
20000004511,in,127,-1.284928,36.828411
20000004511,in,128,-1.285267,36.828606
20000004513,out,0,-1.205407,36.918648
20000004513,out,1,-1.205788,36.919567
20000004513,out,2,-1.205973,36.919899
20000004513,out,3,-1.206726,36.920601
20000004513,out,4,-1.207606,36.921783
20000004513,out,5,-1.208205,36.922333
20000004513,out,6,-1.208205,36.922333
20000004513,out,7,-1.207851,36.92297
20000004513,out,8,-1.207727,36.924828
20000004513,out,9,-1.207753,36.925079
20000004513,out,10,-1.208618,36.927261
20000004513,out,11,-1.209083,36.928226
20000004513,in,0,-1.209083,36.928226
20000004513,in,1,-1.208618,36.927261
20000004513,in,2,-1.207753,36.925079
20000004513,in,3,-1.207727,36.924828
20000004513,in,4,-1.207851,36.92297
20000004513,in,5,-1.208205,36.922333
20000004513,in,6,-1.208205,36.922333
20000004513,in,7,-1.207606,36.921783
20000004513,in,8,-1.206726,36.920601
20000004513,in,9,-1.205973,36.919899
20000004513,in,10,-1.205788,36.919567
20000004513,in,11,-1.205407,36.918648
30000046B11,out,0,-1.285927,36.827461
30000046B11,out,1,-1.284026,36.831249
30000046B11,out,2,-1.284026,36.831249
30000046B11,out,3,-1.281611,36.832012
30000046B11,out,4,-1.281007,36.832161
30000046B11,out,5,-1.281007,36.832161
30000046B11,out,6,-1.280776,36.832001
30000046B11,out,7,-1.280466,36.831978
30000046B11,out,8,-1.280376,36.8321
30000046B11,out,9,-1.280358,36.832321
30000046B11,out,10,-1.280406,36.83242
30000046B11,out,11,-1.279219,36.833508
30000046B11,out,12,-1.278877,36.833698
30000046B11,out,13,-1.278355,36.833862
30000046B11,out,14,-1.277444,36.834007
30000046B11,out,15,-1.27579,36.834785
30000046B11,out,16,-1.273206,36.835724
30000046B11,out,17,-1.271,36.836628
30000046B11,out,18,-1.270184,36.836914
30000046B11,out,19,-1.270184,36.836914
30000046B11,out,20,-1.27007,36.837566
30000046B11,out,21,-1.270053,36.837639
30000046B11,out,22,-1.268959,36.84193
30000046B11,out,23,-1.267462,36.843559
30000046B11,out,24,-1.26723,36.844017
30000046B11,out,25,-1.265946,36.85043
30000046B11,out,26,-1.265886,36.858452
30000046B11,out,27,-1.265774,36.858791
30000046B11,out,28,-1.265612,36.859039
30000046B11,out,29,-1.264907,36.859509
30000046B11,out,30,-1.264515,36.85984
30000046B11,out,31,-1.264238,36.860188
30000046B11,out,32,-1.264043,36.86055
30000046B11,out,33,-1.263819,36.861179
30000046B11,out,34,-1.26161,36.868938
30000046B11,out,35,-1.261453,36.869598
30000046B11,out,36,-1.261441,36.869965
30000046B11,out,37,-1.261944,36.87326
30000046B11,out,38,-1.261944,36.87326
30000046B11,out,39,-1.262555,36.877377
30000046B11,out,40,-1.262526,36.878223
30000046B11,out,41,-1.262445,36.878757
30000046B11,in,0,-1.262445,36.878757
30000046B11,in,1,-1.262526,36.878223
30000046B11,in,2,-1.262555,36.877377
30000046B11,in,3,-1.261944,36.87326
30000046B11,in,4,-1.261944,36.87326
30000046B11,in,5,-1.261441,36.869965
30000046B11,in,6,-1.261453,36.869598
30000046B11,in,7,-1.26161,36.868938
30000046B11,in,8,-1.263819,36.861179
30000046B11,in,9,-1.264043,36.86055
30000046B11,in,10,-1.264238,36.860188
30000046B11,in,11,-1.264515,36.85984
30000046B11,in,12,-1.264907,36.859509
30000046B11,in,13,-1.265612,36.859039
30000046B11,in,14,-1.265774,36.858791
30000046B11,in,15,-1.265886,36.858452
30000046B11,in,16,-1.265946,36.85043
30000046B11,in,17,-1.26723,36.844017
30000046B11,in,18,-1.267462,36.843559
30000046B11,in,19,-1.268959,36.84193
30000046B11,in,20,-1.270053,36.837639
30000046B11,in,21,-1.27007,36.837566
30000046B11,in,22,-1.27033,36.836273
30000046B11,in,23,-1.27034,36.835999
30000046B11,in,24,-1.269482,36.832848
30000046B11,in,25,-1.269482,36.832848
30000046B11,in,26,-1.26967,36.832802
30000046B11,in,27,-1.26967,36.832802
30000046B11,in,28,-1.269398,36.83263
30000046B11,in,29,-1.269268,36.832428
30000046B11,in,30,-1.269268,36.832428
30000046B11,in,31,-1.269997,36.831249
30000046B11,in,32,-1.269997,36.831249
30000046B11,in,33,-1.27224,36.827644
30000046B11,in,34,-1.27224,36.827644
30000046B11,in,35,-1.274102,36.825138
30000046B11,in,36,-1.274401,36.824615
30000046B11,in,37,-1.275311,36.823521
30000046B11,in,38,-1.275676,36.823257
30000046B11,in,39,-1.276723,36.822781
30000046B11,in,40,-1.277186,36.822029
30000046B11,in,41,-1.277186,36.822029
30000046B11,in,42,-1.277304,36.821709
30000046B11,in,43,-1.277492,36.82151
30000046B11,in,44,-1.277822,36.821342
30000046B11,in,45,-1.279468,36.821247
30000046B11,in,46,-1.27993,36.821365
30000046B11,in,47,-1.280391,36.82164
30000046B11,in,48,-1.281037,36.822353
30000046B11,in,49,-1.281037,36.822353
30000046B11,in,50,-1.281019,36.822552
30000046B11,in,51,-1.281116,36.82275
30000046B11,in,52,-1.281378,36.822975
30000046B11,in,53,-1.281587,36.822884
30000046B11,in,54,-1.2818,36.822948
30000046B11,in,55,-1.281915,36.823063
30000046B11,in,56,-1.284202,36.825943
30000046B11,in,57,-1.286187,36.826923
30000046B11,in,58,-1.286187,36.826923
30000046B11,in,59,-1.285927,36.827461
30000004611,out,0,-1.285927,36.827461
30000004611,out,1,-1.284026,36.831249
30000004611,out,2,-1.284026,36.831249
30000004611,out,3,-1.281611,36.832012
30000004611,out,4,-1.281007,36.832161
30000004611,out,5,-1.281007,36.832161
30000004611,out,6,-1.280776,36.832001
30000004611,out,7,-1.280466,36.831978
30000004611,out,8,-1.280376,36.8321
30000004611,out,9,-1.280358,36.832321
30000004611,out,10,-1.280406,36.83242
30000004611,out,11,-1.279219,36.833508
30000004611,out,12,-1.278877,36.833698
30000004611,out,13,-1.278355,36.833862
30000004611,out,14,-1.277444,36.834007
30000004611,out,15,-1.27579,36.834785
30000004611,out,16,-1.273206,36.835724
30000004611,out,17,-1.271,36.836628
30000004611,out,18,-1.270184,36.836914
30000004611,out,19,-1.270184,36.836914
30000004611,out,20,-1.27007,36.837566
30000004611,out,21,-1.270053,36.837639
30000004611,out,22,-1.268959,36.84193
30000004611,out,23,-1.267462,36.843559
30000004611,out,24,-1.26723,36.844017
30000004611,out,25,-1.265946,36.85043
30000004611,out,26,-1.265886,36.858452
30000004611,out,27,-1.265774,36.858791
30000004611,out,28,-1.265612,36.859039
30000004611,out,29,-1.264907,36.859509
30000004611,out,30,-1.264515,36.85984
30000004611,out,31,-1.264238,36.860188
30000004611,out,32,-1.264043,36.86055
30000004611,out,33,-1.263819,36.861179
30000004611,out,34,-1.26161,36.868938
30000004611,out,35,-1.261453,36.869598
30000004611,out,36,-1.261441,36.869965
30000004611,out,37,-1.261944,36.87326
30000004611,in,0,-1.261944,36.87326
30000004611,in,1,-1.261441,36.869965
30000004611,in,2,-1.261453,36.869598
30000004611,in,3,-1.26161,36.868938
30000004611,in,4,-1.263819,36.861179
30000004611,in,5,-1.264043,36.86055
30000004611,in,6,-1.264238,36.860188
30000004611,in,7,-1.264515,36.85984
30000004611,in,8,-1.264907,36.859509
30000004611,in,9,-1.265612,36.859039
30000004611,in,10,-1.265774,36.858791
30000004611,in,11,-1.265886,36.858452
30000004611,in,12,-1.265946,36.85043
30000004611,in,13,-1.26723,36.844017
30000004611,in,14,-1.267462,36.843559
30000004611,in,15,-1.268959,36.84193
30000004611,in,16,-1.270053,36.837639
30000004611,in,17,-1.27007,36.837566
30000004611,in,18,-1.27033,36.836273
30000004611,in,19,-1.27034,36.835999
30000004611,in,20,-1.269482,36.832848
30000004611,in,21,-1.269482,36.832848
30000004611,in,22,-1.26967,36.832802
30000004611,in,23,-1.26967,36.832802
30000004611,in,24,-1.269398,36.83263
30000004611,in,25,-1.269268,36.832428
30000004611,in,26,-1.269268,36.832428
30000004611,in,27,-1.269997,36.831249
30000004611,in,28,-1.269997,36.831249
30000004611,in,29,-1.27224,36.827644
30000004611,in,30,-1.27224,36.827644
30000004611,in,31,-1.274102,36.825138
30000004611,in,32,-1.274401,36.824615
30000004611,in,33,-1.275311,36.823521
30000004611,in,34,-1.275676,36.823257
30000004611,in,35,-1.276723,36.822781
30000004611,in,36,-1.277186,36.822029
30000004611,in,37,-1.277186,36.822029
30000004611,in,38,-1.277304,36.821709
30000004611,in,39,-1.277492,36.82151
30000004611,in,40,-1.277822,36.821342
30000004611,in,41,-1.279468,36.821247
30000004611,in,42,-1.27993,36.821365
30000004611,in,43,-1.280391,36.82164
30000004611,in,44,-1.281037,36.822353
30000004611,in,45,-1.281037,36.822353
30000004611,in,46,-1.281019,36.822552
30000004611,in,47,-1.281116,36.82275
30000004611,in,48,-1.281378,36.822975
30000004611,in,49,-1.281587,36.822884
30000004611,in,50,-1.2818,36.822948
30000004611,in,51,-1.281915,36.823063
30000004611,in,52,-1.284202,36.825943
30000004611,in,53,-1.286187,36.826923
30000004611,in,54,-1.286187,36.826923
30000004611,in,55,-1.285927,36.827461
60200004611,out,0,-1.285919,36.824303
60200004611,out,1,-1.285974,36.824184
60200004611,out,2,-1.285974,36.824184
60200004611,out,3,-1.285239,36.823895
60200004611,out,4,-1.285239,36.823895
60200004611,out,5,-1.285041,36.824314
60200004611,out,6,-1.285041,36.824314
60200004611,out,7,-1.284324,36.82346
60200004611,out,8,-1.283887,36.822845
60200004611,out,9,-1.283887,36.822845
60200004611,out,10,-1.286493,36.8176
60200004611,out,11,-1.286647,36.8176
60200004611,out,12,-1.28678,36.817478
60200004611,out,13,-1.286807,36.817371
60200004611,out,14,-1.286721,36.817169
60200004611,out,15,-1.286778,36.816936
60200004611,out,16,-1.289285,36.811935
60200004611,out,17,-1.289504,36.810772
60200004611,out,18,-1.289645,36.810368
60200004611,out,19,-1.289645,36.810368
60200004611,out,20,-1.291604,36.806801
60200004611,out,21,-1.292395,36.805164
60200004611,out,22,-1.293459,36.80323
60200004611,out,23,-1.293701,36.802956
60200004611,out,24,-1.294137,36.802711
60200004611,out,25,-1.294897,36.80254
60200004611,out,26,-1.29514,36.802567
60200004611,out,27,-1.29514,36.802567
60200004611,out,28,-1.295284,36.802601
60200004611,out,29,-1.295404,36.802471
60200004611,out,30,-1.29535,36.802345
60200004611,out,31,-1.295251,36.802299
60200004611,out,32,-1.295278,36.801487
60200004611,out,33,-1.295207,36.800591
60200004611,out,34,-1.295276,36.800461
60200004611,out,35,-1.295187,36.799679
60200004611,out,36,-1.294838,36.798691
60200004611,out,37,-1.293988,36.795277
60200004611,out,38,-1.292251,36.787273
60200004611,out,39,-1.292324,36.784306
60200004611,out,40,-1.292817,36.774567
60200004611,out,41,-1.292817,36.774567
60200004611,out,42,-1.290315,36.774658
60200004611,out,43,-1.290315,36.774658
60200004611,out,44,-1.2902,36.77457
60200004611,out,45,-1.290141,36.774075
60200004611,out,46,-1.289353,36.753883
60200004611,out,47,-1.289266,36.753036
60200004611,out,48,-1.286263,36.745739
60200004611,out,49,-1.285655,36.744747
60200004611,out,50,-1.283915,36.742599
60200004611,in,0,-1.283914,36.742599
60200004611,in,1,-1.285655,36.744747
60200004611,in,2,-1.286263,36.745739
60200004611,in,3,-1.289186,36.752808
60200004611,in,4,-1.289266,36.753036
60200004611,in,5,-1.289334,36.753567
60200004611,in,6,-1.289334,36.753567
60200004611,in,7,-1.290141,36.774075
60200004611,in,8,-1.290007,36.774395
60200004611,in,9,-1.289997,36.774685
60200004611,in,10,-1.289997,36.774685
60200004611,in,11,-1.292817,36.774567
60200004611,in,12,-1.292817,36.774567
60200004611,in,13,-1.292324,36.784306
60200004611,in,14,-1.292251,36.787273
60200004611,in,15,-1.293654,36.793823
60200004611,in,16,-1.294883,36.798828
60200004611,in,17,-1.295122,36.800037
60200004611,in,18,-1.295127,36.800274
60200004611,in,19,-1.295053,36.800442
60200004611,in,20,-1.295107,36.800556
60200004611,in,21,-1.295207,36.800591
60200004611,in,22,-1.29525,36.800735
60200004611,in,23,-1.295251,36.802299
60200004611,in,24,-1.295251,36.802299
60200004611,in,25,-1.294944,36.80246
60200004611,in,26,-1.294068,36.802662
60200004611,in,27,-1.293722,36.802834
60200004611,in,28,-1.293408,36.803154
60200004611,in,29,-1.289896,36.80975
60200004611,in,30,-1.289612,36.810001
60200004611,in,31,-1.289475,36.810303
60200004611,in,32,-1.289475,36.810303
60200004611,in,33,-1.289192,36.811798
60200004611,in,34,-1.28904,36.81205
60200004611,in,35,-1.288684,36.812912
60200004611,in,36,-1.286663,36.816948
60200004611,in,37,-1.286569,36.817074
60200004611,in,38,-1.286395,36.817123
60200004611,in,39,-1.286307,36.817242
60200004611,in,40,-1.286302,36.817425
60200004611,in,41,-1.286349,36.817513
60200004611,in,42,-1.285438,36.819485
60200004611,in,43,-1.283576,36.82317
60200004611,in,44,-1.283306,36.82354
60200004611,in,45,-1.283306,36.82354
60200004611,in,46,-1.284673,36.825207
60200004611,in,47,-1.285267,36.825596
60200004611,in,48,-1.285267,36.825596
60200004611,in,49,-1.285527,36.825127
60000004611,out,0,-1.285919,36.824303
60000004611,out,1,-1.285974,36.824184
60000004611,out,2,-1.285974,36.824184
60000004611,out,3,-1.285239,36.823895
60000004611,out,4,-1.285239,36.823895
60000004611,out,5,-1.285041,36.824314
60000004611,out,6,-1.285041,36.824314
60000004611,out,7,-1.284324,36.82346
60000004611,out,8,-1.283887,36.822845
60000004611,out,9,-1.283887,36.822845
60000004611,out,10,-1.286493,36.8176
60000004611,out,11,-1.286647,36.8176
60000004611,out,12,-1.28678,36.817478
60000004611,out,13,-1.286807,36.817371
60000004611,out,14,-1.286721,36.817169
60000004611,out,15,-1.286778,36.816936
60000004611,out,16,-1.289285,36.811935
60000004611,out,17,-1.289504,36.810772
60000004611,out,18,-1.289645,36.810368
60000004611,out,19,-1.289645,36.810368
60000004611,out,20,-1.291604,36.806801
60000004611,out,21,-1.292395,36.805164
60000004611,out,22,-1.293459,36.80323
60000004611,out,23,-1.293701,36.802956
60000004611,out,24,-1.294137,36.802711
60000004611,out,25,-1.294897,36.80254
60000004611,out,26,-1.29514,36.802567
60000004611,out,27,-1.29514,36.802567
60000004611,out,28,-1.295284,36.802601
60000004611,out,29,-1.295404,36.802471
60000004611,out,30,-1.29535,36.802345
60000004611,out,31,-1.295251,36.802299
60000004611,out,32,-1.295278,36.801487
60000004611,out,33,-1.295207,36.800591
60000004611,out,34,-1.295276,36.800461
60000004611,out,35,-1.295187,36.799679
60000004611,out,36,-1.294838,36.798691
60000004611,out,37,-1.293988,36.795277
60000004611,out,38,-1.292314,36.787628
60000004611,in,0,-1.292314,36.787628
60000004611,in,1,-1.293654,36.793823
60000004611,in,2,-1.294883,36.798828
60000004611,in,3,-1.295122,36.800037
60000004611,in,4,-1.295127,36.800274
60000004611,in,5,-1.295053,36.800442
60000004611,in,6,-1.295107,36.800556
60000004611,in,7,-1.295207,36.800591
60000004611,in,8,-1.29525,36.800735
60000004611,in,9,-1.295251,36.802299
60000004611,in,10,-1.295251,36.802299
60000004611,in,11,-1.294944,36.80246
60000004611,in,12,-1.294068,36.802662
60000004611,in,13,-1.293722,36.802834
60000004611,in,14,-1.293408,36.803154
60000004611,in,15,-1.289896,36.80975
60000004611,in,16,-1.289612,36.810001
60000004611,in,17,-1.289475,36.810303
60000004611,in,18,-1.289475,36.810303
60000004611,in,19,-1.289192,36.811798
60000004611,in,20,-1.28904,36.81205
60000004611,in,21,-1.288684,36.812912
60000004611,in,22,-1.286663,36.816948
60000004611,in,23,-1.286569,36.817074
60000004611,in,24,-1.286395,36.817123
60000004611,in,25,-1.286307,36.817242
60000004611,in,26,-1.286302,36.817425
60000004611,in,27,-1.286349,36.817513
60000004611,in,28,-1.286024,36.818245
60000004611,in,29,-1.283786,36.82275
60000004611,in,30,-1.283786,36.82275
60000004611,in,31,-1.285041,36.824314
60000004611,in,32,-1.285041,36.824314
60000004611,in,33,-1.28483,36.824692
60000004611,in,34,-1.28483,36.824692
60000004611,in,35,-1.284809,36.824684
60000004611,in,36,-1.284661,36.825195
60000004611,in,37,-1.284661,36.825195
60000004611,in,38,-1.285246,36.825569
60000004611,in,39,-1.285242,36.825603
60000004611,in,40,-1.285268,36.825659
60000004611,in,41,-1.285311,36.825702
60000004611,in,42,-1.28536,36.825734
60000004611,in,43,-1.285411,36.825766
80100048A11,out,0,-1.282794,36.82505
80100048A11,out,1,-1.283306,36.82465
80100048A11,out,2,-1.283306,36.82465
80100048A11,out,3,-1.281553,36.822525
80100048A11,out,4,-1.281392,36.822384
80100048A11,out,5,-1.281093,36.822308
80100048A11,out,6,-1.280994,36.82222
80100048A11,out,7,-1.280331,36.821404
80100048A11,out,8,-1.280098,36.821224
80100048A11,out,9,-1.280098,36.821224
80100048A11,out,10,-1.279546,36.821064
80100048A11,out,11,-1.279546,36.821064
80100048A11,out,12,-1.279329,36.820831
80100048A11,out,13,-1.279342,36.820572
80100048A11,out,14,-1.280085,36.819317
80100048A11,out,15,-1.280123,36.819115
80100048A11,out,16,-1.280123,36.819115
80100048A11,out,17,-1.280066,36.818707
80100048A11,out,18,-1.280243,36.818275
80100048A11,out,19,-1.280243,36.818275
80100048A11,out,20,-1.28175,36.815289
80100048A11,out,21,-1.28175,36.815289
80100048A11,out,22,-1.281935,36.815182
80100048A11,out,23,-1.281993,36.815044
80100048A11,out,24,-1.281935,36.814842
80100048A11,out,25,-1.281829,36.814777
80100048A11,out,26,-1.281703,36.814766
80100048A11,out,27,-1.281545,36.814838
80100048A11,out,28,-1.280125,36.814201
80100048A11,out,29,-1.279305,36.814034
80100048A11,out,30,-1.278078,36.813877
80100048A11,out,31,-1.277231,36.813675
80100048A11,out,32,-1.276072,36.813187
80100048A11,out,33,-1.275296,36.812695
80100048A11,out,34,-1.275296,36.812695
80100048A11,out,35,-1.274499,36.812012
80100048A11,out,36,-1.274144,36.811615
80100048A11,out,37,-1.273131,36.809734
80100048A11,out,38,-1.272256,36.808544
80100048A11,out,39,-1.27085,36.807278
80100048A11,out,40,-1.27085,36.807278
80100048A11,out,41,-1.271012,36.807056
80100048A11,out,42,-1.271267,36.806187
80100048A11,out,43,-1.271824,36.805252
80100048A11,out,44,-1.272488,36.803761
80100048A11,out,45,-1.272524,36.803375
80100048A11,out,46,-1.272267,36.802521
80100048A11,out,47,-1.272141,36.802254
80100048A11,out,48,-1.271828,36.801712
80100048A11,out,49,-1.270604,36.799927
80100048A11,out,50,-1.270172,36.799114
80100048A11,out,51,-1.270111,36.798878
80100048A11,out,52,-1.269874,36.796211
80100048A11,out,53,-1.269854,36.794849
80100048A11,out,54,-1.269645,36.793491
80100048A11,out,55,-1.26958,36.791908
80100048A11,out,56,-1.269296,36.790886
80100048A11,out,57,-1.269226,36.789661
80100048A11,out,58,-1.269079,36.788433
80100048A11,out,59,-1.268548,36.786499
80100048A11,out,60,-1.268376,36.785522
80100048A11,out,61,-1.267749,36.783821
80100048A11,out,62,-1.267486,36.78286
80100048A11,out,63,-1.267683,36.782257
80100048A11,out,64,-1.268513,36.780563
80100048A11,out,65,-1.268513,36.780563
80100048A11,out,66,-1.269493,36.780609
80100048A11,out,67,-1.269678,36.780582
80100048A11,out,68,-1.269973,36.780338
80100048A11,out,69,-1.27042,36.779598
80100048A11,out,70,-1.271711,36.778831
80100048A11,out,71,-1.271711,36.778831
80100048A11,out,72,-1.271203,36.777149
80100048A11,out,73,-1.270972,36.775204
80100048A11,out,74,-1.270972,36.775204
80100048A11,out,75,-1.271592,36.775017
80100048A11,out,76,-1.272383,36.774586
80100048A11,out,77,-1.272886,36.774242
80100048A11,out,78,-1.275312,36.772194
80100048A11,out,79,-1.276357,36.771431
80100048A11,out,80,-1.280166,36.769104
80100048A11,in,0,-1.280166,36.769104
80100048A11,in,1,-1.276357,36.771431
80100048A11,in,2,-1.275312,36.772194
80100048A11,in,3,-1.272886,36.774242
80100048A11,in,4,-1.272383,36.774586
80100048A11,in,5,-1.271592,36.775017
80100048A11,in,6,-1.270972,36.775204
80100048A11,in,7,-1.270972,36.775204
80100048A11,in,8,-1.271203,36.777149
80100048A11,in,9,-1.271711,36.778831
80100048A11,in,10,-1.271711,36.778831
80100048A11,in,11,-1.27042,36.779598
80100048A11,in,12,-1.269973,36.780338
80100048A11,in,13,-1.269678,36.780582
80100048A11,in,14,-1.269493,36.780609
80100048A11,in,15,-1.268513,36.780563
80100048A11,in,16,-1.268513,36.780563
80100048A11,in,17,-1.267683,36.782257
80100048A11,in,18,-1.267486,36.78286
80100048A11,in,19,-1.267749,36.783821
80100048A11,in,20,-1.268376,36.785522
80100048A11,in,21,-1.268548,36.786499
80100048A11,in,22,-1.269079,36.788433
80100048A11,in,23,-1.269226,36.789661
80100048A11,in,24,-1.269296,36.790886
80100048A11,in,25,-1.26958,36.791908
80100048A11,in,26,-1.269645,36.793491
80100048A11,in,27,-1.269854,36.794849
80100048A11,in,28,-1.269874,36.796211
80100048A11,in,29,-1.270111,36.798878
80100048A11,in,30,-1.270172,36.799114
80100048A11,in,31,-1.270604,36.799927
80100048A11,in,32,-1.271828,36.801712
80100048A11,in,33,-1.272141,36.802254
80100048A11,in,34,-1.272267,36.802521
80100048A11,in,35,-1.272524,36.803375
80100048A11,in,36,-1.272488,36.803761
80100048A11,in,37,-1.271824,36.805252
80100048A11,in,38,-1.271267,36.806187
80100048A11,in,39,-1.271012,36.807056
80100048A11,in,40,-1.27085,36.807278
80100048A11,in,41,-1.27085,36.807278
80100048A11,in,42,-1.269112,36.805786
80100048A11,in,43,-1.269112,36.805786
80100048A11,in,44,-1.268739,36.805553
80100048A11,in,45,-1.268653,36.805561
80100048A11,in,46,-1.268614,36.805618
80100048A11,in,47,-1.268652,36.805828
80100048A11,in,48,-1.272415,36.809128
80100048A11,in,49,-1.272893,36.809715
80100048A11,in,50,-1.27367,36.811146
80100048A11,in,51,-1.274155,36.811852
80100048A11,in,52,-1.274977,36.812607
80100048A11,in,53,-1.2758,36.813183
80100048A11,in,54,-1.2758,36.813183
80100048A11,in,55,-1.276335,36.813499
80100048A11,in,56,-1.277351,36.813847
80100048A11,in,57,-1.279284,36.814152
80100048A11,in,58,-1.280059,36.814365
80100048A11,in,59,-1.28124,36.814854
80100048A11,in,60,-1.281484,36.81501
80100048A11,in,61,-1.281484,36.81501
80100048A11,in,62,-1.281549,36.815201
80100048A11,in,63,-1.280687,36.817047
80100048A11,in,64,-1.280079,36.818184
80100048A11,in,65,-1.280079,36.818184
80100048A11,in,66,-1.279914,36.818687
80100048A11,in,67,-1.279967,36.819092
80100048A11,in,68,-1.279967,36.819092
80100048A11,in,69,-1.27994,36.819355
80100048A11,in,70,-1.279254,36.820496
80100048A11,in,71,-1.279096,36.820644
80100048A11,in,72,-1.279096,36.820644
80100048A11,in,73,-1.27889,36.820541
80100048A11,in,74,-1.278579,36.820492
80100048A11,in,75,-1.278187,36.82056
80100048A11,in,76,-1.277849,36.82082
80100048A11,in,77,-1.277715,36.821117
80100048A11,in,78,-1.277758,36.821362
80100048A11,in,79,-1.27792,36.821728
80100048A11,in,80,-1.278028,36.821857
80100048A11,in,81,-1.27833,36.822002
80100048A11,in,82,-1.278686,36.822044
80100048A11,in,83,-1.279166,36.821861
80100048A11,in,84,-1.279634,36.821453
80100048A11,in,85,-1.279783,36.821423
80100048A11,in,86,-1.28003,36.821487
80100048A11,in,87,-1.280489,36.821831
80100048A11,in,88,-1.280906,36.822269
80100048A11,in,89,-1.281065,36.82267
80100048A11,in,90,-1.281316,36.822948
80100048A11,in,91,-1.281378,36.822975
80100048A11,in,92,-1.281587,36.822884
80100048A11,in,93,-1.2818,36.822948
80100048A11,in,94,-1.281915,36.823063
80100048A11,in,95,-1.283236,36.824707
80100048A11,in,96,-1.283236,36.824707
80100048A11,in,97,-1.282794,36.82505
80101048B11,out,0,-1.282794,36.82505
80101048B11,out,1,-1.283306,36.82465
80101048B11,out,2,-1.283306,36.82465
80101048B11,out,3,-1.281553,36.822525
80101048B11,out,4,-1.281392,36.822384
80101048B11,out,5,-1.281093,36.822308
80101048B11,out,6,-1.280994,36.82222
80101048B11,out,7,-1.280331,36.821404
80101048B11,out,8,-1.280098,36.821224
80101048B11,out,9,-1.280098,36.821224
80101048B11,out,10,-1.279546,36.821064
80101048B11,out,11,-1.279546,36.821064
80101048B11,out,12,-1.279329,36.820831
80101048B11,out,13,-1.279342,36.820572
80101048B11,out,14,-1.280085,36.819317
80101048B11,out,15,-1.280123,36.819115
80101048B11,out,16,-1.280123,36.819115
80101048B11,out,17,-1.280066,36.818707
80101048B11,out,18,-1.280243,36.818275
80101048B11,out,19,-1.280243,36.818275
80101048B11,out,20,-1.28175,36.815289
80101048B11,out,21,-1.28175,36.815289
80101048B11,out,22,-1.281935,36.815182
80101048B11,out,23,-1.281993,36.815044
80101048B11,out,24,-1.281935,36.814842
80101048B11,out,25,-1.281829,36.814777
80101048B11,out,26,-1.281703,36.814766
80101048B11,out,27,-1.281545,36.814838
80101048B11,out,28,-1.280125,36.814201
80101048B11,out,29,-1.279305,36.814034
80101048B11,out,30,-1.278078,36.813877
80101048B11,out,31,-1.277231,36.813675
80101048B11,out,32,-1.276072,36.813187
80101048B11,out,33,-1.275296,36.812695
80101048B11,out,34,-1.275296,36.812695
80101048B11,out,35,-1.274499,36.812012
80101048B11,out,36,-1.274144,36.811615
80101048B11,out,37,-1.273131,36.809734
80101048B11,out,38,-1.272256,36.808544
80101048B11,out,39,-1.27085,36.807278
80101048B11,out,40,-1.27085,36.807278
80101048B11,out,41,-1.271012,36.807056
80101048B11,out,42,-1.271267,36.806187
80101048B11,out,43,-1.271824,36.805252
80101048B11,out,44,-1.272488,36.803761
80101048B11,out,45,-1.272525,36.803558
80101048B11,out,46,-1.272455,36.803074
80101048B11,out,47,-1.272267,36.802521
80101048B11,out,48,-1.271715,36.801559
80101048B11,out,49,-1.271715,36.801559
80101048B11,out,50,-1.272543,36.801231
80101048B11,out,51,-1.273955,36.800556
80101048B11,out,52,-1.274287,36.800293
80101048B11,out,53,-1.2744,36.799923
80101048B11,out,54,-1.274348,36.799328
80101048B11,out,55,-1.274369,36.79887
80101048B11,out,56,-1.274649,36.796837
80101048B11,out,57,-1.274714,36.796631
80101048B11,out,58,-1.275582,36.795189
80101048B11,out,59,-1.275582,36.795189
80101048B11,out,60,-1.275732,36.795219
80101048B11,out,61,-1.27579,36.795071
80101048B11,out,62,-1.275712,36.794994
80101048B11,out,63,-1.275612,36.795006
80101048B11,out,64,-1.275517,36.794891
80101048B11,out,65,-1.274931,36.793556
80101048B11,out,66,-1.274931,36.793556
80101048B11,out,67,-1.276209,36.792953
80101048B11,out,68,-1.279004,36.789967
80101048B11,out,69,-1.279197,36.789688
80101048B11,out,70,-1.279197,36.789688
80101048B11,out,71,-1.279265,36.789783
80101048B11,out,72,-1.279465,36.790485
80101048B11,out,73,-1.279465,36.790485
80101048B11,out,74,-1.281023,36.788979
80101048B11,out,75,-1.281536,36.788292
80101048B11,out,76,-1.283004,36.785961
80101048B11,out,77,-1.283258,36.785744
80101048B11,out,78,-1.283386,36.785786
80101048B11,out,79,-1.283371,36.785629
80101048B11,out,80,-1.284157,36.784721
80101048B11,out,81,-1.284654,36.78405
80101048B11,out,82,-1.285517,36.782703
80101048B11,out,83,-1.285819,36.782333
80101048B11,out,84,-1.285819,36.782333
80101048B11,out,85,-1.285892,36.782337
80101048B11,out,86,-1.286142,36.782181
80101048B11,out,87,-1.288038,36.780602
80101048B11,out,88,-1.288802,36.779888
80101048B11,out,89,-1.28919,36.779373
80101048B11,out,90,-1.289554,36.778694
80101048B11,out,91,-1.289931,36.777794
80101048B11,out,92,-1.289931,36.777794
80101048B11,out,93,-1.29006,36.777485
80101048B11,out,94,-1.29009,36.777248
80101048B11,out,95,-1.29,36.775669
80101048B11,out,96,-1.289997,36.774685
80101048B11,out,97,-1.289997,36.774685
80101048B11,out,98,-1.290315,36.774658
80101048B11,out,99,-1.290315,36.774658
80101048B11,out,100,-1.290224,36.774609
80101048B11,out,101,-1.290183,36.77446
80101048B11,out,102,-1.290183,36.77446
80101048B11,out,103,-1.290088,36.772968
80101048B11,out,104,-1.290088,36.772968
80101048B11,out,105,-1.288636,36.773029
80101048B11,in,0,-1.288636,36.773029
80101048B11,in,1,-1.286196,36.773155
80101048B11,in,2,-1.285999,36.77322
80101048B11,in,3,-1.285866,36.773373
80101048B11,in,4,-1.284386,36.777981
80101048B11,in,5,-1.284386,36.778587
80101048B11,in,6,-1.284146,36.779175
80101048B11,in,7,-1.284146,36.779175
80101048B11,in,8,-1.281458,36.780338
80101048B11,in,9,-1.28132,36.780434
80101048B11,in,10,-1.28121,36.780785
80101048B11,in,11,-1.281245,36.7812
80101048B11,in,12,-1.281162,36.78141
80101048B11,in,13,-1.2804,36.781933
80101048B11,in,14,-1.280047,36.782261
80101048B11,in,15,-1.279846,36.782593
80101048B11,in,16,-1.279423,36.783516
80101048B11,in,17,-1.279423,36.783516
80101048B11,in,18,-1.27918,36.783943
80101048B11,in,19,-1.278985,36.78418
80101048B11,in,20,-1.278409,36.784653
80101048B11,in,21,-1.277654,36.785091
80101048B11,in,22,-1.277054,36.785751
80101048B11,in,23,-1.27689,36.785843
80101048B11,in,24,-1.27689,36.785843
80101048B11,in,25,-1.277054,36.786442
80101048B11,in,26,-1.277046,36.786774
80101048B11,in,27,-1.275893,36.788902
80101048B11,in,28,-1.275893,36.788902
80101048B11,in,29,-1.277904,36.791149
80101048B11,in,30,-1.277904,36.791149
80101048B11,in,31,-1.276209,36.792953
80101048B11,in,32,-1.274931,36.793556
80101048B11,in,33,-1.274931,36.793556
80101048B11,in,34,-1.275428,36.794708
80101048B11,in,35,-1.275612,36.795006
80101048B11,in,36,-1.275612,36.795006
80101048B11,in,37,-1.275554,36.795097
80101048B11,in,38,-1.275582,36.795189
80101048B11,in,39,-1.274714,36.796631
80101048B11,in,40,-1.274649,36.796837
80101048B11,in,41,-1.274369,36.79887
80101048B11,in,42,-1.274348,36.799328
80101048B11,in,43,-1.2744,36.799923
80101048B11,in,44,-1.274287,36.800293
80101048B11,in,45,-1.273955,36.800556
80101048B11,in,46,-1.272543,36.801231
80101048B11,in,47,-1.271715,36.801559
80101048B11,in,48,-1.271715,36.801559
80101048B11,in,49,-1.272267,36.802521
80101048B11,in,50,-1.272455,36.803074
80101048B11,in,51,-1.272525,36.803558
80101048B11,in,52,-1.272488,36.803761
80101048B11,in,53,-1.271824,36.805252
80101048B11,in,54,-1.271267,36.806187
80101048B11,in,55,-1.271012,36.807056
80101048B11,in,56,-1.27085,36.807278
80101048B11,in,57,-1.27085,36.807278
80101048B11,in,58,-1.269112,36.805786
80101048B11,in,59,-1.269112,36.805786
80101048B11,in,60,-1.268739,36.805553
80101048B11,in,61,-1.268653,36.805561
80101048B11,in,62,-1.268614,36.805618
80101048B11,in,63,-1.268652,36.805828
80101048B11,in,64,-1.272415,36.809128
80101048B11,in,65,-1.272893,36.809715
80101048B11,in,66,-1.27367,36.811146
80101048B11,in,67,-1.274155,36.811852
80101048B11,in,68,-1.274977,36.812607
80101048B11,in,69,-1.2758,36.813183
80101048B11,in,70,-1.2758,36.813183
80101048B11,in,71,-1.276335,36.813499
80101048B11,in,72,-1.277351,36.813847
80101048B11,in,73,-1.279284,36.814152
80101048B11,in,74,-1.280059,36.814365
80101048B11,in,75,-1.28124,36.814854
80101048B11,in,76,-1.281484,36.81501
80101048B11,in,77,-1.281484,36.81501
80101048B11,in,78,-1.281549,36.815201
80101048B11,in,79,-1.280687,36.817047
80101048B11,in,80,-1.280079,36.818184
80101048B11,in,81,-1.280079,36.818184
80101048B11,in,82,-1.279914,36.818687
80101048B11,in,83,-1.279967,36.819092
80101048B11,in,84,-1.279967,36.819092
80101048B11,in,85,-1.27994,36.819355
80101048B11,in,86,-1.279254,36.820496
80101048B11,in,87,-1.279096,36.820644
80101048B11,in,88,-1.279096,36.820644
80101048B11,in,89,-1.27889,36.820541
80101048B11,in,90,-1.278579,36.820492
80101048B11,in,91,-1.278187,36.82056
80101048B11,in,92,-1.277849,36.82082
80101048B11,in,93,-1.277715,36.821117
80101048B11,in,94,-1.277758,36.821362
80101048B11,in,95,-1.27792,36.821728
80101048B11,in,96,-1.278028,36.821857
80101048B11,in,97,-1.27833,36.822002
80101048B11,in,98,-1.278686,36.822044
80101048B11,in,99,-1.279166,36.821861
80101048B11,in,100,-1.279634,36.821453
80101048B11,in,101,-1.279783,36.821423
80101048B11,in,102,-1.28003,36.821487
80101048B11,in,103,-1.280489,36.821831
80101048B11,in,104,-1.280906,36.822269
80101048B11,in,105,-1.281065,36.82267
80101048B11,in,106,-1.281316,36.822948
80101048B11,in,107,-1.281378,36.822975
80101048B11,in,108,-1.281587,36.822884
80101048B11,in,109,-1.2818,36.822948
80101048B11,in,110,-1.281915,36.823063
80101048B11,in,111,-1.283236,36.824707
80101048B11,in,112,-1.283236,36.824707
80101048B11,in,113,-1.282794,36.82505
80200048C11,out,0,-1.282738,36.825024
80200048C11,out,1,-1.28152,36.825863
80200048C11,out,2,-1.28152,36.825863
80200048C11,out,3,-1.281356,36.825603
80200048C11,out,4,-1.281313,36.823784
80200048C11,out,5,-1.281323,36.823532
80200048C11,out,6,-1.281403,36.823303
80200048C11,out,7,-1.281361,36.822952
80200048C11,out,8,-1.281361,36.822952
80200048C11,out,9,-1.281561,36.822811
80200048C11,out,10,-1.281631,36.822651
80200048C11,out,11,-1.281391,36.822384
80200048C11,out,12,-1.28106,36.822289
80200048C11,out,13,-1.280993,36.82243
80200048C11,out,14,-1.281099,36.822731
80200048C11,out,15,-1.279804,36.823814
80200048C11,out,16,-1.279463,36.823856
80200048C11,out,17,-1.279376,36.823917
80200048C11,out,18,-1.279376,36.823917
80200048C11,out,19,-1.279357,36.823135
80200048C11,out,20,-1.279013,36.821896
80200048C11,out,21,-1.279013,36.821896
80200048C11,out,22,-1.279292,36.821716
80200048C11,out,23,-1.279478,36.821484
80200048C11,out,24,-1.279562,36.821266
80200048C11,out,25,-1.279512,36.821007
80200048C11,out,26,-1.279329,36.820831
80200048C11,out,27,-1.279334,36.820564
80200048C11,out,28,-1.279957,36.819435
80200048C11,out,29,-1.28003,36.819088
80200048C11,out,30,-1.28003,36.819088
80200048C11,out,31,-1.279988,36.818676
80200048C11,out,32,-1.280183,36.818237
80200048C11,out,33,-1.280183,36.818237
80200048C11,out,34,-1.281766,36.81517
80200048C11,out,35,-1.281766,36.81517
80200048C11,out,36,-1.281873,36.815109
80200048C11,out,37,-1.28193,36.814991
80200048C11,out,38,-1.2819,36.814854
80200048C11,out,39,-1.281794,36.814766
80200048C11,out,40,-1.281698,36.814751
80200048C11,out,41,-1.281574,36.814812
80200048C11,out,42,-1.281404,36.814777
80200048C11,out,43,-1.280726,36.814476
80200048C11,out,44,-1.279593,36.814083
80200048C11,out,45,-1.278107,36.813881
80200048C11,out,46,-1.277251,36.813679
80200048C11,out,47,-1.27608,36.81319
80200048C11,out,48,-1.275296,36.812695
80200048C11,out,49,-1.275296,36.812695
80200048C11,out,50,-1.275049,36.812504
80200048C11,out,51,-1.274278,36.811707
80200048C11,out,52,-1.274074,36.811424
80200048C11,out,53,-1.272976,36.809448
80200048C11,out,54,-1.272256,36.808544
80200048C11,out,55,-1.266898,36.80386
80200048C11,out,56,-1.264866,36.80201
80200048C11,out,57,-1.264866,36.80201
80200048C11,out,58,-1.264813,36.801815
80200048C11,out,59,-1.265797,36.800735
80200048C11,out,60,-1.265797,36.800735
80200048C11,out,61,-1.266622,36.801022
80200048C11,out,62,-1.267882,36.801544
80200048C11,out,63,-1.268368,36.801682
80200048C11,out,64,-1.269897,36.801819
80200048C11,out,65,-1.270845,36.801682
80200048C11,out,66,-1.271653,36.801434
80200048C11,out,67,-1.271653,36.801434
80200048C11,out,68,-1.27356,36.800728
80200048C11,out,69,-1.274056,36.800503
80200048C11,out,70,-1.274287,36.800293
80200048C11,out,71,-1.2744,36.799923
80200048C11,out,72,-1.274374,36.799061
80200048C11,out,73,-1.274718,36.796677
80200048C11,out,74,-1.275628,36.795151
80200048C11,out,75,-1.275628,36.795151
80200048C11,out,76,-1.275733,36.79509
80200048C11,out,77,-1.275679,36.794971
80200048C11,out,78,-1.275909,36.79435
80200048C11,out,79,-1.27624,36.793919
80200048C11,out,80,-1.278097,36.791969
80200048C11,out,81,-1.280182,36.78989
80200048C11,out,82,-1.2814,36.788502
80200048C11,out,83,-1.282756,36.786285
80200048C11,out,84,-1.283186,36.785686
80200048C11,out,85,-1.283186,36.785686
80200048C11,out,86,-1.283335,36.785732
80200048C11,out,87,-1.284825,36.787861
80200048C11,out,88,-1.284989,36.788036
80200048C11,out,89,-1.2853,36.788174
80200048C11,out,90,-1.2853,36.788174
80200048C11,out,91,-1.285358,36.788239
80200048C11,out,92,-1.285445,36.788223
80200048C11,out,93,-1.285476,36.788147
80200048C11,out,94,-1.285435,36.788078
80200048C11,out,95,-1.28555,36.787991
80200048C11,out,96,-1.28555,36.787991
80200048C11,out,97,-1.288049,36.787323
80200048C11,out,98,-1.289145,36.787086
80200048C11,out,99,-1.289145,36.787086
80200048C11,out,100,-1.289244,36.787079
80200048C11,out,101,-1.28924,36.786983
80200048C11,out,102,-1.289342,36.786865
80200048C11,out,103,-1.289342,36.786865
80200048C11,out,104,-1.289434,36.786808
80200048C11,out,105,-1.290015,36.786827
80200048C11,out,106,-1.291662,36.78709
80200048C11,in,0,-1.291662,36.78709
80200048C11,in,1,-1.290232,36.786854
80200048C11,in,2,-1.289434,36.786808
80200048C11,in,3,-1.289434,36.786808
80200048C11,in,4,-1.289399,36.786755
80200048C11,in,5,-1.289329,36.786762
80200048C11,in,6,-1.289342,36.786865
80200048C11,in,7,-1.28924,36.786983
80200048C11,in,8,-1.28924,36.786983
80200048C11,in,9,-1.288031,36.787235
80200048C11,in,10,-1.286143,36.787731
80200048C11,in,11,-1.285631,36.787907
80200048C11,in,12,-1.285631,36.787907
80200048C11,in,13,-1.285552,36.787907
80200048C11,in,14,-1.28555,36.787991
80200048C11,in,15,-1.285435,36.788078
80200048C11,in,16,-1.285435,36.788078
80200048C11,in,17,-1.285157,36.788055
80200048C11,in,18,-1.284945,36.787907
80200048C11,in,19,-1.28341,36.785679
80200048C11,in,20,-1.28341,36.785679
80200048C11,in,21,-1.283429,36.785572
80200048C11,in,22,-1.283376,36.785492
80200048C11,in,23,-1.283264,36.785465
80200048C11,in,24,-1.283187,36.785515
80200048C11,in,25,-1.283186,36.785686
80200048C11,in,26,-1.282756,36.786285
80200048C11,in,27,-1.2814,36.788502
80200048C11,in,28,-1.280182,36.78989
80200048C11,in,29,-1.278097,36.791969
80200048C11,in,30,-1.27624,36.793919
80200048C11,in,31,-1.275909,36.79435
80200048C11,in,32,-1.275679,36.794971
80200048C11,in,33,-1.275679,36.794971
80200048C11,in,34,-1.275563,36.795017
80200048C11,in,35,-1.275563,36.795097
80200048C11,in,36,-1.275628,36.795151
80200048C11,in,37,-1.274718,36.796677
80200048C11,in,38,-1.274374,36.799061
80200048C11,in,39,-1.2744,36.799923
80200048C11,in,40,-1.274287,36.800293
80200048C11,in,41,-1.274056,36.800503
80200048C11,in,42,-1.27356,36.800728
80200048C11,in,43,-1.271653,36.801434
80200048C11,in,44,-1.271653,36.801434
80200048C11,in,45,-1.270845,36.801682
80200048C11,in,46,-1.269897,36.801819
80200048C11,in,47,-1.268368,36.801682
80200048C11,in,48,-1.267882,36.801544
80200048C11,in,49,-1.266622,36.801022
80200048C11,in,50,-1.265797,36.800735
80200048C11,in,51,-1.265797,36.800735
80200048C11,in,52,-1.264813,36.801815
80200048C11,in,53,-1.264813,36.801815
80200048C11,in,54,-1.264633,36.801743
80200048C11,in,55,-1.264478,36.801804
80200048C11,in,56,-1.264402,36.80196
80200048C11,in,57,-1.264445,36.802113
80200048C11,in,58,-1.264823,36.802277
80200048C11,in,59,-1.265086,36.802467
80200048C11,in,60,-1.266112,36.803375
80200048C11,in,61,-1.266924,36.804287
80200048C11,in,62,-1.272414,36.809128
80200048C11,in,63,-1.272891,36.809715
80200048C11,in,64,-1.2739,36.811451
80200048C11,in,65,-1.274145,36.811768
80200048C11,in,66,-1.274977,36.812607
80200048C11,in,67,-1.275919,36.813251
80200048C11,in,68,-1.275919,36.813251
80200048C11,in,69,-1.277133,36.813797
80200048C11,in,70,-1.279284,36.814152
80200048C11,in,71,-1.280059,36.814365
80200048C11,in,72,-1.281079,36.814762
80200048C11,in,73,-1.281516,36.815014
80200048C11,in,74,-1.281516,36.815014
80200048C11,in,75,-1.28159,36.815128
80200048C11,in,76,-1.280042,36.818161
80200048C11,in,77,-1.280042,36.818161
80200048C11,in,78,-1.279858,36.818584
80200048C11,in,79,-1.279918,36.81908
80200048C11,in,80,-1.279918,36.81908
80200048C11,in,81,-1.279907,36.819351
80200048C11,in,82,-1.279249,36.820496
80200048C11,in,83,-1.279096,36.820644
80200048C11,in,84,-1.279096,36.820644
80200048C11,in,85,-1.278804,36.820518
80200048C11,in,86,-1.278391,36.820461
80200048C11,in,87,-1.278106,36.820549
80200048C11,in,88,-1.277929,36.820713
80200048C11,in,89,-1.277795,36.820904
80200048C11,in,90,-1.277751,36.82119
80200048C11,in,91,-1.277922,36.821709
80200048C11,in,92,-1.278028,36.821857
80200048C11,in,93,-1.278343,36.821987
80200048C11,in,94,-1.278714,36.822014
80200048C11,in,95,-1.279212,36.821793
80200048C11,in,96,-1.279478,36.821484
80200048C11,in,97,-1.279727,36.821377
80200048C11,in,98,-1.279852,36.821384
80200048C11,in,99,-1.28023,36.821545
80200048C11,in,100,-1.280512,36.821815
80200048C11,in,101,-1.280993,36.82243
80200048C11,in,102,-1.280993,36.82243
80200048C11,in,103,-1.281099,36.822731
80200048C11,in,104,-1.281361,36.822952
80200048C11,in,105,-1.281403,36.823303
80200048C11,in,106,-1.281323,36.823532
80200048C11,in,107,-1.281313,36.823784
80200048C11,in,108,-1.281356,36.825603
80200048C11,in,109,-1.28152,36.825863
80200048C11,in,110,-1.28152,36.825863
80200048C11,in,111,-1.282738,36.825024
80200004811,out,0,-1.262748,36.800365
80200004811,out,1,-1.262184,36.799763
80200004811,out,2,-1.261918,36.799358
80200004811,out,3,-1.261591,36.798576
80200004811,out,4,-1.261294,36.797588
80200004811,out,5,-1.260887,36.794437
80200004811,out,6,-1.260735,36.792377
80200004811,out,7,-1.260374,36.791157
80200004811,out,8,-1.260131,36.789959
80200004811,out,9,-1.259633,36.785126
80200004811,out,10,-1.259131,36.781364
80200004811,out,11,-1.258971,36.779404
80200004811,out,12,-1.259034,36.778088
80200004811,out,13,-1.259402,36.775799
80200004811,out,14,-1.259402,36.775799
80200004811,out,15,-1.259646,36.775681
80200004811,out,16,-1.260594,36.775833
80200004811,out,17,-1.260846,36.775795
80200004811,out,18,-1.261143,36.775658
80200004811,out,19,-1.261426,36.77536
80200004811,out,20,-1.262512,36.773411
80200004811,out,21,-1.262753,36.773106
80200004811,out,22,-1.26315,36.772789
80200004811,out,23,-1.263817,36.772591
80200004811,out,24,-1.264537,36.772701
80200004811,out,25,-1.265212,36.772999
80200004811,out,26,-1.266063,36.773529
80200004811,out,27,-1.267742,36.774803
80200004811,out,28,-1.268822,36.775307
80200004811,out,29,-1.269463,36.775387
80200004811,out,30,-1.270756,36.775261
80200004811,out,31,-1.271592,36.775017
80200004811,out,32,-1.271946,36.774853
80200004811,out,33,-1.272886,36.774242
80200004811,out,34,-1.275312,36.772194
80200004811,out,35,-1.276357,36.771431
80200004811,out,36,-1.279931,36.769218
80200004811,out,37,-1.280544,36.768894
80200004811,out,38,-1.280842,36.768658
80200004811,out,39,-1.281053,36.768467
80200004811,out,40,-1.284424,36.764042
80200004811,out,41,-1.285127,36.763374
80200004811,out,42,-1.285956,36.762718
80200004811,out,43,-1.286494,36.762363
80200004811,out,44,-1.287128,36.762066
80200004811,out,45,-1.28773,36.761852
80200004811,out,46,-1.289214,36.761639
80200004811,out,47,-1.289638,36.761616
80200004811,out,48,-1.289638,36.761616
80200004811,out,49,-1.289353,36.753883
80200004811,out,50,-1.289284,36.753136
80200004811,out,51,-1.289186,36.752808
80200004811,out,52,-1.287523,36.748833
80200004811,in,0,-1.287523,36.748833
80200004811,in,1,-1.289186,36.752808
80200004811,in,2,-1.289266,36.753036
80200004811,in,3,-1.289334,36.753567
80200004811,in,4,-1.289334,36.753567
80200004811,in,5,-1.289638,36.761616
80200004811,in,6,-1.289638,36.761616
80200004811,in,7,-1.289214,36.761639
80200004811,in,8,-1.28773,36.761852
80200004811,in,9,-1.287128,36.762066
80200004811,in,10,-1.286494,36.762363
80200004811,in,11,-1.285956,36.762718
80200004811,in,12,-1.285127,36.763374
80200004811,in,13,-1.284424,36.764042
80200004811,in,14,-1.281053,36.768467
80200004811,in,15,-1.280842,36.768658
80200004811,in,16,-1.280544,36.768894
80200004811,in,17,-1.279931,36.769218
80200004811,in,18,-1.276357,36.771431
80200004811,in,19,-1.275312,36.772194
80200004811,in,20,-1.272886,36.774242
80200004811,in,21,-1.271946,36.774853
80200004811,in,22,-1.271592,36.775017
80200004811,in,23,-1.270756,36.775261
80200004811,in,24,-1.27021,36.77533
80200004811,in,25,-1.269463,36.775387
80200004811,in,26,-1.268822,36.775307
80200004811,in,27,-1.267742,36.774803
80200004811,in,28,-1.266063,36.773529
80200004811,in,29,-1.265212,36.772999
80200004811,in,30,-1.264537,36.772701
80200004811,in,31,-1.263817,36.772591
80200004811,in,32,-1.26315,36.772789
80200004811,in,33,-1.262753,36.773106
80200004811,in,34,-1.262512,36.773411
80200004811,in,35,-1.261426,36.77536
80200004811,in,36,-1.261143,36.775658
80200004811,in,37,-1.260846,36.775795
80200004811,in,38,-1.260475,36.775829
80200004811,in,39,-1.259646,36.775681
80200004811,in,40,-1.259452,36.775543
80200004811,in,41,-1.259452,36.775543
80200004811,in,42,-1.25952,36.775063
80200004811,in,43,-1.25952,36.775063
80200004811,in,44,-1.259445,36.774963
80200004811,in,45,-1.259295,36.77496
80200004811,in,46,-1.259133,36.775513
80200004811,in,47,-1.259187,36.776329
80200004811,in,48,-1.258868,36.77845
80200004811,in,49,-1.258866,36.780041
80200004811,in,50,-1.258985,36.781376
80200004811,in,51,-1.259443,36.785027
80200004811,in,52,-1.259683,36.787994
80200004811,in,53,-1.26001,36.790375
80200004811,in,54,-1.260487,36.79229
80200004811,in,55,-1.26059,36.79361
80200004811,in,56,-1.260975,36.79686
80200004811,in,57,-1.26136,36.798332
80200004811,in,58,-1.261758,36.799469
80200004811,in,59,-1.261956,36.799854
80200004811,in,60,-1.262207,36.800194
80200004811,in,61,-1.263395,36.801247
80200004811,in,62,-1.264438,36.802006
80200004811,in,63,-1.264438,36.802006
80200004811,in,64,-1.264485,36.802132
80200004811,in,65,-1.264644,36.802216
80200004811,in,66,-1.264816,36.802155
80200004811,in,67,-1.264881,36.802006
80200004811,in,68,-1.264776,36.801792
80200004811,in,69,-1.264616,36.801765
80200004811,in,70,-1.264396,36.801594
80200004811,in,71,-1.263968,36.801449
80200004811,in,72,-1.263519,36.801075
80200004811,in,73,-1.263519,36.801075
80200004811,in,74,-1.262748,36.800365
80101004811,out,0,-1.282794,36.82505
80101004811,out,1,-1.283306,36.82465
80101004811,out,2,-1.283306,36.82465
80101004811,out,3,-1.282781,36.824001
80101004811,out,4,-1.282781,36.824001
80101004811,out,5,-1.283429,36.823555
80101004811,out,6,-1.283429,36.823555
80101004811,out,7,-1.280436,36.819736
80101004811,out,8,-1.280238,36.819378
80101004811,out,9,-1.280061,36.818886
80101004811,out,10,-1.280066,36.818707
80101004811,out,11,-1.280243,36.818275
80101004811,out,12,-1.280243,36.818275
80101004811,out,13,-1.28175,36.815289
80101004811,out,14,-1.28175,36.815289
80101004811,out,15,-1.281935,36.815182
80101004811,out,16,-1.281993,36.815044
80101004811,out,17,-1.281935,36.814842
80101004811,out,18,-1.281829,36.814777
80101004811,out,19,-1.281703,36.814766
80101004811,out,20,-1.281545,36.814838
80101004811,out,21,-1.280125,36.814201
80101004811,out,22,-1.279305,36.814034
80101004811,out,23,-1.278078,36.813877
80101004811,out,24,-1.277231,36.813675
80101004811,out,25,-1.276072,36.813187
80101004811,out,26,-1.275296,36.812695
80101004811,out,27,-1.275296,36.812695
80101004811,out,28,-1.274499,36.812012
80101004811,out,29,-1.274144,36.811615
80101004811,out,30,-1.273131,36.809734
80101004811,out,31,-1.272256,36.808544
80101004811,out,32,-1.27085,36.807278
80101004811,out,33,-1.27085,36.807278
80101004811,out,34,-1.271012,36.807056
80101004811,out,35,-1.271267,36.806187
80101004811,out,36,-1.271824,36.805252
80101004811,out,37,-1.272488,36.803761
80101004811,out,38,-1.272525,36.803558
80101004811,out,39,-1.272455,36.803074
80101004811,out,40,-1.272267,36.802521
80101004811,out,41,-1.271715,36.801559
80101004811,out,42,-1.271715,36.801559
80101004811,out,43,-1.272543,36.801231
80101004811,out,44,-1.273955,36.800556
80101004811,out,45,-1.274287,36.800293
80101004811,out,46,-1.2744,36.799923
80101004811,out,47,-1.274348,36.799328
80101004811,out,48,-1.274369,36.79887
80101004811,out,49,-1.274649,36.796837
80101004811,out,50,-1.274714,36.796631
80101004811,out,51,-1.275582,36.795189
80101004811,out,52,-1.275582,36.795189
80101004811,out,53,-1.275732,36.795219
80101004811,out,54,-1.27579,36.795071
80101004811,out,55,-1.275712,36.794994
80101004811,out,56,-1.275612,36.795006
80101004811,out,57,-1.275517,36.794891
80101004811,out,58,-1.274931,36.793556
80101004811,out,59,-1.274931,36.793556
80101004811,out,60,-1.276213,36.793011
80101004811,out,61,-1.277901,36.791203
80101004811,out,62,-1.277901,36.791203
80101004811,out,63,-1.275893,36.788902
80101004811,out,64,-1.275893,36.788902
80101004811,out,65,-1.277046,36.786774
80101004811,out,66,-1.277054,36.786442
80101004811,out,67,-1.27689,36.785843
80101004811,out,68,-1.27689,36.785843
80101004811,out,69,-1.277168,36.78566
80101004811,out,70,-1.277351,36.785378
80101004811,out,71,-1.277608,36.785126
80101004811,out,72,-1.278506,36.784653
80101004811,out,73,-1.278973,36.78426
80101004811,out,74,-1.279423,36.783516
80101004811,out,75,-1.279423,36.783516
80101004811,out,76,-1.279846,36.782593
80101004811,out,77,-1.280047,36.782261
80101004811,out,78,-1.2804,36.781933
80101004811,out,79,-1.281162,36.78141
80101004811,out,80,-1.281245,36.7812
80101004811,out,81,-1.28121,36.780785
80101004811,out,82,-1.28132,36.780434
80101004811,out,83,-1.281458,36.780338
80101004811,out,84,-1.284146,36.779175
80101004811,out,85,-1.284146,36.779175
80101004811,out,86,-1.284386,36.778587
80101004811,out,87,-1.284386,36.777981
80101004811,out,88,-1.285866,36.773373
80101004811,out,89,-1.285999,36.77322
80101004811,out,90,-1.286196,36.773155
80101004811,out,91,-1.288532,36.773037
80101004811,in,0,-1.288636,36.773029
80101004811,in,1,-1.286196,36.773155
80101004811,in,2,-1.285999,36.77322
80101004811,in,3,-1.285866,36.773373
80101004811,in,4,-1.284386,36.777981
80101004811,in,5,-1.284386,36.778587
80101004811,in,6,-1.284146,36.779175
80101004811,in,7,-1.284146,36.779175
80101004811,in,8,-1.281458,36.780338
80101004811,in,9,-1.28132,36.780434
80101004811,in,10,-1.28121,36.780785
80101004811,in,11,-1.281245,36.7812
80101004811,in,12,-1.281162,36.78141
80101004811,in,13,-1.2804,36.781933
80101004811,in,14,-1.280047,36.782261
80101004811,in,15,-1.279846,36.782593
80101004811,in,16,-1.279423,36.783516
80101004811,in,17,-1.279423,36.783516
80101004811,in,18,-1.278973,36.78426
80101004811,in,19,-1.278506,36.784653
80101004811,in,20,-1.277608,36.785126
80101004811,in,21,-1.277351,36.785378
80101004811,in,22,-1.277168,36.78566
80101004811,in,23,-1.27689,36.785843
80101004811,in,24,-1.27689,36.785843
80101004811,in,25,-1.277054,36.786442
80101004811,in,26,-1.277046,36.786774
80101004811,in,27,-1.275398,36.789886
80101004811,in,28,-1.275227,36.790627
80101004811,in,29,-1.275291,36.791077
80101004811,in,30,-1.276088,36.793087
80101004811,in,31,-1.276088,36.793087
80101004811,in,32,-1.274931,36.793556
80101004811,in,33,-1.274931,36.793556
80101004811,in,34,-1.275428,36.794708
80101004811,in,35,-1.275612,36.795006
80101004811,in,36,-1.275612,36.795006
80101004811,in,37,-1.275554,36.795097
80101004811,in,38,-1.275582,36.795189
80101004811,in,39,-1.274714,36.796631
80101004811,in,40,-1.274649,36.796837
80101004811,in,41,-1.274369,36.79887
80101004811,in,42,-1.274348,36.799328
80101004811,in,43,-1.2744,36.799923
80101004811,in,44,-1.274287,36.800293
80101004811,in,45,-1.273955,36.800556
80101004811,in,46,-1.272543,36.801231
80101004811,in,47,-1.271715,36.801559
80101004811,in,48,-1.271715,36.801559
80101004811,in,49,-1.272267,36.802521
80101004811,in,50,-1.272455,36.803074
80101004811,in,51,-1.272525,36.803558
80101004811,in,52,-1.272488,36.803761
80101004811,in,53,-1.271824,36.805252
80101004811,in,54,-1.271267,36.806187
80101004811,in,55,-1.271012,36.807056
80101004811,in,56,-1.27085,36.807278
80101004811,in,57,-1.27085,36.807278
80101004811,in,58,-1.269112,36.805786
80101004811,in,59,-1.269112,36.805786
80101004811,in,60,-1.268739,36.805553
80101004811,in,61,-1.268653,36.805561
80101004811,in,62,-1.268614,36.805618
80101004811,in,63,-1.268652,36.805828
80101004811,in,64,-1.272415,36.809128
80101004811,in,65,-1.272893,36.809715
80101004811,in,66,-1.27367,36.811146
80101004811,in,67,-1.274155,36.811852
80101004811,in,68,-1.274977,36.812607
80101004811,in,69,-1.2758,36.813183
80101004811,in,70,-1.2758,36.813183
80101004811,in,71,-1.276335,36.813499
80101004811,in,72,-1.277351,36.813847
80101004811,in,73,-1.279284,36.814152
80101004811,in,74,-1.280059,36.814365
80101004811,in,75,-1.28124,36.814854
80101004811,in,76,-1.281484,36.81501
80101004811,in,77,-1.281484,36.81501
80101004811,in,78,-1.281549,36.815201
80101004811,in,79,-1.280687,36.817047
80101004811,in,80,-1.280079,36.818184
80101004811,in,81,-1.280079,36.818184
80101004811,in,82,-1.279914,36.818687
80101004811,in,83,-1.279967,36.819092
80101004811,in,84,-1.279967,36.819092
80101004811,in,85,-1.27994,36.819355
80101004811,in,86,-1.279254,36.820496
80101004811,in,87,-1.279096,36.820644
80101004811,in,88,-1.279096,36.820644
80101004811,in,89,-1.27889,36.820541
80101004811,in,90,-1.278579,36.820492
80101004811,in,91,-1.278187,36.82056
80101004811,in,92,-1.277849,36.82082
80101004811,in,93,-1.277715,36.821117
80101004811,in,94,-1.277758,36.821362
80101004811,in,95,-1.27792,36.821728
80101004811,in,96,-1.278028,36.821857
80101004811,in,97,-1.27833,36.822002
80101004811,in,98,-1.278686,36.822044
80101004811,in,99,-1.279166,36.821861
80101004811,in,100,-1.279502,36.821541
80101004811,in,101,-1.279783,36.821423
80101004811,in,102,-1.28003,36.821487
80101004811,in,103,-1.280256,36.821629
80101004811,in,104,-1.280906,36.822269
80101004811,in,105,-1.28101,36.822449
80101004811,in,106,-1.28101,36.822449
80101004811,in,107,-1.281116,36.82275
80101004811,in,108,-1.281378,36.822975
80101004811,in,109,-1.281393,36.825615
80101004811,in,110,-1.281553,36.825909
80101004811,in,111,-1.281553,36.825909
80101004811,in,112,-1.282769,36.825066
70500004W11,out,0,-1.29048,36.827999
70500004W11,out,1,-1.291455,36.828468
70500004W11,out,2,-1.291455,36.828468
70500004W11,out,3,-1.291317,36.828754
70500004W11,out,4,-1.289362,36.827744
70500004W11,out,5,-1.289362,36.827744
70500004W11,out,6,-1.289452,36.827572
70500004W11,out,7,-1.289384,36.827415
70500004W11,out,8,-1.292658,36.821053
70500004W11,out,9,-1.292658,36.821053
70500004W11,out,10,-1.292799,36.820705
70500004W11,out,11,-1.292786,36.820633
70500004W11,out,12,-1.292786,36.820633
70500004W11,out,13,-1.292933,36.820477
70500004W11,out,14,-1.292924,36.820343
70500004W11,out,15,-1.292791,36.820175
70500004W11,out,16,-1.293516,36.816353
70500004W11,out,17,-1.29384,36.815079
70500004W11,out,18,-1.294067,36.814663
70500004W11,out,19,-1.294579,36.81432
70500004W11,out,20,-1.294796,36.81403
70500004W11,out,21,-1.295284,36.812653
70500004W11,out,22,-1.29545,36.810959
70500004W11,out,23,-1.295454,36.809624
70500004W11,out,24,-1.295454,36.809624
70500004W11,out,25,-1.296895,36.807384
70500004W11,out,26,-1.297814,36.803425
70500004W11,out,27,-1.298116,36.802998
70500004W11,out,28,-1.297959,36.80241
70500004W11,out,29,-1.298019,36.801781
70500004W11,out,30,-1.298564,36.79932
70500004W11,out,31,-1.299293,36.795574
70500004W11,out,32,-1.300059,36.779697
70500004W11,out,33,-1.300175,36.779663
70500004W11,out,34,-1.300252,36.779526
70500004W11,out,35,-1.300189,36.779381
70500004W11,out,36,-1.300056,36.779324
70500004W11,out,37,-1.300487,36.770927
70500004W11,out,38,-1.300466,36.769653
70500004W11,out,39,-1.300402,36.768932
70500004W11,out,40,-1.299107,36.762836
70500004W11,out,41,-1.299147,36.762356
70500004W11,out,42,-1.299245,36.761997
70500004W11,out,43,-1.299098,36.761089
70500004W11,out,44,-1.299126,36.76062
70500004W11,out,45,-1.299023,36.760509
70500004W11,out,46,-1.298851,36.760483
70500004W11,out,47,-1.298851,36.760483
70500004W11,out,48,-1.298661,36.760406
70500004W11,out,49,-1.298527,36.760227
70500004W11,out,50,-1.298032,36.757896
70500004W11,out,51,-1.297899,36.757477
70500004W11,out,52,-1.297669,36.757084
70500004W11,out,53,-1.297457,36.756847
70500004W11,out,54,-1.296741,36.756374
70500004W11,out,55,-1.296741,36.756374
70500004W11,out,56,-1.298647,36.751644
70500004W11,out,57,-1.298647,36.751644
70500004W11,out,58,-1.298109,36.751453
70500004W11,out,59,-1.297769,36.75127
70500004W11,out,60,-1.297651,36.750957
70500004W11,out,61,-1.297566,36.750118
70500004W11,out,62,-1.297487,36.750053
70500004W11,out,63,-1.296921,36.749912
70500004W11,out,64,-1.296724,36.749329
70500004W11,out,65,-1.296537,36.749237
70500004W11,out,66,-1.296011,36.749126
70500004W11,out,67,-1.295539,36.749142
70500004W11,out,68,-1.295179,36.748882
70500004W11,out,69,-1.29508,36.748707
70500004W11,out,70,-1.294821,36.74752
70500004W11,out,71,-1.295285,36.745579
70500004W11,out,72,-1.295106,36.744785
70500004W11,out,73,-1.295106,36.744785
70500004W11,out,74,-1.295467,36.744556
70500004W11,out,75,-1.295616,36.74435
70500004W11,out,76,-1.296347,36.741913
70500004W11,out,77,-1.296491,36.741383
70500004W11,out,78,-1.296515,36.741077
70500004W11,out,79,-1.296514,36.740833
70500004W11,out,80,-1.296405,36.740299
70500004W11,out,81,-1.29624,36.739902
70500004W11,out,82,-1.295761,36.739399
70500004W11,out,83,-1.295027,36.738976
70500004W11,out,84,-1.294401,36.738503
70500004W11,out,85,-1.293236,36.736286
70500004W11,out,86,-1.293129,36.736233
70500004W11,out,87,-1.292701,36.736233
70500004W11,out,88,-1.292701,36.736233
70500004W11,out,89,-1.292623,36.735622
70500004W11,out,90,-1.292456,36.73505
70500004W11,out,91,-1.292339,36.734814
70500004W11,out,92,-1.291434,36.73391
70500004W11,out,93,-1.291246,36.733654
70500004W11,out,94,-1.290761,36.732235
70500004W11,out,95,-1.290454,36.729534
70500004W11,out,96,-1.290542,36.72876
70500004W11,in,0,-1.290562,36.728944
70500004W11,in,1,-1.290522,36.730228
70500004W11,in,2,-1.290761,36.732235
70500004W11,in,3,-1.291146,36.733402
70500004W11,in,4,-1.291246,36.733654
70500004W11,in,5,-1.291434,36.73391
70500004W11,in,6,-1.292339,36.734814
70500004W11,in,7,-1.292544,36.735245
70500004W11,in,8,-1.292701,36.736233
70500004W11,in,9,-1.292701,36.736233
70500004W11,in,10,-1.293129,36.736233
70500004W11,in,11,-1.293236,36.736286
70500004W11,in,12,-1.294401,36.738503
70500004W11,in,13,-1.295027,36.738976
70500004W11,in,14,-1.295761,36.739399
70500004W11,in,15,-1.29624,36.739902
70500004W11,in,16,-1.296405,36.740299
70500004W11,in,17,-1.296514,36.740833
70500004W11,in,18,-1.296515,36.741077
70500004W11,in,19,-1.296491,36.741383
70500004W11,in,20,-1.296347,36.741913
70500004W11,in,21,-1.295616,36.74435
70500004W11,in,22,-1.295467,36.744556
70500004W11,in,23,-1.295106,36.744785
70500004W11,in,24,-1.295106,36.744785
70500004W11,in,25,-1.295285,36.745579
70500004W11,in,26,-1.294821,36.74752
70500004W11,in,27,-1.29508,36.748707
70500004W11,in,28,-1.295179,36.748882
70500004W11,in,29,-1.295539,36.749142
70500004W11,in,30,-1.296011,36.749126
70500004W11,in,31,-1.296537,36.749237
70500004W11,in,32,-1.296724,36.749329
70500004W11,in,33,-1.296921,36.749912
70500004W11,in,34,-1.297487,36.750053
70500004W11,in,35,-1.297566,36.750118
70500004W11,in,36,-1.297651,36.750957
70500004W11,in,37,-1.297769,36.75127
70500004W11,in,38,-1.298109,36.751453
70500004W11,in,39,-1.298647,36.751644
70500004W11,in,40,-1.298647,36.751644
70500004W11,in,41,-1.296741,36.756374
70500004W11,in,42,-1.296741,36.756374
70500004W11,in,43,-1.297457,36.756847
70500004W11,in,44,-1.297669,36.757084
70500004W11,in,45,-1.297899,36.757477
70500004W11,in,46,-1.298032,36.757896
70500004W11,in,47,-1.298926,36.761898
70500004W11,in,48,-1.298926,36.761898
70500004W11,in,49,-1.300402,36.768932
70500004W11,in,50,-1.300466,36.769653
70500004W11,in,51,-1.300487,36.770927
70500004W11,in,52,-1.300056,36.779324
70500004W11,in,53,-1.299927,36.779385
70500004W11,in,54,-1.299871,36.779491
70500004W11,in,55,-1.299916,36.779629
70500004W11,in,56,-1.300059,36.779697
70500004W11,in,57,-1.299293,36.795574
70500004W11,in,58,-1.298564,36.79932
70500004W11,in,59,-1.298019,36.801781
70500004W11,in,60,-1.297959,36.80241
70500004W11,in,61,-1.297724,36.802944
70500004W11,in,62,-1.297814,36.803425
70500004W11,in,63,-1.296895,36.807384
70500004W11,in,64,-1.29606,36.808739
70500004W11,in,65,-1.294522,36.811047
70500004W11,in,66,-1.293981,36.811653
70500004W11,in,67,-1.293981,36.811653
70500004W11,in,68,-1.293871,36.811867
70500004W11,in,69,-1.293914,36.812008
70500004W11,in,70,-1.29471,36.812206
70500004W11,in,71,-1.29471,36.812206
70500004W11,in,72,-1.295284,36.812653
70500004W11,in,73,-1.295284,36.812653
70500004W11,in,74,-1.295026,36.813469
70500004W11,in,75,-1.294708,36.814175
70500004W11,in,76,-1.294418,36.814461
70500004W11,in,77,-1.294067,36.814663
70500004W11,in,78,-1.293883,36.814941
70500004W11,in,79,-1.293516,36.816353
70500004W11,in,80,-1.292785,36.82021
70500004W11,in,81,-1.292785,36.82021
70500004W11,in,82,-1.292601,36.820232
70500004W11,in,83,-1.292506,36.820347
70500004W11,in,84,-1.292507,36.820503
70500004W11,in,85,-1.29261,36.820618
70500004W11,in,86,-1.292572,36.820938
70500004W11,in,87,-1.291871,36.822311
70500004W11,in,88,-1.291871,36.822311
70500004W11,in,89,-1.291648,36.822472
70500004W11,in,90,-1.291258,36.823196
40200000601,out,0,-1.294705,36.853271
40200000601,out,1,-1.294484,36.852337
40200000601,out,2,-1.294484,36.852337
40200000601,out,3,-1.294378,36.85183
40200000601,out,4,-1.294322,36.851715
40200000601,out,5,-1.294207,36.851681
40200000601,out,6,-1.294089,36.851852
40200000601,out,7,-1.2941,36.852112
40200000601,out,8,-1.290937,36.852604
40200000601,out,9,-1.28817,36.851887
40200000601,out,10,-1.285674,36.851673
40200000601,out,11,-1.28281,36.851093
40200000601,in,0,-1.28281,36.851093
40200000601,in,1,-1.285674,36.851673
40200000601,in,2,-1.28817,36.851887
40200000601,in,3,-1.290937,36.852604
40200000601,in,4,-1.2941,36.852112
40200000601,in,5,-1.2941,36.852112
40200000601,in,6,-1.294497,36.852978
40301707111,out,0,-1.288862,36.835979
40301707111,out,1,-1.289228,36.836796
40301707111,out,2,-1.290381,36.838093
40301707111,out,3,-1.290918,36.838863
40301707111,out,4,-1.291386,36.839375
40301707111,out,5,-1.291736,36.840755
40301707111,out,6,-1.291736,36.840755
40301707111,out,7,-1.291548,36.840862
40301707111,out,8,-1.291495,36.841095
40301707111,out,9,-1.291564,36.841232
40301707111,out,10,-1.291714,36.841328
40301707111,out,11,-1.291892,36.841541
40301707111,out,12,-1.291999,36.841782
40301707111,out,13,-1.293454,36.848656
40301707111,out,14,-1.294088,36.851238
40301707111,out,15,-1.2941,36.852112
40301707111,out,16,-1.294497,36.852978
40301707111,out,17,-1.294955,36.855263
40301707111,out,18,-1.294955,36.855263
40301707111,out,19,-1.294932,36.855461
40301707111,out,20,-1.294982,36.855766
40301707111,out,21,-1.295123,36.856045
40301707111,out,22,-1.29525,36.85603
40301707111,out,23,-1.295314,36.855961
40301707111,out,24,-1.295328,36.855576
40301707111,out,25,-1.29712,36.855209
40301707111,out,26,-1.297799,36.855186
40301707111,out,27,-1.305264,36.856171
40301707111,out,28,-1.307303,36.856487
40301707111,out,29,-1.309668,36.85677
40301707111,out,30,-1.309668,36.85677
40301707111,out,31,-1.308009,36.868443
40301707111,out,32,-1.30668,36.878632
40301707111,out,33,-1.306108,36.88203
40301707111,out,34,-1.305934,36.882305
40301707111,out,35,-1.305425,36.882668
40301707111,out,36,-1.301464,36.885105
40301707111,out,37,-1.300233,36.885803
40301707111,in,0,-1.30042,36.885719
40301707111,in,1,-1.305425,36.882668
40301707111,in,2,-1.305934,36.882305
40301707111,in,3,-1.306108,36.88203
40301707111,in,4,-1.30668,36.878632
40301707111,in,5,-1.308009,36.868443
40301707111,in,6,-1.309668,36.85677
40301707111,in,7,-1.309668,36.85677
40301707111,in,8,-1.307303,36.856487
40301707111,in,9,-1.305264,36.856171
40301707111,in,10,-1.297799,36.855186
40301707111,in,11,-1.29712,36.855209
40301707111,in,12,-1.295328,36.855576
40301707111,in,13,-1.295328,36.855576
40301707111,in,14,-1.295162,36.855198
40301707111,in,15,-1.294322,36.851715
40301707111,in,16,-1.294295,36.851349
40301707111,in,17,-1.292142,36.841774
40301707111,in,18,-1.292119,36.841454
40301707111,in,19,-1.292194,36.841251
40301707111,in,20,-1.292194,36.841251
40301707111,in,21,-1.292304,36.841057
40301707111,in,22,-1.292255,36.840885
40301707111,in,23,-1.292022,36.840733
40301707111,in,24,-1.291736,36.840755
40301707111,in,25,-1.291386,36.839375
40301707111,in,26,-1.290918,36.838863
40301707111,in,27,-1.290381,36.838093
40301707111,in,28,-1.289228,36.836796
40301707111,in,29,-1.289122,36.836601
40301707111,in,30,-1.288843,36.835907
40301707111,in,31,-1.288663,36.834846
40301707111,in,32,-1.288666,36.834171
40301707111,in,33,-1.288468,36.833927
40301707111,in,34,-1.288468,36.833927
40301707111,in,35,-1.288436,36.833805
60101007C11,out,0,-1.285485,36.825207
60101007C11,out,1,-1.285974,36.824184
60101007C11,out,2,-1.285974,36.824184
60101007C11,out,3,-1.285239,36.823895
60101007C11,out,4,-1.285239,36.823895
60101007C11,out,5,-1.285041,36.824314
60101007C11,out,6,-1.285041,36.824314
60101007C11,out,7,-1.284324,36.82346
60101007C11,out,8,-1.283887,36.822845
60101007C11,out,9,-1.283887,36.822845
60101007C11,out,10,-1.286493,36.8176
60101007C11,out,11,-1.286647,36.8176
60101007C11,out,12,-1.28678,36.817478
60101007C11,out,13,-1.286807,36.817371
60101007C11,out,14,-1.286721,36.817169
60101007C11,out,15,-1.286778,36.816936
60101007C11,out,16,-1.289261,36.811989
60101007C11,out,17,-1.289261,36.811989
60101007C11,out,18,-1.289484,36.811909
60101007C11,out,19,-1.289484,36.811909
60101007C11,out,20,-1.289632,36.812027
60101007C11,out,21,-1.289798,36.812382
60101007C11,out,22,-1.28984,36.813412
60101007C11,out,23,-1.289968,36.81377
60101007C11,out,24,-1.290535,36.814335
60101007C11,out,25,-1.290839,36.814426
60101007C11,out,26,-1.291138,36.814362
60101007C11,out,27,-1.291311,36.814198
60101007C11,out,28,-1.291567,36.813519
60101007C11,out,29,-1.291731,36.813244
60101007C11,out,30,-1.293454,36.812092
60101007C11,out,31,-1.293454,36.812092
60101007C11,out,32,-1.293733,36.812019
60101007C11,out,33,-1.295102,36.81226
60101007C11,out,34,-1.295353,36.812214
60101007C11,out,35,-1.295353,36.812214
60101007C11,out,36,-1.29545,36.810959
60101007C11,out,37,-1.29545,36.810959
60101007C11,out,38,-1.298918,36.811035
60101007C11,out,39,-1.298918,36.811035
60101007C11,out,40,-1.298322,36.813141
60101007C11,out,41,-1.298322,36.813141
60101007C11,out,42,-1.299621,36.812878
60101007C11,out,43,-1.299862,36.812786
60101007C11,out,44,-1.301299,36.812534
60101007C11,out,45,-1.301538,36.812435
60101007C11,out,46,-1.301761,36.812279
60101007C11,out,47,-1.302383,36.811653
60101007C11,out,48,-1.30263,36.81131
60101007C11,out,49,-1.302923,36.810089
60101007C11,out,50,-1.302936,36.80962
60101007C11,out,51,-1.302829,36.809334
60101007C11,out,52,-1.302405,36.808949
60101007C11,out,53,-1.302165,36.808819
60101007C11,out,54,-1.300734,36.808815
60101007C11,in,0,-1.300734,36.808815
60101007C11,in,1,-1.296997,36.808926
60101007C11,in,2,-1.296592,36.808884
60101007C11,in,3,-1.29606,36.808739
60101007C11,in,4,-1.29606,36.808739
60101007C11,in,5,-1.294522,36.811047
60101007C11,in,6,-1.293797,36.811836
60101007C11,in,7,-1.291731,36.813244
60101007C11,in,8,-1.291567,36.813519
60101007C11,in,9,-1.291311,36.814198
60101007C11,in,10,-1.291138,36.814362
60101007C11,in,11,-1.29093,36.81443
60101007C11,in,12,-1.290629,36.814388
60101007C11,in,13,-1.290394,36.81422
60101007C11,in,14,-1.289968,36.81377
60101007C11,in,15,-1.28984,36.813412
60101007C11,in,16,-1.289819,36.812626
60101007C11,in,17,-1.289738,36.812199
60101007C11,in,18,-1.289632,36.812027
60101007C11,in,19,-1.289487,36.811909
60101007C11,in,20,-1.289188,36.81181
60101007C11,in,21,-1.289188,36.81181
60101007C11,in,22,-1.28904,36.81205
60101007C11,in,23,-1.288684,36.812912
60101007C11,in,24,-1.286663,36.816948
60101007C11,in,25,-1.286569,36.817074
60101007C11,in,26,-1.286395,36.817123
60101007C11,in,27,-1.286307,36.817242
60101007C11,in,28,-1.286302,36.817425
60101007C11,in,29,-1.286349,36.817513
60101007C11,in,30,-1.285816,36.818665
60101007C11,in,31,-1.285816,36.818665
60101007C11,in,32,-1.285698,36.818611
60101007C11,in,33,-1.285698,36.818611
60101007C11,in,34,-1.284746,36.820499
60101007C11,in,35,-1.284746,36.820499
60101007C11,in,36,-1.284904,36.820572
60101007C11,in,37,-1.284904,36.820572
60101007C11,in,38,-1.283576,36.82317
60101007C11,in,39,-1.283306,36.82354
60101007C11,in,40,-1.283306,36.82354
60101007C11,in,41,-1.284673,36.825207
60101007C11,in,42,-1.285267,36.825596
