via_point,mentions,sacco_count,num_corridors,corridors_touched,sample_saccos,example_via_raw,example_permit,VERDICT
nairobi,187,51,2,kiambu_road thika_road,NAKWE TRAVELLERS SACCO SOCIETY LTD | SAFELINE MATATU SOCCO SOCIETY LIMITED | 2KW SAVINGS AND CREDIT CO-OPERATIVE SOCIETY LTD,"nairobi, limuru, nakuru",2KW SAVINGS AND CREDIT CO-OPERATIVE SOCIETY LTD / NTR-00494,
kikuyu,133,25,2,kiambu_road thika_road,SAFELINE MATATU SOCCO SOCIETY LIMITED | WAKIMALI TRAVELLERS CO. LIMITED | KANGEMI MATATU OWNERS SACCO,"kikuyu, dagoreti, gikambura",2B TRAVELLERS SACCO LTD / NTR-00539,
kiserian,131,26,2,kiambu_road thika_road,WAKIMALI TRAVELLERS CO. LIMITED | ST. MARYS TRANSPORT SACCO SOCIETY | COMPLIANT MOA,"Kiserian, Ngong Dagoretti Wangige Khoja Thika Gatuanyaga Ruiru Kiambu, Limuru .",BYBUSS TRANS LIMITED / NTR-00202009081636350,
thika,117,43,2,kiambu_road thika_road,RUKAGINA 44 SACCO | GIKAKURU TRAVELLERS SACCO | KANGEMI MATATU OWNERS SACCO,"Saika, Dandora Outering road Thika road, Thika",ALDANA SUPREME SERVICES LIMITED / NTR-00202008111559300,
machakos,109,26,2,kiambu_road thika_road,SOUTH B MATATU OWNERS SACCO SOCIETY LTD | TELAVIV TRAVELLERS LIMITED | SOWETAMU TRAVELLERS SACCO,"South c, iindustrial arealikoni rdjogoo rdeastleighoutering rd mombasa rd, machakos",ARBAB VENTURES LIMITED / NTR-00201905131607200,
thika road,102,41,2,kiambu_road thika_road,NAKATHI TRAVELLERS SACCO LIMITED | NEEMA TRAVELLERS AGENCY LIMITED | HOME SACCO LIMITED,"odeon, thika road, babadogo",BABA DOGO 25 TRAVELLERS SACCO / ADR-MDMSAEM,
limuru,88,31,2,kiambu_road thika_road,SAFELINE MATATU SOCCO SOCIETY LIMITED | 2KW SAVINGS AND CREDIT CO-OPERATIVE SOCIETY LTD | WAKIMALI TRAVELLERS CO. LIMITED,"knh, dagoreti,kikuyu, limuru",2B TRAVELLERS SACCO LTD / NTR-00201901141021120,
kawangware,83,23,2,kiambu_road thika_road,WELKAN TRAVELLERS SERVICES LIMITED | STARBUS COMPANY (K) LTD | PALS MATATU SAVINGS AND CREDIT CO-OPERATIVE SOCIETY LIMITED,"railways, kawangware,dagorretti,kikuyu, gikambura",2B TRAVELLERS SACCO LTD / NTR-00667,
kayole,69,9,2,kiambu_road thika_road,FIVE FRIENDS INVESTMENT COMPANY LIMITED | kayo-line group company limited | MNK SACCO SOCIETY LTD,"Bus station, Muthurwa, Jogoo road, Kayole, Eastern bypass, Utawala, City cabanas",61 BUS LIMITED / ADR-K9BFZR3,
muthurwa,68,21,2,kiambu_road thika_road,BURUBURU 58 TRAVELLERS SAVINGS AND CREDIT CO-OPERATIVE SOCIETY LIMITED | KANI TRANSPORT SAVINGS AND CREDIT CO-OPERATIVE SOCIETY LIMITED | STAHITO  COMMUTER  SERVICES CO. LIMITED,"Bus station, Muthurwa, Jogoo road, Kayole, Eastern bypass, Utawala, City cabanas",61 BUS LIMITED / ADR-K9BFZR3,
ronald ngala,68,23,2,kiambu_road thika_road,RUKAGINA 44 SACCO | ALDANA TRAVELLERS SACCO | NICCO MOVERS LIMITED,"Ronald ngala, Juja rdDandoraKariobangiAlsops Thika rd, Thika",ALDANA TRAVELLERS SACCO / NTR-00202003241145200,
gikomba,65,19,2,kiambu_road thika_road,NEEMA TRAVELLERS AGENCY LIMITED | TELAVIV TRAVELLERS LIMITED | ALDANA TRAVELLERS SACCO,"kariokor, gikomba,eastleigh,jericho,buruburu,outering rd,donholm(caltex), cabanas",8B SAVINGS AND CREDIT CO-OPERATIVE SOCIETY LTD / NTR-00201909131211180,
juja road,64,17,2,kiambu_road thika_road,EASTLEIGH ROUTE SACCO | ECOSA TRAVELLERS SACCO | PEJO TECH COMPANY LTD,"ronald ngara, juja road, dandora",ALDANA TRAVELLERS SACCO / NTR-00337,
westlands,63,26,2,kiambu_road thika_road,WELKAN TRAVELLERS SERVICES LIMITED | STARBUS COMPANY (K) LTD | KANGEMI MATATU OWNERS SACCO,"odeon, westlands,kinoo, kikuyu",2KR ROUTE 105 MULTIPURPOSE COOPERATIVE SOCIETY LIMITED / NTR-00341,
utawala,59,16,2,kiambu_road thika_road,tawala shuttle limited | kayo-line group company limited | MAMBIGI SERVICES LIMITED,"Bus station, Muthurwa, Jogoo road, Kayole, Eastern bypass, Utawala, City cabanas",61 BUS LIMITED / ADR-K9BFZR3,
commercial,55,23,2,kiambu_road thika_road,RUKAGINA 44 SACCO | NAKATHI TRAVELLERS SACCO LIMITED | tawala shuttle limited,"banana, thika,commercial, kiambu",BANANA HILL MATATU SACCO LTD / ADR-BQ9SQ6V,
dandora,53,13,2,kiambu_road thika_road,eastern bypass traverlers investment co. limited | ECOSA TRAVELLERS SACCO | NEEMA TRAVELLERS AGENCY LIMITED,"ronald ngara, juja road, dandora",ALDANA TRAVELLERS SACCO / NTR-00337,
eastleigh,49,19,2,kiambu_road thika_road,NEEMA TRAVELLERS AGENCY LIMITED | TELAVIV TRAVELLERS LIMITED | COMPLIANT MOA,"kariokor, gikomba,eastleigh,jericho,buruburu,outering rd,donholm(caltex), cabanas",8B SAVINGS AND CREDIT CO-OPERATIVE SOCIETY LTD / NTR-00201909131211180,
ruai,46,14,2,kiambu_road thika_road,EASTERN KUBAMBA LIMITED | CIRCULAR CLASSIC COMPANY LIMITED | EMAAR CITY BUS LIMITED,"Busstation, jogoo rd,Muthurwa,Gikomba,Kariokor,Juja Rd,Outering Rd,Allsops,Kariobangi Roundabout,kangundo rd,ruai,joska,malaa,tala,Thika,kiskioni,donyosabuku,kilimambogo, Nyeri and Back",BENJO( K) LTD / NTR-001425,
nakuru,43,12,2,kiambu_road thika_road,WALOKANA MULTIPURPOSE CO-OPERATIVE SOCIETY LTD | GITHIGA TRAVELLERS SACCO | eastern bypass traverlers investment co. limited,"nairobi, limuru, nakuru",2KW SAVINGS AND CREDIT CO-OPERATIVE SOCIETY LTD / NTR-00494,
kiambu,43,15,2,kiambu_road thika_road,NAKWE TRAVELLERS SACCO SOCIETY LTD | KARURI COMMUTERS SERVICES SAVINGS AND CREDIT CO-OPERTAIVE SOCIETY LIMITED | KIAMBU MARAFIKI SACCO LTD,"Kiambu, Bypass Ruaka Banana Ndenderu Wangige Kikuyu Rusingiti Kamangu Thigio Mutarakwa Limuru, Tigoni",BAKAKI 101 TRAVELLERS SAVINGS AND CREDIT CO-OPERATIVE SOCIETY LIMITED / NTR-00201911291135300,
buruburu,42,17,2,kiambu_road thika_road,SOUTHLEIGH SAVINGS AND CREDIT COOPERATIVE SOCIETY LIMITED | OUTER CIRCLE SACCO | ECOSA TRAVELLERS SACCO,"kariokor, gikomba,eastleigh,jericho,buruburu,outering rd,donholm(caltex), cabanas",8B SAVINGS AND CREDIT CO-OPERATIVE SOCIETY LTD / NTR-00201909131211180,
kariobangi,37,11,2,kiambu_road thika_road,EASTERN KUBAMBA LIMITED | kayo-line group company limited | MNK SACCO SOCIETY LTD,"dandora, kariobangi, alsolps",ALDANA TRAVELLERS SACCO / NTR-00360,
githunguri,36,13,2,kiambu_road thika_road,NAKWE TRAVELLERS SACCO SOCIETY LTD | SONY CLASSIC SHUTTLE EAST AFRICA LIMITED | KIAMBU MARAFIKI SACCO LTD,"githunguri, ngong,utawala, jkia, umoja, buruburu, jogoo road, bus station, knh, langata, karen, hardy",EXPRESS CONNECTIONS LTD / ADR-EPJSYPY,
tom mboya,34,13,2,kiambu_road thika_road,NAWASUKU SACCO | FOURTY FOUR OWNERS COMPANY LIMITED | ZURI GENESIS CO. LIMITED,"juja, ruiru,thika rd,tom mboya,bus station,buruburu,ruai,kangundo rd,joska, malaa",city star shuttle limited / NTR-00591,
joska,31,9,2,kiambu_road thika_road,tawala shuttle limited | eastern bypass traverlers investment co. limited | OBAMANA TRAVELLERS SACCO,"Busstation, jogoo rd,Muthurwa,Gikomba,Kariokor,Juja Rd,Outering Rd,Allsops,Kariobangi Roundabout,kangundo rd,ruai,joska,malaa,tala,Thika,kiskioni,donyosabuku,kilimambogo, Nyeri and Back",BENJO( K) LTD / NTR-001425,
thika makongeni,30,14,2,kiambu_road thika_road,EASTERN KUBAMBA LIMITED | zam zam fourty five limited | FOURTY FOUR OWNERS COMPANY LIMITED,"Kikuyu, GikamburaKamanguMutarakwaLimuruNorthern bypassRuiruThika rd, Thika (MAKONGENI)",2B TRAVELLERS SACCO LTD / NTR-00201912130944110,
thika rd,29,22,2,kiambu_road thika_road,MNK SACCO SOCIETY LTD | KANGEMI MATATU OWNERS SACCO | MANMO SACCO,"dandora, kariobangi,alsops,thika rd, thika",ALDANA TRAVELLERS SACCO / NTR-00201909131231540,
mlolongo,29,11,2,kiambu_road thika_road,FIVE FRIENDS INVESTMENT COMPANY LIMITED | eastern bypass traverlers investment co. limited | SUPER METRO LIMITED,"bus station, mombasa road, hazina, citycabanas, syokimau, katani, mlolongo",COUNTY LINK SAVINGS AND CREDIT CO-OPERATIVE SOCIETY LTD / ADR-VYASL5Q,
kangundo rd,28,21,2,kiambu_road thika_road,tawala shuttle limited | NEEMA TRAVELLERS AGENCY LIMITED | KANGEMI MATATU OWNERS SACCO,"Fig tree, Thika rd Kariokor Gikomba Juja rd Eastleigh KiambiuJericho Jogoo rd Buruburu Outering rd Donholm(caltex) Cabanas Likoni rd Lungalunga rd Kariobangi south, Kangundo rd",8B SAVINGS AND CREDIT CO-OPERATIVE SOCIETY LTD / NTR-00202101181143450,
kangemi,28,10,2,kiambu_road thika_road,WELKAN TRAVELLERS SERVICES LIMITED | RWARE TRAVELLERS SACCO | STARBUS COMPANY (K) LTD,"odeon, westlands, kangemi",COSY TRAVEL LIMITED / NTR-0078,
uthiru,26,11,2,kiambu_road thika_road,LIRA LINE SACCO SOCIETY LTD | STARBUS COMPANY (K) LTD | 2KW SAVINGS AND CREDIT CO-OPERATIVE SOCIETY LTD,"Railways, Karen via bomas kawangwarekabiria dagoretti Kikuyu Muslim gikambura waiyaki way, Uthiru",2B TRAVELLERS SACCO LTD / ADR-YM3SEOK,
wangige,26,8,2,kiambu_road thika_road,GARAMU TRAVEL SOLUTIONS LIMITED | WALOKANA MULTIPURPOSE CO-OPERATIVE SOCIETY LTD | 2KW SAVINGS AND CREDIT CO-OPERATIVE SOCIETY LTD,"wangige, kahawa west KU Hospital, Ruiru",2KW SAVINGS AND CREDIT CO-OPERATIVE SOCIETY LTD / ADR-9AKFJOA,
nyeri,26,9,2,kiambu_road thika_road,GMK SACCO LIMITED | PEJO TECH COMPANY LTD | EASTERN BYPASS SAVINGS AND CREDIT CO-OPERATIVE SOCIETY LIMITED,"Ronald Ngala, Ngara Juja Rd Outering Rd Kangundo Rd Dandora Kariobangi Asops Thika Rd Thika, Nyeri",ALDANA TRAVELLERS SACCO / NTR-00418,
malaa,25,12,2,kiambu_road thika_road,FIVE FRIENDS INVESTMENT COMPANY LIMITED | ALDANA SUPREME SERVICES LIMITED | OBAMANA TRAVELLERS SACCO,"Malaa, ruai dandora outering rd cabanas juja rd kariokor ngara thika rd mwihoko eastern bypass ruiru gatundu juja thika, Muranga",ALDANA SUPREME SERVICES LIMITED / NTR-00202108060811330,
mfangano,25,8,2,kiambu_road thika_road,MAVEROUS SHUTTLE LIMITED | MADIWA MATATU OWNERS SACCO | COMPLIANT MOA,"mfangano, jogoo road,buruburu,civil servant,garage, eastleigh",COMPLIANT MOA / NTR-00354,
cabanas,24,14,2,kiambu_road thika_road,EASTERN KUBAMBA LIMITED | SOUTHLEIGH SAVINGS AND CREDIT COOPERATIVE SOCIETY LIMITED | NAWASUKU SACCO,"kariokor, gikomba,eastleigh,jericho,buruburu,outering rd,donholm(caltex), cabanas",8B SAVINGS AND CREDIT CO-OPERATIVE SOCIETY LTD / NTR-00201909131211180,
juja,24,12,2,kiambu_road thika_road,SONY CLASSIC SHUTTLE EAST AFRICA LIMITED | JUJA ATHI TRAVELLERS SACCO. | FOURTY FOUR OWNERS COMPANY LIMITED,"juja, ruiru,thika rd,tom mboya,bus station,buruburu,ruai,kangundo rd,joska, malaa",city star shuttle limited / NTR-00591,
makongeni,22,15,2,kiambu_road thika_road,RUKAGINA 44 SACCO | NAKATHI TRAVELLERS SACCO LIMITED | zam zam fourty five limited,"Kikuyu, Wangige Kiambu Ruiru Thika road Juja, Makongeni",2KR ROUTE 105 MULTIPURPOSE COOPERATIVE SOCIETY LIMITED / NTR-00202008120851300,
outering rd,22,15,2,kiambu_road thika_road,DOMANN ENTERPRISES | EASTLEIGH ROUTE SACCO | MNK SACCO SOCIETY LTD,"kariokor, gikomba,eastleigh,jericho,buruburu,outering rd,donholm(caltex), cabanas",8B SAVINGS AND CREDIT CO-OPERATIVE SOCIETY LTD / NTR-00201909131211180,
kenol,22,10,2,kiambu_road thika_road,SUMMA TRANSPORTERS SACCO LIMITED | eastern bypass traverlers investment co. limited | CBET SACCO,"kenol, njumbi murarandaia githiga, kiria-ini",CBET SACCO / NTR-00202104141524480,
eastern bypass,21,8,2,kiambu_road thika_road,EASTERN BYPASS SAVINGS AND CREDIT CO-OPERATIVE SOCIETY LIMITED | SOWETAMU TRAVELLERS SACCO | 61 BUS LIMITED,"Bus station, Muthurwa gikomba , Jogoo road juja rd outering rd , Kayole kangundo rd , Eastern bypass, Utawala City cabanas ruai, Kamulu",61 BUS LIMITED / NTR-001280,
jogoo rd,21,15,2,kiambu_road thika_road,STAHITO  COMMUTER  SERVICES CO. LIMITED | ROYAL SWIFT EXPRESS LIMITED | UMOINNER SACCO LTD,"machakos, syokimau,imara daima,south b,south c,ngumo,likoni rd,industrial area,eastleigh,gikomba,busstation,jogoo rd,outering rd,donholm, fedha",ARBAB VENTURES LIMITED / ADR-VYAS9K2,
waiyaki way,21,10,2,kiambu_road thika_road,SUPER METRO LIMITED | city star shuttle limited | HANNOVER SWIFT TRANS LIMITED,"Isinya, Kitengela Athi river Syokimau SGR Mombasa rd JKIA Utawala Ruai Malaa Kantafu Kangundo rd Umoja Outering rd Juja rd Buruburu Jogoo rd South B Bus station Ambassador Kencom KNH Langata rd Ongata Rongai Kiserian Ngong Karen Hardy Kawangware Kikuyu, Waiyaki way",city star shuttle limited / ADR-DB3TQ92,
muranga,18,11,2,kiambu_road thika_road,GMK SACCO LIMITED | JUJA ATHI TRAVELLERS SACCO. | KIAMBU MARAFIKI SACCO LTD,"Malaa, ruai dandora outering rd cabanas juja rd kariokor ngara thika rd mwihoko eastern bypass ruiru gatundu juja thika, Muranga",ALDANA SUPREME SERVICES LIMITED / NTR-00202108060811330,
kangundo,18,6,2,kiambu_road thika_road,EASTERN KUBAMBA LIMITED | eastern bypass traverlers investment co. limited | city star shuttle limited,"Kangundo, Malaa Ruai Juja Ruiru Thika Kenyatta university Juja rdTom mboya Kencom Ambassador Bus station Gikomba Jogoo rd Buruburu Outering rd Umoja Kangundo rdUtawala JKIA Mombasa SGR Syokimau Athi river Kitengela, Isinya",city star shuttle limited / NTR-00202101251031330,
mombasa rd,16,11,2,kiambu_road thika_road,DOMANN ENTERPRISES | STAHITO  COMMUTER  SERVICES CO. LIMITED | SOUTH B MATATU OWNERS SACCO SOCIETY LTD,"gillhouse, muthurwa,jogoo road,buruburu,civil servant,Outering rd,Komarock Bus Park,Mombasa rd,Athiriver,Machakos,Kyumbi,Malili,Murarandi,Githiga, Kiria-ini",CBET SACCO / ADR-A5AC86D,
bypass,16,9,2,kiambu_road thika_road,NAKATHI TRAVELLERS SACCO LIMITED | FOURTY FOUR OWNERS COMPANY LIMITED | ZURI GENESIS CO. LIMITED,"commercial, thika rd,githurai,kahawa west,bypass,ruiru, thika (makongeni)",FOURTY FOUR OWNERS COMPANY LIMITED / NTR-00201909171049330,
ruaka,16,9,2,kiambu_road thika_road,SONY CLASSIC SHUTTLE EAST AFRICA LIMITED | SUPER METRO LIMITED | ST. MARYS TRANSPORT SACCO SOCIETY,"Bus Station, city stadium lusaka rd enterprise rd likoni rd jogoo rd kangundo rd via eastern bypass mombasa rd langata rd kungu karumba rd ngong rd karen dagoretti yaya centre limuru rd, Ruaka",KENYA BUS SERVICE MANAGEMENT LIMITED / NTR-00202108060801500,
tommboya,15,8,2,kiambu_road thika_road,GITHIGA TRAVELLERS SACCO | ZURI GENESIS CO. LIMITED | 2KR ROUTE 105 MULTIPURPOSE COOPERATIVE SOCIETY LIMITED,"Tommboya, KawangwarekikuyuwestlandsThika RdMakongeniruirukiambuwangige, Limuru",2KR ROUTE 105 MULTIPURPOSE COOPERATIVE SOCIETY LIMITED / NTR-00346,
huruma,15,5,2,kiambu_road thika_road,FIVE FRIENDS INVESTMENT COMPANY LIMITED | eastern bypass traverlers investment co. limited | HURUMA MINI-BUS SACCO LTD,"huruma, jonsaga, kariokor, ronald ngala",eastern bypass traverlers investment co. limited / ADR-2DVSDD7,
kamangu,13,7,2,kiambu_road thika_road,2KR ROUTE 105 MULTIPURPOSE COOPERATIVE SOCIETY LIMITED | NAKILI SAVINGS AND CREDIT CO-OPERATIVE SOCIETY LTD | KANGEMI MATATU OWNERS SACCO,"tommboya, westlands,kinoo,kikuyu,kamangu, limuru",2KR ROUTE 105 MULTIPURPOSE COOPERATIVE SOCIETY LIMITED / ADR-WZ9S3ZE,
ndeiya,13,5,2,kiambu_road thika_road,SAFELINE MATATU SOCCO SOCIETY LIMITED | NAKILI SAVINGS AND CREDIT CO-OPERATIVE SOCIETY LTD | WAKIMALI TRAVELLERS CO. LIMITED,"NDEIYA, NDUMAONDIRIKIKUYUKABIRIADAGORETTI MARKETKARENBOMASRONGAI, KISERIAN",EXPRESO LIMITED / NTR-00201901221600550,
ndenderu,13,4,2,kiambu_road thika_road,RUNKA SERVICES COOPERATIVE SAVINGS AND CREDIT SOCIETY LTD | LOPHA MULTIPURPOSE CO-OPERATIVE SOCIETY | MERUIT LOGISTICS LIMITED,"kibera(dc), via prestige,yaya,kileleshwa,lavington,westlands,kangemi,kikuyu,odeon,via limuru rd,ndenderu, karura",KILLETON COMMUTERS SERVICES SAVINGS AND CREDIT COOPERATIVE LTD / NTR-00201910041157320,
kamulu,12,10,2,kiambu_road thika_road,EASTLEIGH ROUTE SACCO | MAVEROUS SHUTTLE LIMITED | eastern bypass traverlers investment co. limited,"Bus station, Muthurwa gikomba , Jogoo road juja rd outering rd , Kayole kangundo rd , Eastern bypass, Utawala City cabanas ruai, Kamulu",61 BUS LIMITED / NTR-001280,
jericho,12,6,2,kiambu_road thika_road,SOUTHLEIGH SAVINGS AND CREDIT COOPERATIVE SOCIETY LIMITED | peja travellers limited | DANDORA USAFIRI TRAVELLERS SACCO,"kariokor, gikomba,eastleigh,jericho,buruburu,outering rd,donholm(caltex), cabanas",8B SAVINGS AND CREDIT CO-OPERATIVE SOCIETY LTD / NTR-00201909131211180,
tala,11,9,2,kiambu_road thika_road,SUPER METRO LIMITED | EASTERN BYPASS SAVINGS AND CREDIT CO-OPERATIVE SOCIETY LIMITED | KANGEMI MATATU OWNERS SACCO,"Busstation, jogoo rd,Muthurwa,Gikomba,Kariokor,Juja Rd,Outering Rd,Allsops,Kariobangi Roundabout,kangundo rd,ruai,joska,malaa,tala,Thika,kiskioni,donyosabuku,kilimambogo, Nyeri and Back",BENJO( K) LTD / NTR-001425,
juja rd,9,7,2,kiambu_road thika_road,EASTLEIGH ROUTE SACCO | NEEMA TRAVELLERS AGENCY LIMITED | EASTERN BYPASS SAVINGS AND CREDIT CO-OPERATIVE SOCIETY LIMITED,"Busstation, jogoo rd,Muthurwa,Gikomba,Kariokor,Juja Rd,Outering Rd,Allsops,Kariobangi Roundabout,kangundo rd,ruai,joska,malaa,tala,Thika,kiskioni,donyosabuku,kilimambogo, Nyeri and Back",BENJO( K) LTD / NTR-001425,
mathare north,9,3,2,kiambu_road thika_road,FIG KOMBA | FIG PRESTIGE MANAGEMENT COMPANY LIMITED | MANMO SACCO,"mathare north, ngara,figtree,gikomba, kiambio",FIG KOMBA / NTR-00201812211059020,
saika,8,7,2,kiambu_road thika_road,SOUTHLEIGH SAVINGS AND CREDIT COOPERATIVE SOCIETY LIMITED | UMOINNER SACCO LTD | ALDANA SUPREME SERVICES LIMITED,"Saika, Dandora Outering road Thika road, Thika",ALDANA SUPREME SERVICES LIMITED / NTR-00202008111559300,
makongenithika,8,5,2,kiambu_road thika_road,FOURTY FOUR OWNERS COMPANY LIMITED | SUPER METRO LIMITED | SUPER TRAM LIMITED,"tom mboya, zimmerman,githurai,kahawa west,ruiru,juja,thika road, makongenithika",FOURTY FOUR OWNERS COMPANY LIMITED / NTR-00201901151029270,
kagwe,8,3,2,kiambu_road thika_road,KAKA TRAVELLERS SACCO LIMITED | GIKAKI SACCO SOCIETY LIMITED | NAKWE TRAVELLERS SACCO SOCIETY LTD,"githunguri, kagwe, kimende, ruiru",GIKAKI SACCO SOCIETY LIMITED / ADR-O68I2YK,
highridge,8,3,2,kiambu_road thika_road,RUNKA SERVICES COOPERATIVE SAVINGS AND CREDIT SOCIETY LTD | LOPHA MULTIPURPOSE CO-OPERATIVE SOCIETY | KILLETON COMMUTERS SERVICES SAVINGS AND CREDIT COOPERATIVE LTD,"odeon, highridge, pangani, ndenderu",KILLETON COMMUTERS SERVICES SAVINGS AND CREDIT COOPERATIVE LTD / ADR-BQ9SQR6,
kiambio,7,2,2,kiambu_road thika_road,FIG KOMBA | FIG PRESTIGE MANAGEMENT COMPANY LIMITED,"mathare north, ngara,figtree,gikomba, kiambio",FIG KOMBA / NTR-00201812211059020,
njiru,7,2,2,kiambu_road thika_road,KENYA BUS SERVICE MANAGEMENT LIMITED | MWIKI PSV SACCO SOCIETY LIMITED,"Karen, Dagoretti,Waithaka,Kawangware,Kibera,Knh,Bus Station,Njiru,Utawala,Ruai, Malaa",KENYA BUS SERVICE MANAGEMENT LIMITED / NTR-0020181211132633916,
kariobangi south,6,3,2,kiambu_road thika_road,FORWARD TRAVELLERS SACCO LTD | NEEMA TRAVELLERS AGENCY LIMITED | KARIOBANGI MATATU OWNERS SAVINGS AND CREDIT CO-OPERATIVE SOCIETY LIMITED,"kariobangi south, outering road, thika road, gikomba, commercial",FORWARD TRAVELLERS SACCO LTD / ADR-K9BF6V8,
nanyuki,6,3,2,kiambu_road thika_road,NEO KENYA MPYA COMMUTERS LIMITED | KAKA TRAVELLERS SACCO LIMITED | JUPITERLINE INVESTMENTS CAPITAL LIMITED,"ngara, thika road, nanyuki",JUPITERLINE INVESTMENTS CAPITAL LIMITED / NTR-00201906141322300,
kariobangi round about,5,4,2,kiambu_road thika_road,DANDORA USAFIRI TRAVELLERS SACCO | EASTERN BYPASS SAVINGS AND CREDIT CO-OPERATIVE SOCIETY LIMITED | PEJO TECH COMPANY LTD,"dandora, kariobangi round about,alsolps,thika road, ronald ngara",DANDORA USAFIRI TRAVELLERS SACCO / NTR-00357,
githiga,4,2,2,kiambu_road thika_road,GITHIGA TRAVELLERS SACCO | CBET SACCO,"gillhouse, muthurwa,jogoo road,buruburu,civil servant,Outering rd,Komarock Bus Park,Mombasa rd,Athiriver,Machakos,Kyumbi,Malili,Murarandi,Githiga, Kiria-ini",CBET SACCO / ADR-A5AC86D,
general waruinge,4,2,2,kiambu_road thika_road,MADIWA MATATU OWNERS SACCO | COMPLIANT MOA,"luthuli, general waruinge,garage,eastleigh, kimathi",COMPLIANT MOA / NTR-00355,
kosovo,4,2,2,kiambu_road thika_road,EASTLEIGH ROUTE SACCO | EASTLEIGH COMMUTER SERVICES LIMITED,"commercial, thika road, kosovo, juja road, eastleigh",EASTLEIGH COMMUTER SERVICES LIMITED / ADR-O68ILZA,
gatundu,4,3,2,kiambu_road thika_road,GATHIMA TRAVELLERS SAVINGS AND CREDIT CO-OPERATIVE SOCIETY. | TIKAGI SAVINGS AND CREDIT COOPERATIVE SOCIETY LIMITED | NICCO MOVERS LIMITED,"thika, gatundu, kiambu",GATHIMA TRAVELLERS SAVINGS AND CREDIT CO-OPERATIVE SOCIETY. / ADR-537HORO,
juja rd outering rd eastern bypass cabanas mombasa rd gm lusaka rd city stadium jogoo rd makadara via rabai rd lucky summer,4,1,2,kiambu_road thika_road,GEOBEAT MAOKA TRAVELLERS LIMITED,"Ngara, Juja Rd Outering Rd Eastern Bypass Cabanas Mombasa Rd GM Lusaka Rd City Stadium Jogoo Rd Makadara via Rabai Rd Lucky Summer, Muthurwa",GEOBEAT MAOKA TRAVELLERS LIMITED / ADR-2DVSDQ3,
mai mahiu,4,2,2,kiambu_road thika_road,LIBERA IMPEX LIMITED | KIZALI TRAVELLERS LIMITED,"kikuyu, limuru, mai mahiu",KIZALI TRAVELLERS LIMITED / NTR-00789,
eastleigh section3,3,2,2,kiambu_road thika_road,MADIWA MATATU OWNERS SACCO | 8B SAVINGS AND CREDIT CO-OPERATIVE SOCIETY LTD,"jericho, gikomba,eastleigh section3, kariokor",8B SAVINGS AND CREDIT CO-OPERATIVE SOCIETY LTD / ADR-VYASAWA,
kiskioni,3,3,2,kiambu_road thika_road,EASTERN BYPASS SAVINGS AND CREDIT CO-OPERATIVE SOCIETY LIMITED | KANGEMI MATATU OWNERS SACCO | BENJO( K) LTD,"Busstation, jogoo rd,Muthurwa,Gikomba,Kariokor,Juja Rd,Outering Rd,Allsops,Kariobangi Roundabout,kangundo rd,ruai,joska,malaa,tala,Thika,kiskioni,donyosabuku,kilimambogo, Nyeri and Back",BENJO( K) LTD / NTR-001425,
donyosabuku,3,3,2,kiambu_road thika_road,EASTERN BYPASS SAVINGS AND CREDIT CO-OPERATIVE SOCIETY LIMITED | KANGEMI MATATU OWNERS SACCO | BENJO( K) LTD,"Busstation, jogoo rd,Muthurwa,Gikomba,Kariokor,Juja Rd,Outering Rd,Allsops,Kariobangi Roundabout,kangundo rd,ruai,joska,malaa,tala,Thika,kiskioni,donyosabuku,kilimambogo, Nyeri and Back",BENJO( K) LTD / NTR-001425,
kilimambogo,3,3,2,kiambu_road thika_road,EASTERN BYPASS SAVINGS AND CREDIT CO-OPERATIVE SOCIETY LIMITED | KANGEMI MATATU OWNERS SACCO | BENJO( K) LTD,"Busstation, jogoo rd,Muthurwa,Gikomba,Kariokor,Juja Rd,Outering Rd,Allsops,Kariobangi Roundabout,kangundo rd,ruai,joska,malaa,tala,Thika,kiskioni,donyosabuku,kilimambogo, Nyeri and Back",BENJO( K) LTD / NTR-001425,
mowlem,3,3,2,kiambu_road thika_road,SALTY SUPPORTERS INVESTMENT LIMITED | EASTERN BYPASS SAVINGS AND CREDIT CO-OPERATIVE SOCIETY LIMITED | JONSAGA FLATS SACCO,"malaa, joska, ruai, saika, mowlem, kariobangi round about, juja road, kariokor, hakati",EASTERN BYPASS SAVINGS AND CREDIT CO-OPERATIVE SOCIETY LIMITED / ADR-YM3S66R,
komarocks rd,3,1,2,kiambu_road thika_road,EXPRESO LIMITED,"ndeiya, kikuyu,tom mboya,ngara,thika rd,juja rd,outering rd,kangundo rd,komarocks rd,choka,kasarani,mwiki, infinity",EXPRESO LIMITED / NTR-00201810080909530,
infinity,3,1,2,kiambu_road thika_road,EXPRESO LIMITED,"ndeiya, kikuyu,tom mboya,ngara,thika rd,juja rd,outering rd,kangundo rd,komarocks rd,choka,kasarani,mwiki, infinity",EXPRESO LIMITED / NTR-00201810080909530,
githuguri,3,2,2,kiambu_road thika_road,NAKWE TRAVELLERS SACCO SOCIETY LTD | GITHIGA TRAVELLERS SACCO,"st.peters, kiambu, limuru, githuguri",GITHIGA TRAVELLERS SACCO / ADR-DB3TB99,
rwaka,3,3,2,kiambu_road thika_road,RUNKA SERVICES COOPERATIVE SAVINGS AND CREDIT SOCIETY LTD | LOPHA MULTIPURPOSE CO-OPERATIVE SOCIETY | TRANSNOMICS COMPANY LIMITED,"odeon, pangani, highridge, karura, rwaka, ndenderu",LOPHA MULTIPURPOSE CO-OPERATIVE SOCIETY / ADR-3ZQSJ2A,
museum hill,2,1,2,kiambu_road thika_road,DIGITAL LUXURY TRAVELLERS LIMITED,"ngara, museum hill,kangemi,uthiru,kawangware, knh",DIGITAL LUXURY TRAVELLERS LIMITED / ADR-6DBSZO5,
hakati,2,2,2,kiambu_road thika_road,EASTERN BYPASS SAVINGS AND CREDIT CO-OPERATIVE SOCIETY LIMITED | SINGLE LINE SERVICES LIMITED,"malaa, joska, ruai, saika, mowlem, kariobangi round about, juja road, kariokor, hakati",EASTERN BYPASS SAVINGS AND CREDIT CO-OPERATIVE SOCIETY LIMITED / ADR-YM3S66R,
joskasaga,2,2,2,kiambu_road thika_road,QUE SERVICES SAVINGS AND CREDIT CO-OPERATIVE SOCIETY LTD | eastern bypass traverlers investment co. limited,"huruma, joskasaga, kariokor, ronald ngala",eastern bypass traverlers investment co. limited / ADR-7WRSOOD,
tatu city,2,2,2,kiambu_road thika_road,KARURI COMMUTERS SERVICES SAVINGS AND CREDIT CO-OPERTAIVE SOCIETY LIMITED | TIKAGI SAVINGS AND CREDIT COOPERATIVE SOCIETY LIMITED,"khoja, limuru,banana,kiambu,tatu city, ruiru",KARURI COMMUTERS SERVICES SAVINGS AND CREDIT CO-OPERTAIVE SOCIETY LIMITED / NTR-00201812181042570,
ngorongo,2,1,2,kiambu_road thika_road,LIKAMBU MATATU SAVINGS AND CREDIT CO-OPERATIVE SOCIETY LIMITED,"limuru, ngorongo,ndumberi, kiambu",LIKAMBU MATATU SAVINGS AND CREDIT CO-OPERATIVE SOCIETY LIMITED / NTR-001333,
via tatu city,2,1,2,kiambu_road thika_road,LIKAMBU MATATU SAVINGS AND CREDIT CO-OPERATIVE SOCIETY LIMITED,"kikuyu, limuru,tigoni,kanunga,kiambu,ruiru,via tatu city, makongenithika",LIKAMBU MATATU SAVINGS AND CREDIT CO-OPERATIVE SOCIETY LIMITED / NTR-00201905151245410,
parklands,2,2,2,kiambu_road thika_road,LOPHA MULTIPURPOSE CO-OPERATIVE SOCIETY | MANMO SACCO,"odeon, pangani,parklands,highridge,abc drive,ndenderu,gacharage,ruaka,kiambu,ruiru, thika (makongeni)",LOPHA MULTIPURPOSE CO-OPERATIVE SOCIETY / NTR-00201908021449470,
abc drive,2,1,2,kiambu_road thika_road,LOPHA MULTIPURPOSE CO-OPERATIVE SOCIETY,"odeon, pangani,parklands,highridge,abc drive,ndenderu,gacharage,ruaka,kiambu,ruiru, thika (makongeni)",LOPHA MULTIPURPOSE CO-OPERATIVE SOCIETY / NTR-00201908021449470,
gacharage,2,1,2,kiambu_road thika_road,LOPHA MULTIPURPOSE CO-OPERATIVE SOCIETY,"odeon, pangani,parklands,highridge,abc drive,ndenderu,gacharage,ruaka,kiambu,ruiru, thika (makongeni)",LOPHA MULTIPURPOSE CO-OPERATIVE SOCIETY / NTR-00201908021449470,
aga khan,2,1,2,kiambu_road thika_road,LOPHA MULTIPURPOSE CO-OPERATIVE SOCIETY,"odeon, aga khan, pangani, ndenderu, wangige",LOPHA MULTIPURPOSE CO-OPERATIVE SOCIETY / ADR-9AKFJRA,
1st avenue,2,1,2,kiambu_road thika_road,MADIWA MATATU OWNERS SACCO,"Mfangano, Kariokor,General Waruinge,Garage,1st Avenue, Eastleigh Section3",MADIWA MATATU OWNERS SACCO / NTR-00446,
railways,209,46,1,thika_road,SAFELINE MATATU SOCCO SOCIETY LIMITED | STARBUS COMPANY (K) LTD | PALS MATATU SAVINGS AND CREDIT CO-OPERATIVE SOCIETY LIMITED,"Railways, Waiyaki way Uthiru kawangware Kikuyu gikambura kamangu mutarakwa limuru northern bypass thika Rd thika, Thika(makongeni)",2B TRAVELLERS SACCO LTD / NTR-001144,
jogoo road,126,35,1,thika_road,BURUBURU 58 TRAVELLERS SAVINGS AND CREDIT CO-OPERATIVE SOCIETY LIMITED | COMPLIANT MOA | METROTRANS EAST AFRICA LIMITED,"Bus station, Muthurwa, Jogoo road, Kayole, Eastern bypass, Utawala, City cabanas",61 BUS LIMITED / ADR-K9BFZR3,
yaya,78,19,1,thika_road,STARBUS COMPANY (K) LTD | PALS MATATU SAVINGS AND CREDIT CO-OPERATIVE SOCIETY LIMITED | COMPLIANT MOA,"kikuyu, kawangware,ngong road,yaya,icea,ambassadeur,bus station,jogoo road,kangundo road,utawala,ruai,joska, malaa",city star shuttle limited / NTR-0020181211134054530,
karen,72,18,1,thika_road,NANGKIS MATATU SACCO | NABOKA TRAVELLERS SACCO | LOTHIAN TRANSPORTERS,"bus station, kencom,gpo,knh,adams arcade,karen,ngong,matasia,kiseriani,rongai,bomas,langata road, kiserian",city star shuttle limited / NTR-0020181211134410497,
kitengela,66,20,1,thika_road,NKIKAN SACCO SOCIETY LIMITED | NAKAM SACCO SOCIETY LIMITED | REMBO SHUTTLE SAVINGS AND CREDIT SACCO LTD,"kikuyu, kawangware, ngong road, yaya, knh , ambassadour, bus station, jogoo road, jkia, utawala, mombasa road, athi river, kitengela, kajiado",city star shuttle limited / ADR-Q5LCBRQ,
ngong,65,23,1,thika_road,WAKIMALI TRAVELLERS CO. LIMITED | ST. MARYS TRANSPORT SACCO SOCIETY | COMPLIANT MOA,"bus station, kencom,gpo,knh,adams arcade,karen,ngong,matasia,kiseriani,rongai,bomas,langata road, kiserian",city star shuttle limited / NTR-0020181211134410497,
kahawa west,48,8,1,thika_road,RUKAGINA 44 SACCO | NAKATHI TRAVELLERS SACCO LIMITED | GIKAKURU TRAVELLERS SACCO,"tom mboya, zimmerman,githurai,kahawa west,ruiru,juja,thika road, makongenithika",FOURTY FOUR OWNERS COMPANY LIMITED / NTR-00201901151029270,
kibera,45,7,1,thika_road,KIBERA BURETI SACCO | KIRAGI TRAVELLERS SAVINGS AND CREDIT CO-OPERATIVE SOCIETY LIMITED | KIBERA MATATU OWNERS COOPERATIVE SAVINGS AND CREDIT SOCIETY LIMITED,"jkia, mombasa road, bus station, gpo, knh, ngumo, kibera, yaya, kawangware, satelite, jamuhuri, karen, hardy",EXPRESS CONNECTIONS LTD / NTR-00178,
rongai,43,17,1,thika_road,NANGKIS MATATU SACCO | EMAAR CITY BUS LIMITED | LOTHIAN TRANSPORTERS,"bus station, kencom,gpo,knh,adams arcade,karen,ngong,matasia,kiseriani,rongai,bomas,langata road, kiserian",city star shuttle limited / NTR-0020181211134410497,
umoja,36,9,1,thika_road,UMOINNER SACCO LTD | city star shuttle limited | prime  transcity limited,"kikuyu, kawangware,ngong rd,yaya,icea,ambassadour,bus station,umoja,jkia, joska",city star shuttle limited / NTR-00596,
mbagathi way,36,14,1,thika_road,LUCKY TRANSPORTERS COMPANY | EMAAR CITY BUS LIMITED | ST. MARYS TRANSPORT SACCO SOCIETY,"railways, knh,mbagathi way,rongai, kiserian",ELEVENTH HOUR TRANSPORT SACCO / ADR-O68IO56,
jkia,33,3,1,thika_road,city star shuttle limited | KENYA BUS SERVICE MANAGEMENT LIMITED | EXPRESS CONNECTIONS LTD,"kikuyu, kawangware,yaya,arkwings kodhek,yaya,ambassadour,jkia,utawala, joska",city star shuttle limited / NTR-00592,
langata road,30,16,1,thika_road,EMAAR CITY BUS LIMITED | LOTHIAN TRANSPORTERS | LUMINOUS SHUTTLES LIMITED,"bus station, kencom,gpo,knh,adams arcade,karen,ngong,matasia,kiseriani,rongai,bomas,langata road, kiserian",city star shuttle limited / NTR-0020181211134410497,
athi river,30,12,1,thika_road,LUCKY TRANSPORTERS COMPANY | KARURI COMMUTERS SERVICES SAVINGS AND CREDIT CO-OPERTAIVE SOCIETY LIMITED | seven city shuttle limited,"kikuyu, kawangware, ngong road, yaya, knh , ambassadour, bus station, jogoo road, jkia, utawala, mombasa road, athi river, kitengela, kajiado",city star shuttle limited / ADR-Q5LCBRQ,
mwingi,29,7,1,thika_road,KSMT SACCO LTD | GITHURAI 45 SACCO | VIRGINIA COACH ENTERPRISE LIMITED,"nairobi, matuu, kitui, mwingi",BENJO( K) LTD / ADR-537HOWE,
kangundo road,28,7,1,thika_road,UMOINNER SACCO LTD | OBAMANA TRAVELLERS SACCO | city star shuttle limited,"kikuyu, kawangware,ngong road,yaya,icea,ambassadeur,bus station,jogoo road,kangundo road,utawala,ruai,joska, malaa",city star shuttle limited / NTR-0020181211134054530,
mombasa road,28,12,1,thika_road,tawala shuttle limited | STAHITO  COMMUTER  SERVICES CO. LIMITED | ROYAL SWIFT EXPRESS LIMITED,"kikuyu, kawangware, ngong road, yaya, knh , ambassadour, bus station, jogoo road, jkia, utawala, mombasa road, athi river, kitengela, kajiado",city star shuttle limited / ADR-Q5LCBRQ,
ongata rongai,28,13,1,thika_road,SALTY INVESTMENTS LIMITED | NABOKA TRAVELLERS SACCO | EMAAR CITY BUS LIMITED,"railways, mbagathi way,ongata rongai, kiserian",ELEVENTH HOUR TRANSPORT SACCO / ADR-537H7AK,
kitui,27,10,1,kiambu_road,eastern bypass traverlers investment co. limited | Inagi Travellers Sacco | BENJO( K) LTD,"Embu, Kitui, Mwingi and Back",BENJO( K) LTD / NTR-00833,
ngumo,26,5,1,thika_road,TELAVIV TRAVELLERS LIMITED | NGUMO-LINE SAVINGS AND CREDIT CO-OPERATIVE SOCIETY LIMITED | EXPRESS CONNECTIONS LTD,"machakos, syokimau,imara daima,south b,south c,ngumo,likoni rd,industrial area,eastleigh,gikomba,busstation,jogoo rd,outering rd,donholm, fedha",ARBAB VENTURES LIMITED / ADR-VYAS9K2,
isinya,25,12,1,thika_road,EASTERN KUBAMBA LIMITED | LUMINOUS SHUTTLES LIMITED | city star shuttle limited,"South B, Langata Ongata Rongai Kiserian Ngong Karen Kawangware Yaya KNH Ambassador Kencom Bus station Jogoo rd Buruburu Umoja Kangundo rd Ruai Malaa Kantafu Utawala Jkia Mombasa rd SGR Syokimau Athi river Kitengela, Isinya",city star shuttle limited / NTR-00202101251020460,
ambassador,25,13,1,thika_road,NANGKIS MATATU SACCO | tawala shuttle limited | STARBUS COMPANY (K) LTD,"kitengela, athi river,jkia,mombasa road, ambassador, kencom,juja,outering road, jkia, kitengela",city star shuttle limited / ADR-2DVS2WZ,
kinoo,24,9,1,thika_road,STARBUS COMPANY (K) LTD | 2KR ROUTE 105 MULTIPURPOSE COOPERATIVE SOCIETY LIMITED | NAKILI SAVINGS AND CREDIT CO-OPERATIVE SOCIETY LTD,"odeon, westlands,kinoo, kikuyu",2KR ROUTE 105 MULTIPURPOSE COOPERATIVE SOCIETY LIMITED / NTR-00341,
south b,24,6,1,thika_road,DOMANN ENTERPRISES | city star shuttle limited | SOUTH B MATATU OWNERS SACCO SOCIETY LTD,"machakos, syokimau,imara daima,south b,south c,ngumo,likoni rd,industrial area,eastleigh,gikomba,busstation,jogoo rd,outering rd,donholm, fedha",ARBAB VENTURES LIMITED / ADR-VYAS9K2,
banana,24,6,1,thika_road,LUCKY TRANSPORTERS COMPANY | KARURI COMMUTERS SERVICES SAVINGS AND CREDIT CO-OPERTAIVE SOCIETY LIMITED | BAKAKI 101 TRAVELLERS SAVINGS AND CREDIT CO-OPERATIVE SOCIETY LIMITED,"kiambu, banana, limuru",BAKAKI 101 TRAVELLERS SAVINGS AND CREDIT CO-OPERATIVE SOCIETY LIMITED / ADR-K9BF6JM,
outering road,22,13,1,thika_road,FIVE FRIENDS INVESTMENT COMPANY LIMITED | kayo-line group company limited | NEEMA TRAVELLERS AGENCY LIMITED,"kitengela, athi river,jkia,mombasa road, ambassador, kencom,juja,outering road, jkia, kitengela",city star shuttle limited / ADR-2DVS2WZ,
ngong road,21,11,1,thika_road,KIBERA BURETI SACCO | STARBUS COMPANY (K) LTD | 2KW SAVINGS AND CREDIT CO-OPERATIVE SOCIETY LTD,"suswa, kimuka ngong dagoretti corner kawangware uthiru Kikuyu kamangu thigio ngecha wangige kahawa west KU hospital ruiru limuru, nakuru, ADR-JY7SZE7- bus station, ngong road, kawagware, uthiru, wangige",2KW SAVINGS AND CREDIT CO-OPERATIVE SOCIETY LTD / ADR-3ZQSJOA,
langata,21,9,1,thika_road,LUCKY TRANSPORTERS COMPANY | EMAAR CITY BUS LIMITED | KIBERA MATATU OWNERS COOPERATIVE SAVINGS AND CREDIT SOCIETY LIMITED,"Machakos, SyokimauImara daimaSouth bSouth cNgumoLikoni rdIndustrial areaEastleighGikombaBusstationJogoo rdOutering rdDonholm Fedha juja rd thika rd kangundo rdutawala westlands parklands KNH nairobi west, langata",ARBAB VENTURES LIMITED / ADR-POKSRLV,
industrial area,20,5,1,thika_road,STAHITO  COMMUTER  SERVICES CO. LIMITED | TELAVIV TRAVELLERS LIMITED | INDIMA (NJE) SACCO,"machakos, syokimau,imara daima,south b,south c,ngumo,likoni rd,industrial area,eastleigh,gikomba,busstation,jogoo rd,outering rd,donholm, fedha",ARBAB VENTURES LIMITED / ADR-VYAS9K2,
kencom,18,5,1,thika_road,city star shuttle limited | ST. MARYS TRANSPORT SACCO SOCIETY | EXPRESS CONNECTIONS LTD,"bus station, kencom,gpo,knh,adams arcade,karen,ngong,matasia,kiseriani,rongai,bomas,langata road, kiserian",city star shuttle limited / NTR-0020181211134410497,
ambassadour,18,4,1,thika_road,city star shuttle limited | NGONG TRAVELLERS SACCO | LUMINOUS SHUTTLES LIMITED,"kikuyu, kawangware,yaya,arkwings kodhek,yaya,ambassadour,jkia,utawala, joska",city star shuttle limited / NTR-00592,
zimmerman,18,7,1,thika_road,RUKAGINA 44 SACCO | NAKATHI TRAVELLERS SACCO LIMITED | FOURTY FOUR OWNERS COMPANY LIMITED,"tom mboya, zimmerman,githurai,kahawa west,ruiru,juja,thika road, makongenithika",FOURTY FOUR OWNERS COMPANY LIMITED / NTR-00201901151029270,
city stadium,17,5,1,thika_road,ECOSA TRAVELLERS SACCO | EASTLANDS EAGLES LIMITED | GEOBEAT MAOKA TRAVELLERS LIMITED,"dandora, buru buru, city stadium",DABUMATO COMMUTER SERVICE SAVINGS & CREDIT CO-OPERATIVE SOCIETY LTD / NTR-0040,
wote,17,7,1,thika_road,eastern bypass traverlers investment co. limited | SMOKE CITY SACCO LIMITED | SOWETAMU TRAVELLERS SACCO,"nairobi, machakos, wote, makindu, kitui, mutomo, kibwezi, mtito andei, ikutha, voi, mombasa",eastern bypass traverlers investment co. limited / ADR-A5ACPPM,
hardy,17,4,1,thika_road,LUMINOUS SHUTTLES LIMITED | LANKANA SACCO SOCIETY LIMITED | KENYA BUS SERVICE MANAGEMENT LIMITED,"jkia, mombasa road, bus station, gpo, knh, ngumo, kibera, yaya, kawangware, satelite, jamuhuri, karen, hardy",EXPRESS CONNECTIONS LTD / NTR-00178,
st peters,17,4,1,kiambu_road,NAKWE TRAVELLERS SACCO SOCIETY LTD | KIAMBU MARAFIKI SACCO LTD | GITHIGA TRAVELLERS SACCO,"St peters, GithunguriLimuru, Nakuru",GITHIGA TRAVELLERS SACCO / ADR-A5ACLDJ,
dagoretti,16,8,1,thika_road,SAFELINE MATATU SOCCO SOCIETY LIMITED | NAKILI SAVINGS AND CREDIT CO-OPERATIVE SOCIETY LTD | PAKIN ALICIA SACCO SOCIETY LTD,"railways, dagoretti,kawangware, kikuyu",2B TRAVELLERS SACCO LTD / ADR-ZZJS27K,
city cabanas,16,8,1,thika_road,KSMT SACCO LTD | 2KR ROUTE 105 MULTIPURPOSE COOPERATIVE SOCIETY LIMITED | SMOKE CITY SACCO LIMITED,"odeon, westlands, kinoo, kikuyu, thogoto, kanyariri, mutarakwa, city cabanas",2KR ROUTE 105 MULTIPURPOSE COOPERATIVE SOCIETY LIMITED / ADR-6DBSD6W,
bomas,16,10,1,thika_road,NABOKA TRAVELLERS SACCO | LOTHIAN TRANSPORTERS | LUMINOUS SHUTTLES LIMITED,"bus station, kencom,gpo,knh,adams arcade,karen,ngong,matasia,kiseriani,rongai,bomas,langata road, kiserian",city star shuttle limited / NTR-0020181211134410497,
embakasi,16,5,1,thika_road,DOMANN ENTERPRISES | MAVEROUS SHUTTLE LIMITED | ROYAL SWIFT EXPRESS LIMITED,"Embakasi, Mombasa rd,South b,South c,Langata rd,Westlands,,Wangari maathai rd,Thika rd,Outering rd, Embakasi",DOMANN ENTERPRISES / NTR-00201909271238580,
south c,15,3,1,thika_road,DOMANN ENTERPRISES | TELAVIV TRAVELLERS LIMITED | ARBAB VENTURES LIMITED,"South c, iindustrial arealikoni rdjogoo rdeastleighoutering rd mombasa rd, machakos",ARBAB VENTURES LIMITED / NTR-00201905131607200,
buru buru,15,6,1,thika_road,UMOINNER SACCO LTD | ECOSA TRAVELLERS SACCO | EASTLANDS EAGLES LIMITED,"dandora, buru buru, city stadium",DABUMATO COMMUTER SERVICE SAVINGS & CREDIT CO-OPERATIVE SOCIETY LTD / NTR-0040,
mbagathi road,15,10,1,thika_road,EMAAR CITY BUS LIMITED | ST. MARYS TRANSPORT SACCO SOCIETY | SNOWBALL SACCO SOCIETY LTD,"kiserian, magadi road,langata road,mbagathi road,knh, railways",ELEVENTH HOUR TRANSPORT SACCO / NTR-00138,
kajiado,14,9,1,thika_road,EASTERN KUBAMBA LIMITED | eastern bypass traverlers investment co. limited | city star shuttle limited,"kikuyu, kawangware, ngong road, yaya, knh , ambassadour, bus station, jogoo road, jkia, utawala, mombasa road, athi river, kitengela, kajiado",city star shuttle limited / ADR-Q5LCBRQ,
likoni road,14,8,1,thika_road,STAHITO  COMMUTER  SERVICES CO. LIMITED | INDIMA (NJE) SACCO | UTAWALA BY-PASS TRAVELLERS SACCO,"bus station, mombasa road, bunyala road, likoni road, balozi, diamond park",COUNTY LINK SAVINGS AND CREDIT CO-OPERATIVE SOCIETY LTD / ADR-Q5LC67A,
donholm,13,7,1,thika_road,MAVEROUS SHUTTLE LIMITED | BABA DOGO 25 TRAVELLERS SACCO | TELAVIV TRAVELLERS LIMITED,"machakos, syokimau,imara daima,south b,south c,ngumo,likoni rd,industrial area,eastleigh,gikomba,busstation,jogoo rd,outering rd,donholm, fedha",ARBAB VENTURES LIMITED / ADR-VYAS9K2,
matuu,13,5,1,thika_road,NEEMA TRAVELLERS AGENCY LIMITED | BENJO( K) LTD | CHANIA TRAVELLERS SACCO,"nairobi, matuu, kitui, mwingi",BENJO( K) LTD / ADR-537HOWE,
nyahururu,13,7,1,thika_road,KANDARA SOUTH TRAVELLERS SACCO (K.S.T) | CHANIA TRAVELLERS SACCO | KAKA TRAVELLERS SACCO LIMITED,"nairobi, thika,nyeri,nyahururu, nakuru",CHANIA TRAVELLERS SACCO / NTR-00236,
accra rd,12,3,1,thika_road,ROYAL SWIFT EXPRESS LIMITED | ongata rongai bus services | EMBASSAVA COOPERATIVE SAVINGS AND CREDIT SOCIETY LTD,"KITENGELA, MLOLONGOEMBAKASIJOGOO RDMOMBASA ROADOUTERING ROADSAVANNAH ROUTEALSOPS, ACCRA RD",EMBASSAVA COOPERATIVE SAVINGS AND CREDIT SOCIETY LTD / NTR-00201909271127470,
civil servant,11,3,1,thika_road,MWAMBA TRAVELLERS SACCO | CBET SACCO | COMPLIANT MOA,"gillhouse, muthurwa,jogoo road,buruburu,civil servant,Outering rd,Komarock Bus Park,Mombasa rd,Athiriver,Machakos,Kyumbi,Malili,Murarandi,Githiga, Kiria-ini",CBET SACCO / ADR-A5AC86D,
accra road,11,3,1,thika_road,RWAKEN INVESTMENTS LIMITED | ROYAL SWIFT EXPRESS LIMITED | EMBASSAVA COOPERATIVE SAVINGS AND CREDIT SOCIETY LTD,"embakasi, jogoo road, msa road, outereing road,all sops, accra road",EMBASSAVA COOPERATIVE SAVINGS AND CREDIT SOCIETY LTD / NTR-00465,
lusaka road,11,4,1,thika_road,INDIMA (NJE) SACCO | STAHITO  COMMUTER  SERVICES CO. LIMITED | KENYA BUS SERVICE MANAGEMENT LIMITED,"bus station, lusaka road,enterprise road,industrial area,general motors, mukuru kwa njenga",INDIMA (NJE) SACCO / NTR-00563,
otiende,11,4,1,thika_road,LUCKY TRANSPORTERS COMPANY | ST. MARYS TRANSPORT SACCO SOCIETY | LOTHIAN TRANSPORTERS,"Bus station, KNH, Mbagathi way, Langata, Otiende",LOTHIAN TRANSPORTERS / NTR-00159,
langata rd,10,6,1,thika_road,DOMANN ENTERPRISES | tawala shuttle limited | LUMINOUS SHUTTLES LIMITED,"Embakasi, Mombasa rd,South b,South c,Langata rd,Westlands,,Wangari maathai rd,Thika rd,Outering rd, Embakasi",DOMANN ENTERPRISES / NTR-00201909271238580,
kimende,10,5,1,thika_road,RUKINE TRAVELLERS SAVINGS AND CREDIT CO-OPERATVE SOCIETY LIMITED | GINYALI COOPERATIVE SAVINGS & CREDIT SOCIETY LTD | NAKINDUKA MATATU SAVINGS AND CREDIT COOPERATIVE SOCIETY LIMITED,"Kimende, Limuru Muguga Kikuyu Nduma Ndeiya Dagoretti Market Kawangware KNH Karen Bomas Ongata Rongai, Kiserian",EXPRESO LIMITED / NTR-00202012311422330,
komarock,10,3,1,thika_road,MWAMBA TRAVELLERS SACCO | MAVEROUS SHUTTLE LIMITED | EXPRESS CONNECTIONS LTD,"komarock, buru buru, gogoo road, bustation, kencom, knh, kawangware, jamhuri",EXPRESS CONNECTIONS LTD / ADR-DB3T3P6,
enterprise road,10,3,1,thika_road,INDIMA (NJE) SACCO | STAHITO  COMMUTER  SERVICES CO. LIMITED | OUTREACH TRAVEL,"bus station, lusaka road,enterprise road,industrial area,general motors, mukuru kwa njenga",INDIMA (NJE) SACCO / NTR-00563,
ngong rd,9,8,1,thika_road,GARAMU TRAVEL SOLUTIONS LIMITED | tawala shuttle limited | NABOKA TRAVELLERS SACCO,"kikuyu, kawangware,ngong rd,yaya,icea,ambassadour,bus station,umoja,jkia, joska",city star shuttle limited / NTR-00596,
kantafu market,9,3,1,thika_road,city star shuttle limited | CITY TRAM SHUTTLE LIMITED | OBAMANA TRAVELLERS SACCO,"bus station, tom mboya, juja road, jogoo road, buruburu, outering road, umoja, kangundo road, kantafu market",city star shuttle limited / ADR-YM3S6M9,
kileleshwa,9,4,1,thika_road,NAZIGI SACCO LIMITED | COMPLIANT MOA | KILLETON COMMUTERS SERVICES SAVINGS AND CREDIT COOPERATIVE LTD,"ngong, karen, yaya, kileleshwa, westlands, ambassador",COMPLIANT MOA / ADR-REOSY8J,
hazina,9,4,1,thika_road,SOUTH B MATATU OWNERS SACCO SOCIETY LTD | TELAVIV TRAVELLERS LIMITED | SINGLE LINE SERVICES LIMITED,"bus station, mombasa road, hazina, citycabanas, syokimau, katani, mlolongo",COUNTY LINK SAVINGS AND CREDIT CO-OPERATIVE SOCIETY LTD / ADR-VYASL5Q,
dagoretti market,9,6,1,thika_road,GARAMU TRAVEL SOLUTIONS LIMITED | DAKABO SACCO LIMITED | KANGEMI MATATU OWNERS SACCO,"dagoretti market, karen, bomas",DAKABO SACCO LIMITED / ADR-2DVS88Q,
emali,9,4,1,thika_road,FORWARD TRAVELLERS SACCO LTD | KIMMA SAVINGS AND CREDIT CO-OPERATIVE SOCIETY LIMITED | eastern bypass traverlers investment co. limited,"kangundo, ruai, easternbypass, mlolongo, emali, loitoktok, ellasit",eastern bypass traverlers investment co. limited / NTR-00376,
loitoktok,9,4,1,thika_road,FORWARD TRAVELLERS SACCO LTD | KIMMA SAVINGS AND CREDIT CO-OPERATIVE SOCIETY LIMITED | eastern bypass traverlers investment co. limited,"kangundo, ruai, easternbypass, mlolongo, emali, loitoktok, ellasit",eastern bypass traverlers investment co. limited / NTR-00376,
mwihoko,9,6,1,thika_road,SUMMA TRANSPORTERS SACCO LIMITED | NAWASUKU SACCO | UNIFIED INTERNATIONAL LIMITED,"githurai, mumbi, mwihoko",GIKIMWI BYPASS TRANSPORTERS SACCO / NTR-001337,
lavington,9,4,1,thika_road,WELKAN TRAVELLERS SERVICES LIMITED | NAZIGI SACCO LIMITED | KILLETON COMMUTERS SERVICES SAVINGS AND CREDIT COOPERATIVE LTD,"kibera(dc), via prestige,yaya,kileleshwa,lavington,westlands,kangemi,kikuyu,odeon,via limuru rd,ndenderu, karura",KILLETON COMMUTERS SERVICES SAVINGS AND CREDIT COOPERATIVE LTD / NTR-00201910041157320,
timboroa lane,9,2,1,thika_road,LUCKY BABA DOGO TRAVELLERS LIMITED | NAWASUKU SACCO,"Timboroa lane, Thika road Baba Dogo Lucky Summer Outering rd Donholm Tajmall ruai, Kangundo rd",LUCKY BABA DOGO TRAVELLERS LIMITED / NTR-00569,
ambassadeur,8,4,1,thika_road,city star shuttle limited | tawala shuttle limited | KENYA BUS SERVICE MANAGEMENT LIMITED,"kikuyu, kawangware,ngong road,yaya,icea,ambassadeur,bus station,jogoo road,kangundo road,utawala,ruai,joska, malaa",city star shuttle limited / NTR-0020181211134054530,
mfangano street,8,4,1,thika_road,FORWARD TRAVELLERS SACCO LTD | JESMAT TRAVELLERS CO-OPRATIVE | MAVEROUS SHUTTLE LIMITED,"kayole, mfangano street, otc",FORWARD TRAVELLERS SACCO LTD / ADR-BQ9SQ33,
kahawa sukari,8,3,1,thika_road,GIKIMWI BYPASS TRANSPORTERS SACCO | NAWASUKU SACCO | LATEMA 22 TRAVELLERS SACCO,"githurai, mumbi,mwihoko,kahawa sukari,ruiru, makongenithika",GIKIMWI BYPASS TRANSPORTERS SACCO / NTR-00201905161413340,
general motors,8,3,1,thika_road,INDIMA (NJE) SACCO | STAHITO  COMMUTER  SERVICES CO. LIMITED | NGUMO-LINE SAVINGS AND CREDIT CO-OPERATIVE SOCIETY LIMITED,"bus station, lusaka road,enterprise road,industrial area,general motors, mukuru kwa njenga",INDIMA (NJE) SACCO / NTR-00563,
st marys,8,4,1,thika_road,ST. MARYS TRANSPORT SACCO SOCIETY | rasasi travellers limited | KIBERA BURETI SACCO,"railways, knh,yaya,kibera,westlands, st marys",KIBERA BURETI SACCO / NTR-00201901141201050,
thogoto,7,4,1,thika_road,KANGEMI MATATU OWNERS SACCO | METROTRANS EAST AFRICA LIMITED | NAKILI SAVINGS AND CREDIT CO-OPERATIVE SOCIETY LTD,"odeon, westlands, kinoo, kikuyu, thogoto, kanyariri, mutarakwa, city cabanas",2KR ROUTE 105 MULTIPURPOSE COOPERATIVE SOCIETY LIMITED / ADR-6DBSD6W,
dagoretti corner,7,5,1,thika_road,2KW SAVINGS AND CREDIT CO-OPERATIVE SOCIETY LTD | WAKIMALI TRAVELLERS CO. LIMITED | mat two friends limited,"Dagoretti Corner, UthiruWangigeKahawa west KU Hospital Ruiru Limuru, Nakuru",2KW SAVINGS AND CREDIT CO-OPERATIVE SOCIETY LTD / NTR-00201901101111320,
likoni rd,7,4,1,thika_road,TELAVIV TRAVELLERS LIMITED | ARBAB VENTURES LIMITED | STAHITO  COMMUTER  SERVICES CO. LIMITED,"machakos, syokimau,imara daima,south b,south c,ngumo,likoni rd,industrial area,eastleigh,gikomba,busstation,jogoo rd,outering rd,donholm, fedha",ARBAB VENTURES LIMITED / ADR-VYAS9K2,
icea,7,2,1,thika_road,city star shuttle limited | KENYA BUS SERVICE MANAGEMENT LIMITED,"kikuyu, kawangware,ngong road,yaya,icea,ambassadeur,bus station,jogoo road,kangundo road,utawala,ruai,joska, malaa",city star shuttle limited / NTR-0020181211134054530,
luthuli,7,4,1,thika_road,EASTLEIGH ROUTE SACCO | MADIWA MATATU OWNERS SACCO | COMPLIANT MOA,"luthuli, general waruinge,garage,eastleigh, kimathi",COMPLIANT MOA / NTR-00355,
thome,7,2,1,thika_road,THOMAT SAVINGS AND CREDIT COPPERATIVE SOCIETY LIMITED | HOME SACCO LIMITED,"odeon, thome, thika road",HOME SACCO LIMITED / ADR-8LMSEZM,
umoja innercore,7,5,1,thika_road,UMOINNER SACCO LTD | RISEN COMPANY LIMITED | SALTY SUPPORTERS INVESTMENT LIMITED,"JKIA, utawala, umoja, Umoja innercore, bururu, kencom, KNH, Ngumo, Kibera, Kawangware, satellite, Karen, Langata road, waiyaki way, Hardy",KENYA BUS SERVICE MANAGEMENT LIMITED / NTR-006,
kenyatta,7,6,1,thika_road,NANGKIS MATATU SACCO | SAFELINE MATATU SOCCO SOCIETY LIMITED | NGOKANA SAVINGS AND CREDIT COOPERATIVE SOCIETY,"kiserian, ngong,karen,dagoreti corner,prestige, kenyatta",NANGKIS MATATU SACCO / NTR-00201901141019580,
fedha,6,2,1,thika_road,TELAVIV TRAVELLERS LIMITED | ARBAB VENTURES LIMITED,"machakos, syokimau,imara daima,south b,south c,ngumo,likoni rd,industrial area,eastleigh,gikomba,busstation,jogoo rd,outering rd,donholm, fedha",ARBAB VENTURES LIMITED / ADR-VYAS9K2,
westlandsuthiru,6,3,1,thika_road,LATEMA 22 TRAVELLERS SACCO | COSY TRAVEL LIMITED | STARBUS COMPANY (K) LTD,"odeon, westlandsuthiru, kinoo",COSY TRAVEL LIMITED / ADR-3ZQSAW5,
katani,6,2,1,thika_road,SINGLE LINE SERVICES LIMITED | COUNTY LINK SAVINGS AND CREDIT CO-OPERATIVE SOCIETY LTD,"Bus Station, Hazina Kangundo rd Ruai Kamulu Utawala Mombasa rd Mlolongo, Katani",COUNTY LINK SAVINGS AND CREDIT CO-OPERATIVE SOCIETY LTD / NTR-00202011241151430,
kagundo,6,1,1,thika_road,eastern bypass traverlers investment co. limited,"thika, ruiru, ruai, kagundo, machakos",eastern bypass traverlers investment co. limited / NTR-00374,
kariobagi,6,3,1,thika_road,NEEMA TRAVELLERS AGENCY LIMITED | eastern bypass traverlers investment co. limited | KARIOBANGI MATATU OWNERS SAVINGS AND CREDIT CO-OPERATIVE SOCIETY LIMITED,"kagundo, joska, kamulu, ruai, dandora, kariobagi, alslops",eastern bypass traverlers investment co. limited / ADR-EPJSRR9,
jamhuri,6,1,1,thika_road,EXPRESS CONNECTIONS LTD,"eastlands, ladhies road,bustation,ambassador,kencom,gpo,knh,upper hill,jamhuri,karen,kawangware, kawangware",EXPRESS CONNECTIONS LTD / NTR-00181,
mukuru kwa njenga,6,2,1,thika_road,INDIMA (NJE) SACCO | STAHITO  COMMUTER  SERVICES CO. LIMITED,"bus station, lusaka road,enterprise road,industrial area,general motors, mukuru kwa njenga",INDIMA (NJE) SACCO / NTR-00563,
kwa njenga,6,2,1,thika_road,INDIMA (NJE) SACCO | OUTREACH TRAVEL,"bus station, mombasa road, lusaka road, industrial area, kwa njenga",INDIMA (NJE) SACCO / ADR-VYASVJR,
warren,6,2,1,thika_road,LATEMA 22 TRAVELLERS SACCO | NAWASUKU SACCO,"Tom mboya, K.U,Thika rd,Warren,Kahawa sukari, Mwihoko",LATEMA 22 TRAVELLERS SACCO / NTR-00201901181136400,
kahuho,5,5,1,thika_road,2KW SAVINGS AND CREDIT CO-OPERATIVE SOCIETY LTD | WAKIMALI TRAVELLERS CO. LIMITED | KIZALI TRAVELLERS LIMITED,"Wangige Market, Ngecha Nduma Kamangu Gikambura Muguga Zambezi, Kahuho .",2KW SAVINGS AND CREDIT CO-OPERATIVE SOCIETY LTD / NTR-00202009011729160,
syokimau,5,3,1,thika_road,TELAVIV TRAVELLERS LIMITED | ARBAB VENTURES LIMITED | COUNTY LINK SAVINGS AND CREDIT CO-OPERATIVE SOCIETY LTD,"machakos, syokimau,imara daima,south b,south c,ngumo,likoni rd,industrial area,eastleigh,gikomba,busstation,jogoo rd,outering rd,donholm, fedha",ARBAB VENTURES LIMITED / ADR-VYAS9K2,
ngecha,5,3,1,thika_road,WALOKANA MULTIPURPOSE CO-OPERATIVE SOCIETY LTD | KIZALI TRAVELLERS LIMITED | HOME SACCO LIMITED,"Limuru, Ngecha, Uplands",HOME SACCO LIMITED / NTR-00471,
nyayo stadium,5,3,1,thika_road,KENYA BUS SERVICE MANAGEMENT LIMITED | NGUMO-LINE SAVINGS AND CREDIT CO-OPERATIVE SOCIETY LIMITED | rasasi travellers limited,"Bus station, Lusaka rd,Nyayo Stadium,Rongai,Kiserian,Ngong,Karen,Dagoretti Corner, Kenyatta Hospital",KENYA BUS SERVICE MANAGEMENT LIMITED / ADR-2DVSZDY,
imara daima,4,2,1,thika_road,TELAVIV TRAVELLERS LIMITED | ARBAB VENTURES LIMITED,"machakos, syokimau,imara daima,south b,south c,ngumo,likoni rd,industrial area,eastleigh,gikomba,busstation,jogoo rd,outering rd,donholm, fedha",ARBAB VENTURES LIMITED / ADR-VYAS9K2,
tigoni,4,2,1,thika_road,LIKAMBU MATATU SAVINGS AND CREDIT CO-OPERATIVE SOCIETY LIMITED | BAKAKI 101 TRAVELLERS SAVINGS AND CREDIT CO-OPERATIVE SOCIETY LIMITED,"Kiambu, Bypass Ruaka Banana Ndenderu Wangige Kikuyu Rusingiti Kamangu Thigio Mutarakwa Limuru, Tigoni",BAKAKI 101 TRAVELLERS SAVINGS AND CREDIT CO-OPERATIVE SOCIETY LIMITED / NTR-00201911291135300,
adams arcade,4,4,1,thika_road,city star shuttle limited | ST. MARYS TRANSPORT SACCO SOCIETY | LOTHIAN TRANSPORTERS,"bus station, kencom,gpo,knh,adams arcade,karen,ngong,matasia,kiseriani,rongai,bomas,langata road, kiserian",city star shuttle limited / NTR-0020181211134410497,
matasia,4,4,1,thika_road,city star shuttle limited | ST. MARYS TRANSPORT SACCO SOCIETY | LOTHIAN TRANSPORTERS,"bus station, kencom,gpo,knh,adams arcade,karen,ngong,matasia,kiseriani,rongai,bomas,langata road, kiserian",city star shuttle limited / NTR-0020181211134410497,
kiseriani,4,4,1,thika_road,city star shuttle limited | ST. MARYS TRANSPORT SACCO SOCIETY | LOTHIAN TRANSPORTERS,"bus station, kencom,gpo,knh,adams arcade,karen,ngong,matasia,kiseriani,rongai,bomas,langata road, kiserian",city star shuttle limited / NTR-0020181211134410497,
innercore,4,2,1,thika_road,UMOINNER SACCO LTD | CITY TRAM SHUTTLE LIMITED,"bus station, tala market,tom mboya, jogoo road, buruburu, outering road, umoja, innercore, kangundo road",CITY TRAM SHUTTLE LIMITED / ADR-K9BFV62,
satelite,4,2,1,thika_road,KENYA BUS SERVICE MANAGEMENT LIMITED | EXPRESS CONNECTIONS LTD,"jkia, mombasa road, bus station, gpo, knh, ngumo, kibera, yaya, kawangware, satelite, jamuhuri, karen, hardy",EXPRESS CONNECTIONS LTD / NTR-00178,
jamuhuri,4,2,1,thika_road,KENYA BUS SERVICE MANAGEMENT LIMITED | EXPRESS CONNECTIONS LTD,"jkia, mombasa road, bus station, gpo, knh, ngumo, kibera, yaya, kawangware, satelite, jamuhuri, karen, hardy",EXPRESS CONNECTIONS LTD / NTR-00178,
mihango,4,2,1,thika_road,FORWARD TRAVELLERS SACCO LTD | SOWETAMU TRAVELLERS SACCO,"kayole, mihango, eastern bypass, juja road, bus station",FORWARD TRAVELLERS SACCO LTD / NTR-00207,
waithaka,4,3,1,thika_road,GARAMU TRAVEL SOLUTIONS LIMITED | KENYA BUS SERVICE MANAGEMENT LIMITED | KADANA TRAVELLERS SAVINGS AND CREDIT CO-OPERATIVE SOCIETY LIMITED,"railways, ngong rd,hurlingham,yaya,korosho/mbaazi,kawanware,riruta satelite,waithaka,dagoretti market, kikuyu",GARAMU TRAVEL SOLUTIONS LIMITED / ADR-8LMS5QE,
kambaa,4,1,1,thika_road,GINYALI COOPERATIVE SAVINGS & CREDIT SOCIETY LTD,"githunguri, kambaa,kagaa,kimende,limuru,naivasha, nakuru",GINYALI COOPERATIVE SAVINGS & CREDIT SOCIETY LTD / NTR-0088,
kagaa,4,1,1,thika_road,GINYALI COOPERATIVE SAVINGS & CREDIT SOCIETY LTD,"githunguri, kambaa,kagaa,kimende,limuru,naivasha, nakuru",GINYALI COOPERATIVE SAVINGS & CREDIT SOCIETY LTD / NTR-0088,
highrise,4,2,1,thika_road,HIGHRISE KIBERA SACCO | JESMAT TRAVELLERS CO-OPRATIVE,"bus station, nyayo, highrise, knh, kibera",HIGHRISE KIBERA SACCO / ADR-9AKFJ77,
peponi rd,4,3,1,thika_road,WALOKANA MULTIPURPOSE CO-OPERATIVE SOCIETY LTD | TRANSNOMICS COMPANY LIMITED | HOME SACCO LIMITED,"khoja, westlands,wangige,ngecha, peponi rd",HOME SACCO LIMITED / ADR-MDMSQ73,
moi avenue,4,2,1,kiambu_road,METROTRANS EAST AFRICA LIMITED | SUPER METRO LIMITED,"kikuyu, waiyaki way,westlands,moi avenue,tom mboya,thika road,kasarani, juja",METROTRANS EAST AFRICA LIMITED / NTR-00130,
kerugoya,4,2,1,thika_road,NEO KENYA MPYA COMMUTERS LIMITED | TRANSWORLD TRANSPORT SAVINGS AND CREDIT CO-OPERATIVE SOCIETY LTD,"nairobi, thika,kerugoya, kirinyaga",NEO KENYA MPYA COMMUTERS LIMITED / NTR-00149,
soweto,4,2,1,thika_road,SOWETAMU TRAVELLERS SACCO | NGUMO-LINE SAVINGS AND CREDIT CO-OPERATIVE SOCIETY LIMITED,"St peters, Serena,Valley rd,Knh,Ngumo,Soweto,Kibera,Mbagathi rd,Tmall,Nyayo stadium,Lusaka rd,Enterprise rd, General Motors",NGUMO-LINE SAVINGS AND CREDIT CO-OPERATIVE SOCIETY LIMITED / NTR-00201911111218030,
kawagware,3,2,1,thika_road,KENYA BUS SERVICE MANAGEMENT LIMITED | 2KW SAVINGS AND CREDIT CO-OPERATIVE SOCIETY LTD,"suswa, kimuka ngong dagoretti corner kawangware uthiru Kikuyu kamangu thigio ngecha wangige kahawa west KU hospital ruiru limuru, nakuru, ADR-JY7SZE7- bus station, ngong road, kawagware, uthiru, wangige",2KW SAVINGS AND CREDIT CO-OPERATIVE SOCIETY LTD / ADR-3ZQSJOA,
muranga rd terminus,3,2,1,thika_road,MANMO SACCO | BABA DOGO 25 TRAVELLERS SACCO,"odeon, muranga rd terminus,thika rd,alsops,baba dogo,outering rd,caltex, donholm",BABA DOGO 25 TRAVELLERS SACCO / NTR-00201910081316170,
jogoo rd muthurwa gikomba kariokor juja rd outeringrd allsops kariobangi dandora moslem machakos mlolongo mombasa rd cabanas easternbypass utawala ruiru roundabout kangundo rd ruai joska malaa tala thika makongeni kiskioni donyosabuk kilimambogo,3,3,1,thika_road,EASTERN BYPASS SAVINGS AND CREDIT CO-OPERATIVE SOCIETY LIMITED | BENJO( K) LTD | PEJO TECH COMPANY LTD,"Bus Station, Jogoo rd Muthurwa Gikomba Kariokor Juja Rd OuteringRd Allsops Kariobangi dandora Moslem machakos mlolongo mombasa rd Cabanas EasternBypass Utawala Ruiru Roundabout kangundo rd ruai joska malaa tala Thika Makongeni kiskioni donyosabuk kilimambogo, Nyeri",BENJO( K) LTD / NTR-00741,
koma bus park,3,3,1,thika_road,GEOBEAT MAOKA TRAVELLERS LIMITED | CBET SACCO | REMBO SHUTTLE SAVINGS AND CREDIT SACCO LTD,"Gillhouse, Jogoo rd Buruburu Outering rd Kangundo rd, Koma bus park",CBET SACCO / NTR-00202012111552070,
bunyala road,3,2,1,thika_road,KENYA BUS SERVICE MANAGEMENT LIMITED | COUNTY LINK SAVINGS AND CREDIT CO-OPERATIVE SOCIETY LTD,"bus station, mombasa road, bunyala road, likoni road, balozi, diamond park",COUNTY LINK SAVINGS AND CREDIT CO-OPERATIVE SOCIETY LTD / ADR-Q5LC67A,
eastlands,3,1,1,thika_road,EXPRESS CONNECTIONS LTD,"eastlands, ladhies road,bustation,ambassador,kencom,gpo,knh,upper hill,jamhuri,karen,kawangware, kawangware",EXPRESS CONNECTIONS LTD / NTR-00181,
ladhies road,3,1,1,thika_road,EXPRESS CONNECTIONS LTD,"eastlands, ladhies road,bustation,ambassador,kencom,gpo,knh,upper hill,jamhuri,karen,kawangware, kawangware",EXPRESS CONNECTIONS LTD / NTR-00181,
upper hill,3,1,1,thika_road,EXPRESS CONNECTIONS LTD,"eastlands, ladhies road,bustation,ambassador,kencom,gpo,knh,upper hill,jamhuri,karen,kawangware, kawangware",EXPRESS CONNECTIONS LTD / NTR-00181,
gogoo road,3,1,1,thika_road,EXPRESS CONNECTIONS LTD,"komarock, buru buru, gogoo road, bustation, kencom, knh, kawangware, jamhuri",EXPRESS CONNECTIONS LTD / ADR-DB3T3P6,
kiriaini,3,2,1,thika_road,GMK SACCO LIMITED | NAGIRU 145 SACCO,"githurai, muranga, kiriaini , ADR-6DBS896- ngara, muranga,kiriaini,nyeri, karatina",GMK SACCO LIMITED / ADR-O68I2MZ,
nyayo,3,2,1,thika_road,HIGHRISE KIBERA SACCO | NANGKIS MATATU SACCO,"bus station, nyayo, highrise, knh, kibera",HIGHRISE KIBERA SACCO / ADR-9AKFJ77,
rironi,3,2,1,thika_road,KANGEMI MATATU OWNERS SACCO | INTEGRITY INTERCITY LIMITED,"Khoja, Thika rd,Ngumba,Forest road,Museum road,Waiyaki way,Kinoo, Rironi",INTEGRITY INTERCITY LIMITED / ADR-MDMSZLA,
dagoretti market junction,3,2,1,thika_road,KANGEMI MATATU OWNERS SACCO | STARBUS COMPANY (K) LTD,"odeon, westlands,kangemi,stage 87,muhuri rd,dagoretti market junction,thogoto,kamangu,thigio,kmandura,rironi,kiambaa, kinoo 87",KANGEMI MATATU OWNERS SACCO / NTR-00201910041038480,
kinoo 87,3,1,1,thika_road,KANGEMI MATATU OWNERS SACCO,"odeon, westlands,kangemi,stage 87,muhuri rd,dagoretti market junction,thogoto,kamangu,thigio,kmandura,rironi,kiambaa, kinoo 87",KANGEMI MATATU OWNERS SACCO / NTR-00201910041038480,
stage87,3,2,1,thika_road,KANGEMI MATATU OWNERS SACCO | STARBUS COMPANY (K) LTD,"odeon, kangemi, stage87, muhuri road, dagoretti market junction",KANGEMI MATATU OWNERS SACCO / ADR-7WRS9Q5,
kenyatta hospital,3,2,1,thika_road,KENYA BUS SERVICE MANAGEMENT LIMITED | rasasi travellers limited,"Bus station, Lusaka rd,Nyayo Stadium,Rongai,Kiserian,Ngong,Karen,Dagoretti Corner, Kenyatta Hospital",KENYA BUS SERVICE MANAGEMENT LIMITED / ADR-2DVSZDY,
kibera dc,3,2,1,thika_road,NAZIGI SACCO LIMITED | KILLETON COMMUTERS SERVICES SAVINGS AND CREDIT COOPERATIVE LTD,"kibera(dc), via prestige,yaya,kileleshwa,lavington,westlands,kangemi,kikuyu,odeon,via limuru rd,ndenderu, karura",KILLETON COMMUTERS SERVICES SAVINGS AND CREDIT COOPERATIVE LTD / NTR-00201910041157320,
via prestige,3,2,1,thika_road,NAZIGI SACCO LIMITED | KILLETON COMMUTERS SERVICES SAVINGS AND CREDIT COOPERATIVE LTD,"kibera(dc), via prestige,yaya,kileleshwa,lavington,westlands,kangemi,kikuyu,odeon,via limuru rd,ndenderu, karura",KILLETON COMMUTERS SERVICES SAVINGS AND CREDIT COOPERATIVE LTD / NTR-00201910041157320,
bagathi road,3,1,1,thika_road,LUCKY TRANSPORTERS COMPANY,"banana, bus station,knh,bagathi road, langata",LUCKY TRANSPORTERS COMPANY / ADR-EPJSADV,
city cabanas and back,3,2,1,thika_road,SALTY SUPPORTERS INVESTMENT LIMITED | peja travellers limited,"ALSOLPS,, OUTERING ROAD,, CITY CABANAS AND BACK",peja travellers limited / ADR-EPJS7D5,
st marys hospital,3,2,1,thika_road,ST. MARYS TRANSPORT SACCO SOCIETY | rasasi travellers limited,"bus station, knh,mbagathi way, langata,otiende, st.marys hospital",rasasi travellers limited / ADR-POKSO32,
zimmerma,3,2,1,thika_road,ZURI GENESIS CO. LIMITED | SUPER TRAM LIMITED,"tommboya, zimmerma,githurai, kahawa west",SUPER TRAM LIMITED / NTR-00124,
limuru bypass,3,1,1,thika_road,TRANSNOMICS COMPANY LIMITED,"nairobi, limuru bypass, ruiru, thika",TRANSNOMICS COMPANY LIMITED / ADR-YM3SV52,
west madaraka,3,1,1,thika_road,WEST MADARAKA ROUTE 14 COOPERATIVE SACCO.,"bus station, west madaraka, langata rd, strathmore",WEST MADARAKA ROUTE 14 COOPERATIVE SACCO. / ADR-BQ9SQ86,
kangudo road,2,1,1,thika_road,city star shuttle limited,"kikuyu, kawangware, ngong road, yaya, icea, ambassadour, bus station, jogoo road, kangudo road, ruai, joska, malaa",city star shuttle limited / ADR-MDMSQLO,
tala market,2,1,1,thika_road,CITY TRAM SHUTTLE LIMITED,"bus station, tala market,tom mboya, jogoo road, buruburu, outering road, umoja, innercore, kangundo road",CITY TRAM SHUTTLE LIMITED / ADR-K9BFV62,
kimathi,2,1,1,thika_road,COMPLIANT MOA,"luthuli, general waruinge,garage,eastleigh, kimathi",COMPLIANT MOA / NTR-00355,
kangundo rd ruai kamulu utawala,2,1,1,thika_road,COUNTY LINK SAVINGS AND CREDIT CO-OPERATIVE SOCIETY LTD,"Bus Station, Kangundo rd Ruai Kamulu Utawala, Katani",COUNTY LINK SAVINGS AND CREDIT CO-OPERATIVE SOCIETY LTD / ADR-JY7S3W6,
balozi,2,1,1,thika_road,COUNTY LINK SAVINGS AND CREDIT CO-OPERATIVE SOCIETY LTD,"bus station, mombasa road, bunyala road, likoni road, balozi, diamond park",COUNTY LINK SAVINGS AND CREDIT CO-OPERATIVE SOCIETY LTD / ADR-Q5LC67A,
diamond park,2,1,1,thika_road,COUNTY LINK SAVINGS AND CREDIT CO-OPERATIVE SOCIETY LTD,"bus station, mombasa road, bunyala road, likoni road, balozi, diamond park",COUNTY LINK SAVINGS AND CREDIT CO-OPERATIVE SOCIETY LTD / ADR-Q5LC67A,
jogoo rdmuthurwagikombakariokorjuja rdouteringrdallsopskariobangi dandoramoslemmlolongomombasa rdcabanaseasternbypassutawalaruiruroundaboutkangundordruaijoskamalaatalathikamakongenikiskionidonyosabukukilimambogo,2,1,1,thika_road,EASTERN BYPASS SAVINGS AND CREDIT CO-OPERATIVE SOCIETY LIMITED,"Bus Station, Jogoo rdMuthurwaGikombaKariokorJuja RdOuteringRdAllsopsKariobangi dandoraMoslemmlolongomombasa rdCabanasEasternBypassUtawalaRuiruRoundaboutkangundordruaijoskamalaatalaThikaMakongenikiskionidonyosabukukilimambogo, Nyeri",EASTERN BYPASS SAVINGS AND CREDIT CO-OPERATIVE SOCIETY LIMITED / ADR-REOSRR7,
mlologo,2,1,1,thika_road,eastern bypass traverlers investment co. limited,"thika, ruiru, ruai, mlologo, kitegela, kajiado, namaga",eastern bypass traverlers investment co. limited / NTR-00375,
kitegela,2,1,1,thika_road,eastern bypass traverlers investment co. limited,"thika, ruiru, ruai, mlologo, kitegela, kajiado, namaga",eastern bypass traverlers investment co. limited / NTR-00375,
namaga,2,1,1,thika_road,eastern bypass traverlers investment co. limited,"thika, ruiru, ruai, mlologo, kitegela, kajiado, namaga",eastern bypass traverlers investment co. limited / NTR-00375,
outerring road,2,1,1,thika_road,eastern bypass traverlers investment co. limited,"mlolongo, outerring road, kariobagi, alsops, thika road, kenol",eastern bypass traverlers investment co. limited / ADR-ZZJSVV9,
nyanduma,2,1,1,thika_road,GIKAKI SACCO SOCIETY LIMITED,"Githunguri, Kagwe Kimende Limuru uplands kwamaiko ruiru, nyanduma",GIKAKI SACCO SOCIETY LIMITED / NTR-00813,
mumbi,2,1,1,thika_road,GIKIMWI BYPASS TRANSPORTERS SACCO,"githurai, mumbi, mwihoko",GIKIMWI BYPASS TRANSPORTERS SACCO / NTR-001337,
mombasa roadlusaka road industrial areakwa njenga outering rd kangundo rd ruai,2,2,1,thika_road,INDIMA (NJE) SACCO | KENYA BUS SERVICE MANAGEMENT LIMITED,"Bus station, Mombasa roadLusaka road Industrial AreaKwa Njenga Outering rd Kangundo rd Ruai, Kamulu",INDIMA (NJE) SACCO / NTR-00487,
ngumba,2,1,1,thika_road,INTEGRITY INTERCITY LIMITED,"khoja, thika road, ngumba",INTEGRITY INTERCITY LIMITED / NTR-00725,
museum road,2,2,1,thika_road,rasasi travellers limited | INTEGRITY INTERCITY LIMITED,"Khoja, Thika rd,Ngumba,Forest road,Museum road,Waiyaki way,Kinoo, Rironi",INTEGRITY INTERCITY LIMITED / ADR-MDMSZLA,
limuru rd,2,2,1,thika_road,JONSAGA FLATS SACCO | rasasi travellers limited,"Mowlem, Kariokor Gikomba cabanas Mombasa Rd athi River thika rd forest rd, Limuru rd",JONSAGA FLATS SACCO / NTR-00202104161338180,
ruiru kagwe githunguri nairobi,2,1,1,thika_road,KAKA TRAVELLERS SACCO LIMITED,"kagwenairobinakuru ,, KAGWE - GITHUNGURI - NAIROBI,NAKURU,NYAHURURU,NANYUKI,MAKONGENI,RUIRU- KAGWE - GITHUNGURI - NAIROBI,NAKURU,NYAHURURU,NANYUKI,MAKONGENI,RUIRU - KAGWE - GITHUNGURI - NAIROBI,NAKURU,NYAHURURU,NANYUKI,MAKONGENI,RUIRU",KAKA TRAVELLERS SACCO LIMITED / ADR-WZ9SEM3,
muhuri rd,2,2,1,thika_road,KANGEMI MATATU OWNERS SACCO | KIZALI TRAVELLERS LIMITED,"odeon, westlands,kangemi,stage 87,muhuri rd,dagoretti market junction,thogoto,kamangu,thigio,kmandura,rironi,kiambaa, kinoo 87",KANGEMI MATATU OWNERS SACCO / NTR-00201910041038480,
thigio,2,1,1,thika_road,KANGEMI MATATU OWNERS SACCO,"odeon, westlands,kangemi,stage 87,muhuri rd,dagoretti market junction,thogoto,kamangu,thigio,kmandura,rironi,kiambaa, kinoo 87",KANGEMI MATATU OWNERS SACCO / NTR-00201910041038480,
kiambaa,2,1,1,thika_road,KANGEMI MATATU OWNERS SACCO,"odeon, westlands,kangemi,stage 87,muhuri rd,dagoretti market junction,thogoto,kamangu,thigio,kmandura,rironi,kiambaa, kinoo 87",KANGEMI MATATU OWNERS SACCO / NTR-00201910041038480,
muhuri road,2,2,1,thika_road,KANGEMI MATATU OWNERS SACCO | STARBUS COMPANY (K) LTD,"odeon, kangemi, stage87, muhuri road, dagoretti market junction",KANGEMI MATATU OWNERS SACCO / ADR-7WRS9Q5,
gatuanyaga,2,1,1,thika_road,KARURI COMMUTERS SERVICES SAVINGS AND CREDIT CO-OPERTAIVE SOCIETY LIMITED,"Khoja, BananaLimuruKiambuTatucityNorthern bypassRuiruThika, Gatuanyaga",KARURI COMMUTERS SERVICES SAVINGS AND CREDIT CO-OPERTAIVE SOCIETY LIMITED / NTR-00201910041052400,
city stadium lusaka rd enterprise rd likoni rd jogoo rd kangundo rd via eastern bypass mombasa rd langata rd kungu karumba rd ngong rd karen dagoretti yaya centre limuru rd,2,2,1,thika_road,ST. MARYS TRANSPORT SACCO SOCIETY | KENYA BUS SERVICE MANAGEMENT LIMITED,"Bus Station, city stadium lusaka rd enterprise rd likoni rd jogoo rd kangundo rd via eastern bypass mombasa rd langata rd kungu karumba rd ngong rd karen dagoretti yaya centre limuru rd, Ruaka",KENYA BUS SERVICE MANAGEMENT LIMITED / NTR-00202108060801500,
lusaka rd,2,2,1,thika_road,KENYA BUS SERVICE MANAGEMENT LIMITED | NGUMO-LINE SAVINGS AND CREDIT CO-OPERATIVE SOCIETY LIMITED,"Bus station, Lusaka rd,Nyayo Stadium,Rongai,Kiserian,Ngong,Karen,Dagoretti Corner, Kenyatta Hospital",KENYA BUS SERVICE MANAGEMENT LIMITED / ADR-2DVSZDY,
maimahiu,2,1,1,thika_road,KIZALI TRAVELLERS LIMITED,"nairobi, limuru, maimahiu",KIZALI TRAVELLERS LIMITED / NTR-00705,
nachu,2,1,1,thika_road,KIZALI TRAVELLERS LIMITED,"nairobi, limuru,nachu,sgr, naivasha",KIZALI TRAVELLERS LIMITED / NTR-00201903291434030,
kanunga,2,1,1,thika_road,LIKAMBU MATATU SAVINGS AND CREDIT CO-OPERATIVE SOCIETY LIMITED,"limuru, tigoni,kanunga, kiambu",LIKAMBU MATATU SAVINGS AND CREDIT CO-OPERATIVE SOCIETY LIMITED / NTR-001334,
timboroa drive,2,1,1,thika_road,LUCKY BABA DOGO TRAVELLERS LIMITED,"timboroa drive, thika road, baba dogo",LUCKY BABA DOGO TRAVELLERS LIMITED / ADR-ZZJS9Z5,
abc place,2,1,1,thika_road,MANMO SACCO,"Abc place, WaiyakiwayForest rdParklandsMuranga rd TerminusCommercialBustationMombasa rdCitycabanasEastern bypassUtawalaRuaiKangundo rdOutering rdJUJA RDMathare northThika rdPark rd, Ngara rd",MANMO SACCO / NTR-00202003241330260,
northern bypass,2,2,1,thika_road,RUKAGINA 44 SACCO | MERUIT LOGISTICS LIMITED,"Marurui, Northern Bypass, Ruiru .",MERUIT LOGISTICS LIMITED / NTR-00202009231509490,
kawaida,2,1,1,kiambu_road,NAKINDUKA MATATU SAVINGS AND CREDIT COOPERATIVE SOCIETY LIMITED,"Kimende, Limuru Kiambu via Ruaka Ndumberi Githunguri, Kawaida",NAKINDUKA MATATU SAVINGS AND CREDIT COOPERATIVE SOCIETY LIMITED / NTR-00938,
kasarani thika rd,2,2,1,thika_road,NAWAKU SACCO | NAWAKU TRAVELLERS LIMITED,"mwiki, kasarani thika rd, ABC",NAWAKU SACCO / NTR-00202109211036110,
kahawawest,2,1,1,thika_road,RUKAGINA 44 SACCO,"ronald ngala, zimmerman,githurai,kahawawest,northern bypass,ruiru, thika",RUKAGINA 44 SACCO / NTR-00201901151134190,
kayole junction,2,1,1,thika_road,SOWETAMU TRAVELLERS SACCO,"Thika, Ruiru,Eastern Bypass,Mihango,Kayole junction,soweto,Tajmall,Cabanas,Machakos, Wote",SOWETAMU TRAVELLERS SACCO / NTR-00201911080923280,
ruaka wangige kikuyu waiyaki way westlands moi avenue tom mboya thika rd kasarani juja thika thika makongeni oldonyo sabuk kilimambogo tala machakos mombasa rd,2,1,1,thika_road,SUPER METRO LIMITED,"Ruiru, Ruaka Wangige Kikuyu Waiyaki way Westlands Moi Avenue Tom Mboya Thika rd Kasarani Juja Thika (Thika makongeni) Oldonyo Sabuk Kilimambogo Tala Machakos Mombasa rd, Mlolongo",SUPER METRO LIMITED / ADR-A5ACQDD,
nrb west madaraka mombasa rd,2,2,1,thika_road,tawala shuttle limited | WEST MADARAKA ROUTE 14 COOPERATIVE SACCO.,"Bus station, NRB West Madaraka Mombasa RD, Langata RD, Lusaka RDCity Standium, Jogoo RD Donholm, OuterRing Rd AllsopsThika RD, UtawalaEastern BypassRuiru, RuakaWangige Kawangware, Ngong rd",tawala shuttle limited / NTR-0016,
lusaka rdcity standium,2,2,1,thika_road,tawala shuttle limited | WEST MADARAKA ROUTE 14 COOPERATIVE SACCO.,"Bus station, NRB West Madaraka Mombasa RD, Langata RD, Lusaka RDCity Standium, Jogoo RD Donholm, OuterRing Rd AllsopsThika RD, UtawalaEastern BypassRuiru, RuakaWangige Kawangware, Ngong rd",tawala shuttle limited / NTR-0016,
jogoo rd donholm,2,2,1,thika_road,tawala shuttle limited | WEST MADARAKA ROUTE 14 COOPERATIVE SACCO.,"Bus station, NRB West Madaraka Mombasa RD, Langata RD, Lusaka RDCity Standium, Jogoo RD Donholm, OuterRing Rd AllsopsThika RD, UtawalaEastern BypassRuiru, RuakaWangige Kawangware, Ngong rd",tawala shuttle limited / NTR-0016,
outerring rd allsopsthika rd,2,2,1,thika_road,tawala shuttle limited | WEST MADARAKA ROUTE 14 COOPERATIVE SACCO.,"Bus station, NRB West Madaraka Mombasa RD, Langata RD, Lusaka RDCity Standium, Jogoo RD Donholm, OuterRing Rd AllsopsThika RD, UtawalaEastern BypassRuiru, RuakaWangige Kawangware, Ngong rd",tawala shuttle limited / NTR-0016,
utawalaeastern bypassruiru,2,2,1,thika_road,tawala shuttle limited | WEST MADARAKA ROUTE 14 COOPERATIVE SACCO.,"Bus station, NRB West Madaraka Mombasa RD, Langata RD, Lusaka RDCity Standium, Jogoo RD Donholm, OuterRing Rd AllsopsThika RD, UtawalaEastern BypassRuiru, RuakaWangige Kawangware, Ngong rd",tawala shuttle limited / NTR-0016,
ruakawangige kawangware,2,2,1,thika_road,tawala shuttle limited | WEST MADARAKA ROUTE 14 COOPERATIVE SACCO.,"Bus station, NRB West Madaraka Mombasa RD, Langata RD, Lusaka RDCity Standium, Jogoo RD Donholm, OuterRing Rd AllsopsThika RD, UtawalaEastern BypassRuiru, RuakaWangige Kawangware, Ngong rd",tawala shuttle limited / NTR-0016,
riruta,2,2,1,thika_road,WELKAN TRAVELLERS SERVICES LIMITED | WELKAN 48 TRAVELLERS SACCO SOCIETY LTD,"westlands, lavington,kawangware,riruta,naivas,gatina,redhill rd,nyari estate, kangemi",WELKAN 48 TRAVELLERS SACCO SOCIETY LTD / NTR-00201910041453230,
gatina,2,2,1,thika_road,WELKAN TRAVELLERS SERVICES LIMITED | WELKAN 48 TRAVELLERS SACCO SOCIETY LTD,"westlands, lavington,kawangware,riruta,naivas,gatina,redhill rd,nyari estate, kangemi",WELKAN 48 TRAVELLERS SACCO SOCIETY LTD / NTR-00201910041453230,
redhill rd,2,2,1,thika_road,WELKAN TRAVELLERS SERVICES LIMITED | WELKAN 48 TRAVELLERS SACCO SOCIETY LTD,"westlands, lavington,kawangware,riruta,naivas,gatina,redhill rd,nyari estate, kangemi",WELKAN 48 TRAVELLERS SACCO SOCIETY LTD / NTR-00201910041453230,
nyari estate,2,2,1,thika_road,WELKAN TRAVELLERS SERVICES LIMITED | WELKAN 48 TRAVELLERS SACCO SOCIETY LTD,"westlands, lavington,kawangware,riruta,naivas,gatina,redhill rd,nyari estate, kangemi",WELKAN 48 TRAVELLERS SACCO SOCIETY LTD / NTR-00201910041453230,
strathmore,2,1,1,thika_road,WEST MADARAKA ROUTE 14 COOPERATIVE SACCO.,"bus station, west madaraka, langata rd, strathmore",WEST MADARAKA ROUTE 14 COOPERATIVE SACCO. / ADR-BQ9SQ86,
dagoreti,20,8,0,(none known),SAFELINE MATATU SOCCO SOCIETY LIMITED | NAKILI SAVINGS AND CREDIT CO-OPERATIVE SOCIETY LTD | PAKIN ALICIA SACCO SOCIETY LTD,"kikuyu, dagoreti, gikambura",2B TRAVELLERS SACCO LTD / NTR-00539,
mombasa,19,7,0,(none known),eastern bypass traverlers investment co. limited | EASTERN BYPASS SAVINGS AND CREDIT CO-OPERATIVE SOCIETY LIMITED | KAM TRANSPORTERS SACCO LTD,"Nyeri, Karatina Sagana Thika Nairobi Machakos Wote Kibwezi Voi, Mombasa",EASTERN BYPASS SAVINGS AND CREDIT CO-OPERATIVE SOCIETY LIMITED / NTR-00202202240934310,
kibwezi,17,4,0,(none known),KAM TRANSPORTERS SACCO LTD | MANCHESTER TRAVELLERS COACH LIMITED | eastern bypass traverlers investment co. limited,"nairobi, machakos, makueni, kitui, mutomo, kibwezi, ikutha, voi, mombasa",eastern bypass traverlers investment co. limited / ADR-537HQQ2,
magadi road,12,8,0,(none known),EMAAR CITY BUS LIMITED | SNOWBALL SACCO SOCIETY LTD | ongata rongai bus services,"kiserian, magadi road,langata road,mbagathi road,knh, railways",ELEVENTH HOUR TRANSPORT SACCO / NTR-00138,
namanga,12,5,0,(none known),Nailepu Travellers Sacco | SMOKE CITY SACCO LIMITED | NKIKAN SACCO SOCIETY LIMITED,"Kitengela, IsinyaKajiadoBissil, Namanga",Nailepu Travellers Sacco / NTR-00202007021212060,
kabiria,11,8,0,(none known),STARBUS COMPANY (K) LTD | DAKABO SACCO LIMITED | KIBERA MATATU OWNERS COOPERATIVE SAVINGS AND CREDIT SOCIETY LIMITED,"bomas, karen, kabiria, dagoretti market",DAKABO SACCO LIMITED / ADR-EPJSLLM,
makueni,11,4,0,(none known),KAM TRANSPORTERS SACCO LTD | NAKAMATA SAVINGS AND CREDIT COOPERATIVE SOCIETY LTD | eastern bypass traverlers investment co. limited,"nairobi, machakos, makueni, kitui, mutomo, kibwezi, ikutha, voi, mombasa",eastern bypass traverlers investment co. limited / ADR-537HQQ2,
mutomo,11,4,0,(none known),KAM TRANSPORTERS SACCO LTD | NAKAMATA SAVINGS AND CREDIT COOPERATIVE SOCIETY LTD | eastern bypass traverlers investment co. limited,"nairobi, machakos, makueni, kitui, mutomo, kibwezi, ikutha, voi, mombasa",eastern bypass traverlers investment co. limited / ADR-537HQQ2,
gikambura,10,4,0,(none known),PAKIN ALICIA SACCO SOCIETY LTD | 2B TRAVELLERS SACCO LTD | mat two friends limited,"kikuyu, dagoreti, gikambura",2B TRAVELLERS SACCO LTD / NTR-00539,
athiriver,10,4,0,(none known),seven city shuttle limited | KIMMA SAVINGS AND CREDIT CO-OPERATIVE SOCIETY LIMITED | CBET SACCO,"gillhouse, muthurwa,jogoo road,buruburu,civil servant,Outering rd,Komarock Bus Park,Mombasa rd,Athiriver,Machakos,Kyumbi,Malili,Murarandi,Githiga, Kiria-ini",CBET SACCO / ADR-A5AC86D,
ikutha,10,3,0,(none known),KAM TRANSPORTERS SACCO LTD | NAKAMATA SAVINGS AND CREDIT COOPERATIVE SOCIETY LTD | eastern bypass traverlers investment co. limited,"nairobi, machakos, makueni, kitui, mutomo, kibwezi, ikutha, voi, mombasa",eastern bypass traverlers investment co. limited / ADR-537HQQ2,
satellite,9,4,0,(none known),LATEMA 22 TRAVELLERS SACCO | STARBUS COMPANY (K) LTD | KENYA BUS SERVICE MANAGEMENT LIMITED,"jkia, utawala, umoja, bururu, kencom, knh, ngumo, kibera, kawangware, satellite, karen, langata road, waiyaki way, hardy",EXPRESS CONNECTIONS LTD / ADR-3ZQSAYR,
temple rd,8,3,0,(none known),peja travellers limited | DREPEJA ROUTE LIMITED | OUTREACH TRAVEL,"Saika, Kangundo rdDandoraOuteringBuruburuJerichoMaringoJogoo rdOtc, Temple rd",DREPEJA ROUTE LIMITED / NTR-00202002270910280,
outering,8,3,0,(none known),prime  transcity limited | FORWARD TRAVELLERS SACCO LTD | OUTER CIRCLE SACCO,"kayole, umoja, outering, juja road, gikomba",FORWARD TRAVELLERS SACCO LTD / NTR-00206,
gillhouse,7,2,0,(none known),CBET SACCO | OUTER CIRCLE SACCO,"Gillhouse, Jogoo rd Buruburu Outering rd Kangundo rd, Koma bus park",CBET SACCO / NTR-00202012111552070,
maringo,7,4,0,(none known),DANDORA USAFIRI TRAVELLERS SACCO | DREPEJA ROUTE LIMITED | peja travellers limited,"muthurwa, jogoo road,maringo,jericho,bururburu, dandora",DANDORA USAFIRI TRAVELLERS SACCO / ADR-K9BFVV2,
bururu,7,2,0,(none known),KENYA BUS SERVICE MANAGEMENT LIMITED | EXPRESS CONNECTIONS LTD,"jkia, utawala, umoja, bururu, kencom, knh, ngumo, kibera, kawangware, satellite, karen, langata road, waiyaki way, hardy",EXPRESS CONNECTIONS LTD / ADR-3ZQSAYR,
mtitoandei,7,2,0,(none known),KAM TRANSPORTERS SACCO LTD | NAKAMATA SAVINGS AND CREDIT COOPERATIVE SOCIETY LTD,"nairobi, machakos,makueni,kibwezi, mtitoandei",KAM TRANSPORTERS SACCO LTD / ADR-MDMSKJO,
magadi,7,4,0,(none known),RONGAO SAVING AND CREDIT COOPERATIVE SOCIETY LIMITED | OROMATS SACCO SOCIETY LTD | SERIAN SAVINGS AND CREDIT CO-OPERATIVE SOCIETY LTD,"Railways, KNH,Mbagathi Way,Rongai, Magadi",NGONG TRAVELLERS SACCO / NTR-0092,
mbagathi,7,5,0,(none known),SNOWBALL SACCO SOCIETY LTD | NGUMO-LINE SAVINGS AND CREDIT CO-OPERATIVE SOCIETY LIMITED | NKIKAN SACCO SOCIETY LIMITED,"st.peters, valley road,serena,knh,mbagathi, ngumo",NGUMO-LINE SAVINGS AND CREDIT CO-OPERATIVE SOCIETY LIMITED / NTR-00157,
embu,6,4,0,(none known),NEO KENYA MPYA COMMUTERS LIMITED | CIRCULAR CLASSIC COMPANY LIMITED | BENJO( K) LTD,"Embu, Kitui, Mwingi and Back",BENJO( K) LTD / NTR-00833,
mtito andei,6,4,0,(none known),KAM TRANSPORTERS SACCO LTD | MSAFI TRAVELLERS LIMITED | eastern bypass traverlers investment co. limited,"nairobi, machakos, wote, makindu, kitui, mutomo, kibwezi, mtito andei, ikutha, voi, mombasa",eastern bypass traverlers investment co. limited / ADR-A5ACPPM,
luthuli avenue,6,4,0,(none known),JESMAT TRAVELLERS CO-OPRATIVE | UMOJA INNERCORE TENA MATATU OWNERS SAVINGS AND CREDIT CO-OPERATIVE SOCIETY LTD | MADIWA MATATU OWNERS SACCO,"mfangano, eastleigh section 3, luthuli avenue",JESMAT TRAVELLERS CO-OPRATIVE / ADR-7WRS9L5,
thika nyeri nyahururu,5,3,0,(none known),GATANGA SHUTTLE LIMITED | GATANGA TRAVELLERS SAVINGS AND CREDIT CO-OPERATIVE SOCIETY LTD | CHANIA TRAVELLERS SACCO,"nairobi, thika nyeri nyahururu, nakuru",CHANIA TRAVELLERS SACCO / NTR-00183,
meru,5,2,0,(none known),NEO KENYA MPYA COMMUTERS LIMITED | CHANIA TRAVELLERS SACCO,"nairobi, thika, nyeri, meru",CHANIA TRAVELLERS SACCO / NTR-001145,
temple road,5,3,0,(none known),peja travellers limited | DREPEJA ROUTE LIMITED | OUTER CIRCLE SACCO,"Jericho, Maringo,Jogoo road,, Temple road",DREPEJA ROUTE LIMITED / NTR-00109,
emabakasi,5,2,0,(none known),ROYAL SWIFT EXPRESS LIMITED | EMBASSAVA COOPERATIVE SAVINGS AND CREDIT SOCIETY LTD,"emabakasi, jogoo road, accra road",EMBASSAVA COOPERATIVE SAVINGS AND CREDIT SOCIETY LTD / ADR-O68I2OK,
eastleigh section 3,5,3,0,(none known),JESMAT TRAVELLERS CO-OPRATIVE | MADIWA MATATU OWNERS SACCO | UMOJA INNERCORE TENA MATATU OWNERS SAVINGS AND CREDIT CO-OPERATIVE SOCIETY LTD,"mfangano, eastleigh section 3, luthuli avenue",JESMAT TRAVELLERS CO-OPRATIVE / ADR-7WRS9L5,
ndunyu,5,3,0,(none known),NANGKIS MATATU SACCO | NGONG TRAVELLERS SACCO | LUMINOUS SHUTTLES LIMITED,"kiserian, ngong, ndunyu, yaya, gpo, ambassadour, railways",LUMINOUS SHUTTLES LIMITED / ADR-VYAS98E,
dagorretti,4,3,0,(none known),PAKIN ALICIA SACCO SOCIETY LTD | 2B TRAVELLERS SACCO LTD | mat two friends limited,"railways, kawangware,dagorretti,kikuyu, gikambura",2B TRAVELLERS SACCO LTD / NTR-00667,
suswa,4,2,0,(none known),NANGKIS MATATU SACCO | 2KW SAVINGS AND CREDIT CO-OPERATIVE SOCIETY LTD,"suswa, kimuka ngong dagoretti corner kawangware uthiru Kikuyu kamangu thigio ngecha wangige kahawa west via Kiambu KU hospital ruiru limuru, nakuru",2KW SAVINGS AND CREDIT CO-OPERATIVE SOCIETY LTD / NTR-00202107221145140,
eldoret,4,1,0,(none known),CHANIA TRAVELLERS SACCO,"Nairobi, Thika Gatura Olkalou Nyahururu Nakuru, Eldoret",CHANIA TRAVELLERS SACCO / NTR-00567,
komarocksmolemjuja road,4,4,0,(none known),prime  transcity limited | DIX-HULT MATATU OWNER SACCO | FORWARD TRAVELLERS SACCO LTD,"kayole, komarocksmolemjuja road, eastleigh",DIX-HULT MATATU OWNER SACCO / ADR-A5AC8Z7,
taveta,4,1,0,(none known),FORWARD TRAVELLERS SACCO LTD,"nairobi, emali,oloitoktok, taveta",FORWARD TRAVELLERS SACCO LTD / NTR-00246,
riruta satelite,4,3,0,(none known),GARAMU TRAVEL SOLUTIONS LIMITED | PALS MATATU SAVINGS AND CREDIT CO-OPERATIVE SOCIETY LIMITED | mat two friends limited,"railways, ngong rd,hurlingham,yaya,korosho/mbaazi,kawanware,riruta satelite,waithaka,dagoretti market, kikuyu",GARAMU TRAVEL SOLUTIONS LIMITED / ADR-8LMS5QE,
lungalunga,4,2,0,(none known),INTER COUNTIES TRAVELLERS SACCO | OUTREACH TRAVEL,"muthurwa, jogoo road,likoni road,lungalunga, donholm",INTER COUNTIES TRAVELLERS SACCO / ADR-K9BFYJY,
abambassador,4,2,0,(none known),LATEMA 22 TRAVELLERS SACCO | STARBUS COMPANY (K) LTD,"railways, abambassador, kawangware, uthiru",LATEMA 22 TRAVELLERS SACCO / ADR-K9BF68M,
dunyu,4,3,0,(none known),NANGKIS MATATU SACCO | NGONG TRAVELLERS SACCO | LUMINOUS SHUTTLES LIMITED,"kiserian, railways,ngong, karen , dunyu, yaya, ambassador",LUMINOUS SHUTTLES LIMITED / ADR-WZ9SWWB,
moyale,4,2,0,(none known),MANCHESTER TRAVELLERS COACH LIMITED | zam zam fourty five limited,"Nairobi, Bypass Juja Eastleigh Ruiru Thika Isiolo Marsabit, Moyale",MANCHESTER TRAVELLERS COACH LIMITED / NTR-00581,
dagoreti corner,4,3,0,(none known),NANGKIS MATATU SACCO | NGOKANA SAVINGS AND CREDIT COOPERATIVE SOCIETY | rasasi travellers limited,"kiserian, ngong,karen,dagoreti corner,prestige, kenyatta",NANGKIS MATATU SACCO / NTR-00201901141019580,
serena,4,1,0,(none known),NGUMO-LINE SAVINGS AND CREDIT CO-OPERATIVE SOCIETY LIMITED,"St peters, Serena,Valley rd,Knh,Ngumo,Soweto,Kibera,Mbagathi rd,Tmall,Nyayo stadium,Lusaka rd,Enterprise rd, General Motors",NGUMO-LINE SAVINGS AND CREDIT CO-OPERATIVE SOCIETY LIMITED / NTR-00201911111218030,
valley road,4,1,0,(none known),NGUMO-LINE SAVINGS AND CREDIT CO-OPERATIVE SOCIETY LIMITED,"st.peters, valley road,serena,knh,mbagathi, ngumo",NGUMO-LINE SAVINGS AND CREDIT CO-OPERATIVE SOCIETY LIMITED / NTR-00157,
lunga lunga,4,1,0,(none known),QUE SERVICES SAVINGS AND CREDIT CO-OPERATIVE SOCIETY LTD,"huruma, eeastleigh, lunga lunga",QUE SERVICES SAVINGS AND CREDIT CO-OPERATIVE SOCIETY LTD / NTR-00731,
within,4,1,0,(none known),RWAKEN INVESTMENTS LIMITED,"nairobi, within, nairobi",RWAKEN INVESTMENTS LIMITED / NTR-00948,
moulem,4,1,0,(none known),UMOINNER SACCO LTD,"ronald ngala, jogoo road,buru buru,kangundo road, moulem",UMOINNER SACCO LTD / NTR-00125,
kiria ini,3,1,0,(none known),CBET SACCO,"kenol, njumbi murarandaia githiga, kiria-ini",CBET SACCO / NTR-00202104141524480,
civilservant,3,2,0,(none known),CBET SACCO | OUTER CIRCLE SACCO,"gillhouse, civilservant,muthurwa,jogoo road, buruburu",CBET SACCO / ADR-9AKFR5P,
juja farm,3,2,0,(none known),JUJA ATHI TRAVELLERS SACCO. | CHELSEA TRANSPORTERS LIMITED,"Commercial, Bus Station Thika Rd Zimmerman Githurai 44 Kahawa West Ruiru Ruaka Limuru Juja, Juja Farm",CHELSEA TRANSPORTERS LIMITED / NTR-00202211011801400,
ambassadours,3,2,0,(none known),COMPLIANT MOA | DAKIKA MATATU OWNERS SACCO,"ngong, karen, yaya, ambassadours, jogoo road, buruburu, civil servant",COMPLIANT MOA / ADR-K9BFZEP,
within nairobi,3,1,0,(none known),DOMANN ENTERPRISES,"WITHIN NAIROBI, WITHIN NAIROBI, WITHIN NAIROBI",DOMANN ENTERPRISES / ADR-2DVSDYJ,
kangundo rddandoraouteringburuburujerichomaringojogoo rdotc,3,2,0,(none known),peja travellers limited | DREPEJA ROUTE LIMITED,"Saika, Kangundo rdDandoraOuteringBuruburuJerichoMaringoJogoo rdOtc, Temple rd",DREPEJA ROUTE LIMITED / NTR-00202002270910280,
easternbypass,3,2,0,(none known),NAKAM SACCO SOCIETY LIMITED | eastern bypass traverlers investment co. limited,"kangundo, ruai, easternbypass, mlolongo, emali, loitoktok, ellasit",eastern bypass traverlers investment co. limited / NTR-00376,
enterprise rd,3,3,0,(none known),EASTLANDS EAGLES LIMITED | NGUMO-LINE SAVINGS AND CREDIT CO-OPERATIVE SOCIETY LIMITED | UMOJA INNERCORE TENA MATATU OWNERS SAVINGS AND CREDIT CO-OPERATIVE SOCIETY LTD,"Muthurwa, Jogoo RoadLikoni Road Industrial area, Enterprise rd",EASTLANDS EAGLES LIMITED / NTR-00288,
kangema,3,1,0,(none known),FORWARD TRAVELLERS SACCO LTD,"KANGEMA, MURANGA-THIKA-RUIRU-E BYPASS-KANGUNDO RD-JOGOO RD-JUJA RD-EASTLIEGH-GIKOMBA-ALSOLPS-NGARA-MFANGANO STREET-BUS STATION-MUTHURWA-KAYOLE-KOMAROCKS-UMOJA-MOWLEM-SAVVANNAH-CABANAS-UTAWALA-MIHANGO-TASSIA LINK RD-MALAA-MOMBASA RD-EMALI, LOITOKTOK",FORWARD TRAVELLERS SACCO LTD / NTR-00202102051741120,
bungoma,3,2,0,(none known),FORWARD TRAVELLERS SACCO LTD | LIRA LINE SACCO SOCIETY LTD,"Voi, Ikutha Kibwezi Mwingi Mutomo Kitui Makueni Kilimambogo Nairobi Narok Kisii Nyamira Kisumu Siaya, Bungoma",FORWARD TRAVELLERS SACCO LTD / NTR-00202211180859400,
ruiru underpass,3,2,0,(none known),prime  transcity limited | FORWARD TRAVELLERS SACCO LTD,"otc, jogoo rd, kayole, mihango, eastern bypass, ruiru underpass",FORWARD TRAVELLERS SACCO LTD / ADR-BQ9SQ3A,
ronald ngala zimmermankiambugithuraikahawa westoutering roadnorthern bypasseastern bypassruiruthika,3,3,0,(none known),RUKAGINA 44 SACCO | ISKA INVESTMENTS COMPANY LTD. | zam zam fourty five limited,"Commercial, Ronald ngala Zimmermankiambugithuraikahawa westoutering roadnorthern bypasseastern bypassruiruthika, Makongeni",ISKA INVESTMENTS COMPANY LTD. / NTR-00202107221159520,
majengo,3,1,0,(none known),JESMAT TRAVELLERS CO-OPRATIVE,"mfangano street, gikomba, majengo",JESMAT TRAVELLERS CO-OPRATIVE / ADR-EPJSE9J,
athi,3,1,0,(none known),JUJA ATHI TRAVELLERS SACCO.,"juja, juja farm, athi",JUJA ATHI TRAVELLERS SACCO. / NTR-00201906201608210,
muguga,3,2,0,(none known),WAKIMALI TRAVELLERS CO. LIMITED | KIDAGI SACCO,"Kikuyu, Dagoretti Gikambura Ruthigiti Kamangu Limuru via, Muguga .",KIDAGI SACCO / NTR-00202009221217140,
railway,3,2,0,(none known),KIMMA SAVINGS AND CREDIT CO-OPERATIVE SOCIETY LIMITED | RISEN COMPANY LIMITED,"railway, machakos, athi river",KIMMA SAVINGS AND CREDIT CO-OPERATIVE SOCIETY LIMITED / ADR-EPJSAQK,
nduyu,3,3,0,(none known),NANGKIS MATATU SACCO | NGONG TRAVELLERS SACCO | LUMINOUS SHUTTLES LIMITED,"kiserian, ngong,karen,nduyu,yaya,gpo,ambassador, railways",LUMINOUS SHUTTLES LIMITED / NTR-0096,
moi lane,3,1,0,(none known),MERUIT LOGISTICS LIMITED,"Moi Lane, Odeon Thika Rd Marurui Ruiru Ruaka Kiambu Thika, Makongeni",MERUIT LOGISTICS LIMITED / ADR-DB3T56V,
narok,3,1,0,(none known),METROTRANS EAST AFRICA LIMITED,"nairobi, narok, bomet",METROTRANS EAST AFRICA LIMITED / NTR-00947,
bomet,3,1,0,(none known),METROTRANS EAST AFRICA LIMITED,"nairobi, narok, bomet",METROTRANS EAST AFRICA LIMITED / NTR-00947,
migori,3,1,0,(none known),METROTRANS EAST AFRICA LIMITED,"Thika, NairobiKawangwareKikuyu Narok Bomet Kisii Homabay, Migori",METROTRANS EAST AFRICA LIMITED / NTR-00202012241143330,
prestige,3,2,0,(none known),NANGKIS MATATU SACCO | NGOKANA SAVINGS AND CREDIT COOPERATIVE SOCIETY,"kiserian, ngong,karen,dagoreti corner,prestige, kenyatta",NANGKIS MATATU SACCO / NTR-00201901141019580,
koma hill,3,1,0,(none known),NEEMA TRAVELLERS AGENCY LIMITED,"Kangundo rd, Ruai Greater Eastern Link rd Mwalimu fgarm Malaa, Koma Hill",NEEMA TRAVELLERS AGENCY LIMITED / NTR-00202010261059350,
shauri moyo,3,1,0,(none known),RISEN COMPANY LIMITED,"Shauri moyo, Jogoo rd Buruburu outering civil servant Umoja Kangundo rd kayole Soweto Komarock Savannah Embakasi Industrial area Eastern Bypass Mombasa rd Ktani Syokimau Mlolongo Kajiado Athi river Machakos Kangundo Outering rd Juja rd Eastleigh Kabirea SatelliteNrb Upperhill Moi Avenue Community Westlands Parklands Forest rd Thika rd Zimmerman 44 Kahawa West Ruiru, Thika(Makongeni)",RISEN COMPANY LIMITED / ADR-BQ9SPKR,
within kenya,3,1,0,(none known),RWAKEN INVESTMENTS LIMITED,"within kenya, within kenya, within kenya",RWAKEN INVESTMENTS LIMITED / NTR-001253,
likoni,3,1,0,(none known),TELAVIV TRAVELLERS LIMITED,"south c, south b,likoni, eastleigh",TELAVIV TRAVELLERS LIMITED / NTR-00201901041436380,
khoja via ngara rd,2,1,0,(none known),BYBUSS TRANS LIMITED,"Khoja via Ngara Rd, WestlandsWangige via Lower Kabete RdNyathunaNgechaKabukuLimuru Kikuyu Kiambu Ruiru, Thika(Makongeni)",BYBUSS TRANS LIMITED / NTR-00202007061248330,
ngong dagoretti wangige khoja thika gatuanyaga ruiru kiambu,2,2,0,(none known),KARURI COMMUTERS SERVICES SAVINGS AND CREDIT CO-OPERTAIVE SOCIETY LIMITED | BYBUSS TRANS LIMITED,"Kiserian, Ngong Dagoretti Wangige Khoja Thika Gatuanyaga Ruiru Kiambu, Limuru .",BYBUSS TRANS LIMITED / NTR-00202009081636350,
kyumbi,2,1,0,(none known),CBET SACCO,"kyumbi, malili, konza city",CBET SACCO / NTR-00202104141523000,
malili,2,1,0,(none known),CBET SACCO,"kyumbi, malili, konza city",CBET SACCO / NTR-00202104141523000,
juja town,2,2,0,(none known),CIRCULAR CLASSIC COMPANY LIMITED | JONSAGA FLATS SACCO,"Nairobi, Eastleigh,Pangani Terminus,Juja town, Thika",CIRCULAR CLASSIC COMPANY LIMITED / ADR-WZ9SDA5,
arkwings kodhek,2,1,0,(none known),city star shuttle limited,"kikuyu, kawangware,yaya,arkwings kodhek,yaya,ambassadour,jkia,utawala, joska",city star shuttle limited / NTR-00592,
kitengela athi river syokimau sgr mombasa rd jkia utawala ruai malaa kantafu kangundo rd umoja outering rd juja rd buruburu jogoo rd south b bus station ambassador kencom knh langata rd ongata rongai kiserian ngong karen hardy kawangware kikuyu waiyaki way,2,2,0,(none known),city star shuttle limited | KENYA BUS SERVICE MANAGEMENT LIMITED,"Isinya, Kitengela Athi river Syokimau SGR Mombasa rd JKIA Utawala Ruai Malaa Kantafu Kangundo rd Umoja Outering rd Juja rd Buruburu Jogoo rd South B Bus station Ambassador Kencom KNH Langata rd Ongata Rongai Kiserian Ngong Karen Hardy Kawangware Kikuyu Waiyaki way, Thika",city star shuttle limited / ADR-JY7SED8,
argwings kodhek,2,1,0,(none known),city star shuttle limited,"kikuyu, kawangware, yaya, argwings kodhek, yaya, ambassadour, jkia, utawala",city star shuttle limited / ADR-REOSR9R,
ambassdour,2,1,0,(none known),COMPLIANT MOA,"kiserian, ngong,karen,yaya,ambassdour,jogoo road, civil servant",COMPLIANT MOA / NTR-00495,
ambasdours,2,2,0,(none known),NANGKIS MATATU SACCO | COMPLIANT MOA,"ngong, yaya, kawangware, ambasdours, jogoo road, buruburu, civil servant",COMPLIANT MOA / ADR-EPJSRA9,
bururburu,2,2,0,(none known),DANDORA USAFIRI TRAVELLERS SACCO | OUTER CIRCLE SACCO,"muthurwa, jogoo road,maringo,jericho,bururburu, dandora",DANDORA USAFIRI TRAVELLERS SACCO / ADR-K9BFVV2,
wangari maathai rd,2,1,0,(none known),DOMANN ENTERPRISES,"Embakasi, Mombasa rd,South b,South c,Langata rd,Westlands,,Wangari maathai rd,Thika rd,Outering rd, Embakasi",DOMANN ENTERPRISES / NTR-00201909271238580,
saika dandora kariobangi alsops outering rd utawala buruburu jericho maringo bahati jogoo rd likoni rd donholm sinai juja rd otc,2,1,0,(none known),DREPEJA ROUTE LIMITED,"kangundo rd, Saika Dandora Kariobangi Alsops Outering Rd Utawala Buruburu Jericho Maringo Bahati Jogoo Rd Likoni Rd Donholm(sinai) juja rd OTC, temple rd",DREPEJA ROUTE LIMITED / ADR-6DBSK32,
makindu,2,2,0,(none known),KAM TRANSPORTERS SACCO LTD | eastern bypass traverlers investment co. limited,"nairobi, machakos, wote, makindu, kitui, mutomo, kibwezi, mtito andei, ikutha, voi, mombasa",eastern bypass traverlers investment co. limited / ADR-A5ACPPM,
mlolongoembakasijogoo rdmombasa roadoutering roadsavannah routealsops,2,2,0,(none known),ongata rongai bus services | EMBASSAVA COOPERATIVE SAVINGS AND CREDIT SOCIETY LTD,"KITENGELA, MLOLONGOEMBAKASIJOGOO RDMOMBASA ROADOUTERING ROADSAVANNAH ROUTEALSOPS, ACCRA RD",EMBASSAVA COOPERATIVE SAVINGS AND CREDIT SOCIETY LTD / NTR-00201909271127470,
accra,2,1,0,(none known),EMBASSAVA COOPERATIVE SAVINGS AND CREDIT SOCIETY LTD,"Accra, Mombasa rdJogoo rdEmbakasiMlolongo, Kitengela",EMBASSAVA COOPERATIVE SAVINGS AND CREDIT SOCIETY LTD / ADR-BQ9S52M,
ngong rd kawangware kabiria waithaka dagoretti market karen ngong kikuyu lusigetti,2,2,0,(none known),EXPRESO LIMITED | KADANA TRAVELLERS SAVINGS AND CREDIT CO-OPERATIVE SOCIETY LIMITED,"Railways, Ngong rd Kawangware Kabiria Waithaka Dagoretti market Karen Ngong Kikuyu Lusigetti, Kamangu",EXPRESO LIMITED / NTR-00202012111036520,
western bypass,2,1,0,(none known),EXPRESO LIMITED,"limuru, kikuyu dagoretti mrktkabiria kawangware knh ambassador moi service lane tom mboya rongai gataka karen ngong kiserian isinya katani cabanas outering rd juja rd eastleigh gikomba thika rd mwiki lucky summer komarocks rd kangundo rd eastern bypass infinity kenol kiambu ruaka, western bypass",EXPRESO LIMITED / ADR-537HWAM,
buru,2,1,0,(none known),EXPRESS CONNECTIONS LTD,"jkia, umoja, buru, jogoo road, gpo, knh, yaya, kawangware, setlite",EXPRESS CONNECTIONS LTD / NTR-00176,
setlite,2,1,0,(none known),EXPRESS CONNECTIONS LTD,"jkia, umoja, buru, jogoo road, gpo, knh, yaya, kawangware, setlite",EXPRESS CONNECTIONS LTD / NTR-00176,
oloitoktok,2,1,0,(none known),FORWARD TRAVELLERS SACCO LTD,"nairobi, emali,oloitoktok, taveta",FORWARD TRAVELLERS SACCO LTD / NTR-00246,
hurlingham,2,1,0,(none known),GARAMU TRAVEL SOLUTIONS LIMITED,"railways, ngong rd,hurlingham,yaya,korosho/mbaazi,kawanware,riruta satelite,waithaka,dagoretti market, kikuyu",GARAMU TRAVEL SOLUTIONS LIMITED / ADR-8LMS5QE,
korosho/mbaazi,2,1,0,(none known),GARAMU TRAVEL SOLUTIONS LIMITED,"railways, ngong rd,hurlingham,yaya,korosho/mbaazi,kawanware,riruta satelite,waithaka,dagoretti market, kikuyu",GARAMU TRAVEL SOLUTIONS LIMITED / ADR-8LMS5QE,
kamwangi,2,2,0,(none known),GATHIMA TRAVELLERS SAVINGS AND CREDIT CO-OPERATIVE SOCIETY. | LIBERA IMPEX LIMITED,"Thika, Thika rdJujaGatunduKangoo, Kamwangi",GATHIMA TRAVELLERS SAVINGS AND CREDIT CO-OPERATIVE SOCIETY. / NTR-00201911141534530,
uplands,2,2,0,(none known),NAKWE TRAVELLERS SACCO SOCIETY LTD | HOME SACCO LIMITED,"Limuru, Ngecha, Uplands",HOME SACCO LIMITED / NTR-00471,
hillocks,2,1,0,(none known),INDIMA (NJE) SACCO,"muthurwa, lusaka road, industrial area, enterprise road, hillocks, mombasa road, kwa njenga",INDIMA (NJE) SACCO / ADR-Q5LCYA7,
ithanga,2,1,0,(none known),ITHANGA TRAVELLERS SACCO,"ithanga, thika, nairobi",ITHANGA TRAVELLERS SACCO / NTR-00565,
makongeni thika ruiru juja juja farm gatundu,2,1,0,(none known),JUJA ATHI TRAVELLERS SACCO.,"athi, makongeni thika ruiru juja juja farm gatundu, muranga",JUJA ATHI TRAVELLERS SACCO. / ADR-DB3T5EP,
kangari,2,1,0,(none known),KANDARA SOUTH TRAVELLERS SACCO (K.S.T),"nairobi, thika, kangari",KANDARA SOUTH TRAVELLERS SACCO (K.S.T) / NTR-00231,
kitengela athi river syokimau jkia utawala ruai malaa kangundo rd kangundo umoja innercore outering rd dandora kariobangi huruma buruburu jogoo rdkencom rongai kiserian ngong hardy knh kibera kawangware kikuyu waiyaki way thika rd,2,2,0,(none known),SOWETAMU TRAVELLERS SACCO | KENYA BUS SERVICE MANAGEMENT LIMITED,"isinya, kitengela athi river syokimau jkia utawala ruai malaa kangundo rd kangundo umoja innercore outering rd dandora kariobangi huruma buruburu jogoo rdkencom rongai kiserian ngong hardy knh kibera kawangware kikuyu waiyaki way thika rd, thika",KENYA BUS SERVICE MANAGEMENT LIMITED / NTR-001152,
masii,2,1,0,(none known),KIMMA SAVINGS AND CREDIT CO-OPERATIVE SOCIETY LIMITED,"nairobi, kitengela, machakos, masii, tawa, mbumbuni",KIMMA SAVINGS AND CREDIT CO-OPERATIVE SOCIETY LIMITED / ADR-3ZQSLO2,
tawa,2,1,0,(none known),KIMMA SAVINGS AND CREDIT CO-OPERATIVE SOCIETY LIMITED,"nairobi, kitengela, machakos, masii, tawa, mbumbuni",KIMMA SAVINGS AND CREDIT CO-OPERATIVE SOCIETY LIMITED / ADR-3ZQSLO2,
mbumbuni,2,1,0,(none known),KIMMA SAVINGS AND CREDIT CO-OPERATIVE SOCIETY LIMITED,"nairobi, kitengela, machakos, masii, tawa, mbumbuni",KIMMA SAVINGS AND CREDIT CO-OPERATIVE SOCIETY LIMITED / ADR-3ZQSLO2,
zambezi,2,2,0,(none known),METROTRANS EAST AFRICA LIMITED | KIWALIRU SAVINGS AND CREDIT CO-OPERATIVE SOCIETY LIMITED,"kikuyu, wangige,chura,kahuho,zambezi,nderi,nduma, limuru",KIWALIRU SAVINGS AND CREDIT CO-OPERATIVE SOCIETY LIMITED / NTR-00201909161225430,
nduma,2,2,0,(none known),WAKIMALI TRAVELLERS CO. LIMITED | KIWALIRU SAVINGS AND CREDIT CO-OPERATIVE SOCIETY LIMITED,"kikuyu, wangige,chura,kahuho,zambezi,nderi,nduma, limuru",KIWALIRU SAVINGS AND CREDIT CO-OPERATIVE SOCIETY LIMITED / NTR-00201909161225430,
naivasha road,2,2,0,(none known),LATEMA 22 TRAVELLERS SACCO | STARBUS COMPANY (K) LTD,"railways, ngong road, naivasha road, satellite , kabiria, uthiru",LATEMA 22 TRAVELLERS SACCO / ADR-8LMSY6Y,
kitale,2,2,0,(none known),LIBERA IMPEX LIMITED | RISEN COMPANY LIMITED,"Malindi, Mombasa Voi Machakos Nairobi Bomet kericho Kisii Kisumu Kakamega Busia Eldoret, Kitale",LIBERA IMPEX LIMITED / NTR-00809,
outering rd juja rd eastleigh tom mboya kenyatta av gpo community knh ngong rd kawangware kikuyu waiyaki way forest rd kiambu rd bypass thika rd githurai mwiki ruiru thika,2,2,0,(none known),LOTHIAN TRANSPORTERS | UNIFIED INTERNATIONAL LIMITED,"Mombasa rd, Outering rd Juja rd Eastleigh Tom mboya Kenyatta av GPO Community Knh Ngong rd Kawangware Kikuyu waiyaki way forest rd Kiambu rd bypass thika rd Githurai mwiki Ruiru Thika, kenol",LOTHIAN TRANSPORTERS / ADR-3ZQS3QL,
via machakos,2,1,0,(none known),MANCHESTER TRAVELLERS COACH LIMITED,"nairobi, thika,matuu,mwingi,kitui,via machakos,wote,kibwezi, mombasa",MANCHESTER TRAVELLERS COACH LIMITED / NTR-0020181207160047502,
ruiru town,2,1,0,(none known),MARUTI T.R.R SACCO,"ruiru prison, ruiru town, kenol",MARUTI T.R.R SACCO / ADR-LZRSRZZ,
riruta satellite,2,1,0,(none known),mat two friends limited,"railways, dagoretti corner, riruta satellite",mat two friends limited / ADR-537H2YW,
savanna,2,1,0,(none known),MAVEROUS SHUTTLE LIMITED,"komarock, savanna, jogoo road, eastleigh, mfangano street",MAVEROUS SHUTTLE LIMITED / NTR-00763,
kawangware kenyatta ambasdour tom mboya thika road kasarani,2,2,0,(none known),METROTRANS EAST AFRICA LIMITED | SUPER METRO LIMITED,"kikuyu, kawangware kenyatta ambasdour tom mboya thika road kasarani, juja",METROTRANS EAST AFRICA LIMITED / NTR-00191,
thogoto kawangware kenyatta ambasdour tom mboya thika road kasarani,2,1,0,(none known),METROTRANS EAST AFRICA LIMITED,"kikuyu, thogoto kawangware kenyatta ambasdour tom mboya thika road kasarani, utawala",METROTRANS EAST AFRICA LIMITED / NTR-00190,
zambezi kikuyu ngonglangata kabiria kawangware knh ambassador bus stationutawalakoma mwiki,2,1,0,(none known),METROTRANS EAST AFRICA LIMITED,"Limuru, Zambezi Kikuyu ngonglangata kabiria kawangware knh ambassador bus stationutawalakoma mwiki, Thika",METROTRANS EAST AFRICA LIMITED / ADR-EPJSE6O,
garissa rd,2,1,0,(none known),MWIKI PSV SACCO SOCIETY LIMITED,"Commercial, odeon Slip Rd Moi Avenue River Rd Munyu Rd Latema Rd via Westands juja Rd Outering Rd Eatleigh Wangari maathai Rd Kipande Rd Bus Station Thika Rd Kasarani Mwiki Njiru Utawala kangundo Rd eastern Bypass Juja RuiruThika Kangundo Jogoo Rd, Garissa Rd",MWIKI PSV SACCO SOCIETY LIMITED / NTR-00202012241623260,
nunguni,2,1,0,(none known),NAKAMATA SAVINGS AND CREDIT COOPERATIVE SOCIETY LTD,"nairobi, machakos, nunguni, makueni, kibwezi, mtiti andei, voi, mombasa",NAKAMATA SAVINGS AND CREDIT COOPERATIVE SOCIETY LTD / ADR-O68IBR3,
kirinyaga,2,1,0,(none known),NEO KENYA MPYA COMMUTERS LIMITED,"nairobi, thika,kerugoya, kirinyaga",NEO KENYA MPYA COMMUTERS LIMITED / NTR-00149,
temple lane,2,1,0,(none known),OBAMANA TRAVELLERS SACCO,"temple lane, jogoo road, outer ring road, kangundo road, kantafu market",OBAMANA TRAVELLERS SACCO / ADR-7WRSZQK,
outer ring road,2,1,0,(none known),OBAMANA TRAVELLERS SACCO,"temple lane, jogoo road, outer ring road, kangundo road, kantafu market",OBAMANA TRAVELLERS SACCO / ADR-7WRSZQK,
bomas railways,2,2,0,(none known),SALTY INVESTMENTS LIMITED | ongata rongai bus services,"ongata rongai, bomas railways, Kitengela",ongata rongai bus services / NTR-00202106141134550,
gill house,2,1,0,(none known),OUTER CIRCLE SACCO,"gill house, outering,jogoo road, buruburu",OUTER CIRCLE SACCO / ADR-Q5LCBO2,
lungalunga rd,2,1,0,(none known),OUTREACH TRAVEL,"temple rd, muthurwa,jogoo rd,likoni rd,lungalunga rd, donholm route",OUTREACH TRAVEL / NTR-00601,
donholm route,2,1,0,(none known),OUTREACH TRAVEL,"temple rd, muthurwa,jogoo rd,likoni rd,lungalunga rd, donholm route",OUTREACH TRAVEL / NTR-00601,
green span,2,1,0,(none known),QUE SERVICES SAVINGS AND CREDIT CO-OPERATIVE SOCIETY LTD,"Huruma, Eastleigh, Jogoo road, Likoni road, Lunga lunga, Outering road, Green span, Cabanas Terminus, Mombasa rd",QUE SERVICES SAVINGS AND CREDIT CO-OPERATIVE SOCIETY LTD / ADR-K9BFBEY,
cabanas terminus,2,1,0,(none known),QUE SERVICES SAVINGS AND CREDIT CO-OPERATIVE SOCIETY LTD,"Huruma, Eastleigh, Jogoo road, Likoni road, Lunga lunga, Outering road, Green span, Cabanas Terminus, Mombasa rd",QUE SERVICES SAVINGS AND CREDIT CO-OPERATIVE SOCIETY LTD / ADR-K9BFBEY,
koma bus,2,1,0,(none known),REMBO SHUTTLE SAVINGS AND CREDIT SACCO LTD,"Railways, Jogoo rd Cabanas Kitengela Kajiado Athi River Machakos Katani Kangundo road Ruai Joska, Koma bus",REMBO SHUTTLE SAVINGS AND CREDIT SACCO LTD / NTR-0020160526151433,
nyeri town,2,1,0,(none known),RWARE TRAVELLERS SACCO,"Kangemi, Nyeri town, Ruringu",RWARE TRAVELLERS SACCO / NTR-00202101181115420,
hazina estate,2,1,0,(none known),SINGLE LINE SERVICES LIMITED,"south b, gpo, ambassador, hazina estate",SINGLE LINE SERVICES LIMITED / ADR-JY7S2Y8,
ruiru eastern bypass commercial kikuyu mutarakwa thigio limuru githunguri kiambu wangige,2,1,0,(none known),SONY CLASSIC SHUTTLE EAST AFRICA LIMITED,"Juja, Ruiru Eastern bypass Commercial Kikuyu Mutarakwa Thigio Limuru Githunguri Kiambu Wangige, Ruaka",SONY CLASSIC SHUTTLE EAST AFRICA LIMITED / NTR-00202104201026350,
eastern by pass,2,1,0,(none known),SONY CLASSIC SHUTTLE EAST AFRICA LIMITED,"Eastern by pass, Ruiru JujaRuaka Kiambu Githunguri Thigio Wangige Mutarakwa Limuru, kikuyu",SONY CLASSIC SHUTTLE EAST AFRICA LIMITED / NTR-00202104290903280,
ruiru jujaruaka kiambu githunguri thigio wangige mutarakwa limuru,2,1,0,(none known),SONY CLASSIC SHUTTLE EAST AFRICA LIMITED,"Eastern by pass, Ruiru JujaRuaka Kiambu Githunguri Thigio Wangige Mutarakwa Limuru, kikuyu",SONY CLASSIC SHUTTLE EAST AFRICA LIMITED / NTR-00202104290903280,
ngara fig tree,2,2,0,(none known),SOUTHLEIGH SAVINGS AND CREDIT COOPERATIVE SOCIETY LIMITED | SOUTHLEIGH S LIMITED,"Ngara fig tree, Kariokor Juja rd GikombaEastleigh Kiambiu Jericho Buruburu Alsops Outering rd Cabanas Mombasa rd Nyayo round about Lusaka rd Likoni rd Muthurwa Jogoo rd Savannah Umoja Saika Mowlem Civil servants eastern bypass utawala, Kangundo rd",SOUTHLEIGH S LIMITED / ADR-537HQE2,
kariokor juja rd gikombaeastleigh kiambiu jericho buruburu alsops outering rd cabanas mombasa rd nyayo round about lusaka rd likoni rd muthurwa jogoo rd savannah umoja saika mowlem civil servants eastern bypass utawala,2,2,0,(none known),SOUTHLEIGH SAVINGS AND CREDIT COOPERATIVE SOCIETY LIMITED | SOUTHLEIGH S LIMITED,"Ngara fig tree, Kariokor Juja rd GikombaEastleigh Kiambiu Jericho Buruburu Alsops Outering rd Cabanas Mombasa rd Nyayo round about Lusaka rd Likoni rd Muthurwa Jogoo rd Savannah Umoja Saika Mowlem Civil servants eastern bypass utawala, Kangundo rd",SOUTHLEIGH S LIMITED / ADR-537HQE2,
ruia,2,1,0,(none known),UMOINNER SACCO LTD,"Ronald Ngala, Jogoo road Shauri Moyo Outering road Kangundo road Saika, Ruia",UMOINNER SACCO LTD / NTR-00201909161142390,
kagundo road,2,1,0,(none known),UMOINNER SACCO LTD,"ronald ngala, jogoo road, buruburu, kagundo road, moulem",UMOINNER SACCO LTD / ADR-ZZJS2V8,
outering rd juja rd eastleigh tom mboya kenyatta av gpo community knh ngong rd kawangware kikuyu waiyaki way westlands limuru rd forest rd kiambu rd bypass thika rd githurai mwiki ruiru thika,2,1,0,(none known),UNIFIED INTERNATIONAL LIMITED,"Mombasa rd, Outering rd Juja rd Eastleigh Tom mboya Kenyatta av GPO Community Knh Ngong rd Kawangware Kikuyu waiyaki way Westlands Limuru Rd forest rd Kiambu rd bypass thika rd Githurai mwiki Ruiru Thika, kenol",UNIFIED INTERNATIONAL LIMITED / ADR-9AKFOPZ,
ndumbuini,2,1,0,(none known),WAKIMALI TRAVELLERS CO. LIMITED,"Kikuyu, Ndumbuini, Ndeiya(kamangu), Muguga, Limuru",WAKIMALI TRAVELLERS CO. LIMITED / NTR-00616,
ndumboini,2,1,0,(none known),WAKIMALI TRAVELLERS CO. LIMITED,"kikuyu, ndumboini,ndaiya, limuru",WAKIMALI TRAVELLERS CO. LIMITED / ADR-9AKFR99,
ndaiya,2,1,0,(none known),WAKIMALI TRAVELLERS CO. LIMITED,"kikuyu, ndumboini,ndaiya, limuru",WAKIMALI TRAVELLERS CO. LIMITED / ADR-9AKFR99,
