sacco,permit_no,via_raw,via_points
2B TRAVELLERS SACCO LTD,NTR-00539,"kikuyu, dagoreti, gikambura",kikuyu|dagoreti|gikambura
2B TRAVELLERS SACCO LTD,NTR-00201912130944110,"Kikuyu, GikamburaKamanguMutarakwaLimuruNorthern bypassRuiruThika rd, Thika (MAKONGENI)",kikuyu|gikamburakamangumutarakwalimurunorthern bypassruiruthika rd|thika makongeni
2B TRAVELLERS SACCO LTD,NTR-001144,"Railways, Waiyaki way Uthiru kawangware Kikuyu gikambura kamangu mutarakwa limuru northern bypass thika Rd thika, Thika(makongeni)",railways|waiyaki way uthiru kawangware kikuyu gikambura kamangu mutarakwa limuru northern bypass thika rd thika|thika makongeni
2B TRAVELLERS SACCO LTD,NTR-00667,"railways, kawangware,dagorretti,kikuyu, gikambura",railways|kawangware|dagorretti|kikuyu|gikambura
2B TRAVELLERS SACCO LTD,NTR-00201901141024040,"knh, kawangware,dagoreti,kikuyu, gikambura",knh|kawangware|dagoreti|kikuyu|gikambura
2B TRAVELLERS SACCO LTD,NTR-00201901141021120,"knh, dagoreti,kikuyu, limuru",knh|dagoreti|kikuyu|limuru
2B TRAVELLERS SACCO LTD,ADR-YM3SEOK,"Railways, Karen via bomas kawangwarekabiria dagoretti Kikuyu Muslim gikambura waiyaki way, Uthiru",railways|karen via bomas kawangwarekabiria dagoretti kikuyu muslim gikambura waiyaki way|uthiru
2B TRAVELLERS SACCO LTD,ADR-8LMSVDD,"railways, kawangware,dagorretti,kikuyu, gikambura",railways|kawangware|dagorretti|kikuyu|gikambura
2B TRAVELLERS SACCO LTD,ADR-ZZJS27K,"railways, dagoretti,kawangware, kikuyu",railways|dagoretti|kawangware|kikuyu
2KR ROUTE 105 MULTIPURPOSE COOPERATIVE SOCIETY LIMITED,NTR-00202008120851300,"Kikuyu, Wangige Kiambu Ruiru Thika road Juja, Makongeni",kikuyu|wangige kiambu ruiru thika road juja|makongeni
2KR ROUTE 105 MULTIPURPOSE COOPERATIVE SOCIETY LIMITED,NTR-00346,"Tommboya, KawangwarekikuyuwestlandsThika RdMakongeniruirukiambuwangige, Limuru",tommboya|kawangwarekikuyuwestlandsthika rdmakongeniruirukiambuwangige|limuru
2KR ROUTE 105 MULTIPURPOSE COOPERATIVE SOCIETY LIMITED,NTR-00341,"odeon, westlands,kinoo, kikuyu",odeon|westlands|kinoo|kikuyu
2KR ROUTE 105 MULTIPURPOSE COOPERATIVE SOCIETY LIMITED,ADR-O68ILQB,"odeon, westlands,kinoo, kikuyu",odeon|westlands|kinoo|kikuyu
2KR ROUTE 105 MULTIPURPOSE COOPERATIVE SOCIETY LIMITED,ADR-6DBSD6W,"odeon, westlands, kinoo, kikuyu, thogoto, kanyariri, mutarakwa, city cabanas",odeon|westlands|kinoo|kikuyu|thogoto|kanyariri|mutarakwa|city cabanas
2KR ROUTE 105 MULTIPURPOSE COOPERATIVE SOCIETY LIMITED,ADR-WZ9S3ZE,"tommboya, westlands,kinoo,kikuyu,kamangu, limuru",tommboya|westlands|kinoo|kikuyu|kamangu|limuru
2KR ROUTE 105 MULTIPURPOSE COOPERATIVE SOCIETY LIMITED,ADR-537HODO,"odeon, kikuyu,westlands, kinoo",odeon|kikuyu|westlands|kinoo
2KW SAVINGS AND CREDIT CO-OPERATIVE SOCIETY LTD,NTR-00494,"nairobi, limuru, nakuru",nairobi|limuru|nakuru
2KW SAVINGS AND CREDIT CO-OPERATIVE SOCIETY LTD,NTR-00202009011729160,"Wangige Market, Ngecha Nduma Kamangu Gikambura Muguga Zambezi, Kahuho .",wangige market|ngecha nduma kamangu gikambura muguga zambezi|kahuho
2KW SAVINGS AND CREDIT CO-OPERATIVE SOCIETY LTD,NTR-00201901101111320,"Dagoretti Corner, UthiruWangigeKahawa west KU Hospital Ruiru Limuru, Nakuru",dagoretti corner|uthiruwangigekahawa west ku hospital ruiru limuru|nakuru
2KW SAVINGS AND CREDIT CO-OPERATIVE SOCIETY LTD,NTR-00202107221145140,"suswa, kimuka ngong dagoretti corner kawangware uthiru Kikuyu kamangu thigio ngecha wangige kahawa west via Kiambu KU hospital ruiru limuru, nakuru",suswa|kimuka ngong dagoretti corner kawangware uthiru kikuyu kamangu thigio ngecha wangige kahawa west via kiambu ku hospital ruiru limuru|nakuru
2KW SAVINGS AND CREDIT CO-OPERATIVE SOCIETY LTD,ADR-9AKFJOA,"wangige, kahawa west KU Hospital, Ruiru",wangige|kahawa west ku hospital|ruiru
2KW SAVINGS AND CREDIT CO-OPERATIVE SOCIETY LTD,ADR-DB3TYQY,"suswa, kimuka ngong dagoretti centre kamangu thigio ngecha wangige kahawa west KU hospital ruiru limuru, nakuru",suswa|kimuka ngong dagoretti centre kamangu thigio ngecha wangige kahawa west ku hospital ruiru limuru|nakuru
2KW SAVINGS AND CREDIT CO-OPERATIVE SOCIETY LTD,ADR-3ZQSJOA,"suswa, kimuka ngong dagoretti corner kawangware uthiru Kikuyu kamangu thigio ngecha wangige kahawa west KU hospital ruiru limuru, nakuru, ADR-JY7SZE7- bus station, ngong road, kawagware, uthiru, wangige",suswa|kimuka ngong dagoretti corner kawangware uthiru kikuyu kamangu thigio ngecha wangige kahawa west ku hospital ruiru limuru|nakuru|adr jy7sze7 bus station|ngong road|kawagware|uthiru|wangige
2KW SAVINGS AND CREDIT CO-OPERATIVE SOCIETY LTD,ADR-POKSY77,"bus station, wangige,ngong road, kawagware, uthiru",bus station|wangige|ngong road|kawagware|uthiru
2KW SAVINGS AND CREDIT CO-OPERATIVE SOCIETY LTD,ADR-VYASWZP,"dagoretti corner, uthiru,wangige,limuru, nakuru",dagoretti corner|uthiru|wangige|limuru|nakuru
61 BUS LIMITED,NTR-001280,"Bus station, Muthurwa gikomba , Jogoo road juja rd outering rd , Kayole kangundo rd , Eastern bypass, Utawala City cabanas ruai, Kamulu",bus station|muthurwa gikomba|jogoo road juja rd outering rd|kayole kangundo rd|eastern bypass|utawala city cabanas ruai|kamulu
61 BUS LIMITED,ADR-K9BFZR3,"Bus station, Muthurwa, Jogoo road, Kayole, Eastern bypass, Utawala, City cabanas",bus station|muthurwa|jogoo road|kayole|eastern bypass|utawala|city cabanas
61 BUS LIMITED,ADR-7WRSODM,"Bus station, Muthurwa, Jogoo road, Kayole, Eastern bypass, Utawala, City cabanas",bus station|muthurwa|jogoo road|kayole|eastern bypass|utawala|city cabanas
8B SAVINGS AND CREDIT CO-OPERATIVE SOCIETY LTD,NTR-00202101181143450,"Fig tree, Thika rd Kariokor Gikomba Juja rd Eastleigh KiambiuJericho Jogoo rd Buruburu Outering rd Donholm(caltex) Cabanas Likoni rd Lungalunga rd Kariobangi south, Kangundo rd",fig tree|thika rd kariokor gikomba juja rd eastleigh kiambiujericho jogoo rd buruburu outering rd donholm caltex cabanas likoni rd lungalunga rd kariobangi south|kangundo rd
8B SAVINGS AND CREDIT CO-OPERATIVE SOCIETY LTD,NTR-00201909131211180,"kariokor, gikomba,eastleigh,jericho,buruburu,outering rd,donholm(caltex), cabanas",kariokor|gikomba|eastleigh|jericho|buruburu|outering rd|donholm caltex|cabanas
8B SAVINGS AND CREDIT CO-OPERATIVE SOCIETY LTD,ADR-POKSKYO,"jericho, eastleigh, kariokor, gikomba",jericho|eastleigh|kariokor|gikomba
8B SAVINGS AND CREDIT CO-OPERATIVE SOCIETY LTD,ADR-VYASAWA,"jericho, gikomba,eastleigh section3, kariokor",jericho|gikomba|eastleigh section3|kariokor
8B SAVINGS AND CREDIT CO-OPERATIVE SOCIETY LTD,ADR-Q5LCL8B,"jericho, gikomba,eastleigh, kariokor",jericho|gikomba|eastleigh|kariokor
ALDANA SUPREME SERVICES LIMITED,NTR-00202008111559300,"Saika, Dandora Outering road Thika road, Thika",saika|dandora outering road thika road|thika
ALDANA SUPREME SERVICES LIMITED,NTR-00202108060811330,"Malaa, ruai dandora outering rd cabanas juja rd kariokor ngara thika rd mwihoko eastern bypass ruiru gatundu juja thika, Muranga",malaa|ruai dandora outering rd cabanas juja rd kariokor ngara thika rd mwihoko eastern bypass ruiru gatundu juja thika|muranga
ALDANA TRAVELLERS SACCO,NTR-00202003241145200,"Ronald ngala, Juja rdDandoraKariobangiAlsops Thika rd, Thika",ronald ngala|juja rddandorakariobangialsops thika rd|thika
ALDANA TRAVELLERS SACCO,NTR-00418,"Ronald Ngala, Ngara Juja Rd Outering Rd Kangundo Rd Dandora Kariobangi Asops Thika Rd Thika, Nyeri",ronald ngala|ngara juja rd outering rd kangundo rd dandora kariobangi asops thika rd thika|nyeri
ALDANA TRAVELLERS SACCO,NTR-00337,"ronald ngara, juja road, dandora",ronald ngara|juja road|dandora
ALDANA TRAVELLERS SACCO,NTR-00360,"dandora, kariobangi, alsolps",dandora|kariobangi|alsolps
ALDANA TRAVELLERS SACCO,NTR-00201909131231540,"dandora, kariobangi,alsops,thika rd, thika",dandora|kariobangi|alsops|thika rd|thika
ALDANA TRAVELLERS SACCO,ADR-2DVSRKQ,"dandora, juja road, ronald ngala",dandora|juja road|ronald ngala
ALDANA TRAVELLERS SACCO,ADR-K9BF6RK,"ronald ngara, dandora, juja road",ronald ngara|dandora|juja road
ALDANA TRAVELLERS SACCO,ADR-7WRS9DE,"dandora, alsolps, kariobangi",dandora|alsolps|kariobangi
ALDANA TRAVELLERS SACCO,ADR-BQ9SQJ9,"dandora, juja road,kariokor, gikomba",dandora|juja road|kariokor|gikomba
ARBAB VENTURES LIMITED,NTR-00201905131607200,"South c, iindustrial arealikoni rdjogoo rdeastleighoutering rd mombasa rd, machakos",south c|iindustrial arealikoni rdjogoo rdeastleighoutering rd mombasa rd|machakos
ARBAB VENTURES LIMITED,ADR-JY7SLOJ,"South c, South bLikoni rdindustrial areaeastleighjogoo rdoutering rddonholmfedha, machakos",south c|south blikoni rdindustrial areaeastleighjogoo rdoutering rddonholmfedha|machakos
ARBAB VENTURES LIMITED,ADR-POKSRLV,"Machakos, SyokimauImara daimaSouth bSouth cNgumoLikoni rdIndustrial areaEastleighGikombaBusstationJogoo rdOutering rdDonholm Fedha juja rd thika rd kangundo rdutawala westlands parklands KNH nairobi west, langata",machakos|syokimauimara daimasouth bsouth cngumolikoni rdindustrial areaeastleighgikombabusstationjogoo rdoutering rddonholm fedha juja rd thika rd kangundo rdutawala westlands parklands knh nairobi west|langata
ARBAB VENTURES LIMITED,ADR-VYAS9K2,"machakos, syokimau,imara daima,south b,south c,ngumo,likoni rd,industrial area,eastleigh,gikomba,busstation,jogoo rd,outering rd,donholm, fedha",machakos|syokimau|imara daima|south b|south c|ngumo|likoni rd|industrial area|eastleigh|gikomba|busstation|jogoo rd|outering rd|donholm|fedha
ARBAB VENTURES LIMITED,ADR-Q5LCMKD,"machakos, syokimau,imara daima,south b,south c,ngumo,likoni rd,industrial area,eastleigh,gikomba,busstation,jogoo rd,donholm, fedha",machakos|syokimau|imara daima|south b|south c|ngumo|likoni rd|industrial area|eastleigh|gikomba|busstation|jogoo rd|donholm|fedha
BABA DOGO 25 TRAVELLERS SACCO,NTR-00201910081316170,"odeon, muranga rd terminus,thika rd,alsops,baba dogo,outering rd,caltex, donholm",odeon|muranga rd terminus|thika rd|alsops|baba dogo|outering rd|caltex|donholm
BABA DOGO 25 TRAVELLERS SACCO,ADR-BQ9S3MQ,"Odeon, Muranga rd terminus(via forest rd)thika rdalsopsbaba dogo outering rd caltex juja rd kariokor, donholm",odeon|muranga rd terminus via forest rd thika rdalsopsbaba dogo outering rd caltex juja rd kariokor|donholm
BABA DOGO 25 TRAVELLERS SACCO,ADR-REOSLYL,"Odeon, Muranga rd terminus(via forest rd) thika rdalsops roysambu lucky summer baba dogo outering rd caltex kangundo rd ruai junction utawala city cabanas donholm juja rd, kariokor",odeon|muranga rd terminus via forest rd thika rdalsops roysambu lucky summer baba dogo outering rd caltex kangundo rd ruai junction utawala city cabanas donholm juja rd|kariokor
BABA DOGO 25 TRAVELLERS SACCO,ADR-MDMSAEM,"odeon, thika road, babadogo",odeon|thika road|babadogo
BABA DOGO 25 TRAVELLERS SACCO,ADR-YM3SEJ6,"odeon, babadogo, thika road",odeon|babadogo|thika road
BAKAKI 101 TRAVELLERS SAVINGS AND CREDIT CO-OPERATIVE SOCIETY LIMITED,NTR-00201911291135300,"Kiambu, Bypass Ruaka Banana Ndenderu Wangige Kikuyu Rusingiti Kamangu Thigio Mutarakwa Limuru, Tigoni",kiambu|bypass ruaka banana ndenderu wangige kikuyu rusingiti kamangu thigio mutarakwa limuru|tigoni
BAKAKI 101 TRAVELLERS SAVINGS AND CREDIT CO-OPERATIVE SOCIETY LIMITED,ADR-2DVSRWK,"Kiambu, BananaRuakaNdenderuWangigeKikuyuRusingitiKamanguThigioMutarakwaLimuru, Tigoni",kiambu|bananaruakandenderuwangigekikuyurusingitikamanguthigiomutarakwalimuru|tigoni
BAKAKI 101 TRAVELLERS SAVINGS AND CREDIT CO-OPERATIVE SOCIETY LIMITED,ADR-K9BF6JM,"kiambu, banana, limuru",kiambu|banana|limuru
BANANA HILL MATATU SACCO LTD,NTR-00202107191137140,"Banana, Kiambu Nairobi thika rd ruiru thika, Soko mjinga via limuru",banana|kiambu nairobi thika rd ruiru thika|soko mjinga via limuru
BANANA HILL MATATU SACCO LTD,NTR-00202211011757100,"Thika, Ruiru Kiambu, Olkalou via Banana",thika|ruiru kiambu|olkalou via banana
BANANA HILL MATATU SACCO LTD,ADR-7WRS96P,"banana, kiambu, nairobi, thika road, ruiru, thika",banana|kiambu|nairobi|thika road|ruiru|thika
BANANA HILL MATATU SACCO LTD,ADR-BQ9SQ6V,"banana, thika,commercial, kiambu",banana|thika|commercial|kiambu
BANANA HILL MATATU SACCO LTD,ADR-REOSZKQ,"banana, commercial, kiambu, thika",banana|commercial|kiambu|thika
BENJO( K) LTD,NTR-00833,"Embu, Kitui, Mwingi and Back",embu|kitui|mwingi and back
BENJO( K) LTD,NTR-001425,"Busstation, jogoo rd,Muthurwa,Gikomba,Kariokor,Juja Rd,Outering Rd,Allsops,Kariobangi Roundabout,kangundo rd,ruai,joska,malaa,tala,Thika,kiskioni,donyosabuku,kilimambogo, Nyeri and Back",busstation|jogoo rd|muthurwa|gikomba|kariokor|juja rd|outering rd|allsops|kariobangi roundabout|kangundo rd|ruai|joska|malaa|tala|thika|kiskioni|donyosabuku|kilimambogo|nyeri and back
BENJO( K) LTD,NTR-00741,"Bus Station, Jogoo rd Muthurwa Gikomba Kariokor Juja Rd OuteringRd Allsops Kariobangi dandora Moslem machakos mlolongo mombasa rd Cabanas EasternBypass Utawala Ruiru Roundabout kangundo rd ruai joska malaa tala Thika Makongeni kiskioni donyosabuk kilimambogo, Nyeri",bus station|jogoo rd muthurwa gikomba kariokor juja rd outeringrd allsops kariobangi dandora moslem machakos mlolongo mombasa rd cabanas easternbypass utawala ruiru roundabout kangundo rd ruai joska malaa tala thika makongeni kiskioni donyosabuk kilimambogo|nyeri
BENJO( K) LTD,ADR-537HOWE,"nairobi, matuu, kitui, mwingi",nairobi|matuu|kitui|mwingi
BENJO( K) LTD,ADR-A5AC78Q,"nairobi, mwingi,thika,matuu, kitui",nairobi|mwingi|thika|matuu|kitui
BURUBURU 58 TRAVELLERS SAVINGS AND CREDIT CO-OPERATIVE SOCIETY LIMITED,ADR-K9BFLV9,"Commercial, muthurwaJogoo road Lusaka Likoni rd JerichoBuruburu Rabai rd Outering rdAlsops Kangundo rd Eastern bypass, Malaa",commercial|muthurwajogoo road lusaka likoni rd jerichoburuburu rabai rd outering rdalsops kangundo rd eastern bypass|malaa
BURUBURU 58 TRAVELLERS SAVINGS AND CREDIT CO-OPERATIVE SOCIETY LIMITED,ADR-7WRSVZ6,"Commercial, muthurwaJogoo road Lusaka Enterprise rd Likoni rd Jericho Buruburu Rabai rd Outering rd Alsops Kangundo rd Eastern bypass, Malaa",commercial|muthurwajogoo road lusaka enterprise rd likoni rd jericho buruburu rabai rd outering rd alsops kangundo rd eastern bypass|malaa
BURUBURU 58 TRAVELLERS SAVINGS AND CREDIT CO-OPERATIVE SOCIETY LIMITED,ADR-BQ9S53D,"buruburu, jogoo rd accra, commercial",buruburu|jogoo rd accra|commercial
BURUBURU 58 TRAVELLERS SAVINGS AND CREDIT CO-OPERATIVE SOCIETY LIMITED,ADR-REOSRLV,"buruburu, jogoo road, commercial",buruburu|jogoo road|commercial
BURUBURU 58 TRAVELLERS SAVINGS AND CREDIT CO-OPERATIVE SOCIETY LIMITED,ADR-MDMSQA8,"commercial, buruburu,muthurwa, jogoo road",commercial|buruburu|muthurwa|jogoo road
BURUBURU 58 TRAVELLERS SAVINGS AND CREDIT CO-OPERATIVE SOCIETY LIMITED,ADR-YM3S6EM,"buruburu, commercial, jogoo road",buruburu|commercial|jogoo road
BYBUSS TRANS LIMITED,NTR-00202007061248330,"Khoja via Ngara Rd, WestlandsWangige via Lower Kabete RdNyathunaNgechaKabukuLimuru Kikuyu Kiambu Ruiru, Thika(Makongeni)",khoja via ngara rd|westlandswangige via lower kabete rdnyathunangechakabukulimuru kikuyu kiambu ruiru|thika makongeni
BYBUSS TRANS LIMITED,NTR-00202009081636350,"Kiserian, Ngong Dagoretti Wangige Khoja Thika Gatuanyaga Ruiru Kiambu, Limuru .",kiserian|ngong dagoretti wangige khoja thika gatuanyaga ruiru kiambu|limuru
BYBUSS TRANS LIMITED,NTR-00202102051433520,"Khoja, Ngara Westlands kangemi wangige nyathuna gachie ngecha kabuku ruaka Kikuyu limuru kiambu ruiru Thika(makongeni), muranga",khoja|ngara westlands kangemi wangige nyathuna gachie ngecha kabuku ruaka kikuyu limuru kiambu ruiru thika makongeni|muranga
BYBUSS TRANS LIMITED,NTR-00202102051436280,"Thika (makongeni), Kiambu ruaka gachie wangige nyathuna ngecha kabuku limuru kikuyu kangemi kawangware dagoretti corner& market karen bomas ngong, Kiserian",thika makongeni|kiambu ruaka gachie wangige nyathuna ngecha kabuku limuru kikuyu kangemi kawangware dagoretti corner market karen bomas ngong|kiserian
BYBUSS TRANS LIMITED,ADR-BQ9SMJB,"Khoja via Ngara Rd, WestlandsWangige via Lower Kabete RdNyathunaNgechaKabuku, Limuru .",khoja via ngara rd|westlandswangige via lower kabete rdnyathunangechakabuku|limuru
BYBUSS TRANS LIMITED,ADR-REOSYWM,"Khoja, Ngara Westlands kangemi wangige nyathuna gachie ngecha kabuku ruaka Kikuyu limuru kiambu ruiru, Thika(makongeni)",khoja|ngara westlands kangemi wangige nyathuna gachie ngecha kabuku ruaka kikuyu limuru kiambu ruiru|thika makongeni
CBET SACCO,NTR-00202012111552070,"Gillhouse, Jogoo rd Buruburu Outering rd Kangundo rd, Koma bus park",gillhouse|jogoo rd buruburu outering rd kangundo rd|koma bus park
CBET SACCO,NTR-00202012111553240,"Gillhouse, Mombasa rd Athi river, Machakos",gillhouse|mombasa rd athi river|machakos
CBET SACCO,NTR-00202104141523000,"kyumbi, malili, konza city",kyumbi|malili|konza city
CBET SACCO,NTR-00202104141524480,"kenol, njumbi murarandaia githiga, kiria-ini",kenol|njumbi murarandaia githiga|kiria ini
CBET SACCO,NTR-0063,"Gillhouse, MuthurwaJogoo roadBuruburu civil servant outering rd komarock bus park mombasa rd athi river machakos kyumbi malili murarandia githiga njumbi konza city kenol kangundo rd, kiria-ini",gillhouse|muthurwajogoo roadburuburu civil servant outering rd komarock bus park mombasa rd athi river machakos kyumbi malili murarandia githiga njumbi konza city kenol kangundo rd|kiria ini
CBET SACCO,ADR-A5AC86D,"gillhouse, muthurwa,jogoo road,buruburu,civil servant,Outering rd,Komarock Bus Park,Mombasa rd,Athiriver,Machakos,Kyumbi,Malili,Murarandi,Githiga, Kiria-ini",gillhouse|muthurwa|jogoo road|buruburu|civil servant|outering rd|komarock bus park|mombasa rd|athiriver|machakos|kyumbi|malili|murarandi|githiga|kiria ini
CBET SACCO,ADR-9AKFR5P,"gillhouse, civilservant,muthurwa,jogoo road, buruburu",gillhouse|civilservant|muthurwa|jogoo road|buruburu
CBET SACCO,ADR-DB3TOWP,"gillhouse, muthurwa,jogoo road,buruburu, civilservant",gillhouse|muthurwa|jogoo road|buruburu|civilservant
CHANIA TRAVELLERS SACCO,NTR-0053,"nairobi, thika,matuu,kitui, mwingi",nairobi|thika|matuu|kitui|mwingi
CHANIA TRAVELLERS SACCO,NTR-00182,"nairobi, thika, nyeri",nairobi|thika|nyeri
CHANIA TRAVELLERS SACCO,NTR-00183,"nairobi, thika nyeri nyahururu, nakuru",nairobi|thika nyeri nyahururu|nakuru
CHANIA TRAVELLERS SACCO,NTR-00236,"nairobi, thika,nyeri,nyahururu, nakuru",nairobi|thika|nyeri|nyahururu|nakuru
CHANIA TRAVELLERS SACCO,NTR-00142,"nairobi, thika road,thika, nyeri",nairobi|thika road|thika|nyeri
CHANIA TRAVELLERS SACCO,NTR-00519,"nairobi, thika,matuu, mwingi",nairobi|thika|matuu|mwingi
CHANIA TRAVELLERS SACCO,NTR-00567,"Nairobi, Thika Gatura Olkalou Nyahururu Nakuru, Eldoret",nairobi|thika gatura olkalou nyahururu nakuru|eldoret
CHANIA TRAVELLERS SACCO,NTR-00917,"Nairobi, Thika Nyeri Nyahururu Nakuru, Eldoret",nairobi|thika nyeri nyahururu nakuru|eldoret
CHANIA TRAVELLERS SACCO,NTR-001007,"Nairobi, Ruiru Thika Odonyo Sabuk Matuu Kitui Mwingi Igikiro gatura Flyover Olkalou Nyahururu Nyeri Embu Meru Nakuru, Eldoret",nairobi|ruiru thika odonyo sabuk matuu kitui mwingi igikiro gatura flyover olkalou nyahururu nyeri embu meru nakuru|eldoret
CHANIA TRAVELLERS SACCO,NTR-001285,"Nairobi, Eastleigh Outering Rd Eastern Bypass Mombasa Rd Matuu Kitui Mwigi Oldonyo sabuk Thika Ruiru Igikiro Gatura Flyover Olkalou Nyahururu Nyeri Meru Nakuru, Eldoret",nairobi|eastleigh outering rd eastern bypass mombasa rd matuu kitui mwigi oldonyo sabuk thika ruiru igikiro gatura flyover olkalou nyahururu nyeri meru nakuru|eldoret
CHANIA TRAVELLERS SACCO,NTR-001145,"nairobi, thika, nyeri, meru",nairobi|thika|nyeri|meru
CHANIA TRAVELLERS SACCO,ADR-Q5LCLAM,"nairobi, thika, flyover, nakuru",nairobi|thika|flyover|nakuru
CHANIA TRAVELLERS SACCO,ADR-EPJSJ6A,"thika, flyover, nakuru",thika|flyover|nakuru
CHANIA TRAVELLERS SACCO,ADR-2DVSB6R,"nairobi, mwingi,thika,matuu, kitui",nairobi|mwingi|thika|matuu|kitui
CHANIA TRAVELLERS SACCO,ADR-K9BFBOV,"nairobi, nyeri, thika",nairobi|nyeri|thika
CHANIA TRAVELLERS SACCO,ADR-7WRS2W2,"nairobi, thika,nyeri, embu",nairobi|thika|nyeri|embu
CHANIA TRAVELLERS SACCO,ADR-BQ9SZE5,"nairobi, nyeri,thika road, thika",nairobi|nyeri|thika road|thika
CHANIA TRAVELLERS SACCO,ADR-REOSOMB,"nairobi, mwingi,thika, matuu",nairobi|mwingi|thika|matuu
CHANIA TRAVELLERS SACCO,ADR-MDMSM85,"thika, nakuru, flyover",thika|nakuru|flyover
CHANIA TRAVELLERS SACCO,ADR-YM3SLQD,"nairobi, meru, embu",nairobi|meru|embu
CHANIA TRAVELLERS SACCO,ADR-8LMSOPW,"nairobi, thika, nyeri, nyahururu, nakuru",nairobi|thika|nyeri|nyahururu|nakuru
CHANIA TRAVELLERS SACCO,ADR-ZZJSZDW,"nairobi, nakuru, nyeri",nairobi|nakuru|nyeri
CHELSEA TRANSPORTERS LIMITED,NTR-00202211011801400,"Commercial, Bus Station Thika Rd Zimmerman Githurai 44 Kahawa West Ruiru Ruaka Limuru Juja, Juja Farm",commercial|bus station thika rd zimmerman githurai 44 kahawa west ruiru ruaka limuru juja|juja farm
CHELSEA TRANSPORTERS LIMITED,NTR-00202211071700350,"Commercial, Bus Station Thika Rd Zimmerman Githurai 44 Northern Bypass Ruiru Ruaka Kikuyu via Waiyaki Way Limuru Juja, Juja Farm",commercial|bus station thika rd zimmerman githurai 44 northern bypass ruiru ruaka kikuyu via waiyaki way limuru juja|juja farm
CIRCULAR CLASSIC COMPANY LIMITED,NTR-00202009101604470,"Nairobi, Kangundo road Tala Kangundo, Machakos .",nairobi|kangundo road tala kangundo|machakos
CIRCULAR CLASSIC COMPANY LIMITED,NTR-00202009101603390,"Nairobi, Machakos Masii Mwala Kithimani Garissa road, Ol donyo Sabuk .",nairobi|machakos masii mwala kithimani garissa road|ol donyo sabuk
CIRCULAR CLASSIC COMPANY LIMITED,NTR-00201910290905210,"Nairobi, EastleighPangani TerminusJuja Thika Garissa rd Mwala Kithiani Masii Machakos Tala, Kangundo rd",nairobi|eastleighpangani terminusjuja thika garissa rd mwala kithiani masii machakos tala|kangundo rd
CIRCULAR CLASSIC COMPANY LIMITED,NTR-00202111051642530,"eastleigh, northern bypass eastern bypass jogoo rd mombasa rd utawala, ruai",eastleigh|northern bypass eastern bypass jogoo rd mombasa rd utawala|ruai
CIRCULAR CLASSIC COMPANY LIMITED,NTR-00706,"Nairobi, eastleigh kahawa west muranga othaya nyeri mwea, embu",nairobi|eastleigh kahawa west muranga othaya nyeri mwea|embu
CIRCULAR CLASSIC COMPANY LIMITED,NTR-00202111051643520,"kiambu via westlands, kikuyu ruiru limuru, naivasha",kiambu via westlands|kikuyu ruiru limuru|naivasha
CIRCULAR CLASSIC COMPANY LIMITED,NTR-00202111121600130,"eastleigh, jogoo rd mombasa rd utawala eastern bypass mwihoko kawaha west via mwiki northern bypass, ruiru",eastleigh|jogoo rd mombasa rd utawala eastern bypass mwihoko kawaha west via mwiki northern bypass|ruiru
CIRCULAR CLASSIC COMPANY LIMITED,NTR-00202009231508300,"Commercial, eastleigh jogoo rd manyanja rd umoja innercore komarock eastern bypass utawala mombasa rd westlands kikuyu kiambu northern bypass kahawa west ruiru mwihoko kasarani, mwiki",commercial|eastleigh jogoo rd manyanja rd umoja innercore komarock eastern bypass utawala mombasa rd westlands kikuyu kiambu northern bypass kahawa west ruiru mwihoko kasarani|mwiki
CIRCULAR CLASSIC COMPANY LIMITED,ADR-WZ9SDA5,"Nairobi, Eastleigh,Pangani Terminus,Juja town, Thika",nairobi|eastleigh|pangani terminus|juja town|thika
city star shuttle limited,NTR-0020181211134410497,"bus station, kencom,gpo,knh,adams arcade,karen,ngong,matasia,kiseriani,rongai,bomas,langata road, kiserian",bus station|kencom|gpo|knh|adams arcade|karen|ngong|matasia|kiseriani|rongai|bomas|langata road|kiserian
city star shuttle limited,NTR-0020181211134054530,"kikuyu, kawangware,ngong road,yaya,icea,ambassadeur,bus station,jogoo road,kangundo road,utawala,ruai,joska, malaa",kikuyu|kawangware|ngong road|yaya|icea|ambassadeur|bus station|jogoo road|kangundo road|utawala|ruai|joska|malaa
city star shuttle limited,NTR-00202101251020460,"South B, Langata Ongata Rongai Kiserian Ngong Karen Kawangware Yaya KNH Ambassador Kencom Bus station Jogoo rd Buruburu Umoja Kangundo rd Ruai Malaa Kantafu Utawala Jkia Mombasa rd SGR Syokimau Athi river Kitengela, Isinya",south b|langata ongata rongai kiserian ngong karen kawangware yaya knh ambassador kencom bus station jogoo rd buruburu umoja kangundo rd ruai malaa kantafu utawala jkia mombasa rd sgr syokimau athi river kitengela|isinya
city star shuttle limited,NTR-00202101251031330,"Kangundo, Malaa Ruai Juja Ruiru Thika Kenyatta university Juja rdTom mboya Kencom Ambassador Bus station Gikomba Jogoo rd Buruburu Outering rd Umoja Kangundo rdUtawala JKIA Mombasa SGR Syokimau Athi river Kitengela, Isinya",kangundo|malaa ruai juja ruiru thika kenyatta university juja rdtom mboya kencom ambassador bus station gikomba jogoo rd buruburu outering rd umoja kangundo rdutawala jkia mombasa sgr syokimau athi river kitengela|isinya
city star shuttle limited,NTR-00592,"kikuyu, kawangware,yaya,arkwings kodhek,yaya,ambassadour,jkia,utawala, joska",kikuyu|kawangware|yaya|arkwings kodhek|yaya|ambassadour|jkia|utawala|joska
city star shuttle limited,NTR-00591,"juja, ruiru,thika rd,tom mboya,bus station,buruburu,ruai,kangundo rd,joska, malaa",juja|ruiru|thika rd|tom mboya|bus station|buruburu|ruai|kangundo rd|joska|malaa
city star shuttle limited,NTR-00596,"kikuyu, kawangware,ngong rd,yaya,icea,ambassadour,bus station,umoja,jkia, joska",kikuyu|kawangware|ngong rd|yaya|icea|ambassadour|bus station|umoja|jkia|joska
city star shuttle limited,ADR-DB3TQ92,"Isinya, Kitengela Athi river Syokimau SGR Mombasa rd JKIA Utawala Ruai Malaa Kantafu Kangundo rd Umoja Outering rd Juja rd Buruburu Jogoo rd South B Bus station Ambassador Kencom KNH Langata rd Ongata Rongai Kiserian Ngong Karen Hardy Kawangware Kikuyu, Waiyaki way",isinya|kitengela athi river syokimau sgr mombasa rd jkia utawala ruai malaa kantafu kangundo rd umoja outering rd juja rd buruburu jogoo rd south b bus station ambassador kencom knh langata rd ongata rongai kiserian ngong karen hardy kawangware kikuyu|waiyaki way
city star shuttle limited,ADR-3ZQSO8Q,"Kantafu, Malaa Ruai Juja Ruiru Thika rd Kenyatta university Juja rdTom mboya Kencom Ambassador Bus station Jogoo rd Buruburu Outering rd Umoja Kangundo rdUtawala JKIA Mombasa SGR Syokimau Athi river Kitengela, Isinya",kantafu|malaa ruai juja ruiru thika rd kenyatta university juja rdtom mboya kencom ambassador bus station jogoo rd buruburu outering rd umoja kangundo rdutawala jkia mombasa sgr syokimau athi river kitengela|isinya
city star shuttle limited,ADR-JY7SED8,"Isinya, Kitengela Athi river Syokimau SGR Mombasa rd JKIA Utawala Ruai Malaa Kantafu Kangundo rd Umoja Outering rd Juja rd Buruburu Jogoo rd South B Bus station Ambassador Kencom KNH Langata rd Ongata Rongai Kiserian Ngong Karen Hardy Kawangware Kikuyu Waiyaki way, Thika",isinya|kitengela athi river syokimau sgr mombasa rd jkia utawala ruai malaa kantafu kangundo rd umoja outering rd juja rd buruburu jogoo rd south b bus station ambassador kencom knh langata rd ongata rongai kiserian ngong karen hardy kawangware kikuyu waiyaki way|thika
city star shuttle limited,ADR-POKS78J,"kikuyu, kawangware,yaya,arkwings kodhek,yaya,ambassadour,jkia,utawala , joska",kikuyu|kawangware|yaya|arkwings kodhek|yaya|ambassadour|jkia|utawala|joska
city star shuttle limited,ADR-VYASZ6M,"kikuyu, waiyaki way, ambassadeur, tom mboya, bus station, jogoo road, umoja, jkia, utawala, kangundo road, joska",kikuyu|waiyaki way|ambassadeur|tom mboya|bus station|jogoo road|umoja|jkia|utawala|kangundo road|joska
city star shuttle limited,ADR-Q5LCBRQ,"kikuyu, kawangware, ngong road, yaya, knh , ambassadour, bus station, jogoo road, jkia, utawala, mombasa road, athi river, kitengela, kajiado",kikuyu|kawangware|ngong road|yaya|knh|ambassadour|bus station|jogoo road|jkia|utawala|mombasa road|athi river|kitengela|kajiado
city star shuttle limited,ADR-EPJSQDR,"kikuyu, waiyaki way, ambassadeur, tom mboya, bus station, jogoo road, umoja, jkia, utawala, kangundo road, joska",kikuyu|waiyaki way|ambassadeur|tom mboya|bus station|jogoo road|umoja|jkia|utawala|kangundo road|joska
city star shuttle limited,ADR-2DVS2WZ,"kitengela, athi river,jkia,mombasa road, ambassador, kencom,juja,outering road, jkia, kitengela",kitengela|athi river|jkia|mombasa road|ambassador|kencom|juja|outering road|jkia|kitengela
city star shuttle limited,ADR-K9BFLJ6,"umoja, jkia,sgr terminus nairobi, kencom, knh, kawangware, kikuyu, ambassadour, bus station",umoja|jkia|sgr terminus nairobi|kencom|knh|kawangware|kikuyu|ambassadour|bus station
city star shuttle limited,ADR-7WRSVBZ,"kiserian, ngong, yaya, icea, ambassadour, railways, bus station, south b, jkia",kiserian|ngong|yaya|icea|ambassadour|railways|bus station|south b|jkia
city star shuttle limited,ADR-BQ9S5AZ,"kiserian, jkia,ngong, yaya, icea, ambassadour, railways, bus station, south b",kiserian|jkia|ngong|yaya|icea|ambassadour|railways|bus station|south b
city star shuttle limited,ADR-REOSR9R,"kikuyu, kawangware, yaya, argwings kodhek, yaya, ambassadour, jkia, utawala",kikuyu|kawangware|yaya|argwings kodhek|yaya|ambassadour|jkia|utawala
city star shuttle limited,ADR-MDMSQLO,"kikuyu, kawangware, ngong road, yaya, icea, ambassadour, bus station, jogoo road, kangudo road, ruai, joska, malaa",kikuyu|kawangware|ngong road|yaya|icea|ambassadour|bus station|jogoo road|kangudo road|ruai|joska|malaa
city star shuttle limited,ADR-YM3S6M9,"bus station, tom mboya, juja road, jogoo road, buruburu, outering road, umoja, kangundo road, kantafu market",bus station|tom mboya|juja road|jogoo road|buruburu|outering road|umoja|kangundo road|kantafu market
city star shuttle limited,ADR-8LMSELZ,"kikuyu, joska,waiyaki way, ambassadeur, tom mboya, bus station, jogoo road, umoja, jkia, utawala, kangundo road",kikuyu|joska|waiyaki way|ambassadeur|tom mboya|bus station|jogoo road|umoja|jkia|utawala|kangundo road
city star shuttle limited,ADR-ZZJSQ65,"kikuyu, kawangware, ngong road, yaya, icea, ambassadour, bus station, jogoo road, kangudo road, ruai, joska, maraa",kikuyu|kawangware|ngong road|yaya|icea|ambassadour|bus station|jogoo road|kangudo road|ruai|joska|maraa
city star shuttle limited,ADR-LZRSW8V,"kikuyu, kajiado,kawangware, ngong road, yaya, knh , ambassadour, bus station, jogoo road, jkia, utawala, mombasa road, athi river, kitengela",kikuyu|kajiado|kawangware|ngong road|yaya|knh|ambassadour|bus station|jogoo road|jkia|utawala|mombasa road|athi river|kitengela
city star shuttle limited,ADR-O68I25W,"juja, malaa,ruiru,thika rd,tom mboya,bus station,buruburu,ruai,kangundo rd, joska",juja|malaa|ruiru|thika rd|tom mboya|bus station|buruburu|ruai|kangundo rd|joska
city star shuttle limited,ADR-6DBS8MM,"kikuyu, waiyaki way, ambassadour, jkia, utawala",kikuyu|waiyaki way|ambassadour|jkia|utawala
city star shuttle limited,ADR-WZ9SVBB,"south b, uhuru,ambassadour,bus station,thika rd, kenyatta university",south b|uhuru|ambassadour|bus station|thika rd|kenyatta university
city star shuttle limited,ADR-537H2VZ,"kikuyu, utawala,kawangware, yaya, argwings kodhek, yaya, ambassadour, jkia",kikuyu|utawala|kawangware|yaya|argwings kodhek|yaya|ambassadour|jkia
CITY TRAM SHUTTLE LIMITED,ADR-2DVS5R9,"bus station, tom mboya, juja road, jogoo road, buruburu, outering road, umoja, kangundo road, kantafu market",bus station|tom mboya|juja road|jogoo road|buruburu|outering road|umoja|kangundo road|kantafu market
CITY TRAM SHUTTLE LIMITED,ADR-K9BFV62,"bus station, tala market,tom mboya, jogoo road, buruburu, outering road, umoja, innercore, kangundo road",bus station|tala market|tom mboya|jogoo road|buruburu|outering road|umoja|innercore|kangundo road
CITY TRAM SHUTTLE LIMITED,ADR-7WRSZ93,"bus station, jogoo road, buruburu, outering road, kangundo road, kantafu market",bus station|jogoo road|buruburu|outering road|kangundo road|kantafu market
CITY TRAM SHUTTLE LIMITED,ADR-BQ9S3QE,"bus station, kantafu market,tom mboya, jogoo road, buruburu, outering road, umoja, innercore, kangundo road",bus station|kantafu market|tom mboya|jogoo road|buruburu|outering road|umoja|innercore|kangundo road
CITY TRAM SHUTTLE LIMITED,ADR-REOSLZ9,"bus station, kantafu market,jogoo road, buruburu, outering road, umoja, kangundo road",bus station|kantafu market|jogoo road|buruburu|outering road|umoja|kangundo road
CITY TRAM SHUTTLE LIMITED,ADR-MDMSAA9,"bus station, tom mboya, jogoo road, buruburu, umoja, outering road, kangundo road, tala market",bus station|tom mboya|jogoo road|buruburu|umoja|outering road|kangundo road|tala market
CITY TRAM SHUTTLE LIMITED,ADR-YM3SEEZ,"bus station, tom mboya, jogoo road, buruburu, outering road, umoja, kangundo road, tala",bus station|tom mboya|jogoo road|buruburu|outering road|umoja|kangundo road|tala
CITY TRAM SHUTTLE LIMITED,ADR-8LMSVVQ,"bus station, tom mboya, jogoo road, buruburu, outering road, umoja, kangundo road, kantafu market",bus station|tom mboya|jogoo road|buruburu|outering road|umoja|kangundo road|kantafu market
COMPLIANT MOA,NTR-00495,"kiserian, ngong,karen,yaya,ambassdour,jogoo road, civil servant",kiserian|ngong|karen|yaya|ambassdour|jogoo road|civil servant
COMPLIANT MOA,NTR-00354,"mfangano, jogoo road,buruburu,civil servant,garage, eastleigh",mfangano|jogoo road|buruburu|civil servant|garage|eastleigh
COMPLIANT MOA,NTR-00355,"luthuli, general waruinge,garage,eastleigh, kimathi",luthuli|general waruinge|garage|eastleigh|kimathi
COMPLIANT MOA,ADR-Q5LCMYK,"mfangano, jogoo road,buruburu,civil servant,garage, eastleigh",mfangano|jogoo road|buruburu|civil servant|garage|eastleigh
COMPLIANT MOA,ADR-EPJSRA9,"ngong, yaya, kawangware, ambasdours, jogoo road, buruburu, civil servant",ngong|yaya|kawangware|ambasdours|jogoo road|buruburu|civil servant
COMPLIANT MOA,ADR-2DVSDZ7,"luthuli, kimathi,general waruinge,garage, eastleigh",luthuli|kimathi|general waruinge|garage|eastleigh
COMPLIANT MOA,ADR-K9BFZEP,"ngong, karen, yaya, ambassadours, jogoo road, buruburu, civil servant",ngong|karen|yaya|ambassadours|jogoo road|buruburu|civil servant
COMPLIANT MOA,ADR-7WRSO7D,"ngong, civil servant,karen, yaya, ambassadours, jogoo road, buruburu",ngong|civil servant|karen|yaya|ambassadours|jogoo road|buruburu
COMPLIANT MOA,ADR-BQ9SM7W,"mfangano, eastleigh,jogoo road,buruburu,civil servant, garage",mfangano|eastleigh|jogoo road|buruburu|civil servant|garage
COMPLIANT MOA,ADR-REOSY8J,"ngong, karen, yaya, kileleshwa, westlands, ambassador",ngong|karen|yaya|kileleshwa|westlands|ambassador
COMPLIANT MOA,ADR-MDMSEK6,"kiserian, civil servant,ngong,karen,yaya,ambassdour, jogoo road",kiserian|civil servant|ngong|karen|yaya|ambassdour|jogoo road
COMPLIANT MOA,ADR-YM3SJV8,"mfangano, civil servant,jogoo road, buruburu",mfangano|civil servant|jogoo road|buruburu
COSY TRAVEL LIMITED,NTR-0078,"odeon, westlands, kangemi",odeon|westlands|kangemi
COSY TRAVEL LIMITED,ADR-3ZQSAW5,"odeon, westlandsuthiru, kinoo",odeon|westlandsuthiru|kinoo
COSY TRAVEL LIMITED,ADR-JY7S3P6,"odeon, westlands, kangemi, uthiru, kinoo",odeon|westlands|kangemi|uthiru|kinoo
COSY TRAVEL LIMITED,ADR-POKSOJD,"odeon, westlandsuthiru, kinoo",odeon|westlandsuthiru|kinoo
COSY TRAVEL LIMITED,ADR-VYASL7Q,"odeon, kinoo, westlandsuthiru",odeon|kinoo|westlandsuthiru
COSY TRAVEL LIMITED,ADR-Q5LC6JA,"odeon, kangemi, westlands",odeon|kangemi|westlands
COUNTY LINK SAVINGS AND CREDIT CO-OPERATIVE SOCIETY LTD,NTR-00202011241151430,"Bus Station, Hazina Kangundo rd Ruai Kamulu Utawala Mombasa rd Mlolongo, Katani",bus station|hazina kangundo rd ruai kamulu utawala mombasa rd mlolongo|katani
COUNTY LINK SAVINGS AND CREDIT CO-OPERATIVE SOCIETY LTD,NTR-00202211011653270,"Bus Station, Jogoo Rd Industrial Area Buruburu Hazina Donholm Manyanja Rd Outering Rd Kangundo Rd Eastern Bypass Ruai Kamulu Utawala Mombasa Rd Mlolongo via Syokimau, Katani",bus station|jogoo rd industrial area buruburu hazina donholm manyanja rd outering rd kangundo rd eastern bypass ruai kamulu utawala mombasa rd mlolongo via syokimau|katani
COUNTY LINK SAVINGS AND CREDIT CO-OPERATIVE SOCIETY LTD,ADR-JY7S3W6,"Bus Station, Kangundo rd Ruai Kamulu Utawala, Katani",bus station|kangundo rd ruai kamulu utawala|katani
COUNTY LINK SAVINGS AND CREDIT CO-OPERATIVE SOCIETY LTD,ADR-POKSOVD,"Bus Station, Kangundo rd Ruai Kamulu Utawala, Katani",bus station|kangundo rd ruai kamulu utawala|katani
COUNTY LINK SAVINGS AND CREDIT CO-OPERATIVE SOCIETY LTD,ADR-VYASL5Q,"bus station, mombasa road, hazina, citycabanas, syokimau, katani, mlolongo",bus station|mombasa road|hazina|citycabanas|syokimau|katani|mlolongo
COUNTY LINK SAVINGS AND CREDIT CO-OPERATIVE SOCIETY LTD,ADR-Q5LC67A,"bus station, mombasa road, bunyala road, likoni road, balozi, diamond park",bus station|mombasa road|bunyala road|likoni road|balozi|diamond park
COUNTY LINK SAVINGS AND CREDIT CO-OPERATIVE SOCIETY LTD,ADR-EPJSYOD,"bus station, diamond park,mombasa road, bunyala road, likoni road, balozi",bus station|diamond park|mombasa road|bunyala road|likoni road|balozi
DABUMATO COMMUTER SERVICE SAVINGS & CREDIT CO-OPERATIVE SOCIETY LTD,NTR-0040,"dandora, buru buru, city stadium",dandora|buru buru|city stadium
DABUMATO COMMUTER SERVICE SAVINGS & CREDIT CO-OPERATIVE SOCIETY LTD,ADR-MDMSJLB,"city stadium, jogoo road,buru buru, dandora",city stadium|jogoo road|buru buru|dandora
DABUMATO COMMUTER SERVICE SAVINGS & CREDIT CO-OPERATIVE SOCIETY LTD,ADR-YM3SBMA,"city stadium, dandora,jogoo road, buru buru",city stadium|dandora|jogoo road|buru buru
DABUMATO COMMUTER SERVICE SAVINGS & CREDIT CO-OPERATIVE SOCIETY LTD,ADR-8LMSYLP,"dandora, city stadium, buruburu",dandora|city stadium|buruburu
DAKABO SACCO LIMITED,ADR-2DVS88Q,"dagoretti market, karen, bomas",dagoretti market|karen|bomas
DAKABO SACCO LIMITED,ADR-EPJSLLM,"bomas, karen, kabiria, dagoretti market",bomas|karen|kabiria|dagoretti market
DAKIKA MATATU OWNERS SACCO,NTR-00126,"railways, dagoreti, kikuyu",railways|dagoreti|kikuyu
DAKIKA MATATU OWNERS SACCO,NTR-00104,"railways, kikuyu, dagoretti",railways|kikuyu|dagoretti
DAKIKA MATATU OWNERS SACCO,ADR-MDMSA9B,"railways, dagoreti, kikuyu",railways|dagoreti|kikuyu
DAKIKA MATATU OWNERS SACCO,ADR-YM3SEWA,"railways, kikuyu, dagoreti",railways|kikuyu|dagoreti
DAKIKA MATATU OWNERS SACCO,ADR-8LMSVRP,"railways, ngong road, dagoretti, kikuyu",railways|ngong road|dagoretti|kikuyu
DAKIKA MATATU OWNERS SACCO,ADR-ZZJS236,"kikuyu, railways,kinoo, uthiru, westlands, ambassadours",kikuyu|railways|kinoo|uthiru|westlands|ambassadours
DAKIKA MATATU OWNERS SACCO,ADR-LZRS3A9,"railways, kawangware,kikuyu, dagoretti",railways|kawangware|kikuyu|dagoretti
DAKIKA MATATU OWNERS SACCO,ADR-O68ILAA,"railways, uthiru,kamangu, limuru",railways|uthiru|kamangu|limuru
DANDORA USAFIRI TRAVELLERS SACCO,NTR-00357,"dandora, kariobangi round about,alsolps,thika road, ronald ngara",dandora|kariobangi round about|alsolps|thika road|ronald ngara
DANDORA USAFIRI TRAVELLERS SACCO,NTR-0040,"dandora, buru buru, city stadium",dandora|buru buru|city stadium
DANDORA USAFIRI TRAVELLERS SACCO,NTR-00337,"ronald ngara, juja road, dandora",ronald ngara|juja road|dandora
DANDORA USAFIRI TRAVELLERS SACCO,NTR-00360,"dandora, kariobangi, alsolps",dandora|kariobangi|alsolps
DANDORA USAFIRI TRAVELLERS SACCO,NTR-00356,"Dandora, juja rd thika rdring rd komarock rd baraka slip rd kangundo rd outering rd jogoo rd heshima rd ambira gikomba, ronald ngala",dandora|juja rd thika rdring rd komarock rd baraka slip rd kangundo rd outering rd jogoo rd heshima rd ambira gikomba|ronald ngala
DANDORA USAFIRI TRAVELLERS SACCO,NTR-00201901101405390,"gikomba, dandora baraka slip rd kangundo rd outering rd heshima rd ambira rd likoni rd enterprise rd lusaka, enterprise via mombasa rd",gikomba|dandora baraka slip rd kangundo rd outering rd heshima rd ambira rd likoni rd enterprise rd lusaka|enterprise via mombasa rd
DANDORA USAFIRI TRAVELLERS SACCO,ADR-A5AC77Q,"dandora, juja road, gikomba",dandora|juja road|gikomba
DANDORA USAFIRI TRAVELLERS SACCO,ADR-9AKFWW2,"dandora, thika road, ngara, ronald ngara",dandora|thika road|ngara|ronald ngara
DANDORA USAFIRI TRAVELLERS SACCO,ADR-DB3T33B,"dandora, gikomba, juja road",dandora|gikomba|juja road
DANDORA USAFIRI TRAVELLERS SACCO,ADR-3ZQSAAJ,"ronald ngara, dandora, juja road",ronald ngara|dandora|juja road
DANDORA USAFIRI TRAVELLERS SACCO,ADR-JY7S333,"dandora, city stadium, buru buru",dandora|city stadium|buru buru
DANDORA USAFIRI TRAVELLERS SACCO,ADR-POKSOOK,"dandora, juja road, ronald ngala",dandora|juja road|ronald ngala
DANDORA USAFIRI TRAVELLERS SACCO,ADR-VYASLLZ,"dandora, buruburu, city stadium",dandora|buruburu|city stadium
DANDORA USAFIRI TRAVELLERS SACCO,ADR-Q5LC66E,"city stadium, jogoo road,buru buru, dandora",city stadium|jogoo road|buru buru|dandora
DANDORA USAFIRI TRAVELLERS SACCO,ADR-EPJSYY3,"dandora, city stadium, buruburu",dandora|city stadium|buruburu
DANDORA USAFIRI TRAVELLERS SACCO,ADR-2DVS559,"dandora, ronald ngara,kariobangi round about,alsolps, thika road",dandora|ronald ngara|kariobangi round about|alsolps|thika road
DANDORA USAFIRI TRAVELLERS SACCO,ADR-K9BFVV2,"muthurwa, jogoo road,maringo,jericho,bururburu, dandora",muthurwa|jogoo road|maringo|jericho|bururburu|dandora
DIGITAL LUXURY TRAVELLERS LIMITED,NTR-00201810020854450,"Odeon, NgaraMuseum HillKangemiUthiruKawangware, Knh via kenyatta avenue",odeon|ngaramuseum hillkangemiuthirukawangware|knh via kenyatta avenue
DIGITAL LUXURY TRAVELLERS LIMITED,NTR-00202104141031560,"Uthiru, muhuri rd dagoretti market kikuyu zambezi nduma buroti mutarakwa kwambira limuru rironi muguga, kinoo",uthiru|muhuri rd dagoretti market kikuyu zambezi nduma buroti mutarakwa kwambira limuru rironi muguga|kinoo
DIGITAL LUXURY TRAVELLERS LIMITED,NTR-00202104161732330,"Odeon, NgaraMuseum HillKangemiUthiruKawangwareKNH back to odeon via kenyatta AvenueUthirumuhuri rd dagoretti market kikuyu zambezi nduma buroti mutarakwa kwambira limuru rironi muguga, Kinoo",odeon|ngaramuseum hillkangemiuthirukawangwareknh back to odeon via kenyatta avenueuthirumuhuri rd dagoretti market kikuyu zambezi nduma buroti mutarakwa kwambira limuru rironi muguga|kinoo
DIGITAL LUXURY TRAVELLERS LIMITED,ADR-6DBSZO5,"ngara, museum hill,kangemi,uthiru,kawangware, knh",ngara|museum hill|kangemi|uthiru|kawangware|knh
DIGITAL LUXURY TRAVELLERS LIMITED,ADR-WZ9SVOQ,"odeon, ngara,museum hill,kangemi,uthiru,kawangware, knh",odeon|ngara|museum hill|kangemi|uthiru|kawangware|knh
DIX-HULT MATATU OWNER SACCO,ADR-A5AC8Z7,"kayole, komarocksmolemjuja road, eastleigh",kayole|komarocksmolemjuja road|eastleigh
DOMANN ENTERPRISES,NTR-00201909271238580,"Embakasi, Mombasa rd,South b,South c,Langata rd,Westlands,,Wangari maathai rd,Thika rd,Outering rd, Embakasi",embakasi|mombasa rd|south b|south c|langata rd|westlands|wangari maathai rd|thika rd|outering rd|embakasi
DOMANN ENTERPRISES,ADR-2DVSDYJ,"WITHIN NAIROBI, WITHIN NAIROBI, WITHIN NAIROBI",within nairobi|within nairobi|within nairobi
DOMANN ENTERPRISES,ADR-K9BFZK3,"embakasi, mombasa rd,south b,south c,langata rd,westlands,wangari maathai rd,thika rd,outering rd, embakasi",embakasi|mombasa rd|south b|south c|langata rd|westlands|wangari maathai rd|thika rd|outering rd|embakasi
DREPEJA ROUTE LIMITED,NTR-00202002270910280,"Saika, Kangundo rdDandoraOuteringBuruburuJerichoMaringoJogoo rdOtc, Temple rd",saika|kangundo rddandoraouteringburuburujerichomaringojogoo rdotc|temple rd
DREPEJA ROUTE LIMITED,NTR-00109,"Jericho, Maringo,Jogoo road,, Temple road",jericho|maringo|jogoo road|temple road
DREPEJA ROUTE LIMITED,ADR-6DBSK32,"kangundo rd, Saika Dandora Kariobangi Alsops Outering Rd Utawala Buruburu Jericho Maringo Bahati Jogoo Rd Likoni Rd Donholm(sinai) juja rd OTC, temple rd",kangundo rd|saika dandora kariobangi alsops outering rd utawala buruburu jericho maringo bahati jogoo rd likoni rd donholm sinai juja rd otc|temple rd
DREPEJA ROUTE LIMITED,ADR-WZ9SD87,"kangundo rd, Saika Dandora Kariobangi Alsops Outering Rd Utawala Buruburu Jericho Maringo Bahati Jogoo Rd Likoni Rd Donholm(sinai) juja rd OTC, temple rd",kangundo rd|saika dandora kariobangi alsops outering rd utawala buruburu jericho maringo bahati jogoo rd likoni rd donholm sinai juja rd otc|temple rd
EASTERN BYPASS SAVINGS AND CREDIT CO-OPERATIVE SOCIETY LIMITED,NTR-00741,"Bus Station, Jogoo rd Muthurwa Gikomba Kariokor Juja Rd OuteringRd Allsops Kariobangi dandora Moslem machakos mlolongo mombasa rd Cabanas EasternBypass Utawala Ruiru Roundabout kangundo rd ruai joska malaa tala Thika Makongeni kiskioni donyosabuk kilimambogo, Nyeri",bus station|jogoo rd muthurwa gikomba kariokor juja rd outeringrd allsops kariobangi dandora moslem machakos mlolongo mombasa rd cabanas easternbypass utawala ruiru roundabout kangundo rd ruai joska malaa tala thika makongeni kiskioni donyosabuk kilimambogo|nyeri
EASTERN BYPASS SAVINGS AND CREDIT CO-OPERATIVE SOCIETY LIMITED,NTR-0019,"muthurwa, jogoo road,kangundo road,ruai, joska",muthurwa|jogoo road|kangundo road|ruai|joska
EASTERN BYPASS SAVINGS AND CREDIT CO-OPERATIVE SOCIETY LIMITED,NTR-00202008120908210,"Cabanas, Eastern Bypass Ruai Ruiru, Nyeri .",cabanas|eastern bypass ruai ruiru|nyeri
EASTERN BYPASS SAVINGS AND CREDIT CO-OPERATIVE SOCIETY LIMITED,NTR-00202202240934310,"Nyeri, Karatina Sagana Thika Nairobi Machakos Wote Kibwezi Voi, Mombasa",nyeri|karatina sagana thika nairobi machakos wote kibwezi voi|mombasa
EASTERN BYPASS SAVINGS AND CREDIT CO-OPERATIVE SOCIETY LIMITED,NTR-00437,"bus station, jogoo road,kangundo road,ruai,joska, malaa",bus station|jogoo road|kangundo road|ruai|joska|malaa
EASTERN BYPASS SAVINGS AND CREDIT CO-OPERATIVE SOCIETY LIMITED,NTR-00723,"bus station, jogoo rd,kangundo rd,ruai,joska, malaa",bus station|jogoo rd|kangundo rd|ruai|joska|malaa
EASTERN BYPASS SAVINGS AND CREDIT CO-OPERATIVE SOCIETY LIMITED,ADR-BQ9S55J,"mlolongo, cabanas tajmall alsops ruiru, makongeni(thika)",mlolongo|cabanas tajmall alsops ruiru|makongeni thika
EASTERN BYPASS SAVINGS AND CREDIT CO-OPERATIVE SOCIETY LIMITED,ADR-REOSRR7,"Bus Station, Jogoo rdMuthurwaGikombaKariokorJuja RdOuteringRdAllsopsKariobangi dandoraMoslemmlolongomombasa rdCabanasEasternBypassUtawalaRuiruRoundaboutkangundordruaijoskamalaatalaThikaMakongenikiskionidonyosabukukilimambogo, Nyeri",bus station|jogoo rdmuthurwagikombakariokorjuja rdouteringrdallsopskariobangi dandoramoslemmlolongomombasa rdcabanaseasternbypassutawalaruiruroundaboutkangundordruaijoskamalaatalathikamakongenikiskionidonyosabukukilimambogo|nyeri
EASTERN BYPASS SAVINGS AND CREDIT CO-OPERATIVE SOCIETY LIMITED,ADR-MDMSQQ3,"Bus Station, Jogoo rdMuthurwaGikombaKariokorJuja RdOuteringRdAllsopsKariobangi dandoraMoslemmlolongomombasa rdCabanasEasternBypassUtawalaRuiruRoundaboutkangundordruaijoskamalaatalaThikaMakongenikiskionidonyosabukukilimambogo, Nyeri",bus station|jogoo rdmuthurwagikombakariokorjuja rdouteringrdallsopskariobangi dandoramoslemmlolongomombasa rdcabanaseasternbypassutawalaruiruroundaboutkangundordruaijoskamalaatalathikamakongenikiskionidonyosabukukilimambogo|nyeri
EASTERN BYPASS SAVINGS AND CREDIT CO-OPERATIVE SOCIETY LIMITED,ADR-YM3S66R,"malaa, joska, ruai, saika, mowlem, kariobangi round about, juja road, kariokor, hakati",malaa|joska|ruai|saika|mowlem|kariobangi round about|juja road|kariokor|hakati
EASTERN BYPASS SAVINGS AND CREDIT CO-OPERATIVE SOCIETY LIMITED,ADR-8LMSEEM,"busstation, Jogoo rd,Muthurwa,Gikomba,Kariokor,Juja Rd,Outering Rd,Allsops,Kariobangi,Moslem,mlolongo,Cabanas,Eastern Bypass,Utawala,Ruiru,Roundabout,kangundo rd,ruai,joska,malaa,tala,Thika,Makongeni,kiskioni,donyosabuku,kilimambogo, Nyeri",busstation|jogoo rd|muthurwa|gikomba|kariokor|juja rd|outering rd|allsops|kariobangi|moslem|mlolongo|cabanas|eastern bypass|utawala|ruiru|roundabout|kangundo rd|ruai|joska|malaa|tala|thika|makongeni|kiskioni|donyosabuku|kilimambogo|nyeri
EASTERN BYPASS SAVINGS AND CREDIT CO-OPERATIVE SOCIETY LIMITED,ADR-ZZJSQQV,"bus station, jogoo road, kangundo road, ruai, joska",bus station|jogoo road|kangundo road|ruai|joska
EASTERN BYPASS SAVINGS AND CREDIT CO-OPERATIVE SOCIETY LIMITED,ADR-LZRSWWO,"muthurwa, joska,jogoo road,kangundo road, ruai",muthurwa|joska|jogoo road|kangundo road|ruai
EASTERN BYPASS SAVINGS AND CREDIT CO-OPERATIVE SOCIETY LIMITED,ADR-O68I22M,"bus station, malaa,jogoo road,kangundo road,ruai, joska",bus station|malaa|jogoo road|kangundo road|ruai|joska
EASTERN BYPASS SAVINGS AND CREDIT CO-OPERATIVE SOCIETY LIMITED,ADR-6DBS88D,"ruiru, eastern bypass, kangundo road, utawala, cabanas, mlolongo",ruiru|eastern bypass|kangundo road|utawala|cabanas|mlolongo
EASTERN BYPASS SAVINGS AND CREDIT CO-OPERATIVE SOCIETY LIMITED,ADR-WZ9SLL9,"joska, gikomba,kamulu,ruai,dandora, kariobangi",joska|gikomba|kamulu|ruai|dandora|kariobangi
EASTERN BYPASS SAVINGS AND CREDIT CO-OPERATIVE SOCIETY LIMITED,ADR-537HYYY,"malaa, joska, ruai, jogoo road, muthurwa, bus station",malaa|joska|ruai|jogoo road|muthurwa|bus station
eastern bypass traverlers investment co. limited,NTR-00201911140919120,"Nairobi, RuaiThikaKamwangiFlyover, Nakuru",nairobi|ruaithikakamwangiflyover|nakuru
eastern bypass traverlers investment co. limited,NTR-00201908131524330,"Bus Station, Gikomba Juja Rd Jogoo Rd Outering Rd Mombasa rd Kariobangi Komarock Kangundo Rd Eastern Bypass Ruiru Thika Makongeni Kangundo, Machakos",bus station|gikomba juja rd jogoo rd outering rd mombasa rd kariobangi komarock kangundo rd eastern bypass ruiru thika makongeni kangundo|machakos
eastern bypass traverlers investment co. limited,NTR-0023,"ruiru, mlolongo, machakos",ruiru|mlolongo|machakos
eastern bypass traverlers investment co. limited,NTR-00374,"thika, ruiru, ruai, kagundo, machakos",thika|ruiru|ruai|kagundo|machakos
eastern bypass traverlers investment co. limited,NTR-00375,"thika, ruiru, ruai, mlologo, kitegela, kajiado, namaga",thika|ruiru|ruai|mlologo|kitegela|kajiado|namaga
eastern bypass traverlers investment co. limited,NTR-00376,"kangundo, ruai, easternbypass, mlolongo, emali, loitoktok, ellasit",kangundo|ruai|easternbypass|mlolongo|emali|loitoktok|ellasit
eastern bypass traverlers investment co. limited,NTR-0027,"ruiru, ruai,joska, kangundo",ruiru|ruai|joska|kangundo
eastern bypass traverlers investment co. limited,NTR-00201908221405250,"thika, ruiru,ruai,nairobi,machakos,mlolongo,emali,loitoktok, elasit",thika|ruiru|ruai|nairobi|machakos|mlolongo|emali|loitoktok|elasit
eastern bypass traverlers investment co. limited,ADR-POKSRQ8,"thika, ruiru, ruai, mlolongo, machakos, kangundo",thika|ruiru|ruai|mlolongo|machakos|kangundo
eastern bypass traverlers investment co. limited,ADR-VYAS99Y,"nairobi, ruai, ruiru, kagundo, machakos",nairobi|ruai|ruiru|kagundo|machakos
eastern bypass traverlers investment co. limited,ADR-Q5LCMMK,"nairobi, kariobangi, ruai, kangundo, machakos",nairobi|kariobangi|ruai|kangundo|machakos
eastern bypass traverlers investment co. limited,ADR-EPJSRR9,"kagundo, joska, kamulu, ruai, dandora, kariobagi, alslops",kagundo|joska|kamulu|ruai|dandora|kariobagi|alslops
eastern bypass traverlers investment co. limited,ADR-2DVSDD7,"huruma, jonsaga, kariokor, ronald ngala",huruma|jonsaga|kariokor|ronald ngala
eastern bypass traverlers investment co. limited,ADR-K9BFZZP,"machakos, mlolongo, outrering road, kariobangi, alslops, thika, kenol",machakos|mlolongo|outrering road|kariobangi|alslops|thika|kenol
eastern bypass traverlers investment co. limited,ADR-7WRSOOD,"huruma, joskasaga, kariokor, ronald ngala",huruma|joskasaga|kariokor|ronald ngala
eastern bypass traverlers investment co. limited,ADR-BQ9SMMW,"nairobi, machakos,ruai, ruiru, kagundo",nairobi|machakos|ruai|ruiru|kagundo
eastern bypass traverlers investment co. limited,ADR-REOSYYJ,"thika, machakos,ruiru, ruai, kagundo",thika|machakos|ruiru|ruai|kagundo
eastern bypass traverlers investment co. limited,ADR-MDMSEE6,"thika, kitengela,ruiru, ruai, mlolongo",thika|kitengela|ruiru|ruai|mlolongo
eastern bypass traverlers investment co. limited,ADR-YM3SJJ8,"kangundo, ruai, easternbypass, mlolongo, emali, loitoktok, ellasri",kangundo|ruai|easternbypass|mlolongo|emali|loitoktok|ellasri
eastern bypass traverlers investment co. limited,ADR-8LMS555,"nairobi, machakos,kariobagi, ruai, kagundo",nairobi|machakos|kariobagi|ruai|kagundo
eastern bypass traverlers investment co. limited,ADR-ZZJSVV9,"mlolongo, outerring road, kariobagi, alsops, thika road, kenol",mlolongo|outerring road|kariobagi|alsops|thika road|kenol
eastern bypass traverlers investment co. limited,ADR-LZRS667,"machakos, mlolongo, outerring road, kariobagi, thika, kenol",machakos|mlolongo|outerring road|kariobagi|thika|kenol
eastern bypass traverlers investment co. limited,ADR-O68IBBL,"ruiru, kangundo,ruai, joska",ruiru|kangundo|ruai|joska
eastern bypass traverlers investment co. limited,ADR-6DBSKKL,"thika, namaga,ruiru, ruai, mlologo, kitegela, kajiado",thika|namaga|ruiru|ruai|mlologo|kitegela|kajiado
eastern bypass traverlers investment co. limited,ADR-WZ9SDDL,"nairobi, ruiru,ruai,kangundo, machakos",nairobi|ruiru|ruai|kangundo|machakos
eastern bypass traverlers investment co. limited,ADR-537HQQ2,"nairobi, machakos, makueni, kitui, mutomo, kibwezi, ikutha, voi, mombasa",nairobi|machakos|makueni|kitui|mutomo|kibwezi|ikutha|voi|mombasa
eastern bypass traverlers investment co. limited,ADR-A5ACPPM,"nairobi, machakos, wote, makindu, kitui, mutomo, kibwezi, mtito andei, ikutha, voi, mombasa",nairobi|machakos|wote|makindu|kitui|mutomo|kibwezi|mtito andei|ikutha|voi|mombasa
EASTERN KUBAMBA LIMITED,NTR-00202006091049440,"Gikomba, Jogoo rdOutering rdMowlemKangundo rdEastern bypassRuiru, Thika-Makongeni",gikomba|jogoo rdoutering rdmowlemkangundo rdeastern bypassruiru|thika makongeni
EASTERN KUBAMBA LIMITED,NTR-00202007021019530,"GIKOMBA, JOGOO RDOUTERING RDMOWLEM KANGUNDO RDEASTERN BYPASS RUIRUTHIKAMAKONGENINGOLIBA Matuu Mwingi Kitui Machakos, Kangundo",gikomba|jogoo rdoutering rdmowlem kangundo rdeastern bypass ruiruthikamakongeningoliba matuu mwingi kitui machakos|kangundo
EASTERN KUBAMBA LIMITED,NTR-001395,"Muthurwa, RuaiKangundo Machakos Kitui Makindu Kibwezi, Voi",muthurwa|ruaikangundo machakos kitui makindu kibwezi|voi
EASTERN KUBAMBA LIMITED,NTR-00202101181006500,"Muthurwa, Mombasa rd Athi river Machakos Kitui Mutomo Ikutha, Voi",muthurwa|mombasa rd athi river machakos kitui mutomo ikutha|voi
EASTERN KUBAMBA LIMITED,NTR-00202104141559120,"kajiado, isinya kiserian ongata rongai gataka langata rd mbagathi way knh railways bus station gekomba juja rd jogoo rd outereing rd kangundo rd eastern bypass ruai kangundo, Machakos",kajiado|isinya kiserian ongata rongai gataka langata rd mbagathi way knh railways bus station gekomba juja rd jogoo rd outereing rd kangundo rd eastern bypass ruai kangundo|machakos
EASTERN KUBAMBA LIMITED,NTR-00202104141601500,"Bus Station, gikomba jogoo rd juja rd ouering rd mombasa rd kariobangi komarock rd kangundo rd eastern by pass ruiru thika makongenikangundo machakos kitui mwingi mutomo kibwezi, Voi",bus station|gikomba jogoo rd juja rd ouering rd mombasa rd kariobangi komarock rd kangundo rd eastern by pass ruiru thika makongenikangundo machakos kitui mwingi mutomo kibwezi|voi
EASTERN KUBAMBA LIMITED,ADR-3ZQSOJ3,"GIKOMBA, JOGOO RDOUTERING RDMOWLEM KANGUNDO RDEASTERN BYPASS RUIRUTHIKAMAKONGENI, NGOLIBA",gikomba|jogoo rdoutering rdmowlem kangundo rdeastern bypass ruiruthikamakongeni|ngoliba
EASTERN KUBAMBA LIMITED,ADR-JY7SEZQ,"Gikomba, Nyayo stadium Langata rd Ongata Rongai Kiserian, Isinya",gikomba|nyayo stadium langata rd ongata rongai kiserian|isinya
EASTERN KUBAMBA LIMITED,ADR-POKS7YY,"Machakos, Kangundo Ruai Gikomba Railways KNH Mbagathi way Langata rd Ongata Rongai Kiserian Isinya, Kajiado",machakos|kangundo ruai gikomba railways knh mbagathi way langata rd ongata rongai kiserian isinya|kajiado
EASTERN KUBAMBA LIMITED,ADR-VYASZWL,"muthurwa, ruai,kangundo, machakos",muthurwa|ruai|kangundo|machakos
EASTERN KUBAMBA LIMITED,ADR-Q5LCB8L,"ruai, ruiru,allsops,kariobangi,cabanas, machakos",ruai|ruiru|allsops|kariobangi|cabanas|machakos
EASTLANDS EAGLES LIMITED,NTR-0040,"dandora, buru buru, city stadium",dandora|buru buru|city stadium
EASTLANDS EAGLES LIMITED,NTR-00288,"Muthurwa, Jogoo RoadLikoni Road Industrial area, Enterprise rd",muthurwa|jogoo roadlikoni road industrial area|enterprise rd
EASTLANDS EAGLES LIMITED,NTR-00202109101404550,"city stadium, jogoo rd likoni rd lungalunga kangundo rd eastern bypass outering rd donholm saika dandora kariobangi roundabout buruburu, bahati",city stadium|jogoo rd likoni rd lungalunga kangundo rd eastern bypass outering rd donholm saika dandora kariobangi roundabout buruburu|bahati
EASTLANDS EAGLES LIMITED,ADR-DB3T3R6,"city stadium, jogoo road,buru buru, dandora",city stadium|jogoo road|buru buru|dandora
EASTLANDS EAGLES LIMITED,ADR-3ZQSADR,"city stadium, dandora,jogoo road, buru buru",city stadium|dandora|jogoo road|buru buru
EASTLANDS EAGLES LIMITED,ADR-JY7S3YM,"dandora, buruburu, city stadium",dandora|buruburu|city stadium
EASTLEIGH COMMUTER SERVICES LIMITED,NTR-0034,"eastleigh, juja road,luthuli, commercial",eastleigh|juja road|luthuli|commercial
EASTLEIGH COMMUTER SERVICES LIMITED,NTR-00201903271302260,"Commercial, Thika rdKosovoEastleighPnganiJuja rdOutering rdfedha donholm Kangundo rd eastern bypass githunguri baba dogo lucky summer alsops, Kamulu",commercial|thika rdkosovoeastleighpnganijuja rdoutering rdfedha donholm kangundo rd eastern bypass githunguri baba dogo lucky summer alsops|kamulu
EASTLEIGH COMMUTER SERVICES LIMITED,ADR-O68ILZA,"commercial, thika road, kosovo, juja road, eastleigh",commercial|thika road|kosovo|juja road|eastleigh
EASTLEIGH COMMUTER SERVICES LIMITED,ADR-6DBSD3O,"eastleigh, commercial,juja road, luthuli",eastleigh|commercial|juja road|luthuli
EASTLEIGH COMMUTER SERVICES LIMITED,ADR-WZ9S388,"eastleigh, mathare valley, kosovo, utalii drift, commercial",eastleigh|mathare valley|kosovo|utalii drift|commercial
EASTLEIGH ROUTE SACCO,NTR-0034,"eastleigh, juja road,luthuli, commercial",eastleigh|juja road|luthuli|commercial
EASTLEIGH ROUTE SACCO,ADR-Q5LC85R,"commercial, thika road, kosovo, juja road, eastleigh",commercial|thika road|kosovo|juja road|eastleigh
EASTLEIGH ROUTE SACCO,ADR-EPJSE7M,"eastleigh, commercial,juja road, luthuli",eastleigh|commercial|juja road|luthuli
EASTLEIGH ROUTE SACCO,ADR-2DVSRPQ,"commercial, thika rd,kosovo,eastleigh,pngani,juja rd,outering rd,kangundo rd, kamulu",commercial|thika rd|kosovo|eastleigh|pngani|juja rd|outering rd|kangundo rd|kamulu
ECOSA TRAVELLERS SACCO,NTR-00360,"dandora, kariobangi, alsolps",dandora|kariobangi|alsolps
ECOSA TRAVELLERS SACCO,NTR-00202009231508320,"Ronald Ngala, Kariokor Gikomba Dandora Juja Rd Outering Rd Kangundo Rd Saika Komarock Rd Kariobangi Alsops Thika Rd, Thika",ronald ngala|kariokor gikomba dandora juja rd outering rd kangundo rd saika komarock rd kariobangi alsops thika rd|thika
ECOSA TRAVELLERS SACCO,NTR-00359,"ronald ngara, juja road,kariobangi, dandora",ronald ngara|juja road|kariobangi|dandora
ECOSA TRAVELLERS SACCO,NTR-00114,"ronald ngala, kariobangi, dandora",ronald ngala|kariobangi|dandora
ECOSA TRAVELLERS SACCO,ADR-9AKFJD8,"dandora, juja road, ronald ngala",dandora|juja road|ronald ngala
ECOSA TRAVELLERS SACCO,ADR-DB3TY6K,"ronald ngara, dandora,juja road, kariobangi",ronald ngara|dandora|juja road|kariobangi
ECOSA TRAVELLERS SACCO,ADR-3ZQSJWM,"city stadium, jogoo road,buru buru, dandora",city stadium|jogoo road|buru buru|dandora
ECOSA TRAVELLERS SACCO,ADR-JY7SZPV,"dandora, gikomba, juja road",dandora|gikomba|juja road
ECOSA TRAVELLERS SACCO,ADR-POKSYJ3,"dandora, juja road, gikomba",dandora|juja road|gikomba
ECOSA TRAVELLERS SACCO,ADR-VYASW7J,"dandora, buruburu, city stadium",dandora|buruburu|city stadium
ECOSA TRAVELLERS SACCO,ADR-Q5LC8JR,"ronald ngara, dandora, juja road",ronald ngara|dandora|juja road
ECOSA TRAVELLERS SACCO,ADR-EPJSEZM,"dandora, juja road,kariokor, gikomba",dandora|juja road|kariokor|gikomba
ELEVENTH HOUR TRANSPORT SACCO,NTR-00138,"kiserian, magadi road,langata road,mbagathi road,knh, railways",kiserian|magadi road|langata road|mbagathi road|knh|railways
ELEVENTH HOUR TRANSPORT SACCO,ADR-O68IO56,"railways, knh,mbagathi way,rongai, kiserian",railways|knh|mbagathi way|rongai|kiserian
ELEVENTH HOUR TRANSPORT SACCO,ADR-6DBSBMV,"kiserian, railways,magadi road,langata road,mbagathi road, knh",kiserian|railways|magadi road|langata road|mbagathi road|knh
ELEVENTH HOUR TRANSPORT SACCO,ADR-WZ9SQJ5,"railways, kiserian,knh,mbagathi way, rongai",railways|kiserian|knh|mbagathi way|rongai
ELEVENTH HOUR TRANSPORT SACCO,ADR-537H7AK,"railways, mbagathi way,ongata rongai, kiserian",railways|mbagathi way|ongata rongai|kiserian
EMAAR CITY BUS LIMITED,NTR-00138,"kiserian, magadi road,langata road,mbagathi road,knh, railways",kiserian|magadi road|langata road|mbagathi road|knh|railways
EMAAR CITY BUS LIMITED,NTR-00202001241343230,"Ruai, KayoleDonholmUmojaBuruburuCbdKnhNgong rdKikuyu, Westlands",ruai|kayoledonholmumojaburuburucbdknhngong rdkikuyu|westlands
EMAAR CITY BUS LIMITED,NTR-00202001241345310,"Machakos, KitengelaSyokimauImara daimaKnhNgong rdKikuyuWestlands, Cbd",machakos|kitengelasyokimauimara daimaknhngong rdkikuyuwestlands|cbd
EMAAR CITY BUS LIMITED,NTR-00202002271026150,"Ngong, KiserianRongaiLangataMbagathi wayKnhCbdWestlandsKikuyuRuaka, Limuru",ngong|kiserianrongailangatambagathi wayknhcbdwestlandskikuyuruaka|limuru
EMAAR CITY BUS LIMITED,NTR-00202001201200040,"Thika, Kiambu KasaraniKnh Ngong rd Kikuyu, Westlands",thika|kiambu kasaraniknh ngong rd kikuyu|westlands
EMAAR CITY BUS LIMITED,NTR-0081,"rongai, langata,mbagathi way,community, bustation",rongai|langata|mbagathi way|community|bustation
EMAAR CITY BUS LIMITED,NTR-0076,"bustation, knh,mbagathi way,langata, rongai",bustation|knh|mbagathi way|langata|rongai
EMAAR CITY BUS LIMITED,ADR-YM3SEZA,"Thika, KiambuKasaraniCbdKnhNgong rdKikuyu, Westlands",thika|kiambukasaranicbdknhngong rdkikuyu|westlands
EMAAR CITY BUS LIMITED,ADR-8LMSVAP,"railways, knh,mbagathi way,rongai, kiserian",railways|knh|mbagathi way|rongai|kiserian
EMAAR CITY BUS LIMITED,ADR-ZZJS2P6,"bustation, rongai,knh,mbagathi way, langata",bustation|rongai|knh|mbagathi way|langata
EMAAR CITY BUS LIMITED,ADR-LZRS3B9,"railways, mbagathi way,ongata rongai, kiserian",railways|mbagathi way|ongata rongai|kiserian
EMBASSAVA COOPERATIVE SAVINGS AND CREDIT SOCIETY LTD,NTR-00201909271127470,"KITENGELA, MLOLONGOEMBAKASIJOGOO RDMOMBASA ROADOUTERING ROADSAVANNAH ROUTEALSOPS, ACCRA RD",kitengela|mlolongoembakasijogoo rdmombasa roadoutering roadsavannah routealsops|accra rd
EMBASSAVA COOPERATIVE SAVINGS AND CREDIT SOCIETY LTD,NTR-00202101270939490,"Malaa, Kangundo rd Eastern bypass Utawala Tajmall Enterprise rd Likoni rd Gikomba Eastleigh Juja rd, Thika rd",malaa|kangundo rd eastern bypass utawala tajmall enterprise rd likoni rd gikomba eastleigh juja rd|thika rd
EMBASSAVA COOPERATIVE SAVINGS AND CREDIT SOCIETY LTD,NTR-00465,"embakasi, jogoo road, msa road, outereing road,all sops, accra road",embakasi|jogoo road|msa road|outereing road|all sops|accra road
EMBASSAVA COOPERATIVE SAVINGS AND CREDIT SOCIETY LTD,NTR-00259,"embakasi, jogoo road, muthurwa",embakasi|jogoo road|muthurwa
EMBASSAVA COOPERATIVE SAVINGS AND CREDIT SOCIETY LTD,NTR-0039,"muthurwa, jogoo road, embakasi",muthurwa|jogoo road|embakasi
EMBASSAVA COOPERATIVE SAVINGS AND CREDIT SOCIETY LTD,ADR-BQ9S52M,"Accra, Mombasa rdJogoo rdEmbakasiMlolongo, Kitengela",accra|mombasa rdjogoo rdembakasimlolongo|kitengela
EMBASSAVA COOPERATIVE SAVINGS AND CREDIT SOCIETY LTD,ADR-REOSRQ8,"Kitengela, Mlolongo Mombasa rd Embakasi Savannah Utawala Kangundo rd MalaaJogoo rd Likoni rd Enterprise rd Eastleigh Outering rd Alsops Thika rd, Accra rd",kitengela|mlolongo mombasa rd embakasi savannah utawala kangundo rd malaajogoo rd likoni rd enterprise rd eastleigh outering rd alsops thika rd|accra rd
EMBASSAVA COOPERATIVE SAVINGS AND CREDIT SOCIETY LTD,ADR-MDMSQZJ,"Kitengela, Mlolongo Mombasa rd Embakasi tajmall Savannah Utawala Eastern bypass Kangundo rd MalaaJogoo rd Likoni rd Enterprise rd Gikomba Eastleigh Juja rd Outering rd Alsops Thika rd, Accra rd",kitengela|mlolongo mombasa rd embakasi tajmall savannah utawala eastern bypass kangundo rd malaajogoo rd likoni rd enterprise rd gikomba eastleigh juja rd outering rd alsops thika rd|accra rd
EMBASSAVA COOPERATIVE SAVINGS AND CREDIT SOCIETY LTD,ADR-YM3S68E,"Machakos, Tala Kangundo Kitengela Mombasa rd Embakasi tajmall Savannah Utawala Eastern bypass Kangundo rd MalaaJogoo rd Likoni rd Enterprise rd Gikomba Eastleigh Juja rd Outering rd Alsops Thika rd, Accra rd",machakos|tala kangundo kitengela mombasa rd embakasi tajmall savannah utawala eastern bypass kangundo rd malaajogoo rd likoni rd enterprise rd gikomba eastleigh juja rd outering rd alsops thika rd|accra rd
EMBASSAVA COOPERATIVE SAVINGS AND CREDIT SOCIETY LTD,ADR-8LMSEMO,"Machakos, Tala Kangundo Kitengela Mlolongo Mombasa rd Embakasi tajmall Savannah Utawala Eastern bypass Kangundo rd MalaaJogoo rd Likoni rd Enterprise rd Gikomba Eastleigh Juja rd Outering rd Alsops Thika rd, Accra rd",machakos|tala kangundo kitengela mlolongo mombasa rd embakasi tajmall savannah utawala eastern bypass kangundo rd malaajogoo rd likoni rd enterprise rd gikomba eastleigh juja rd outering rd alsops thika rd|accra rd
EMBASSAVA COOPERATIVE SAVINGS AND CREDIT SOCIETY LTD,ADR-ZZJSQLQ,"Machakos, Tala Kangundomombasa rd Kitengela A. rivergreatwall Mlolongo Embakasi tajmall imara daima Savannah mananja rd Utawala Eastern bypass Kangundo rd MalaaJogoo rd Likoni rd lungalunga rd Enterprise rd Gikomba Eastleigh Juja rd Outering rd Alsops Thika rd KU ruiru kihunguro juja thika makongenimuranga rd forest rd globe r. about, Accra rd",machakos|tala kangundomombasa rd kitengela a rivergreatwall mlolongo embakasi tajmall imara daima savannah mananja rd utawala eastern bypass kangundo rd malaajogoo rd likoni rd lungalunga rd enterprise rd gikomba eastleigh juja rd outering rd alsops thika rd ku ruiru kihunguro juja thika makongenimuranga rd forest rd globe r about|accra rd
EMBASSAVA COOPERATIVE SAVINGS AND CREDIT SOCIETY LTD,ADR-LZRSWEY,"embkasi, mombasa road, accra",embkasi|mombasa road|accra
EMBASSAVA COOPERATIVE SAVINGS AND CREDIT SOCIETY LTD,ADR-O68I2OK,"emabakasi, jogoo road, accra road",emabakasi|jogoo road|accra road
EMBASSAVA COOPERATIVE SAVINGS AND CREDIT SOCIETY LTD,ADR-6DBS8BR,"emabakasi, jogoo road, accra road",emabakasi|jogoo road|accra road
EMBASSAVA COOPERATIVE SAVINGS AND CREDIT SOCIETY LTD,ADR-WZ9SLQY,"accra road, embakasi, mombasa road",accra road|embakasi|mombasa road
EMBASSAVA COOPERATIVE SAVINGS AND CREDIT SOCIETY LTD,ADR-537HY73,"embakasi, muthurwa, jogoo road",embakasi|muthurwa|jogoo road
EMBASSAVA COOPERATIVE SAVINGS AND CREDIT SOCIETY LTD,ADR-A5AC2QB,"accra road, mombasa road, embakasi",accra road|mombasa road|embakasi
EMBASSAVA COOPERATIVE SAVINGS AND CREDIT SOCIETY LTD,ADR-9AKFOKE,"accra road, mombasa road, mlolongo, kitengela",accra road|mombasa road|mlolongo|kitengela
EMBASSAVA COOPERATIVE SAVINGS AND CREDIT SOCIETY LTD,ADR-DB3TQ5R,"emabakasi, accra road, jogoo road",emabakasi|accra road|jogoo road
EMBASSAVA COOPERATIVE SAVINGS AND CREDIT SOCIETY LTD,ADR-3ZQSO3Y,"alsolps, outering road, city cabanas",alsolps|outering road|city cabanas
EMBASSAVA COOPERATIVE SAVINGS AND CREDIT SOCIETY LTD,ADR-JY7SELA,"accra rd, jogoo rd, embakasi",accra rd|jogoo rd|embakasi
EXPRESO LIMITED,NTR-00202002051557030,"Kiserian, RongaiDagoretti marketAmbassadorTom mboyaThika rdJuja rdOutering rdKangundo rdKomarocks rdInfinityMwiki, Kasarani",kiserian|rongaidagoretti marketambassadortom mboyathika rdjuja rdoutering rdkangundo rdkomarocks rdinfinitymwiki|kasarani
EXPRESO LIMITED,NTR-00201901221600550,"NDEIYA, NDUMAONDIRIKIKUYUKABIRIADAGORETTI MARKETKARENBOMASRONGAI, KISERIAN",ndeiya|ndumaondirikikuyukabiriadagoretti marketkarenbomasrongai|kiserian
EXPRESO LIMITED,NTR-00201901041415180,"Ndeiya, Nduma (via Zambezi)KikuyuDagoreti MarketKabiriaBomasRongai, Kiserian",ndeiya|nduma via zambezi kikuyudagoreti marketkabiriabomasrongai|kiserian
EXPRESO LIMITED,NTR-00202011171152220,"Ndeiya, Nduma (via Zambezi) Kikuyu Dagoretti market Kawangware KNH Ambassador Tom Mboya Ngara Thika rd Outering rd Kangundo rd Kasarani, Mwiki",ndeiya|nduma via zambezi kikuyu dagoretti market kawangware knh ambassador tom mboya ngara thika rd outering rd kangundo rd kasarani|mwiki
EXPRESO LIMITED,NTR-00202012111036520,"Railways, Ngong rd Kawangware Kabiria Waithaka Dagoretti market Karen Ngong Kikuyu Lusigetti, Kamangu",railways|ngong rd kawangware kabiria waithaka dagoretti market karen ngong kikuyu lusigetti|kamangu
EXPRESO LIMITED,NTR-00202012311422330,"Kimende, Limuru Muguga Kikuyu Nduma Ndeiya Dagoretti Market Kawangware KNH Karen Bomas Ongata Rongai, Kiserian",kimende|limuru muguga kikuyu nduma ndeiya dagoretti market kawangware knh karen bomas ongata rongai|kiserian
EXPRESO LIMITED,NTR-00201811260931410,"kiserian, rongai,langata rd,kabiria,knh,ambassador, railways",kiserian|rongai|langata rd|kabiria|knh|ambassador|railways
EXPRESO LIMITED,NTR-00201810080909530,"ndeiya, kikuyu,tom mboya,ngara,thika rd,juja rd,outering rd,kangundo rd,komarocks rd,choka,kasarani,mwiki, infinity",ndeiya|kikuyu|tom mboya|ngara|thika rd|juja rd|outering rd|kangundo rd|komarocks rd|choka|kasarani|mwiki|infinity
EXPRESO LIMITED,ADR-WZ9S9JA,"Kiserian, RongaiDagoretti marketAmbassadorTom mboyaThika rdJuja rdOutering rdKomarocks rdKangundo rdInfinityMwiki, Kasarani",kiserian|rongaidagoretti marketambassadortom mboyathika rdjuja rdoutering rdkomarocks rdkangundo rdinfinitymwiki|kasarani
EXPRESO LIMITED,ADR-537HWAM,"limuru, kikuyu dagoretti mrktkabiria kawangware knh ambassador moi service lane tom mboya rongai gataka karen ngong kiserian isinya katani cabanas outering rd juja rd eastleigh gikomba thika rd mwiki lucky summer komarocks rd kangundo rd eastern bypass infinity kenol kiambu ruaka, western bypass",limuru|kikuyu dagoretti mrktkabiria kawangware knh ambassador moi service lane tom mboya rongai gataka karen ngong kiserian isinya katani cabanas outering rd juja rd eastleigh gikomba thika rd mwiki lucky summer komarocks rd kangundo rd eastern bypass infinity kenol kiambu ruaka|western bypass
EXPRESO LIMITED,ADR-A5AC8DY,"Limuru, kikuyu dagoretti market kabiria kawangware knh ambassador moi service lane tom mboya rongai gataka karen ngong kiserian isinya katani cabanas outering rd juja rd eastleigh gikomba thika rd mwiki lucky summer komarocks rd kangundo rd eastern bypass infinity Thika Makongeni kenol kiambu ruaka, Western bypass",limuru|kikuyu dagoretti market kabiria kawangware knh ambassador moi service lane tom mboya rongai gataka karen ngong kiserian isinya katani cabanas outering rd juja rd eastleigh gikomba thika rd mwiki lucky summer komarocks rd kangundo rd eastern bypass infinity thika makongeni kenol kiambu ruaka|western bypass
EXPRESO LIMITED,ADR-9AKFREZ,"ndeiya, kikuyu, waiyaki way, westlands, tommboya, thika road, mwiki",ndeiya|kikuyu|waiyaki way|westlands|tommboya|thika road|mwiki
EXPRESO LIMITED,ADR-DB3TO97,"ndeiya, kikuyu,tom mboya,ngara,thika rd,juja rd,outering rd,kangundo rd,komarocks rd,mwiki, infinity",ndeiya|kikuyu|tom mboya|ngara|thika rd|juja rd|outering rd|kangundo rd|komarocks rd|mwiki|infinity
EXPRESO LIMITED,ADR-3ZQS287,"ndeiya, kikuyu,tom mboya,ngara,thika rd,juja rd,outering rd,kangundo rd,komarocks rd,kasarani,mwiki, infinity",ndeiya|kikuyu|tom mboya|ngara|thika rd|juja rd|outering rd|kangundo rd|komarocks rd|kasarani|mwiki|infinity
EXPRESO LIMITED,ADR-JY7S7DP,"ndeiya, kikuyu,dagoreti market,kabiria,bomas,rongai, kiserian",ndeiya|kikuyu|dagoreti market|kabiria|bomas|rongai|kiserian
EXPRESO LIMITED,ADR-POKSK8P,"railways, knh,mbagathi way,rongai, kiserian",railways|knh|mbagathi way|rongai|kiserian
EXPRESO LIMITED,ADR-VYASA63,"ndeiya, kikuyu,kabiria,dagoretti market,karen,bomas,rongai, kiserian",ndeiya|kikuyu|kabiria|dagoretti market|karen|bomas|rongai|kiserian
EXPRESS CONNECTIONS LTD,NTR-00181,"eastlands, ladhies road,bustation,ambassador,kencom,gpo,knh,upper hill,jamhuri,karen,kawangware, kawangware",eastlands|ladhies road|bustation|ambassador|kencom|gpo|knh|upper hill|jamhuri|karen|kawangware|kawangware
EXPRESS CONNECTIONS LTD,NTR-00178,"jkia, mombasa road, bus station, gpo, knh, ngumo, kibera, yaya, kawangware, satelite, jamuhuri, karen, hardy",jkia|mombasa road|bus station|gpo|knh|ngumo|kibera|yaya|kawangware|satelite|jamuhuri|karen|hardy
EXPRESS CONNECTIONS LTD,NTR-00176,"jkia, umoja, buru, jogoo road, gpo, knh, yaya, kawangware, setlite",jkia|umoja|buru|jogoo road|gpo|knh|yaya|kawangware|setlite
EXPRESS CONNECTIONS LTD,ADR-A5AC7EZ,"jkia, hardy, mombasa road, bus station, gpo, knh, ngumo, kibera, yaya, kawangware, satelite, jamuhuri, karen",jkia|hardy|mombasa road|bus station|gpo|knh|ngumo|kibera|yaya|kawangware|satelite|jamuhuri|karen
EXPRESS CONNECTIONS LTD,ADR-9AKFW3M,"eastlands, ladhies road,bustation,ambassador,kencom,gpo,knh,upper hill,jamhuri,karen,kawangware, kawangware",eastlands|ladhies road|bustation|ambassador|kencom|gpo|knh|upper hill|jamhuri|karen|kawangware|kawangware
EXPRESS CONNECTIONS LTD,ADR-DB3T3P6,"komarock, buru buru, gogoo road, bustation, kencom, knh, kawangware, jamhuri",komarock|buru buru|gogoo road|bustation|kencom|knh|kawangware|jamhuri
EXPRESS CONNECTIONS LTD,ADR-3ZQSAYR,"jkia, utawala, umoja, bururu, kencom, knh, ngumo, kibera, kawangware, satellite, karen, langata road, waiyaki way, hardy",jkia|utawala|umoja|bururu|kencom|knh|ngumo|kibera|kawangware|satellite|karen|langata road|waiyaki way|hardy
EXPRESS CONNECTIONS LTD,ADR-JY7S3OM,"jkia, hardy,mombasa road, bus station, gpo, knh, ngumo, kibera, yaya, kawangware, satelite, jamuhuri, karen",jkia|hardy|mombasa road|bus station|gpo|knh|ngumo|kibera|yaya|kawangware|satelite|jamuhuri|karen
EXPRESS CONNECTIONS LTD,ADR-POKSOLR,"komarock, buru buru,gogoo road,bustation,kencom,knh,kawangware, jamhuri",komarock|buru buru|gogoo road|bustation|kencom|knh|kawangware|jamhuri
EXPRESS CONNECTIONS LTD,ADR-VYASLKV,"eastlands, kawangware,ladhies road,bustation,ambassador,kencom,gpo,knh,upper hill,jamhuri,karen, kawangware",eastlands|kawangware|ladhies road|bustation|ambassador|kencom|gpo|knh|upper hill|jamhuri|karen|kawangware
EXPRESS CONNECTIONS LTD,ADR-Q5LC6K8,"jkia, setlite,umoja, buru, jogoo road, gpo, knh, yaya, kawangware",jkia|setlite|umoja|buru|jogoo road|gpo|knh|yaya|kawangware
EXPRESS CONNECTIONS LTD,ADR-EPJSYPY,"githunguri, ngong,utawala, jkia, umoja, buruburu, jogoo road, bus station, knh, langata, karen, hardy",githunguri|ngong|utawala|jkia|umoja|buruburu|jogoo road|bus station|knh|langata|karen|hardy
EXPRESS CONNECTIONS LTD,ADR-2DVS5QB,"komarock, jamhuri,buru buru,gogoo road,bustation,kencom,knh, kawangware",komarock|jamhuri|buru buru|gogoo road|bustation|kencom|knh|kawangware
EXPRESS CONNECTIONS LTD,ADR-K9BFVAL,"hardy, karen, kawangware, yaya, kibera, knh, bus station, jogoo road, jkia",hardy|karen|kawangware|yaya|kibera|knh|bus station|jogoo road|jkia
FASTRACK UNITED AND CREDIT COOPERATIVE SOCIETY,NTR-00202202221453100,"Railways, Community Jamhuri via Ngong Rd Wanyee Satelite Kabiria Kawangware Othaya Rd via Lavington Uthiru via WestlandsDagoretti Market, Kawangware",railways|community jamhuri via ngong rd wanyee satelite kabiria kawangware othaya rd via lavington uthiru via westlandsdagoretti market|kawangware
FASTRACK UNITED AND CREDIT COOPERATIVE SOCIETY,NTR-0042,"railways, yaya, kawangware",railways|yaya|kawangware
FASTRACK UNITED AND CREDIT COOPERATIVE SOCIETY,ADR-3ZQS3MO,"railways, kawangware, yaya",railways|kawangware|yaya
FIG KOMBA,NTR-00201812211059020,"mathare north, ngara,figtree,gikomba, kiambio",mathare north|ngara|figtree|gikomba|kiambio
FIG KOMBA,NTR-0044,"figtree, ngara,gikomba, kiambio",figtree|ngara|gikomba|kiambio
FIG KOMBA,ADR-2DVSRRD,"mathare north, ngara, gikomba, kiambio",mathare north|ngara|gikomba|kiambio
FIG KOMBA,ADR-K9BF66E,"mathare north, ngara, gikomba, kiambio",mathare north|ngara|gikomba|kiambio
FIG KOMBA,ADR-7WRS999,"figtree, kiambio,ngara, gikomba",figtree|kiambio|ngara|gikomba
FIG KOMBA,ADR-BQ9SQQ3,"dandora, juja road, gikomba",dandora|juja road|gikomba
FIG PRESTIGE MANAGEMENT COMPANY LIMITED,NTR-00202104150827230,"Commercial, Jogoo rd Eastleigh Jericho Outering rd Kariobangi ound about Juja rd Cabanas Koma Kenol, Machakos",commercial|jogoo rd eastleigh jericho outering rd kariobangi ound about juja rd cabanas koma kenol|machakos
FIG PRESTIGE MANAGEMENT COMPANY LIMITED,NTR-00202211011743410,"Commercial, Ngara Fig Tree Gikomba Muthurwa Eastleigh Thika Rd Kiambio Jericho Outering Rd Kariobangi Round About Mathare North Jogoo Rd Cabanas Kangundo Rd Ruai Tala Kantafu Koma Ruiru Ndani Kwa Maiko Juja Thika Kabati Kenol, Machakos",commercial|ngara fig tree gikomba muthurwa eastleigh thika rd kiambio jericho outering rd kariobangi round about mathare north jogoo rd cabanas kangundo rd ruai tala kantafu koma ruiru ndani kwa maiko juja thika kabati kenol|machakos
FIG PRESTIGE MANAGEMENT COMPANY LIMITED,NTR-00201812211059020,"mathare north, ngara,figtree,gikomba, kiambio",mathare north|ngara|figtree|gikomba|kiambio
FIG PRESTIGE MANAGEMENT COMPANY LIMITED,ADR-537HQZK,"mathare north, ngara, gikomba, kiambio",mathare north|ngara|gikomba|kiambio
FIVE FRIENDS INVESTMENT COMPANY LIMITED,NTR-00202008111555100,"Huruma, DandoraMolem roadKangundo road, Malaa .",huruma|dandoramolem roadkangundo road|malaa
FIVE FRIENDS INVESTMENT COMPANY LIMITED,NTR-00202008111557230,"Huruma, Outering road, Mlolongo",huruma|outering road|mlolongo
FIVE FRIENDS INVESTMENT COMPANY LIMITED,ADR-YM3SJA3,"Ngara, Huruma Dandora Molem road Kangundo road, Malaa .",ngara|huruma dandora molem road kangundo road|malaa
FIVE FRIENDS INVESTMENT COMPANY LIMITED,ADR-8LMS562,"Ngara, Huruma Dandora Molem road Kangundo roadMalaauUtawala Mlolongo Outering rd Thika rd Gikomba Jogoo rd Savannah, Kayole",ngara|huruma dandora molem road kangundo roadmalaauutawala mlolongo outering rd thika rd gikomba jogoo rd savannah|kayole
FIVE FRIENDS INVESTMENT COMPANY LIMITED,ADR-ZZJSVWM,"Ngara, Huruma via Ronald Ngala Dandora Kariobangi Alsops Thika rd Mowlem rdJogoo rd Gikomba Kagundo rd Malaa Savannah Kayole Utawala Outering rd cabanas, Mlolongo",ngara|huruma via ronald ngala dandora kariobangi alsops thika rd mowlem rdjogoo rd gikomba kagundo rd malaa savannah kayole utawala outering rd cabanas|mlolongo
FIVE FRIENDS INVESTMENT COMPANY LIMITED,ADR-2DVSDOA,"Ngara, Huruma via Ronald Ngala Dandora Kariobangi AlsopsThika rd Mowlem rd Jogoo rd Gikomba Soweto Spine Rd Manyanja Rd Kagundo rd Malaa Savannah Kayole Utawala Outering rd cabanas, Mlolongo",ngara|huruma via ronald ngala dandora kariobangi alsopsthika rd mowlem rd jogoo rd gikomba soweto spine rd manyanja rd kagundo rd malaa savannah kayole utawala outering rd cabanas|mlolongo
FORWARD TRAVELLERS SACCO LTD,NTR-00246,"nairobi, emali,oloitoktok, taveta",nairobi|emali|oloitoktok|taveta
FORWARD TRAVELLERS SACCO LTD,NTR-00117,"kayole, juja road, gikomba",kayole|juja road|gikomba
FORWARD TRAVELLERS SACCO LTD,NTR-0047,"kayole, jogoo road,muthurwa, otc",kayole|jogoo road|muthurwa|otc
FORWARD TRAVELLERS SACCO LTD,NTR-00202002041321020,"O.t.c, Jogoo rdUmojaKayoleMihangoEastern by pass, Ruiru",o t c|jogoo rdumojakayolemihangoeastern by pass|ruiru
FORWARD TRAVELLERS SACCO LTD,NTR-00202002041322540,"Kayole, KomarocksMowlemJuja rdEastleigh, Alsops",kayole|komarocksmowlemjuja rdeastleigh|alsops
FORWARD TRAVELLERS SACCO LTD,NTR-00202002041322120,"Malaa, KayoleJoskaKamuluRuaiSaikaMowlemjogooroad, Bus station",malaa|kayolejoskakamuluruaisaikamowlemjogooroad|bus station
FORWARD TRAVELLERS SACCO LTD,NTR-00202012161512240,"Kayole, Gikombe Alsops Mihango, Cabanas",kayole|gikombe alsops mihango|cabanas
FORWARD TRAVELLERS SACCO LTD,NTR-00202102051741120,"KANGEMA, MURANGA-THIKA-RUIRU-E BYPASS-KANGUNDO RD-JOGOO RD-JUJA RD-EASTLIEGH-GIKOMBA-ALSOLPS-NGARA-MFANGANO STREET-BUS STATION-MUTHURWA-KAYOLE-KOMAROCKS-UMOJA-MOWLEM-SAVVANNAH-CABANAS-UTAWALA-MIHANGO-TASSIA LINK RD-MALAA-MOMBASA RD-EMALI, LOITOKTOK",kangema|muranga thika ruiru e bypass kangundo rd jogoo rd juja rd eastliegh gikomba alsolps ngara mfangano street bus station muthurwa kayole komarocks umoja mowlem savvannah cabanas utawala mihango tassia link rd malaa mombasa rd emali|loitoktok
FORWARD TRAVELLERS SACCO LTD,NTR-00202211180859400,"Voi, Ikutha Kibwezi Mwingi Mutomo Kitui Makueni Kilimambogo Nairobi Narok Kisii Nyamira Kisumu Siaya, Bungoma",voi|ikutha kibwezi mwingi mutomo kitui makueni kilimambogo nairobi narok kisii nyamira kisumu siaya|bungoma
FORWARD TRAVELLERS SACCO LTD,NTR-00206,"kayole, umoja, outering, juja road, gikomba",kayole|umoja|outering|juja road|gikomba
FORWARD TRAVELLERS SACCO LTD,NTR-00207,"kayole, mihango, eastern bypass, juja road, bus station",kayole|mihango|eastern bypass|juja road|bus station
FORWARD TRAVELLERS SACCO LTD,NTR-0052,"kayole, umoja,outering,juja road, gikomba",kayole|umoja|outering|juja road|gikomba
FORWARD TRAVELLERS SACCO LTD,NTR-0048,"kayole, juja road,eastleigh, gikomba",kayole|juja road|eastleigh|gikomba
FORWARD TRAVELLERS SACCO LTD,NTR-0049,"kayole, juja road,muthurwa,otc, bustation",kayole|juja road|muthurwa|otc|bustation
FORWARD TRAVELLERS SACCO LTD,ADR-O68IMM7,"Malaa, KayoleJoskaKamuluRuaiSaikaMowlemKariobangiGikomba, Bus station",malaa|kayolejoskakamuluruaisaikamowlemkariobangigikomba|bus station
FORWARD TRAVELLERS SACCO LTD,ADR-6DBS997,"Nairobi, ThikaMuranga, Kangema",nairobi|thikamuranga|kangema
FORWARD TRAVELLERS SACCO LTD,ADR-WZ9SEEJ,"OTC, Jogoo rd Donholm Umoja Kayole Mihango Eastern Bypass, Ruiru",otc|jogoo rd donholm umoja kayole mihango eastern bypass|ruiru
FORWARD TRAVELLERS SACCO LTD,ADR-537HBOV,"Kangema, Muranga Thika Ruiru Estern Bypass Kangundo Rd Jogoo Rd Juja Rd Gikomba Alsops Ngara Mfangano Street Bus station Kayole Komarock Rd Umoja Morlem Savannah Cabanas Utawala-Mihango Northern Bypass Tassia Rd Malaa Mombasa Rd Mwiki Mwihoko Katani Emali Loitoktok, Nyahururu",kangema|muranga thika ruiru estern bypass kangundo rd jogoo rd juja rd gikomba alsops ngara mfangano street bus station kayole komarock rd umoja morlem savannah cabanas utawala mihango northern bypass tassia rd malaa mombasa rd mwiki mwihoko katani emali loitoktok|nyahururu
FORWARD TRAVELLERS SACCO LTD,ADR-A5ACK7E,"kayole, juja road, eastern bypass, bus station",kayole|juja road|eastern bypass|bus station
FORWARD TRAVELLERS SACCO LTD,ADR-9AKFJWV,"kayole, jogoo road, muthurwa, otc, mfangano",kayole|jogoo road|muthurwa|otc|mfangano
FORWARD TRAVELLERS SACCO LTD,ADR-DB3TY3L,"nairobi, emali, loitoktok, taveta",nairobi|emali|loitoktok|taveta
FORWARD TRAVELLERS SACCO LTD,ADR-3ZQSJAZ,"kayole, mfangano,jogoo road, muthurwa, otc",kayole|mfangano|jogoo road|muthurwa|otc
FORWARD TRAVELLERS SACCO LTD,ADR-JY7SZ3B,"kayole, gikomba,umoja,outering, juja road",kayole|gikomba|umoja|outering|juja road
FORWARD TRAVELLERS SACCO LTD,ADR-POKSYOW,"kayole, bus station,mihango, eastern bypass, juja road",kayole|bus station|mihango|eastern bypass|juja road
FORWARD TRAVELLERS SACCO LTD,ADR-VYASWL7,"kayole, gikomba,umoja, outering, juja road",kayole|gikomba|umoja|outering|juja road
FORWARD TRAVELLERS SACCO LTD,ADR-Q5LC865,"kayole, bus station,juja road, eastern bypass",kayole|bus station|juja road|eastern bypass
FORWARD TRAVELLERS SACCO LTD,ADR-EPJSEY7,"nairobi, taveta,emali, oloitoktok",nairobi|taveta|emali|oloitoktok
FORWARD TRAVELLERS SACCO LTD,ADR-2DVSR5D,"bus station, jogoo road, kayole, utawala",bus station|jogoo road|kayole|utawala
FORWARD TRAVELLERS SACCO LTD,ADR-K9BF6VE,"nairobi, thika, muranga",nairobi|thika|muranga
FORWARD TRAVELLERS SACCO LTD,ADR-7WRS9Z9,"kayole, jogoo road, otc",kayole|jogoo road|otc
FORWARD TRAVELLERS SACCO LTD,ADR-BQ9SQ33,"kayole, mfangano street, otc",kayole|mfangano street|otc
FORWARD TRAVELLERS SACCO LTD,ADR-REOSZLO,"kayole, gikomba,allsops,, juja road",kayole|gikomba|allsops|juja road
FORWARD TRAVELLERS SACCO LTD,ADR-MDMSJAQ,"kayole, otc,kangundo,tala, jogoo road",kayole|otc|kangundo|tala|jogoo road
FORWARD TRAVELLERS SACCO LTD,ADR-YM3SBE5,"nairobi, taveta,emali, loitoktok",nairobi|taveta|emali|loitoktok
FORWARD TRAVELLERS SACCO LTD,ADR-8LMSYVK,"kayole, komarocksmolemjuja road, eastleigh",kayole|komarocksmolemjuja road|eastleigh
FORWARD TRAVELLERS SACCO LTD,ADR-ZZJSJ2A,"kayole, gikomba,juja road, eastleigh",kayole|gikomba|juja road|eastleigh
FORWARD TRAVELLERS SACCO LTD,ADR-2DVSR5M,"bus station, muthurwa, jogoo road, kayole, eastern bypass, utawala",bus station|muthurwa|jogoo road|kayole|eastern bypass|utawala
FORWARD TRAVELLERS SACCO LTD,ADR-K9BF6V8,"kariobangi south, outering road, thika road, gikomba, commercial",kariobangi south|outering road|thika road|gikomba|commercial
FORWARD TRAVELLERS SACCO LTD,ADR-7WRS9ZW,"kayole, gikomba, juja road",kayole|gikomba|juja road
FORWARD TRAVELLERS SACCO LTD,ADR-BQ9SQ3A,"otc, jogoo rd, kayole, mihango, eastern bypass, ruiru underpass",otc|jogoo rd|kayole|mihango|eastern bypass|ruiru underpass
FOURTY FOUR OWNERS COMPANY LIMITED,NTR-00201901151029270,"tom mboya, zimmerman,githurai,kahawa west,ruiru,juja,thika road, makongenithika",tom mboya|zimmerman|githurai|kahawa west|ruiru|juja|thika road|makongenithika
FOURTY FOUR OWNERS COMPANY LIMITED,NTR-00202103091438110,"Commercial, Alsops Outering rd Juja rd Jogoo rd Kangundo rd Eastleigh Gikomba Thika rd Githurai Kahawa west Bypass Ruiru, Thika(makongeni)",commercial|alsops outering rd juja rd jogoo rd kangundo rd eastleigh gikomba thika rd githurai kahawa west bypass ruiru|thika makongeni
FOURTY FOUR OWNERS COMPANY LIMITED,NTR-0066,"commercial, zimmerman,kahawa west, githurai",commercial|zimmerman|kahawa west|githurai
FOURTY FOUR OWNERS COMPANY LIMITED,NTR-00201909171049330,"commercial, thika rd,githurai,kahawa west,bypass,ruiru, thika (makongeni)",commercial|thika rd|githurai|kahawa west|bypass|ruiru|thika makongeni
FOURTY FOUR OWNERS COMPANY LIMITED,ADR-YM3SB85,"commercial, gikombajuja rd eastleigh jogoo rd kangundo rdoutering rd thka rd alsops githurai kahawa westbypass ruiru kahawa sukari kahawa wendanimwihoko, thika(makongeni)",commercial|gikombajuja rd eastleigh jogoo rd kangundo rdoutering rd thka rd alsops githurai kahawa westbypass ruiru kahawa sukari kahawa wendanimwihoko|thika makongeni
FOURTY FOUR OWNERS COMPANY LIMITED,ADR-8LMSYMK,"tom mboya, thika road, githurai, ruiru",tom mboya|thika road|githurai|ruiru
FOURTY FOUR OWNERS COMPANY LIMITED,ADR-ZZJSJLA,"commercial, githurai,zimmerman, kahawa west",commercial|githurai|zimmerman|kahawa west
FOURTY FOUR OWNERS COMPANY LIMITED,ADR-LZRS7E5,"tom mboya, thika road, githurai 44, bypass, ruiru",tom mboya|thika road|githurai 44|bypass|ruiru
FOURTY FOUR OWNERS COMPANY LIMITED,ADR-O68IMO7,"ronald ngala, kahawa west, zimmerman",ronald ngala|kahawa west|zimmerman
GARAMU TRAVEL SOLUTIONS LIMITED,NTR-00201908300830460,"Railways, Ngong rdHurlinghamYayaKorosho/MbaaziKawangwareRiruta sateliteWaithakaDagoretti MarketKikuyuKarenNgong Langata Kibera Kileleshwa Lavington Uthiru, Wangige",railways|ngong rdhurlinghamyayakorosho/mbaazikawangwareriruta satelitewaithakadagoretti marketkikuyukarenngong langata kibera kileleshwa lavington uthiru|wangige
GARAMU TRAVEL SOLUTIONS LIMITED,NTR-00202101201303380,"Ngong, Karen Dagoretti corner Kawangware Kikuyu Wangige, Limuru",ngong|karen dagoretti corner kawangware kikuyu wangige|limuru
GARAMU TRAVEL SOLUTIONS LIMITED,ADR-8LMS5QE,"railways, ngong rd,hurlingham,yaya,korosho/mbaazi,kawanware,riruta satelite,waithaka,dagoretti market, kikuyu",railways|ngong rd|hurlingham|yaya|korosho/mbaazi|kawanware|riruta satelite|waithaka|dagoretti market|kikuyu
GARAMU TRAVEL SOLUTIONS LIMITED,ADR-ZZJSVOR,"railways, ngong rd,hurlingham,yaya,korosho/mbaazi,kawangware,riruta satelite,waithaka,dagoretti market, kikuyu",railways|ngong rd|hurlingham|yaya|korosho/mbaazi|kawangware|riruta satelite|waithaka|dagoretti market|kikuyu
GATANGA SHUTTLE LIMITED,NTR-00414,"Nairobi, Thika Nyokanyoka Rd Muranga Kangema Nyeri Nanyuki Nyahururu Nakuru Naivasha Njabini Olkalou Maumau Rd, Mugoiri",nairobi|thika nyokanyoka rd muranga kangema nyeri nanyuki nyahururu nakuru naivasha njabini olkalou maumau rd|mugoiri
GATANGA SHUTTLE LIMITED,NTR-00183,"nairobi, thika nyeri nyahururu, nakuru",nairobi|thika nyeri nyahururu|nakuru
GATANGA SHUTTLE LIMITED,NTR-00236,"nairobi, thika,nyeri,nyahururu, nakuru",nairobi|thika|nyeri|nyahururu|nakuru
GATANGA SHUTTLE LIMITED,NTR-00142,"nairobi, thika road,thika, nyeri",nairobi|thika road|thika|nyeri
GATANGA SHUTTLE LIMITED,ADR-VYASAD8,"nairobi, nakuru, thika nyeri nyahururu",nairobi|nakuru|thika nyeri nyahururu
GATANGA SHUTTLE LIMITED,ADR-Q5LCLD9,"nairobi, thika, nyeri, nyahururu, nakuru",nairobi|thika|nyeri|nyahururu|nakuru
GATANGA TRAVELLERS SAVINGS AND CREDIT CO-OPERATIVE SOCIETY LTD,NTR-00183,"nairobi, thika nyeri nyahururu, nakuru",nairobi|thika nyeri nyahururu|nakuru
GATANGA TRAVELLERS SAVINGS AND CREDIT CO-OPERATIVE SOCIETY LTD,NTR-00236,"nairobi, thika,nyeri,nyahururu, nakuru",nairobi|thika|nyeri|nyahururu|nakuru
GATANGA TRAVELLERS SAVINGS AND CREDIT CO-OPERATIVE SOCIETY LTD,NTR-00250,"nairobi, nakuru, nyahururu",nairobi|nakuru|nyahururu
GATANGA TRAVELLERS SAVINGS AND CREDIT CO-OPERATIVE SOCIETY LTD,ADR-WZ9SWJP,"nairobi, thika, nyeri, nyahururu, nakuru",nairobi|thika|nyeri|nyahururu|nakuru
GATANGA TRAVELLERS SAVINGS AND CREDIT CO-OPERATIVE SOCIETY LTD,ADR-537H6AJ,"nairobi, nakuru, thika nyeri nyahururu",nairobi|nakuru|thika nyeri nyahururu
GATHIMA TRAVELLERS SAVINGS AND CREDIT CO-OPERATIVE SOCIETY.,NTR-00201911141534530,"Thika, Thika rdJujaGatunduKangoo, Kamwangi",thika|thika rdjujagatundukangoo|kamwangi
GATHIMA TRAVELLERS SAVINGS AND CREDIT CO-OPERATIVE SOCIETY.,ADR-537HORO,"thika, gatundu, kiambu",thika|gatundu|kiambu
GATHIMA TRAVELLERS SAVINGS AND CREDIT CO-OPERATIVE SOCIETY.,ADR-A5AC7R8,"thika, kiambu, gatundu",thika|kiambu|gatundu
GEOBEAT MAOKA TRAVELLERS LIMITED,NTR-00202010291101240,"Alsops, lLucky SummerBaba Dogo Outering rd via Rabai rd Makadara City Stadium Kangundo rd, Koma bus Park",alsops|llucky summerbaba dogo outering rd via rabai rd makadara city stadium kangundo rd|koma bus park
GEOBEAT MAOKA TRAVELLERS LIMITED,ADR-EPJSRP5,"Allsops, Outering road,Mumias rd,Makadara, City Stadium",allsops|outering road|mumias rd|makadara|city stadium
GEOBEAT MAOKA TRAVELLERS LIMITED,ADR-2DVSDQ3,"Ngara, Juja Rd Outering Rd Eastern Bypass Cabanas Mombasa Rd GM Lusaka Rd City Stadium Jogoo Rd Makadara via Rabai Rd Lucky Summer, Muthurwa",ngara|juja rd outering rd eastern bypass cabanas mombasa rd gm lusaka rd city stadium jogoo rd makadara via rabai rd lucky summer|muthurwa
GEOBEAT MAOKA TRAVELLERS LIMITED,ADR-K9BFZAY,"Ngara, Juja Rd Outering Rd Eastern Bypass Cabanas Mombasa Rd GM Lusaka Rd City Stadium Jogoo Rd Makadara via Rabai Rd Lucky Summer, Muthurwa",ngara|juja rd outering rd eastern bypass cabanas mombasa rd gm lusaka rd city stadium jogoo rd makadara via rabai rd lucky summer|muthurwa
GEOBEAT MAOKA TRAVELLERS LIMITED,ADR-7WRSOQO,"Ngara, Juja Rd Outering Rd Eastern Bypass Cabanas Mombasa Rd GM Lusaka Rd City Stadium Jogoo Rd Makadara via Rabai Rd Lucky Summer, Muthurwa",ngara|juja rd outering rd eastern bypass cabanas mombasa rd gm lusaka rd city stadium jogoo rd makadara via rabai rd lucky summer|muthurwa
GEOBEAT MAOKA TRAVELLERS LIMITED,ADR-BQ9SMK7,"Ngara, Juja Rd Outering Rd Eastern Bypass Cabanas Mombasa Rd GM Lusaka Rd City Stadium Jogoo Rd Makadara via Rabai Rd Lucky Summer, Muthurwa",ngara|juja rd outering rd eastern bypass cabanas mombasa rd gm lusaka rd city stadium jogoo rd makadara via rabai rd lucky summer|muthurwa
GIKAKI SACCO SOCIETY LIMITED,NTR-00813,"Githunguri, Kagwe Kimende Limuru uplands kwamaiko ruiru, nyanduma",githunguri|kagwe kimende limuru uplands kwamaiko ruiru|nyanduma
GIKAKI SACCO SOCIETY LIMITED,NTR-00202211011816190,"Githunguri, Kagwe Kimende Limuru Uplands Kwa Maiko Ruiru Nyanduma Kibichoi Gathugu Gachika Gatundu Thika Mai-Mahiu, Naivasha",githunguri|kagwe kimende limuru uplands kwa maiko ruiru nyanduma kibichoi gathugu gachika gatundu thika mai mahiu|naivasha
GIKAKI SACCO SOCIETY LIMITED,ADR-O68I2YK,"githunguri, kagwe, kimende, ruiru",githunguri|kagwe|kimende|ruiru
GIKAKI SACCO SOCIETY LIMITED,ADR-6DBS8ER,"githunguri, kagwe, kimende",githunguri|kagwe|kimende
GIKAKI SACCO SOCIETY LIMITED,ADR-WZ9SL7Y,"githunguri, kagwe,kimende,nyanduma, ruiru",githunguri|kagwe|kimende|nyanduma|ruiru
GIKAKURU TRAVELLERS SACCO,NTR-00820,"githurai 45, mwihoko eastern bypass ruiru githunguri limuru kimende kijabe hospital wangige kiambu, kahawa west",githurai 45|mwihoko eastern bypass ruiru githunguri limuru kimende kijabe hospital wangige kiambu|kahawa west
GIKAKURU TRAVELLERS SACCO,ADR-537HQP8,"githurabypass, ku referral hospital,ruiru,thika, gatuanyanga",githurabypass|ku referral hospital|ruiru|thika|gatuanyanga
GIKIMWI BYPASS TRANSPORTERS SACCO,NTR-001337,"githurai, mumbi, mwihoko",githurai|mumbi|mwihoko
GIKIMWI BYPASS TRANSPORTERS SACCO,NTR-00201905161413340,"githurai, mumbi,mwihoko,kahawa sukari,ruiru, makongenithika",githurai|mumbi|mwihoko|kahawa sukari|ruiru|makongenithika
GIKIMWI BYPASS TRANSPORTERS SACCO,ADR-WZ9SVAQ,"githurai, mwihoko, kahawa sukari, bypass, ruiru",githurai|mwihoko|kahawa sukari|bypass|ruiru
GINYALI COOPERATIVE SAVINGS & CREDIT SOCIETY LTD,NTR-00202101211540210,"Thika(Makongeni), Ruiru Githunguri Githiga Limuru via Kabuku Ngecha Kikuyu via Kamandura Naivasha, Nakuru",thika makongeni|ruiru githunguri githiga limuru via kabuku ngecha kikuyu via kamandura naivasha|nakuru
GINYALI COOPERATIVE SAVINGS & CREDIT SOCIETY LTD,NTR-00828,"Thika(makongeni), Ruiru kiambu githiga githunguri kagwe via gatundu mau mau rd matimbei kagaa mathanja gatina limuru kimende matathia kijabe maimahiu naivasha via njabini engineer nyahururu, nakuru",thika makongeni|ruiru kiambu githiga githunguri kagwe via gatundu mau mau rd matimbei kagaa mathanja gatina limuru kimende matathia kijabe maimahiu naivasha via njabini engineer nyahururu|nakuru
GINYALI COOPERATIVE SAVINGS & CREDIT SOCIETY LTD,NTR-0088,"githunguri, kambaa,kagaa,kimende,limuru,naivasha, nakuru",githunguri|kambaa|kagaa|kimende|limuru|naivasha|nakuru
GINYALI COOPERATIVE SAVINGS & CREDIT SOCIETY LTD,NTR-00201909161408460,"thika(makongeni), ruiru,githunguri,kambaa,kagaa,kimende,limuru,naivasha, nakuru",thika makongeni|ruiru|githunguri|kambaa|kagaa|kimende|limuru|naivasha|nakuru
GINYALI COOPERATIVE SAVINGS & CREDIT SOCIETY LTD,ADR-VYASAV2,"Thika(Makongeni), Ruiru Githunguri Githiga Limuru via Kabuku Ngecha Kikiyu via Kamandura Naivasha, Nakuru",thika makongeni|ruiru githunguri githiga limuru via kabuku ngecha kikiyu via kamandura naivasha|nakuru
GINYALI COOPERATIVE SAVINGS & CREDIT SOCIETY LTD,ADR-Q5LCLYD,"nairobi, githunguri,nyambari,limuru, naivasha",nairobi|githunguri|nyambari|limuru|naivasha
GINYALI COOPERATIVE SAVINGS & CREDIT SOCIETY LTD,ADR-EPJSJA5,"nairobi, guthunguri, kambaa, kagaa, kimende, limuru, naivasha, nakuru",nairobi|guthunguri|kambaa|kagaa|kimende|limuru|naivasha|nakuru
GINYALI COOPERATIVE SAVINGS & CREDIT SOCIETY LTD,ADR-2DVSBZ3,"githunguri, nakuru,kambaa,kagaa,kimende,limuru, naivasha",githunguri|nakuru|kambaa|kagaa|kimende|limuru|naivasha
GITHIGA TRAVELLERS SACCO,NTR-00201902261346190,"ngara, kiambu,githiga,githunguri,limuru, nakuru",ngara|kiambu|githiga|githunguri|limuru|nakuru
GITHIGA TRAVELLERS SACCO,ADR-A5ACLDJ,"St peters, GithunguriLimuru, Nakuru",st peters|githungurilimuru|nakuru
GITHIGA TRAVELLERS SACCO,ADR-9AKFAEY,"St peters, kiambugithiga Githunguri kambaa via uplands nyambari Limuru, Nakuru",st peters|kiambugithiga githunguri kambaa via uplands nyambari limuru|nakuru
GITHIGA TRAVELLERS SACCO,ADR-DB3TB99,"st.peters, kiambu, limuru, githuguri",st peters|kiambu|limuru|githuguri
GITHIGA TRAVELLERS SACCO,ADR-3ZQSJDD,"st.peters, githiga, githunguri, limuru",st peters|githiga|githunguri|limuru
GITHIGA TRAVELLERS SACCO,ADR-JY7SZYO,"tommboya, githunguri,kiambu road, kiambu",tommboya|githunguri|kiambu road|kiambu
GITHIGA TRAVELLERS SACCO,ADR-POKSY2B,"st.peters, githuguri,kiambu, limuru",st peters|githuguri|kiambu|limuru
GITHIGA TRAVELLERS SACCO,ADR-VYASWYR,"st peters, githunguri, kiambu",st peters|githunguri|kiambu
GITHIGA TRAVELLERS SACCO,ADR-Q5LC827,"st peters, kiambu, githunguri",st peters|kiambu|githunguri
GITHIGA TRAVELLERS SACCO,ADR-EPJSEMV,"ngara, kiambu,githiga,githunguri, limuru",ngara|kiambu|githiga|githunguri|limuru
GITHURAI 45 SACCO,NTR-00415,"ronald ngara, thika road, githurai",ronald ngara|thika road|githurai
GITHURAI 45 SACCO,NTR-00202102161130010,"Ronald Ngala, Thika rd Outering rd Juja rd Cabanas Eastern bypass Ruai Mwihoko Githurai Thika(Makongeni), Mwingi",ronald ngala|thika rd outering rd juja rd cabanas eastern bypass ruai mwihoko githurai thika makongeni|mwingi
GITHURAI 45 SACCO,ADR-537HYWR,"nairobi, thika road, githurai, mwingi",nairobi|thika road|githurai|mwingi
GITHURAI 45 SACCO,ADR-A5AC286,"ronald ngala, githurai, mwingi",ronald ngala|githurai|mwingi
GITHURAI 45 SACCO,ADR-9AKFOR5,"ronald ngala, mwingi, githurai",ronald ngala|mwingi|githurai
GITHURAI 45 SACCO,ADR-DB3TQOD,"nairobi, mwingi,thika road, githurai",nairobi|mwingi|thika road|githurai
GITHURAI 45 SACCO,ADR-3ZQSO23,"railways, mwingi,thika road, githurai",railways|mwingi|thika road|githurai
GITHURAI 45 SACCO,ADR-JY7SE7Q,"ronald ngara, githurai, thika road",ronald ngara|githurai|thika road
GITHURAI 45 SACCO,ADR-POKS7KY,"ronald ngala, thika road,githurai, thika (makongeni)",ronald ngala|thika road|githurai|thika makongeni
GIWA SAVINGS AND CREDIT COOPERATIVE SOCIETY LIMITED,ADR-7WRSOLM,"Wangige, GikuniGathiga, St mathews",wangige|gikunigathiga|st mathews
GIWA SAVINGS AND CREDIT COOPERATIVE SOCIETY LIMITED,ADR-BQ9SM8B,"Wangige, Gikuni Gathiga St mathews ngecha mwamto kikuyu dagoretti kamangu limurukahuho gachie, river lori",wangige|gikuni gathiga st mathews ngecha mwamto kikuyu dagoretti kamangu limurukahuho gachie|river lori
GMK SACCO LIMITED,NTR-00202009021508060,"Nyeri, KaratinaEmbuMurangaKiriainiNgara(NRB), Voi",nyeri|karatinaembumurangakiriainingara nrb|voi
GMK SACCO LIMITED,NTR-00202202241345360,"Ngara, Outering Rd Kayole Eastern Bypass Kangundo Rd Ruai Northern Bypass Mwihoko via Thika Muranga Karatina Kiriaini NyeriEmbu, Voi",ngara|outering rd kayole eastern bypass kangundo rd ruai northern bypass mwihoko via thika muranga karatina kiriaini nyeriembu|voi
GMK SACCO LIMITED,ADR-LZRSW7B,"ngara, ruai outering rd northern bypass mwihoko via thika muranga karatina kiriaini nyeri embu, voi",ngara|ruai outering rd northern bypass mwihoko via thika muranga karatina kiriaini nyeri embu|voi
GMK SACCO LIMITED,ADR-O68I2MZ,"githurai, muranga, kiriaini , ADR-6DBS896- ngara, muranga,kiriaini,nyeri, karatina",githurai|muranga|kiriaini|adr 6dbs896 ngara|muranga|kiriaini|nyeri|karatina
GUCHA EXPRESS LIMITED,NTR-00202101261102060,"Railways, Mlolongo Kitengela, Machakos",railways|mlolongo kitengela|machakos
GUCHA EXPRESS LIMITED,ADR-LZRS6J7,"Railways, Jogoo Rd Outering Rd Kangundo Rd Ruai Katani Mlolongo Kitengela\tMachakos, Isinya",railways|jogoo rd outering rd kangundo rd ruai katani mlolongo kitengela tmachakos|isinya
HANNOVER SWIFT TRANS LIMITED,NTR-0025,"Kikuyu, Waiyaki Way,Westlands,Tom Mboya,Thika road, Kasarani , Mwiki",kikuyu|waiyaki way|westlands|tom mboya|thika road|kasarani|mwiki
HANNOVER SWIFT TRANS LIMITED,NTR-00749,"Kikuyu, Waiyaki Way Westlands Tom Mboya Thika Rd Kasarani Mwiki Komarock |Kangundo Rd Ruai Outering Rd Donholm Juja Rd GPO Kabiria Dagoreti Kamangu Limuru Kiambu Ruiru Thika, Makongeni",kikuyu|waiyaki way westlands tom mboya thika rd kasarani mwiki komarock kangundo rd ruai outering rd donholm juja rd gpo kabiria dagoreti kamangu limuru kiambu ruiru thika|makongeni
HIGHRISE KIBERA SACCO,NTR-00202110191626020,"Bus Station, enterprise rd via lusaka langata rd highrise upperhill memorial link rd KNH community valley rd soweto sunday studio silanga, yaya centre via ngong rd",bus station|enterprise rd via lusaka langata rd highrise upperhill memorial link rd knh community valley rd soweto sunday studio silanga|yaya centre via ngong rd
HIGHRISE KIBERA SACCO,ADR-9AKFJ77,"bus station, nyayo, highrise, knh, kibera",bus station|nyayo|highrise|knh|kibera
HIGHRISE KIBERA SACCO,ADR-DB3TYAM,"bus station, kibera,nyayo, highrise, knh",bus station|kibera|nyayo|highrise|knh
HOME SACCO LIMITED,NTR-00471,"Limuru, Ngecha, Uplands",limuru|ngecha|uplands
HOME SACCO LIMITED,NTR-00201807271239220,"Wangige, Kikuyu Gachie Gathiga Ruaka Kiambu Ruiru, Kenol",wangige|kikuyu gachie gathiga ruaka kiambu ruiru|kenol
HOME SACCO LIMITED,NTR-00202001071446410,"Khoja, Westlands Wangige Peponi Rd Ngecha Limuru Uplands Kikuyu Gachie Gathiga Ruaka Kiambu Ruiru, Kenol",khoja|westlands wangige peponi rd ngecha limuru uplands kikuyu gachie gathiga ruaka kiambu ruiru|kenol
HOME SACCO LIMITED,ADR-MDMSQ73,"khoja, westlands,wangige,ngecha, peponi rd",khoja|westlands|wangige|ngecha|peponi rd
HOME SACCO LIMITED,ADR-YM3S6DR,"khoja, westlands, wangige",khoja|westlands|wangige
HOME SACCO LIMITED,ADR-8LMSEZM,"odeon, thome, thika road",odeon|thome|thika road
HOME SACCO LIMITED,ADR-ZZJSQAV,"khoja, wangige, westlands",khoja|wangige|westlands
HOME SACCO LIMITED,ADR-LZRSWMO,"khoja, peponi rd,westlands,wangige, ngecha",khoja|peponi rd|westlands|wangige|ngecha
HURUMA MINI-BUS SACCO LTD,NTR-00202012151628260,"City cabanas via outering rd, Kangundo rd Thika rd Mombasa rd, Eastleigh",city cabanas via outering rd|kangundo rd thika rd mombasa rd|eastleigh
HURUMA MINI-BUS SACCO LTD,ADR-REOSZB2,"huruma, pangani,kariokor, tusker",huruma|pangani|kariokor|tusker
Inagi Travellers Sacco,NTR-00202003111620510,"Githunguri, NairobiMachakos via outering rd, Kitui",githunguri|nairobimachakos via outering rd|kitui
Inagi Travellers Sacco,NTR-00385,"githunguri, nairobi, nakuru",githunguri|nairobi|nakuru
Inagi Travellers Sacco,ADR-A5ACPED,"Githunguri, NairobiMachakos, Kitui",githunguri|nairobimachakos|kitui
Inagi Travellers Sacco,ADR-9AKF2VP,"githunguri, nakuru, nairobi",githunguri|nakuru|nairobi
INDIMA (NJE) SACCO,NTR-00487,"Bus station, Mombasa roadLusaka road Industrial AreaKwa Njenga Outering rd Kangundo rd Ruai, Kamulu",bus station|mombasa roadlusaka road industrial areakwa njenga outering rd kangundo rd ruai|kamulu
INDIMA (NJE) SACCO,NTR-00563,"bus station, lusaka road,enterprise road,industrial area,general motors, mukuru kwa njenga",bus station|lusaka road|enterprise road|industrial area|general motors|mukuru kwa njenga
INDIMA (NJE) SACCO,NTR-0017,"Bus station, muthurwa mombasa rd lusaka rd industrial area enterprise rd likoni rd imara daima kwa njenga jogoo rd outering rd kangundo rd ruai kamulu eastern bypass, alsops",bus station|muthurwa mombasa rd lusaka rd industrial area enterprise rd likoni rd imara daima kwa njenga jogoo rd outering rd kangundo rd ruai kamulu eastern bypass|alsops
INDIMA (NJE) SACCO,NTR-00202203171440590,"Bus Station, Mombasa Rd Syokimau Athi River, Kitengela",bus station|mombasa rd syokimau athi river|kitengela
INDIMA (NJE) SACCO,NTR-00564,"muthurwa, enterprise road,industrial area,general motors,mombasa road, mukuru kwa njenga",muthurwa|enterprise road|industrial area|general motors|mombasa road|mukuru kwa njenga
INDIMA (NJE) SACCO,ADR-JY7SQRO,"Bus station, muthurwa mombasa rd lusaka rd industrial area enterprise rd likoni rd imara daima kwa njenga jogoo rd outering rd kangundo rdruai eastern bypass, alsops",bus station|muthurwa mombasa rd lusaka rd industrial area enterprise rd likoni rd imara daima kwa njenga jogoo rd outering rd kangundo rdruai eastern bypass|alsops
INDIMA (NJE) SACCO,ADR-POKSMZB,"bus station, mukuru kwa njenga, lusaka road,enterprise road,industrial area, general motors",bus station|mukuru kwa njenga|lusaka road|enterprise road|industrial area|general motors
INDIMA (NJE) SACCO,ADR-VYASVJR,"bus station, mombasa road, lusaka road, industrial area, kwa njenga",bus station|mombasa road|lusaka road|industrial area|kwa njenga
INDIMA (NJE) SACCO,ADR-Q5LCYA7,"muthurwa, lusaka road, industrial area, enterprise road, hillocks, mombasa road, kwa njenga",muthurwa|lusaka road|industrial area|enterprise road|hillocks|mombasa road|kwa njenga
INDIMA (NJE) SACCO,ADR-EPJSA6V,"muthurwa, jogoo road,likoni road, industrial area",muthurwa|jogoo road|likoni road|industrial area
INDIMA (NJE) SACCO,ADR-2DVSZ6L,"muthurwa, kwa njenga,enterprise road, lusaka road",muthurwa|kwa njenga|enterprise road|lusaka road
INDIMA (NJE) SACCO,ADR-K9BFEO7,"bus station, kwa njenga,lusaka road, industrial area, general motors",bus station|kwa njenga|lusaka road|industrial area|general motors
INDIMA (NJE) SACCO,ADR-7WRS7WJ,"bus station, mukuru kwa njenga,lusaka road,enterprise road,industrial area, general motors",bus station|mukuru kwa njenga|lusaka road|enterprise road|industrial area|general motors
INDIMA (NJE) SACCO,ADR-BQ9S7E2,"muthurwa, kwa njenga,lusaka road, industrial area, enterprise road, hillocks, mombasa road",muthurwa|kwa njenga|lusaka road|industrial area|enterprise road|hillocks|mombasa road
INDIMA (NJE) SACCO,ADR-REOS8MY,"muthurwa, mukuru kwa njenga,enterprise road,industrial area,general motors, mombasa road",muthurwa|mukuru kwa njenga|enterprise road|industrial area|general motors|mombasa road
INDO STAR SACCO,ADR-BQ9S58K,"Muthurwa, Industrial AreaImara Njenga Likoni Road Lungalunga rdFirst Avenue Jogoo rd Outering rd Eastern bypass Mombasa rd, Mlolongo",muthurwa|industrial areaimara njenga likoni road lungalunga rdfirst avenue jogoo rd outering rd eastern bypass mombasa rd|mlolongo
INDO STAR SACCO,ADR-REOSR55,"Muthurwa, Industrial Area Imara Njenga Likoni Road Lungalunga rd First Avenue Jogoo rd Outering rd Kangundo rdEastern bypass Mombasa rd, Mlolongo",muthurwa|industrial area imara njenga likoni road lungalunga rd first avenue jogoo rd outering rd kangundo rdeastern bypass mombasa rd|mlolongo
INDO STAR SACCO,ADR-MDMSQ2P,"Muthurwa, Industrial Area Imara Njenga Likoni Road Lungalunga rd First Avenue Jogoo rd Outering rd Kangundo rd kayole spine rd manyanja rd Eastern bypass langata rd bomas Mombasa rd, Mlolongo",muthurwa|industrial area imara njenga likoni road lungalunga rd first avenue jogoo rd outering rd kangundo rd kayole spine rd manyanja rd eastern bypass langata rd bomas mombasa rd|mlolongo
INDO STAR SACCO,ADR-YM3S6Y3,"muthurwa, industrial area, likoni road, mombasa raod, jogoo road, mlolongo",muthurwa|industrial area|likoni road|mombasa raod|jogoo road|mlolongo
INTEGRITY INTERCITY LIMITED,NTR-00201911081554190,"Khoja, Thika rd outering rd Ngumba eastern bypass juja farm Forest roadMuseum roadWaiyaki wayKinoo kikuyu wangige ndenderu rironi, Limuru",khoja|thika rd outering rd ngumba eastern bypass juja farm forest roadmuseum roadwaiyaki waykinoo kikuyu wangige ndenderu rironi|limuru
INTEGRITY INTERCITY LIMITED,NTR-00725,"khoja, thika road, ngumba",khoja|thika road|ngumba
INTEGRITY INTERCITY LIMITED,ADR-MDMSZLA,"Khoja, Thika rd,Ngumba,Forest road,Museum road,Waiyaki way,Kinoo, Rironi",khoja|thika rd|ngumba|forest road|museum road|waiyaki way|kinoo|rironi
INTER COUNTIES TRAVELLERS SACCO,NTR-00202104150815260,"Muthurwa, jogoo rd likoni rd lungalunga donholm mombasa rd Cabanas Eastern bypass Ruai, Alsops",muthurwa|jogoo rd likoni rd lungalunga donholm mombasa rd cabanas eastern bypass ruai|alsops
INTER COUNTIES TRAVELLERS SACCO,ADR-K9BFYJY,"muthurwa, jogoo road,likoni road,lungalunga, donholm",muthurwa|jogoo road|likoni road|lungalunga|donholm
INTER COUNTIES TRAVELLERS SACCO,ADR-7WRSRBO,"muthurwa, donholm,jogoo road,likoni road, lungalunga",muthurwa|donholm|jogoo road|likoni road|lungalunga
ISKA INVESTMENTS COMPANY LTD.,NTR-00202107221159520,"Commercial, Ronald ngala Zimmermankiambugithuraikahawa westoutering roadnorthern bypasseastern bypassruiruthika, Makongeni",commercial|ronald ngala zimmermankiambugithuraikahawa westoutering roadnorthern bypasseastern bypassruiruthika|makongeni
ISKA INVESTMENTS COMPANY LTD.,NTR-00579,"nairobi, thika road, thika",nairobi|thika road|thika
ISKA INVESTMENTS COMPANY LTD.,ADR-K9BFVB2,"nairobi, thika, thika road",nairobi|thika|thika road
ITHANGA TRAVELLERS SACCO,NTR-00565,"ithanga, thika, nairobi",ithanga|thika|nairobi
ITHANGA TRAVELLERS SACCO,ADR-LZRSYQL,"ithanga, nairobi, thika",ithanga|nairobi|thika
JESMAT TRAVELLERS CO-OPRATIVE,NTR-00202102021255020,"Mfangano street, Kariokor Gikomba Ngara fig Juja rd Eastleigh Kiambiu Thika rd Mathare North Outering rd Eastern bypass, Kangundo rd",mfangano street|kariokor gikomba ngara fig juja rd eastleigh kiambiu thika rd mathare north outering rd eastern bypass|kangundo rd
JESMAT TRAVELLERS CO-OPRATIVE,ADR-EPJSE9J,"mfangano street, gikomba, majengo",mfangano street|gikomba|majengo
JESMAT TRAVELLERS CO-OPRATIVE,ADR-2DVSRY2,"mfangano street, highrise,gikomba, majengo",mfangano street|highrise|gikomba|majengo
JESMAT TRAVELLERS CO-OPRATIVE,ADR-K9BF6KW,"mfangano street, gikomba,majengo, highrise",mfangano street|gikomba|majengo|highrise
JESMAT TRAVELLERS CO-OPRATIVE,ADR-7WRS9L5,"mfangano, eastleigh section 3, luthuli avenue",mfangano|eastleigh section 3|luthuli avenue
JONSAGA FLATS SACCO,ADR-7WRS29M,"Ronald Ngala, NgaraJujardHuruma Round aboutOutering rdKangundo rd, Ruai",ronald ngala|ngarajujardhuruma round aboutoutering rdkangundo rd|ruai
JONSAGA FLATS SACCO,NTR-00202104161338180,"Mowlem, Kariokor Gikomba cabanas Mombasa Rd athi River thika rd forest rd, Limuru rd",mowlem|kariokor gikomba cabanas mombasa rd athi river thika rd forest rd|limuru rd
JONSAGA FLATS SACCO,NTR-00202002071549350,"Ronald Ngala, Ngara Juja rd Huruma Round about Outering rd Kangundo rd Ruai Mowlem Kariokor Gikomba Cabanas Mombasa rd Athi river Forest rd Thika rd, Limuru",ronald ngala|ngara juja rd huruma round about outering rd kangundo rd ruai mowlem kariokor gikomba cabanas mombasa rd athi river forest rd thika rd|limuru
JONSAGA FLATS SACCO,ADR-BQ9SZQB,"Ronald Ngala, Ngara Juja Rd Huruma Round About Outering Rd Kangundo Rd Ruai Utawala Cabanas Mombasa Rd, Athi River",ronald ngala|ngara juja rd huruma round about outering rd kangundo rd ruai utawala cabanas mombasa rd|athi river
JONSAGA FLATS SACCO,ADR-REOSOZM,"Ronald Ngala, Race Course Rd Ngara Forest Rd Ojijo Rd Parklands via Westlands Limuru Rd Thika Rd Githurai, Juja Town",ronald ngala|race course rd ngara forest rd ojijo rd parklands via westlands limuru rd thika rd githurai|juja town
JONSAGA FLATS SACCO,ADR-MDMSMJL,"huruma, juja road, ngara, ronald ngara",huruma|juja road|ngara|ronald ngara
JONSAGA FLATS SACCO,ADR-YM3SLEW,"huruma, juja,ngara, ronald ngala",huruma|juja|ngara|ronald ngala
JONSAGA FLATS SACCO,ADR-YM3SLVL,"huruma, ronald ngala,juja, ngara",huruma|ronald ngala|juja|ngara
JONSAGA FLATS SACCO,ADR-ZZJSZ2O,"huruma, ronald ngara,juja road, ngara",huruma|ronald ngara|juja road|ngara
JUJA ATHI TRAVELLERS SACCO.,NTR-00201906201608210,"juja, juja farm, athi",juja|juja farm|athi
JUJA ATHI TRAVELLERS SACCO.,ADR-DB3T5EP,"athi, makongeni thika ruiru juja juja farm gatundu, muranga",athi|makongeni thika ruiru juja juja farm gatundu|muranga
JUJA ATHI TRAVELLERS SACCO.,ADR-3ZQS3EE,"athi, makongeni thika ruiru juja juja farm gatundu, muranga",athi|makongeni thika ruiru juja juja farm gatundu|muranga
JUPITERLINE INVESTMENTS CAPITAL LIMITED,NTR-00477,"nairobi, thika road, ruiru",nairobi|thika road|ruiru
JUPITERLINE INVESTMENTS CAPITAL LIMITED,NTR-00201906141322300,"ngara, thika road, nanyuki",ngara|thika road|nanyuki
JUPITERLINE INVESTMENTS CAPITAL LIMITED,ADR-Q5LCBAQ,"ngara, thika rd, ruiru",ngara|thika rd|ruiru
KADANA TRAVELLERS SAVINGS AND CREDIT CO-OPERATIVE SOCIETY LIMITED,NTR-00202012111036520,"Railways, Ngong rd Kawangware Kabiria Waithaka Dagoretti market Karen Ngong Kikuyu Lusigetti, Kamangu",railways|ngong rd kawangware kabiria waithaka dagoretti market karen ngong kikuyu lusigetti|kamangu
KADANA TRAVELLERS SAVINGS AND CREDIT CO-OPERATIVE SOCIETY LIMITED,NTR-00202012111031250,"Kamangu, Kikuyu Waithaka Kawangware Kabiria Dagoretti market Karen, Ngong",kamangu|kikuyu waithaka kawangware kabiria dagoretti market karen|ngong
KADANA TRAVELLERS SAVINGS AND CREDIT CO-OPERATIVE SOCIETY LIMITED,ADR-MDMSQK8,"kikuyu, dagoreti, karen, ngong road, railways",kikuyu|dagoreti|karen|ngong road|railways
KADANA TRAVELLERS SAVINGS AND CREDIT CO-OPERATIVE SOCIETY LIMITED,ADR-YM3S6VM,"kikuyu, dagoreti, karen, ngong road, railways",kikuyu|dagoreti|karen|ngong road|railways
KADANA TRAVELLERS SAVINGS AND CREDIT CO-OPERATIVE SOCIETY LIMITED,ADR-8LMSEYR,"railways, ngong rd,kawangware,kabiria,waithaka,dagoretti,karen,kikuyu,lusingeti, kamangu",railways|ngong rd|kawangware|kabiria|waithaka|dagoretti|karen|kikuyu|lusingeti|kamangu
KADANA TRAVELLERS SAVINGS AND CREDIT CO-OPERATIVE SOCIETY LIMITED,ADR-ZZJSQJP,"knh, ngong road,karen,dagoretti, kikuyu",knh|ngong road|karen|dagoretti|kikuyu
KAKA TRAVELLERS SACCO LIMITED,NTR-00201907241046260,"KAGWE, NAIROBINAKURUNYAHURURUNANYUKI RUIRU, GITHUNGURI",kagwe|nairobinakurunyahururunanyuki ruiru|githunguri
KAKA TRAVELLERS SACCO LIMITED,NTR-00498,"Nairobi, Githunguri kagwe Ruiru maumau Rd Nakuru Nyahururu, Nanyuki",nairobi|githunguri kagwe ruiru maumau rd nakuru nyahururu|nanyuki
KAKA TRAVELLERS SACCO LIMITED,NTR-00408,"kagwe, nairobi, nakuru",kagwe|nairobi|nakuru
KAKA TRAVELLERS SACCO LIMITED,ADR-WZ9SEM3,"kagwenairobinakuru ,, KAGWE - GITHUNGURI - NAIROBI,NAKURU,NYAHURURU,NANYUKI,MAKONGENI,RUIRU- KAGWE - GITHUNGURI - NAIROBI,NAKURU,NYAHURURU,NANYUKI,MAKONGENI,RUIRU - KAGWE - GITHUNGURI - NAIROBI,NAKURU,NYAHURURU,NANYUKI,MAKONGENI,RUIRU",kagwenairobinakuru|kagwe githunguri nairobi|nakuru|nyahururu|nanyuki|makongeni|ruiru kagwe githunguri nairobi|nakuru|nyahururu|nanyuki|makongeni|ruiru kagwe githunguri nairobi|nakuru|nyahururu|nanyuki|makongeni|ruiru
KAM TRANSPORTERS SACCO LTD,NTR-00717,"nairobi, kangundo, machakos",nairobi|kangundo|machakos
KAM TRANSPORTERS SACCO LTD,NTR-00202101251001560,"Nairobi, Kithimani Matuu Kitui Mwingi Mutomo, Kangundo",nairobi|kithimani matuu kitui mwingi mutomo|kangundo
KAM TRANSPORTERS SACCO LTD,NTR-00201903291451040,"nairobi, kangundo,mwala,makutano, kitui",nairobi|kangundo|mwala|makutano|kitui
KAM TRANSPORTERS SACCO LTD,NTR-00201904081413120,"nairobi, tala,kangundo,machakos, wote",nairobi|tala|kangundo|machakos|wote
KAM TRANSPORTERS SACCO LTD,ADR-7WRS79Z,"Nairobi, Tala Donyo sabuk Matuu Mwala, Machakos",nairobi|tala donyo sabuk matuu mwala|machakos
KAM TRANSPORTERS SACCO LTD,ADR-BQ9S7QZ,"nairobi, tala,kangundo, machakos",nairobi|tala|kangundo|machakos
KAM TRANSPORTERS SACCO LTD,ADR-REOS8ZR,"nairobi, machakos, makueni, kitui, mutomo, kibwezi, ikutha, voi, mombasa",nairobi|machakos|makueni|kitui|mutomo|kibwezi|ikutha|voi|mombasa
KAM TRANSPORTERS SACCO LTD,ADR-MDMSKJO,"nairobi, machakos,makueni,kibwezi, mtitoandei",nairobi|machakos|makueni|kibwezi|mtitoandei
KAM TRANSPORTERS SACCO LTD,ADR-YM3SVB9,"nairobi, machakos,tala, kangundo",nairobi|machakos|tala|kangundo
KAM TRANSPORTERS SACCO LTD,ADR-8LMSJYZ,"nairobi, mtitoandei,machakos,makueni, kibwezi",nairobi|mtitoandei|machakos|makueni|kibwezi
KAM TRANSPORTERS SACCO LTD,ADR-ZZJS9J5,"nairobi, mombasa,machakos, makueni, kitui, mutomo, kibwezi, ikutha, voi",nairobi|mombasa|machakos|makueni|kitui|mutomo|kibwezi|ikutha|voi
KAM TRANSPORTERS SACCO LTD,ADR-LZRSO7V,"nairobi, machakos, kitui, mutomo, ikutha, kibwezi, mtito andei, mombasa",nairobi|machakos|kitui|mutomo|ikutha|kibwezi|mtito andei|mombasa
KAM TRANSPORTERS SACCO LTD,ADR-O68IVMW,"nairobi, mtitoandei, wote",nairobi|mtitoandei|wote
KAM TRANSPORTERS SACCO LTD,ADR-6DBSW9M,"nairobi, mombasa, wote",nairobi|mombasa|wote
KAM TRANSPORTERS SACCO LTD,ADR-WZ9SW3B,"nairobi, machakos, wote, makindu, kitui, mutomo, kibwezi, mtito andei, ikutha, voi, mombasa",nairobi|machakos|wote|makindu|kitui|mutomo|kibwezi|mtito andei|ikutha|voi|mombasa
KANDARA SOUTH TRAVELLERS SACCO (K.S.T),NTR-00231,"nairobi, thika, kangari",nairobi|thika|kangari
KANDARA SOUTH TRAVELLERS SACCO (K.S.T),NTR-00268,"Nyahururu, Olkalou Engineer Njambini Maumau Rd Nyoka Rd, Muranga",nyahururu|olkalou engineer njambini maumau rd nyoka rd|muranga
KANDARA SOUTH TRAVELLERS SACCO (K.S.T),NTR-00202202281223180,"Nairobi, Thika KihumbuiniGitiri kangari Muranga Nyoka Rd Mau Mau Rd Njambini Engineer, Olkalou",nairobi|thika kihumbuinigitiri kangari muranga nyoka rd mau mau rd njambini engineer|olkalou
KANDARA SOUTH TRAVELLERS SACCO (K.S.T),ADR-6DBS8QA,"thika, kiunyu, kihumbuini",thika|kiunyu|kihumbuini
KANDARA SOUTH TRAVELLERS SACCO (K.S.T),ADR-WZ9SLAA,"nairobi, kangari, thika",nairobi|kangari|thika
KANGEMI MATATU OWNERS SACCO,NTR-00201910041038480,"odeon, westlands,kangemi,stage 87,muhuri rd,dagoretti market junction,thogoto,kamangu,thigio,kmandura,rironi,kiambaa, kinoo 87",odeon|westlands|kangemi|stage 87|muhuri rd|dagoretti market junction|thogoto|kamangu|thigio|kmandura|rironi|kiambaa|kinoo 87
KANGEMI MATATU OWNERS SACCO,NTR-00202009041256260,"Odeon, WestlandsKangemiUthiruStage 87Muhuri RdDagoretti Market JunctionThogotoKamanguThigioKamanduraLimuruRironiKiambaa, Kinoo 87",odeon|westlandskangemiuthirustage 87muhuri rddagoretti market junctionthogotokamanguthigiokamanduralimururironikiambaa|kinoo 87
KANGEMI MATATU OWNERS SACCO,NTR-0078,"odeon, westlands, kangemi",odeon|westlands|kangemi
KANGEMI MATATU OWNERS SACCO,ADR-K9BF6AW,"odeon, westlands, kangemi",odeon|westlands|kangemi
KANGEMI MATATU OWNERS SACCO,ADR-7WRS9Q5,"odeon, kangemi, stage87, muhuri road, dagoretti market junction",odeon|kangemi|stage87|muhuri road|dagoretti market junction
KANGEMI MATATU OWNERS SACCO,ADR-BQ9SQK6,"odeon, kangemi, westlands",odeon|kangemi|westlands
KANGEMI MATATU OWNERS SACCO,ADR-REOSZDE,"busstation, Jogoo rd,kangundo rd, ruai, joska, malaa, tala, Thika, kiskioni, donyosabuku, kilimambogo, Makongeni,Thika Twn, Thika Rd, Odeon, Westland, Kangemi, Uthiru, Stage87, Muhurird, Dagoretti Market,Thogoto, Kamangu, Thigio, Kamandura, Limuru, Rironi, Kiambaa, Kikuyu, Kinoo 87",busstation|jogoo rd|kangundo rd|ruai|joska|malaa|tala|thika|kiskioni|donyosabuku|kilimambogo|makongeni|thika twn|thika rd|odeon|westland|kangemi|uthiru|stage87|muhurird|dagoretti market|thogoto|kamangu|thigio|kamandura|limuru|rironi|kiambaa|kikuyu|kinoo 87
KANI TRANSPORT SAVINGS AND CREDIT CO-OPERATIVE SOCIETY LIMITED,ADR-K9BF6YK,"Bus station, Muthurwa, Jogoo road, Kayole, Eastern bypass, Utawala, City cabanas",bus station|muthurwa|jogoo road|kayole|eastern bypass|utawala|city cabanas
KANI TRANSPORT SAVINGS AND CREDIT CO-OPERATIVE SOCIETY LIMITED,ADR-7WRS9RE,"bus station, muthurwa, jogoo road, kayole, eastern bypass, utawala",bus station|muthurwa|jogoo road|kayole|eastern bypass|utawala
KANI TRANSPORT SAVINGS AND CREDIT CO-OPERATIVE SOCIETY LIMITED,ADR-BQ9SQ29,"bus station, jogoo road, kayole, utawala",bus station|jogoo road|kayole|utawala
KANI TRANSPORT SAVINGS AND CREDIT CO-OPERATIVE SOCIETY LIMITED,ADR-REOSZQW,"muthurwa, utawala,jogoo road, kayole",muthurwa|utawala|jogoo road|kayole
KANI TRANSPORT SAVINGS AND CREDIT CO-OPERATIVE SOCIETY LIMITED,ADR-MDMSJZD,"bus station, utawala,jogoo road, kayole",bus station|utawala|jogoo road|kayole
KANI TRANSPORT SAVINGS AND CREDIT CO-OPERATIVE SOCIETY LIMITED,ADR-YM3SB8O,"kayole, jogoo road, otc",kayole|jogoo road|otc
KANI TRANSPORT SAVINGS AND CREDIT CO-OPERATIVE SOCIETY LIMITED,ADR-8LMSYMB,"kayole, otc,jogoo road, muthurwa",kayole|otc|jogoo road|muthurwa
KARIOBANGI MATATU OWNERS SAVINGS AND CREDIT CO-OPERATIVE SOCIETY LIMITED,NTR-00202101251614210,"Kariobangi, Juja rd Gikomba Kariokor Ronald ngala Commercial Thika rd Alsops Outering rd, Kariobangi south",kariobangi|juja rd gikomba kariokor ronald ngala commercial thika rd alsops outering rd|kariobangi south
KARIOBANGI MATATU OWNERS SAVINGS AND CREDIT CO-OPERATIVE SOCIETY LIMITED,NTR-00349,"ronald ngara, thika road,alsolps, kariobangi",ronald ngara|thika road|alsolps|kariobangi
KARIOBANGI MATATU OWNERS SAVINGS AND CREDIT CO-OPERATIVE SOCIETY LIMITED,NTR-00348,"ronald ngara, juja road, kariobangi",ronald ngara|juja road|kariobangi
KARIOBANGI MATATU OWNERS SAVINGS AND CREDIT CO-OPERATIVE SOCIETY LIMITED,ADR-WZ9SWPQ,"Kamulu, Kangundo rd Eastern bypass Mombasa rd Likoni rd Lungalunga rd Outering rd Kariobangi North Lucky Summer Baba dogo Kariobangi South Juja rd Easthleigh 1st avenueJogoo rd Gikomba Kariokor Ronald NgalaCommercial Globe round aboutWestlands Forest rd Thika rd Juja, Thika(Makongeni)",kamulu|kangundo rd eastern bypass mombasa rd likoni rd lungalunga rd outering rd kariobangi north lucky summer baba dogo kariobangi south juja rd easthleigh 1st avenuejogoo rd gikomba kariokor ronald ngalacommercial globe round aboutwestlands forest rd thika rd juja|thika makongeni
KARIOBANGI MATATU OWNERS SAVINGS AND CREDIT CO-OPERATIVE SOCIETY LIMITED,ADR-537H69Q,"Kamulu, Kangundo rd Eastern bypass Mombasa rd Enterprise rd Likoni rd Lungalunga rd Outering rd Kariobangi North Lucky Summer Baba dogo Kariobangi South Juja rd Easthleigh 1st avenueJogoo rd Gikomba Kariokor Ronald NgalaCommercial Globe round aboutWestlands Forest rd Thika rd Juja, Thika(Makongeni)",kamulu|kangundo rd eastern bypass mombasa rd enterprise rd likoni rd lungalunga rd outering rd kariobangi north lucky summer baba dogo kariobangi south juja rd easthleigh 1st avenuejogoo rd gikomba kariokor ronald ngalacommercial globe round aboutwestlands forest rd thika rd juja|thika makongeni
KARIOBANGI MATATU OWNERS SAVINGS AND CREDIT CO-OPERATIVE SOCIETY LIMITED,ADR-A5ACLOL,"gikomba, juja road, kariobangi",gikomba|juja road|kariobangi
KARIOBANGI MATATU OWNERS SAVINGS AND CREDIT CO-OPERATIVE SOCIETY LIMITED,ADR-9AKFA9J,"kariobangi south, outering road, thika road, gikomba, commercial",kariobangi south|outering road|thika road|gikomba|commercial
KARIOBANGI MATATU OWNERS SAVINGS AND CREDIT CO-OPERATIVE SOCIETY LIMITED,ADR-DB3TBZ3,"ronald ngara, kariobangi, thika road",ronald ngara|kariobangi|thika road
KARIOBANGI MATATU OWNERS SAVINGS AND CREDIT CO-OPERATIVE SOCIETY LIMITED,ADR-3ZQSLM2,"ronald ngara, kariobangi, juja road",ronald ngara|kariobangi|juja road
KARIOBANGI MATATU OWNERS SAVINGS AND CREDIT CO-OPERATIVE SOCIETY LIMITED,ADR-JY7SQ6E,"kariobagi, juja road, eastleigh, gikomba",kariobagi|juja road|eastleigh|gikomba
KARIOBANGI MATATU OWNERS SAVINGS AND CREDIT CO-OPERATIVE SOCIETY LIMITED,ADR-POKSME5,"gikomba, kariobangi, juja road",gikomba|kariobangi|juja road
KARIOBANGI MATATU OWNERS SAVINGS AND CREDIT CO-OPERATIVE SOCIETY LIMITED,ADR-VYASVEO,"ronald ngara, kariobangi,thika road, alsolps",ronald ngara|kariobangi|thika road|alsolps
KARIOBANGI MATATU OWNERS SAVINGS AND CREDIT CO-OPERATIVE SOCIETY LIMITED,ADR-Q5LCYZZ,"kariobangi, thika road, commercial",kariobangi|thika road|commercial
KARIOBANGI MATATU OWNERS SAVINGS AND CREDIT CO-OPERATIVE SOCIETY LIMITED,ADR-EPJSABK,"kariobangi south, juja road, kariokor, ronald ngara",kariobangi south|juja road|kariokor|ronald ngara
KARURI COMMUTERS SERVICES SAVINGS AND CREDIT CO-OPERTAIVE SOCIETY LIMITED,NTR-00202009081636350,"Kiserian, Ngong Dagoretti Wangige Khoja Thika Gatuanyaga Ruiru Kiambu, Limuru .",kiserian|ngong dagoretti wangige khoja thika gatuanyaga ruiru kiambu|limuru
KARURI COMMUTERS SERVICES SAVINGS AND CREDIT CO-OPERTAIVE SOCIETY LIMITED,NTR-00201910041052400,"Khoja, BananaLimuruKiambuTatucityNorthern bypassRuiruThika, Gatuanyaga",khoja|bananalimurukiambutatucitynorthern bypassruiruthika|gatuanyaga
KARURI COMMUTERS SERVICES SAVINGS AND CREDIT CO-OPERTAIVE SOCIETY LIMITED,NTR-00202105031016150,"Kiserian, Ngong Dagoretti Kikuyu Wangige ABC Drive Khoja Limuru Kijabe Naivasha Kiambu Ruiru Thika, Gatuanya",kiserian|ngong dagoretti kikuyu wangige abc drive khoja limuru kijabe naivasha kiambu ruiru thika|gatuanya
KARURI COMMUTERS SERVICES SAVINGS AND CREDIT CO-OPERTAIVE SOCIETY LIMITED,NTR-00340,"khoja, banana, limuru",khoja|banana|limuru
KARURI COMMUTERS SERVICES SAVINGS AND CREDIT CO-OPERTAIVE SOCIETY LIMITED,NTR-00201812181042570,"khoja, limuru,banana,kiambu,tatu city, ruiru",khoja|limuru|banana|kiambu|tatu city|ruiru
KARURI COMMUTERS SERVICES SAVINGS AND CREDIT CO-OPERTAIVE SOCIETY LIMITED,ADR-7WRSZYL,"Khoja, Thika, Gatuanyaga",khoja|thika|gatuanyaga
KARURI COMMUTERS SERVICES SAVINGS AND CREDIT CO-OPERTAIVE SOCIETY LIMITED,ADR-BQ9S3WL,"Kiserian, NgongkawangwareDagorettikikuyuwangigeABC drivewestlands Parklands Highridge Khojalimuru suswaKijabeNaivashaNorthern bypasseastern bypasskiambu roadkiamburuiruthikagatuanyagarailwaysathiriver, Machakos",kiserian|ngongkawangwaredagorettikikuyuwangigeabc drivewestlands parklands highridge khojalimuru suswakijabenaivashanorthern bypasseastern bypasskiambu roadkiamburuiruthikagatuanyagarailwaysathiriver|machakos
KARURI COMMUTERS SERVICES SAVINGS AND CREDIT CO-OPERTAIVE SOCIETY LIMITED,ADR-REOSL7A,"banana, railways,athi river, machakos",banana|railways|athi river|machakos
KARURI COMMUTERS SERVICES SAVINGS AND CREDIT CO-OPERTAIVE SOCIETY LIMITED,ADR-MDMSADY,"khoja, limuru, banana",khoja|limuru|banana
KARURI COMMUTERS SERVICES SAVINGS AND CREDIT CO-OPERTAIVE SOCIETY LIMITED,ADR-YM3SEKK,"banana, machakos,railways, athi river",banana|machakos|railways|athi river
KARURI COMMUTERS SERVICES SAVINGS AND CREDIT CO-OPERTAIVE SOCIETY LIMITED,ADR-8LMSV8D,"nairobi, limuru,kiambu, banana",nairobi|limuru|kiambu|banana
KAWANGWARE MATATU SAVINGS AND CREDIT CO-OPERATIVE SOCIETY LIMITED,NTR-0042,"railways, yaya, kawangware",railways|yaya|kawangware
KAWANGWARE MATATU SAVINGS AND CREDIT CO-OPERATIVE SOCIETY LIMITED,ADR-ZZJSJW2,"railways, kawangware, yaya",railways|kawangware|yaya
kayo-line group company limited,NTR-00129,"Mwiki, Kayole kangundo rd kamulu via ruai Utawala Mihango Cabanas Outering rd Kariobangi, Kasarani",mwiki|kayole kangundo rd kamulu via ruai utawala mihango cabanas outering rd kariobangi|kasarani
kayo-line group company limited,ADR-JY7SZKY,"Mwiki, KayoleUtawala Mihango Cabanas Outering rd Kariobangi, Kasarani",mwiki|kayoleutawala mihango cabanas outering rd kariobangi|kasarani
kayo-line group company limited,ADR-POKSY3L,"mwiki, utawala, cabanas, outering road, kayole",mwiki|utawala|cabanas|outering road|kayole
kayo-line group company limited,ADR-VYASWQB,"mwiki, utawala, cabanas, kayole",mwiki|utawala|cabanas|kayole
kayo-line group company limited,ADR-Q5LC893,"mwiki, utawala, kayole",mwiki|utawala|kayole
kayo-line group company limited,ADR-EPJSEWO,"kasarani, kayole, kariobangi",kasarani|kayole|kariobangi
KENYA BUS SERVICE MANAGEMENT LIMITED,NTR-0020181211134410497,"Bus station, Kencom,GPO,KNH,Adams arcade,Karen,Ngong,Matasia,Kiseriani,Rongai,Bomas,Langata road, Kiserian",bus station|kencom|gpo|knh|adams arcade|karen|ngong|matasia|kiseriani|rongai|bomas|langata road|kiserian
KENYA BUS SERVICE MANAGEMENT LIMITED,NTR-001152,"isinya, kitengela athi river syokimau jkia utawala ruai malaa kangundo rd kangundo umoja innercore outering rd dandora kariobangi huruma buruburu jogoo rdkencom rongai kiserian ngong hardy knh kibera kawangware kikuyu waiyaki way thika rd, thika",isinya|kitengela athi river syokimau jkia utawala ruai malaa kangundo rd kangundo umoja innercore outering rd dandora kariobangi huruma buruburu jogoo rdkencom rongai kiserian ngong hardy knh kibera kawangware kikuyu waiyaki way thika rd|thika
KENYA BUS SERVICE MANAGEMENT LIMITED,NTR-0020181211132633916,"Karen, Dagoretti,Waithaka,Kawangware,Kibera,Knh,Bus Station,Njiru,Utawala,Ruai, Malaa",karen|dagoretti|waithaka|kawangware|kibera|knh|bus station|njiru|utawala|ruai|malaa
KENYA BUS SERVICE MANAGEMENT LIMITED,NTR-00487,"Bus station, Mombasa roadLusaka road Industrial AreaKwa Njenga Outering rd Kangundo rd Ruai, Kamulu",bus station|mombasa roadlusaka road industrial areakwa njenga outering rd kangundo rd ruai|kamulu
KENYA BUS SERVICE MANAGEMENT LIMITED,NTR-0035,"kikuyu, kawangware ngong rd yaya KNH ambassador langata rd lusaka rd jogoo rd JKIA utawala mombasa rd athi river kitengela, kajiado",kikuyu|kawangware ngong rd yaya knh ambassador langata rd lusaka rd jogoo rd jkia utawala mombasa rd athi river kitengela|kajiado
KENYA BUS SERVICE MANAGEMENT LIMITED,NTR-00202108060801500,"Bus Station, city stadium lusaka rd enterprise rd likoni rd jogoo rd kangundo rd via eastern bypass mombasa rd langata rd kungu karumba rd ngong rd karen dagoretti yaya centre limuru rd, Ruaka",bus station|city stadium lusaka rd enterprise rd likoni rd jogoo rd kangundo rd via eastern bypass mombasa rd langata rd kungu karumba rd ngong rd karen dagoretti yaya centre limuru rd|ruaka
KENYA BUS SERVICE MANAGEMENT LIMITED,NTR-006,"JKIA, utawala, umoja, Umoja innercore, bururu, kencom, KNH, Ngumo, Kibera, Kawangware, satellite, Karen, Langata road, waiyaki way, Hardy",jkia|utawala|umoja|umoja innercore|bururu|kencom|knh|ngumo|kibera|kawangware|satellite|karen|langata road|waiyaki way|hardy
KENYA BUS SERVICE MANAGEMENT LIMITED,NTR-00201910231055390,"kikuyu, kawangware ngong rd yaya knh ambasssador bus station lusaka rd outering rd jogoo rd jkia utawala mombasa rd athiriver kitengela, kajiado",kikuyu|kawangware ngong rd yaya knh ambasssador bus station lusaka rd outering rd jogoo rd jkia utawala mombasa rd athiriver kitengela|kajiado
KENYA BUS SERVICE MANAGEMENT LIMITED,NTR-001346,"karen, kawangware,kibera,knh,utawala,ruai, malaa",karen|kawangware|kibera|knh|utawala|ruai|malaa
KENYA BUS SERVICE MANAGEMENT LIMITED,NTR-0020181211134054530,"kikuyu, kawangware,ngong road,yaya,icea,ambassadeur,bus station,jogoo road,kangundo road,utawala,ruai,joska, malaa",kikuyu|kawangware|ngong road|yaya|icea|ambassadeur|bus station|jogoo road|kangundo road|utawala|ruai|joska|malaa
KENYA BUS SERVICE MANAGEMENT LIMITED,NTR-0013,"karen, kawangware, kibera, knh, ngumo, bus station, buruburu, dandora",karen|kawangware|kibera|knh|ngumo|bus station|buruburu|dandora
KENYA BUS SERVICE MANAGEMENT LIMITED,ADR-EPJSARP,"JKIA, utawala, umoja, Umoja innercore, bururu, Lusaka road, Bunyala road, KNH, Ngumo, Kibera, Kawangware, satellite, Karen, Langata road, waiyaki way, Hardy",jkia|utawala|umoja|umoja innercore|bururu|lusaka road|bunyala road|knh|ngumo|kibera|kawangware|satellite|karen|langata road|waiyaki way|hardy
KENYA BUS SERVICE MANAGEMENT LIMITED,ADR-2DVSZDY,"Bus station, Lusaka rd,Nyayo Stadium,Rongai,Kiserian,Ngong,Karen,Dagoretti Corner, Kenyatta Hospital",bus station|lusaka rd|nyayo stadium|rongai|kiserian|ngong|karen|dagoretti corner|kenyatta hospital
KENYA BUS SERVICE MANAGEMENT LIMITED,ADR-K9BFEZD,"Bus station, Ngong road, kawagware, uthiruNgecha Nduma Kamangu Gikambura Muguga Zambezi, Kahuho",bus station|ngong road|kawagware|uthirungecha nduma kamangu gikambura muguga zambezi|kahuho
KENYA BUS SERVICE MANAGEMENT LIMITED,ADR-7WRS7O8,"Isinya, Kitengela Athi river Syokimau SGR Mombasa rd JKIA Utawala Ruai Malaa Kantafu Kangundo rd Umoja Outering rd Juja rd Buruburu Jogoo rd South B Bus station Ambassador Kencom KNH Langata rd Ongata Rongai Kiserian Ngong Karen Hardy Kawangware Kikuyu Waiyaki way, Thika",isinya|kitengela athi river syokimau sgr mombasa rd jkia utawala ruai malaa kantafu kangundo rd umoja outering rd juja rd buruburu jogoo rd south b bus station ambassador kencom knh langata rd ongata rongai kiserian ngong karen hardy kawangware kikuyu waiyaki way|thika
KENYA BUS SERVICE MANAGEMENT LIMITED,ADR-BQ9S7MJ,"jkia, hardy,utawala, umoja, bururu, kencom, knh, ngumo, kibera, kawangware, satellite, karen, langata road, waiyaki way",jkia|hardy|utawala|umoja|bururu|kencom|knh|ngumo|kibera|kawangware|satellite|karen|langata road|waiyaki way
KENYA BUS SERVICE MANAGEMENT LIMITED,ADR-REOS8Y7,"jkia, hardy,mombasa road, bus station, gpo, knh, ngumo, kibera, yaya, kawangware, satelite, jamuhuri, karen",jkia|hardy|mombasa road|bus station|gpo|knh|ngumo|kibera|yaya|kawangware|satelite|jamuhuri|karen
KENYA BUS SERVICE MANAGEMENT LIMITED,ADR-MDMSKE3,"karen, dandora,kawangware, kibera, knh, ngumo, bus station, buruburu",karen|dandora|kawangware|kibera|knh|ngumo|bus station|buruburu
KENYA BUS SERVICE MANAGEMENT LIMITED,ADR-YM3SVJR,"jkia, hardy, utawala, umoja, bururu, kencom, knh, ngumo, kibera, kawangware, satellite, karen, langata road, waiyaki way",jkia|hardy|utawala|umoja|bururu|kencom|knh|ngumo|kibera|kawangware|satellite|karen|langata road|waiyaki way
KENYA BUS SERVICE MANAGEMENT LIMITED,ADR-8LMSJ5M,"jkia, utawala, umoja, bururu, kencom, knh, ngumo, kibera, kawangware, satellite, karen, langata road, waiyaki way, hardy",jkia|utawala|umoja|bururu|kencom|knh|ngumo|kibera|kawangware|satellite|karen|langata road|waiyaki way|hardy
KENYA BUS SERVICE MANAGEMENT LIMITED,ADR-ZZJS9VV,"karen, kawangware, kibera, knh, ngumo, bus station, jkia, utawala",karen|kawangware|kibera|knh|ngumo|bus station|jkia|utawala
KENYA BUS SERVICE MANAGEMENT LIMITED,ADR-2DVSZDZ,"karen, utawala,kawangware, kibera, knh, ngumo, bus station, jkia",karen|utawala|kawangware|kibera|knh|ngumo|bus station|jkia
KENYA BUS SERVICE MANAGEMENT LIMITED,ADR-K9BFEZ6,"jkia, utawala, umoja, bururu, kencom, knh, ngumo, kibera, kawangware, satellite, karen, langata road, waiyaki way, hardy",jkia|utawala|umoja|bururu|kencom|knh|ngumo|kibera|kawangware|satellite|karen|langata road|waiyaki way|hardy
KIAMBU MARAFIKI SACCO LTD,NTR-00202104150835020,"Nairobi, Kiambu, Muranga",nairobi|kiambu|muranga
KIAMBU MARAFIKI SACCO LTD,NTR-00202108021602280,"githunguri, kiambu rwaka via westland nairobi, Muranga",githunguri|kiambu rwaka via westland nairobi|muranga
KIAMBU MARAFIKI SACCO LTD,NTR-00421,"St Peters, Githunguri Kiambu. Ruaka via Westlands Ngara, Muranga",st peters|githunguri kiambu ruaka via westlands ngara|muranga
KIAMBU MARAFIKI SACCO LTD,NTR-00201901180908040,"ngara, kiambu, githunguri",ngara|kiambu|githunguri
KIAMBU MARAFIKI SACCO LTD,ADR-REOSZZO,"st peters, kiambu, githunguri",st peters|kiambu|githunguri
KIAMBU MARAFIKI SACCO LTD,ADR-MDMSJJQ,"st peters, githunguri, kiambu",st peters|githunguri|kiambu
KIBERA BURETI SACCO,NTR-00260,"Railways, KNH Yaya City stadium Ngara Muthurwa St Marys Kinoo Kikuyu Karen Lenana Racecourse Kawangware Westlands, Kibera",railways|knh yaya city stadium ngara muthurwa st marys kinoo kikuyu karen lenana racecourse kawangware westlands|kibera
KIBERA BURETI SACCO,NTR-00496,"railways, knh,yaya, kibera",railways|knh|yaya|kibera
KIBERA BURETI SACCO,NTR-00201901141201050,"railways, knh,yaya,kibera,westlands, st marys",railways|knh|yaya|kibera|westlands|st marys
KIBERA BURETI SACCO,NTR-00201901141202100,"westlands, yaya,knh,kibera, st marys",westlands|yaya|knh|kibera|st marys
KIBERA BURETI SACCO,ADR-BQ9S7KD,"railways, knh, kibera",railways|knh|kibera
KIBERA BURETI SACCO,ADR-REOS8DV,"railways, kibera,knh, yaya",railways|kibera|knh|yaya
KIBERA BURETI SACCO,ADR-MDMSKW8,"railways, kibera, ngong road",railways|kibera|ngong road
KIBERA BURETI SACCO,ADR-YM3SVZM,"railways, kibera, knh",railways|kibera|knh
KIBERA BURETI SACCO,ADR-8LMSJQR,"westlands, yaya,kibera, st marys",westlands|yaya|kibera|st marys
KIBERA BURETI SACCO,ADR-ZZJS9OP,"railways, ngong road, kibera",railways|ngong road|kibera
KIBERA MATATU OWNERS COOPERATIVE SAVINGS AND CREDIT SOCIETY LIMITED,NTR-00496,"railways, knh,yaya, kibera",railways|knh|yaya|kibera
KIBERA MATATU OWNERS COOPERATIVE SAVINGS AND CREDIT SOCIETY LIMITED,NTR-00699,"Kibera, KNH Mbagathi Way Langata St Mary Kibera Ngong Rd Wanyee Rd, kabiria",kibera|knh mbagathi way langata st mary kibera ngong rd wanyee rd|kabiria
KIBERA MATATU OWNERS COOPERATIVE SAVINGS AND CREDIT SOCIETY LIMITED,NTR-00598,"Kibera, Yaya Westlands St Marys, Langata",kibera|yaya westlands st marys|langata
KIBERA MATATU OWNERS COOPERATIVE SAVINGS AND CREDIT SOCIETY LIMITED,ADR-EPJSA7P,"railways, ngong road, kibera",railways|ngong road|kibera
KIBERA MATATU OWNERS COOPERATIVE SAVINGS AND CREDIT SOCIETY LIMITED,ADR-2DVSZPY,"railways, kibera, knh",railways|kibera|knh
KIBERA MATATU OWNERS COOPERATIVE SAVINGS AND CREDIT SOCIETY LIMITED,ADR-K9BFEYD,"railways, knh, kibera",railways|knh|kibera
KIBERA MATATU OWNERS COOPERATIVE SAVINGS AND CREDIT SOCIETY LIMITED,ADR-7WRS7R8,"railways, kibera, ngong road",railways|kibera|ngong road
KIBERA MATATU OWNERS COOPERATIVE SAVINGS AND CREDIT SOCIETY LIMITED,ADR-BQ9S72J,"railways, kibera,knh, yaya",railways|kibera|knh|yaya
KIDAGI SACCO,NTR-00202009221217140,"Kikuyu, Dagoretti Gikambura Ruthigiti Kamangu Limuru via, Muguga .",kikuyu|dagoretti gikambura ruthigiti kamangu limuru via|muguga
KIDAGI SACCO,NTR-00202109171040330,"Kikuyu, dagoretti gikamburaruthigiti kamangu limuru muguga karen dagoretti corner, Kawangware",kikuyu|dagoretti gikamburaruthigiti kamangu limuru muguga karen dagoretti corner|kawangware
KIDAGI SACCO,NTR-00539,"kikuyu, dagoreti, gikambura",kikuyu|dagoreti|gikambura
KIDAGI SACCO,ADR-7WRSZPL,"kikuyu, gikambura, dagoreti",kikuyu|gikambura|dagoreti
KILLETON COMMUTERS SERVICES SAVINGS AND CREDIT COOPERATIVE LTD,NTR-00201910041157320,"kibera(dc), via prestige,yaya,kileleshwa,lavington,westlands,kangemi,kikuyu,odeon,via limuru rd,ndenderu, karura",kibera dc|via prestige|yaya|kileleshwa|lavington|westlands|kangemi|kikuyu|odeon|via limuru rd|ndenderu|karura
KILLETON COMMUTERS SERVICES SAVINGS AND CREDIT COOPERATIVE LTD,ADR-K9BF6QW,"Ayany, olympic mashimoni kibera kabiria waithaka via ngong rd kawangware yaya kileleshwa lavington westlands kangemi kikuyu karura ndenderu odeon ngara thika rd kiambu rd ruiru via gitongoro limuru rd gacharage, gachie",ayany|olympic mashimoni kibera kabiria waithaka via ngong rd kawangware yaya kileleshwa lavington westlands kangemi kikuyu karura ndenderu odeon ngara thika rd kiambu rd ruiru via gitongoro limuru rd gacharage|gachie
KILLETON COMMUTERS SERVICES SAVINGS AND CREDIT COOPERATIVE LTD,ADR-7WRS9A5,"odeon, yaya,westlands, lavington, kileleshwa",odeon|yaya|westlands|lavington|kileleshwa
KILLETON COMMUTERS SERVICES SAVINGS AND CREDIT COOPERATIVE LTD,ADR-BQ9SQR6,"odeon, highridge, pangani, ndenderu",odeon|highridge|pangani|ndenderu
KILLETON COMMUTERS SERVICES SAVINGS AND CREDIT COOPERATIVE LTD,ADR-REOSZ2E,"odeon, westlands, lavington, kileleshwa, yaya",odeon|westlands|lavington|kileleshwa|yaya
KILLETON COMMUTERS SERVICES SAVINGS AND CREDIT COOPERATIVE LTD,ADR-MDMSJ9R,"odeon, westlands,lavington,kileleshwa,yaya,via prestige, kibera dc",odeon|westlands|lavington|kileleshwa|yaya|via prestige|kibera dc
KILLETON COMMUTERS SERVICES SAVINGS AND CREDIT COOPERATIVE LTD,ADR-YM3SBWQ,"odeon, kileleshwa,kiberadclavington,westlands,kangemi, kikuyu",odeon|kileleshwa|kiberadclavington|westlands|kangemi|kikuyu
KILLETON COMMUTERS SERVICES SAVINGS AND CREDIT COOPERATIVE LTD,ADR-8LMSYRL,"odeon, yaya,kileleshwa,kiberadc via prestigelavington,westlands,kangemi, kikuyu",odeon|yaya|kileleshwa|kiberadc via prestigelavington|westlands|kangemi|kikuyu
KIMMA SAVINGS AND CREDIT CO-OPERATIVE SOCIETY LIMITED,NTR-0056,"Nairobi, Emali, Loitoktok",nairobi|emali|loitoktok
KIMMA SAVINGS AND CREDIT CO-OPERATIVE SOCIETY LIMITED,NTR-00202012241413120,"Nairobi, Kangundo rd kangundo athi river kitengela machakos masii tawa mbumbuni wote emali, Loitoktok",nairobi|kangundo rd kangundo athi river kitengela machakos masii tawa mbumbuni wote emali|loitoktok
KIMMA SAVINGS AND CREDIT CO-OPERATIVE SOCIETY LIMITED,NTR-001098,"railways, athi river, kitengela, machakos",railways|athi river|kitengela|machakos
KIMMA SAVINGS AND CREDIT CO-OPERATIVE SOCIETY LIMITED,NTR-001104,"railways, kitengela, athi river, machakos",railways|kitengela|athi river|machakos
KIMMA SAVINGS AND CREDIT CO-OPERATIVE SOCIETY LIMITED,ADR-9AKFAOJ,"railways, athi river, kitengela, machakos",railways|athi river|kitengela|machakos
KIMMA SAVINGS AND CREDIT CO-OPERATIVE SOCIETY LIMITED,ADR-DB3TBQ3,"nairobi, athi river , kitengela, machakos",nairobi|athi river|kitengela|machakos
KIMMA SAVINGS AND CREDIT CO-OPERATIVE SOCIETY LIMITED,ADR-3ZQSLO2,"nairobi, kitengela, machakos, masii, tawa, mbumbuni",nairobi|kitengela|machakos|masii|tawa|mbumbuni
KIMMA SAVINGS AND CREDIT CO-OPERATIVE SOCIETY LIMITED,ADR-JY7SQEE,"railways, kitengela, athiriver, machakos",railways|kitengela|athiriver|machakos
KIMMA SAVINGS AND CREDIT CO-OPERATIVE SOCIETY LIMITED,ADR-POKSM75,"railways, athiriver, kitengela, machakos",railways|athiriver|kitengela|machakos
KIMMA SAVINGS AND CREDIT CO-OPERATIVE SOCIETY LIMITED,ADR-VYASVZO,"railways, machakos,athiriver, kitengela",railways|machakos|athiriver|kitengela
KIMMA SAVINGS AND CREDIT CO-OPERATIVE SOCIETY LIMITED,ADR-Q5LCYBZ,"railways, kitengela, athi river",railways|kitengela|athi river
KIMMA SAVINGS AND CREDIT CO-OPERATIVE SOCIETY LIMITED,ADR-EPJSAQK,"railway, machakos, athi river",railway|machakos|athi river
KIMMA SAVINGS AND CREDIT CO-OPERATIVE SOCIETY LIMITED,ADR-2DVSZ2O,"nairobi, machakos,athi river , kitengela",nairobi|machakos|athi river|kitengela
KIMMA SAVINGS AND CREDIT CO-OPERATIVE SOCIETY LIMITED,ADR-K9BFELO,"nairobi, kitengela, machakos",nairobi|kitengela|machakos
KIMMA SAVINGS AND CREDIT CO-OPERATIVE SOCIETY LIMITED,ADR-7WRS7VB,"nairobi, kitengela, machakos, Wote",nairobi|kitengela|machakos|wote
KIMMA SAVINGS AND CREDIT CO-OPERATIVE SOCIETY LIMITED,ADR-BQ9S7PR,"railways, machakos, athiriverkitengela",railways|machakos|athiriverkitengela
KIMMA SAVINGS AND CREDIT CO-OPERATIVE SOCIETY LIMITED,ADR-REOS8BD,"railways, kitengela, athi/river, machakos",railways|kitengela|athi/river|machakos
KIMMA SAVINGS AND CREDIT CO-OPERATIVE SOCIETY LIMITED,ADR-MDMSKO2,"nairobi, athi river, kitengela, machakos, masii, tawa, mbumbuni, wote",nairobi|athi river|kitengela|machakos|masii|tawa|mbumbuni|wote
KIRAGI TRAVELLERS SAVINGS AND CREDIT CO-OPERATIVE SOCIETY LIMITED,NTR-00496,"railways, knh,yaya, kibera",railways|knh|yaya|kibera
KIRAGI TRAVELLERS SAVINGS AND CREDIT CO-OPERATIVE SOCIETY LIMITED,NTR-00201901141201050,"railways, knh,yaya,kibera,westlands, st marys",railways|knh|yaya|kibera|westlands|st marys
KIRAGI TRAVELLERS SAVINGS AND CREDIT CO-OPERATIVE SOCIETY LIMITED,NTR-00202011171405560,"Railways, KNH Yaya Ngong Karen Satelite Kibera westlands St Marys Gikomba Eastleigh Nyayo City Stadium, Mlolongo",railways|knh yaya ngong karen satelite kibera westlands st marys gikomba eastleigh nyayo city stadium|mlolongo
KIRAGI TRAVELLERS SAVINGS AND CREDIT CO-OPERATIVE SOCIETY LIMITED,ADR-O68ILOR,"railways, kibera, knh",railways|kibera|knh
KIRAGI TRAVELLERS SAVINGS AND CREDIT CO-OPERATIVE SOCIETY LIMITED,ADR-6DBSDBP,"railways, kibera,knh, yaya",railways|kibera|knh|yaya
KIRAGI TRAVELLERS SAVINGS AND CREDIT CO-OPERATIVE SOCIETY LIMITED,ADR-WZ9S3Q6,"railways, kibera, ngong road",railways|kibera|ngong road
KIWALIRU SAVINGS AND CREDIT CO-OPERATIVE SOCIETY LIMITED,NTR-00202006121329170,"Kikuyu, WangigeChuraKahuhoZambeziNderiNdumaLimuruKabukuNgecha, Ruku",kikuyu|wangigechurakahuhozambezinderindumalimurukabukungecha|ruku
KIWALIRU SAVINGS AND CREDIT CO-OPERATIVE SOCIETY LIMITED,NTR-00202102241508470,"Kikuyu, wangige kanyariri ndumbuini kiambu, Limuru",kikuyu|wangige kanyariri ndumbuini kiambu|limuru
KIWALIRU SAVINGS AND CREDIT CO-OPERATIVE SOCIETY LIMITED,NTR-00202102241508080,"Kikuyu, wangige ruiru dagoretti market kamangu, Limuru",kikuyu|wangige ruiru dagoretti market kamangu|limuru
KIWALIRU SAVINGS AND CREDIT CO-OPERATIVE SOCIETY LIMITED,NTR-00202102241506170,"Kikuyu, wangige gachie ruaka kiambu, Ruiru",kikuyu|wangige gachie ruaka kiambu|ruiru
KIWALIRU SAVINGS AND CREDIT CO-OPERATIVE SOCIETY LIMITED,NTR-00202111051635150,"kiambu, wangige kikuyu, ngong via karen",kiambu|wangige kikuyu|ngong via karen
KIWALIRU SAVINGS AND CREDIT CO-OPERATIVE SOCIETY LIMITED,NTR-00663,"kikuyu, wangige, limuru, kiambu",kikuyu|wangige|limuru|kiambu
KIWALIRU SAVINGS AND CREDIT CO-OPERATIVE SOCIETY LIMITED,NTR-00201909161225430,"kikuyu, wangige,chura,kahuho,zambezi,nderi,nduma, limuru",kikuyu|wangige|chura|kahuho|zambezi|nderi|nduma|limuru
KIWALIRU SAVINGS AND CREDIT CO-OPERATIVE SOCIETY LIMITED,ADR-7WRS9BP,"kikuyu, wangige, limuru, ruiru",kikuyu|wangige|limuru|ruiru
KIWALIRU SAVINGS AND CREDIT CO-OPERATIVE SOCIETY LIMITED,ADR-BQ9SQAV,"kikuyu, ruiru,wangige, limuru",kikuyu|ruiru|wangige|limuru
KIWALIRU SAVINGS AND CREDIT CO-OPERATIVE SOCIETY LIMITED,ADR-REOSZ9Q,"kikuyu, kiambu,wangige, limuru",kikuyu|kiambu|wangige|limuru
KIZALI TRAVELLERS LIMITED,NTR-00201903291409260,"Kikuyu, Wangige Ngecha Kari Kerwa Thamanda kahuho Kiambu Ruiru Thika kanjeru Ndeiya Muhuri Rd Dagoretti market Karen Limuru Nachu Sgr Ngong Kiserian, Naivasha",kikuyu|wangige ngecha kari kerwa thamanda kahuho kiambu ruiru thika kanjeru ndeiya muhuri rd dagoretti market karen limuru nachu sgr ngong kiserian|naivasha
KIZALI TRAVELLERS LIMITED,NTR-001158,"kikuyu, limuru, naivasha",kikuyu|limuru|naivasha
KIZALI TRAVELLERS LIMITED,NTR-00789,"kikuyu, limuru, mai mahiu",kikuyu|limuru|mai mahiu
KIZALI TRAVELLERS LIMITED,NTR-00705,"nairobi, limuru, maimahiu",nairobi|limuru|maimahiu
KIZALI TRAVELLERS LIMITED,NTR-00201805151612080,"nairobi, limuru, naivasha",nairobi|limuru|naivasha
KIZALI TRAVELLERS LIMITED,NTR-00201903291434030,"nairobi, limuru,nachu,sgr, naivasha",nairobi|limuru|nachu|sgr|naivasha
KIZALI TRAVELLERS LIMITED,ADR-REOS8KD,"Kikuyu, WangigeNgechaKariKerwaThamandakahuhoKiambuRuiruThikakanjeruNdeiyaMuhuri RdLimuruNachuSgr, Naivasha",kikuyu|wangigengechakarikerwathamandakahuhokiamburuiruthikakanjerundeiyamuhuri rdlimurunachusgr|naivasha
KIZALI TRAVELLERS LIMITED,ADR-MDMSK72,"Kikuyu, WangigeNgechaKariKerwaThamandakahuhoKiambuRuiruThikakanjeruNdeiyaMuhuri Rd Dagoretti marketKaren LimuruNachuSgr, Naivasha",kikuyu|wangigengechakarikerwathamandakahuhokiamburuiruthikakanjerundeiyamuhuri rd dagoretti marketkaren limurunachusgr|naivasha
KIZALI TRAVELLERS LIMITED,ADR-YM3SVD2,"kikuyu, limuru, maimahiu, naivasha",kikuyu|limuru|maimahiu|naivasha
KIZALI TRAVELLERS LIMITED,ADR-8LMSJZ3,"kikuyu, mai mahiu, limuru",kikuyu|mai mahiu|limuru
KIZALI TRAVELLERS LIMITED,ADR-ZZJS9AE,"nairobi, mai mahiu, limuru",nairobi|mai mahiu|limuru
KIZALI TRAVELLERS LIMITED,ADR-LZRSOML,"nairobi, kikuyu,ngecha,kari,kerwa,thamanda,kahuho,kanjeru,ndeiya,muhuri rd,limuru,nachu,sgr, naivasha",nairobi|kikuyu|ngecha|kari|kerwa|thamanda|kahuho|kanjeru|ndeiya|muhuri rd|limuru|nachu|sgr|naivasha
KSMT SACCO LTD,NTR-00201810081022580,"City Cabanas, RuiruVia Mwihoko thika(oil libya), Mwingi",city cabanas|ruiruvia mwihoko thika oil libya|mwingi
KSMT SACCO LTD,NTR-00442,"City Cabanas, Ruiru via Mwihoko Juja Farm Athi Thika, Mwingi",city cabanas|ruiru via mwihoko juja farm athi thika|mwingi
KSMT SACCO LTD,ADR-537HWW8,"city cabanas, ruiru, mwingi",city cabanas|ruiru|mwingi
KSMT SACCO LTD,ADR-A5AC885,"city cabanas, mwingi, ruiru",city cabanas|mwingi|ruiru
KSMT SACCO LTD,ADR-9AKFRRK,"city cabanas, ruiru,via mwihoko, mwingi",city cabanas|ruiru|via mwihoko|mwingi
LANKANA SACCO SOCIETY LIMITED,NTR-00202105240920410,"karen, bomas gataka rd ongata rongai kiserian isinya ngong, Kawangware",karen|bomas gataka rd ongata rongai kiserian isinya ngong|kawangware
LANKANA SACCO SOCIETY LIMITED,NTR-00201910041613510,"railways, langata rd,bomas,hardy,gataka rd,ongata rongai,kiserian,ngong, karen",railways|langata rd|bomas|hardy|gataka rd|ongata rongai|kiserian|ngong|karen
LANKANA SACCO SOCIETY LIMITED,ADR-2DVSRVL,"karen, hardy, bomas, langata road, railways",karen|hardy|bomas|langata road|railways
LANKANA SACCO SOCIETY LIMITED,ADR-K9BF6Q7,"karen, railways,hardy, bomas, langata road",karen|railways|hardy|bomas|langata road
LATEMA 22 TRAVELLERS SACCO,NTR-00201901181136400,"Tom mboya, K.U,Thika rd,Warren,Kahawa sukari, Mwihoko",tom mboya|k u|thika rd|warren|kahawa sukari|mwihoko
LATEMA 22 TRAVELLERS SACCO,NTR-0020160530150722,"Odeon, Westlands Kangemi Uthiru Kinoo Regen Railways Kitengela via Mlolongo, Isinya",odeon|westlands kangemi uthiru kinoo regen railways kitengela via mlolongo|isinya
LATEMA 22 TRAVELLERS SACCO,ADR-MDMSJLE,"Kitengela, Isinya, Kisaju",kitengela|isinya|kisaju
LATEMA 22 TRAVELLERS SACCO,ADR-REOSZVQ,"odeon, kinoo, westlandsuthiru",odeon|kinoo|westlandsuthiru
LATEMA 22 TRAVELLERS SACCO,NTR-001332,"odeon, westlands,kangemi,uthiru,kinoo, regen",odeon|westlands|kangemi|uthiru|kinoo|regen
LATEMA 22 TRAVELLERS SACCO,ADR-8LMSY6Y,"railways, ngong road, naivasha road, satellite , kabiria, uthiru",railways|ngong road|naivasha road|satellite|kabiria|uthiru
LATEMA 22 TRAVELLERS SACCO,ADR-K9BF68M,"railways, abambassador, kawangware, uthiru",railways|abambassador|kawangware|uthiru
LATEMA 22 TRAVELLERS SACCO,ADR-7WRS93P,"odeon, westlands, kangemi, uthiru, kinoo",odeon|westlands|kangemi|uthiru|kinoo
LATEMA 22 TRAVELLERS SACCO,NTR-0015,"uthiru, kawangware, yaya,ambassador, railways",uthiru|kawangware|yaya|ambassador|railways
LATEMA 22 TRAVELLERS SACCO,ADR-K9BF6JL,"odeon, kinoo,westlands, kangemi, uthiru",odeon|kinoo|westlands|kangemi|uthiru
LATEMA 22 TRAVELLERS SACCO,ADR-BQ9SQBV,"railways, uthiru,abambassador, kawangware",railways|uthiru|abambassador|kawangware
LIBERA IMPEX LIMITED,NTR-00202008111606330,"Nyeri, Kangema Muranga Kenol Thika Ruiru Eastern Bypass Mwihoko, Ngara",nyeri|kangema muranga kenol thika ruiru eastern bypass mwihoko|ngara
LIBERA IMPEX LIMITED,NTR-00202010261636060,"Ngara, Kikuyu Wangige Limuru Mai mahiu Ngecha NdumaKarli Kahuho Thigio Kiroe, Kamangu",ngara|kikuyu wangige limuru mai mahiu ngecha ndumakarli kahuho thigio kiroe|kamangu
LIBERA IMPEX LIMITED,NTR-00202010261652440,"Ngara, Jogoo rd Kayole Outering rd Tassia link rd Pipeline Mombasa rd, Machakos via Mlolongo",ngara|jogoo rd kayole outering rd tassia link rd pipeline mombasa rd|machakos via mlolongo
LIBERA IMPEX LIMITED,ADR-3ZQS3ZL,"Cabanas, Outering rd Kayole Jogoo rd Ngara Thika rd Mwihoko Eastern bypass Ruiru Kenyatta rd Gatundu Mukinyi Juja Thika Muranga Kangema Nyeri, Nyahururu",cabanas|outering rd kayole jogoo rd ngara thika rd mwihoko eastern bypass ruiru kenyatta rd gatundu mukinyi juja thika muranga kangema nyeri|nyahururu
LIBERA IMPEX LIMITED,ADR-JY7SLWZ,"Ngara, Thika Rd Ruiru juja juja farm Kenyatta Rd gatundu mukinyi kamwangi gakoe ndakaini Gatura mau mau Rd thika kenol muranga kangema nyeri nyahururu olkalou njambini engineer naivasha, Mai mahiu",ngara|thika rd ruiru juja juja farm kenyatta rd gatundu mukinyi kamwangi gakoe ndakaini gatura mau mau rd thika kenol muranga kangema nyeri nyahururu olkalou njambini engineer naivasha|mai mahiu
LIBERA IMPEX LIMITED,NTR-00202111081143080,"cabanas, mombasa rd pipeline outering rd eastern bypass mwihoko tassia link rd kayole juja rd ngara, jogoo rd",cabanas|mombasa rd pipeline outering rd eastern bypass mwihoko tassia link rd kayole juja rd ngara|jogoo rd
LIBERA IMPEX LIMITED,NTR-00202111081146060,"thika, northern bypass kamangu kiroe thigio nduma ngecha kahuho kari limuru kikuyu wangige waiyaki way, ngara",thika|northern bypass kamangu kiroe thigio nduma ngecha kahuho kari limuru kikuyu wangige waiyaki way|ngara
LIBERA IMPEX LIMITED,NTR-00202111081144060,"thika, ngara machakos voi, mombasa",thika|ngara machakos voi|mombasa
LIBERA IMPEX LIMITED,ADR-POKSRVO,"cabanas, mombasa rd pipeline outering rd eastern bypass jogoo rd kayole ngara thika rd mwihoko tassia link rd gatundu juja farm thika, kenol",cabanas|mombasa rd pipeline outering rd eastern bypass jogoo rd kayole ngara thika rd mwihoko tassia link rd gatundu juja farm thika|kenol
LIBERA IMPEX LIMITED,NTR-001427,"cabanas, mombasa rd pipeline outering rd eastern bypass jogoo rd savannah manyanja rd soweto spine rd kayole kangundo rd forest rd ngara thika rd mwihoko tassia link rd gatundu juja farm thika makongeni kamwangi, kenol",cabanas|mombasa rd pipeline outering rd eastern bypass jogoo rd savannah manyanja rd soweto spine rd kayole kangundo rd forest rd ngara thika rd mwihoko tassia link rd gatundu juja farm thika makongeni kamwangi|kenol
LIBERA IMPEX LIMITED,NTR-00809,"Malindi, Mombasa Voi Machakos Nairobi Bomet kericho Kisii Kisumu Kakamega Busia Eldoret, Kitale",malindi|mombasa voi machakos nairobi bomet kericho kisii kisumu kakamega busia eldoret|kitale
LIBERA IMPEX LIMITED,ADR-VYAS95A,"Nairobi, Mombasa Rd Machakos Malaa Cabanas Pipeline Outering Rd Eastern Bypass Jogoo Rd Savanna Manyanja Rd Soweto Spine Rd Kayole Kangundo Rd Forest Rd Ngara Thika Rd Mwihoko Tasis Link Rd Gatundu Juja Farm Thika Makongeni, Kamwangi",nairobi|mombasa rd machakos malaa cabanas pipeline outering rd eastern bypass jogoo rd savanna manyanja rd soweto spine rd kayole kangundo rd forest rd ngara thika rd mwihoko tasis link rd gatundu juja farm thika makongeni|kamwangi
LIBERA IMPEX LIMITED,ADR-Q5LCM7B,"Kakamega, Kisumu Kisii Kericho Bomet Nairobi Eastleigh Matuu Kitui, Garissa",kakamega|kisumu kisii kericho bomet nairobi eastleigh matuu kitui|garissa
LIKAMBU MATATU SAVINGS AND CREDIT CO-OPERATIVE SOCIETY LIMITED,NTR-00201905151247360,"Kikuyu, Limurutigoni NgorongokanungaNdumberiruakaredhill KiambuRuiruVia Tatu city githiga githunguri, MakongeniThika",kikuyu|limurutigoni ngorongokanungandumberiruakaredhill kiamburuiruvia tatu city githiga githunguri|makongenithika
LIKAMBU MATATU SAVINGS AND CREDIT CO-OPERATIVE SOCIETY LIMITED,NTR-001334,"limuru, tigoni,kanunga, kiambu",limuru|tigoni|kanunga|kiambu
LIKAMBU MATATU SAVINGS AND CREDIT CO-OPERATIVE SOCIETY LIMITED,NTR-001333,"limuru, ngorongo,ndumberi, kiambu",limuru|ngorongo|ndumberi|kiambu
LIKAMBU MATATU SAVINGS AND CREDIT CO-OPERATIVE SOCIETY LIMITED,NTR-00201905151245410,"kikuyu, limuru,tigoni,kanunga,kiambu,ruiru,via tatu city, makongenithika",kikuyu|limuru|tigoni|kanunga|kiambu|ruiru|via tatu city|makongenithika
LIKAMBU MATATU SAVINGS AND CREDIT CO-OPERATIVE SOCIETY LIMITED,ADR-MDMSKRK,"kikuyu, limuru,ngorongo,ndumberi,kiambu,ruiru,via tatu city, makongenithika",kikuyu|limuru|ngorongo|ndumberi|kiambu|ruiru|via tatu city|makongenithika
LIRA LINE SACCO SOCIETY LTD,NTR-001017,"Railways, KawangwareLimuru Nakuru, Kisii",railways|kawangwarelimuru nakuru|kisii
LIRA LINE SACCO SOCIETY LTD,ADR-REOSZ7W,"Railways, KawangwareUthiru Limuru Nakuru Eldoret Kitale, Bungoma",railways|kawangwareuthiru limuru nakuru eldoret kitale|bungoma
LIRA LINE SACCO SOCIETY LTD,NTR-001016,"Railways, Kawangware ngong via Karen Kikuyu Uthiru Limuru Nakuru Eldoret Kitale, Bungoma",railways|kawangware ngong via karen kikuyu uthiru limuru nakuru eldoret kitale|bungoma
LIRA LINE SACCO SOCIETY LTD,NTR-00494,"nairobi, limuru, nakuru",nairobi|limuru|nakuru
LIRA LINE SACCO SOCIETY LTD,ADR-LZRSRVZ,"railways, kawangware, limuru",railways|kawangware|limuru
LIRA LINE SACCO SOCIETY LTD,ADR-YM3SBKO,"railways, kawangware , limuru, nakuru",railways|kawangware|limuru|nakuru
LIRA LINE SACCO SOCIETY LTD,ADR-8LMSY8B,"railways, kawangware, uthiru, limuru",railways|kawangware|uthiru|limuru
LOPHA MULTIPURPOSE CO-OPERATIVE SOCIETY,NTR-00139,"odeon, thika road,kasarani, thika",odeon|thika road|kasarani|thika
LOPHA MULTIPURPOSE CO-OPERATIVE SOCIETY,NTR-00101,"odeon, ngara,pangani,unep, wangige",odeon|ngara|pangani|unep|wangige
LOPHA MULTIPURPOSE CO-OPERATIVE SOCIETY,NTR-00201908021449470,"odeon, pangani,parklands,highridge,abc drive,ndenderu,gacharage,ruaka,kiambu,ruiru, thika (makongeni)",odeon|pangani|parklands|highridge|abc drive|ndenderu|gacharage|ruaka|kiambu|ruiru|thika makongeni
LOPHA MULTIPURPOSE CO-OPERATIVE SOCIETY,ADR-O68IM8Y,"Odeon, parklands highridgeg.mathenge ring rd waiyakiwayw.maathai pangani juja rd huruma roundabout outering rd alsops thika rd redhill ndenderu gacharage ruaka kiambu ruiru juja makongeni odeon ngara kangemi uthiru kikuyu wangige, Limuru",odeon|parklands highridgeg mathenge ring rd waiyakiwayw maathai pangani juja rd huruma roundabout outering rd alsops thika rd redhill ndenderu gacharage ruaka kiambu ruiru juja makongeni odeon ngara kangemi uthiru kikuyu wangige|limuru
LOPHA MULTIPURPOSE CO-OPERATIVE SOCIETY,ADR-6DBS9LJ,"pangani, wangari maathai parklands highridge gen. mathenge ring rd redhill ruaka gacharage ndenderu wangige kikuyu limuru flyover kamwangi gakoe gatukuyu thika, Muranga via thika rd juja ruiru kiambu",pangani|wangari maathai parklands highridge gen mathenge ring rd redhill ruaka gacharage ndenderu wangige kikuyu limuru flyover kamwangi gakoe gatukuyu thika|muranga via thika rd juja ruiru kiambu
LOPHA MULTIPURPOSE CO-OPERATIVE SOCIETY,ADR-WZ9SE9M,"Odeon, parklands highridge g.mathenge ring rd waiyakiwayw.maathai pangani juja rd huruma roundabout outering rd alsops thika rd redhill ndenderu gacharage ruaka kiambu ruiru juja mugutha kimbo matangi canaan judah darasha juja farmmakongeni odeon ngara kangemi uthiru kikuyu wangige, Limuru",odeon|parklands highridge g mathenge ring rd waiyakiwayw maathai pangani juja rd huruma roundabout outering rd alsops thika rd redhill ndenderu gacharage ruaka kiambu ruiru juja mugutha kimbo matangi canaan judah darasha juja farmmakongeni odeon ngara kangemi uthiru kikuyu wangige|limuru
LOPHA MULTIPURPOSE CO-OPERATIVE SOCIETY,ADR-537HBW7,"Odeon, Bus stationNgaraWangare maathai rdPanganiJuja rdHuruma roundaOutering rdthika rdthika rdparklandshighridgegeneral mathengering rdLimuru rdred hillGachiekiharaGikuniNgechaKabukuTigoniRainiLimuruWaiyaki wayKikuyuUthiruKangemiWangigeNdenderuGachageRuakaBananaKiambuRuiruThik rdKimboMuguthacanaanMatangiDarajJudahJujajuja farm via thika, Makongeni",odeon|bus stationngarawangare maathai rdpanganijuja rdhuruma roundaoutering rdthika rdthika rdparklandshighridgegeneral mathengering rdlimuru rdred hillgachiekiharagikuningechakabukutigonirainilimuruwaiyaki waykikuyuuthirukangemiwangigendenderugachageruakabananakiamburuiruthik rdkimbomuguthacanaanmatangidarajjudahjujajuja farm via thika|makongeni
LOPHA MULTIPURPOSE CO-OPERATIVE SOCIETY,ADR-A5ACK8P,"odeon, thika road, juja",odeon|thika road|juja
LOPHA MULTIPURPOSE CO-OPERATIVE SOCIETY,ADR-9AKFJRA,"odeon, aga khan, pangani, ndenderu, wangige",odeon|aga khan|pangani|ndenderu|wangige
LOPHA MULTIPURPOSE CO-OPERATIVE SOCIETY,ADR-DB3TYOY,"odeon, wangige,aga khan, pangani, ndenderu",odeon|wangige|aga khan|pangani|ndenderu
LOPHA MULTIPURPOSE CO-OPERATIVE SOCIETY,ADR-3ZQSJ2A,"odeon, pangani, highridge, karura, rwaka, ndenderu",odeon|pangani|highridge|karura|rwaka|ndenderu
LOPHA MULTIPURPOSE CO-OPERATIVE SOCIETY,ADR-JY7SZ77,"odeon, highridge, pangani, ruaka, ndenderu",odeon|highridge|pangani|ruaka|ndenderu
LOPHA MULTIPURPOSE CO-OPERATIVE SOCIETY,ADR-POKSYK7,"odeon, juja, thika road",odeon|juja|thika road
LOPHA MULTIPURPOSE CO-OPERATIVE SOCIETY,ADR-VYASWAP,"odeon, waiyaki way,Redhill,westlands, kangemi, uthiru, kinoo",odeon|waiyaki way|redhill|westlands|kangemi|uthiru|kinoo
LOPHA MULTIPURPOSE CO-OPERATIVE SOCIETY,ADR-Q5LC8LO,"odeon, thika road,ruiru,juja, thika(makongeni)",odeon|thika road|ruiru|juja|thika makongeni
LOPHA MULTIPURPOSE CO-OPERATIVE SOCIETY,ADR-EPJSEJB,"odeon, thika road,ruiru,kiambu ruaka,gacharage, abc drive",odeon|thika road|ruiru|kiambu ruaka|gacharage|abc drive
LOTHIAN TRANSPORTERS,NTR-001391,"Thika, Pangani Kariokor Community, Nairobi",thika|pangani kariokor community|nairobi
LOTHIAN TRANSPORTERS,NTR-00159,"Bus station, KNH, Mbagathi way, Langata, Otiende",bus station|knh|mbagathi way|langata|otiende
LOTHIAN TRANSPORTERS,NTR-0020181211134410497,"Bus station, Kencom,GPO,KNH,Adams arcade,Karen,Ngong,Matasia,Kiseriani,Rongai,Bomas,Langata road, Kiserian",bus station|kencom|gpo|knh|adams arcade|karen|ngong|matasia|kiseriani|rongai|bomas|langata road|kiserian
LOTHIAN TRANSPORTERS,ADR-DB3T575,"Thika, Outering road Kangundo road, Tala .",thika|outering road kangundo road|tala
LOTHIAN TRANSPORTERS,ADR-3ZQS3QL,"Mombasa rd, Outering rd Juja rd Eastleigh Tom mboya Kenyatta av GPO Community Knh Ngong rd Kawangware Kikuyu waiyaki way forest rd Kiambu rd bypass thika rd Githurai mwiki Ruiru Thika, kenol",mombasa rd|outering rd juja rd eastleigh tom mboya kenyatta av gpo community knh ngong rd kawangware kikuyu waiyaki way forest rd kiambu rd bypass thika rd githurai mwiki ruiru thika|kenol
LUCKY BABA DOGO TRAVELLERS LIMITED,NTR-00569,"Timboroa lane, Thika road Baba Dogo Lucky Summer Outering rd Donholm Tajmall ruai, Kangundo rd",timboroa lane|thika road baba dogo lucky summer outering rd donholm tajmall ruai|kangundo rd
LUCKY BABA DOGO TRAVELLERS LIMITED,ADR-MDMSKMO,"Timboroa lane, Thika road Baba Dogo Lucky Summer Outering rd Donholm Tajmall, Ruai .",timboroa lane|thika road baba dogo lucky summer outering rd donholm tajmall|ruai
LUCKY BABA DOGO TRAVELLERS LIMITED,ADR-YM3SVL9,"babadogo, thika road, timboroa lane",babadogo|thika road|timboroa lane
LUCKY BABA DOGO TRAVELLERS LIMITED,ADR-8LMSJOZ,"timboroa lane, thika road, baba dogo",timboroa lane|thika road|baba dogo
LUCKY BABA DOGO TRAVELLERS LIMITED,ADR-ZZJS9Z5,"timboroa drive, thika road, baba dogo",timboroa drive|thika road|baba dogo
LUCKY BABA DOGO TRAVELLERS LIMITED,ADR-2DVSZBO,"babadogo, timboroa lane, thika road",babadogo|timboroa lane|thika road
LUCKY BABA DOGO TRAVELLERS LIMITED,ADR-K9BFEBO,"timboroa drive, thika rd, baba dogo",timboroa drive|thika rd|baba dogo
LUCKY TRANSPORTERS COMPANY,NTR-00159,"bus station, knh, mbagathi way, langata, otiende",bus station|knh|mbagathi way|langata|otiende
LUCKY TRANSPORTERS COMPANY,NTR-00271,"Banana, Bus stationrailwaysKNHmbagathi Roadlangata rd otiende athi river kitengela, Machakos",banana|bus stationrailwaysknhmbagathi roadlangata rd otiende athi river kitengela|machakos
LUCKY TRANSPORTERS COMPANY,ADR-VYASV6R,"Banana, KiambuKhojaBus stationRailwaysAthi riverKitengela, Machakos",banana|kiambukhojabus stationrailwaysathi riverkitengela|machakos
LUCKY TRANSPORTERS COMPANY,ADR-Q5LCYR7,"Banana, KiambuKhojaBus station RailwaysKNHMbagathiLangata rd, Otiende",banana|kiambukhojabus station railwaysknhmbagathilangata rd|otiende
LUCKY TRANSPORTERS COMPANY,ADR-EPJSADV,"banana, bus station,knh,bagathi road, langata",banana|bus station|knh|bagathi road|langata
LUCKY TRANSPORTERS COMPANY,ADR-2DVSZWL,"banana, langata,bus station,knh, bagathi road",banana|langata|bus station|knh|bagathi road
LUCKY TRANSPORTERS COMPANY,ADR-K9BFEJ7,"banana, bus station,knh,bagathi road, langata",banana|bus station|knh|bagathi road|langata
LUCKY TRANSPORTERS COMPANY,ADR-7WRS7BJ,"banana, railways,athi river, machakos",banana|railways|athi river|machakos
LUCKY TRANSPORTERS COMPANY,ADR-BQ9S7A2,"banana, machakos,railways, athi river",banana|machakos|railways|athi river
LUCKY TRANSPORTERS COMPANY,ADR-REOS89Y,"banana, kitengela,bus station, railways, athi river",banana|kitengela|bus station|railways|athi river
LUCKY TRANSPORTERS COMPANY,ADR-MDMSKLK,"bus station, otiende,knh, mbagathi way, langata",bus station|otiende|knh|mbagathi way|langata
LUMINOUS SHUTTLES LIMITED,NTR-00202105241007320,"Ngong, kimuka gataka rongai kiserian, Isinya",ngong|kimuka gataka rongai kiserian|isinya
LUMINOUS SHUTTLES LIMITED,NTR-00202105251535490,"Isinya, kiserian ngong kimuka karen hardy gataka ongata rongai bomas, langata rd",isinya|kiserian ngong kimuka karen hardy gataka ongata rongai bomas|langata rd
LUMINOUS SHUTTLES LIMITED,NTR-0096,"kiserian, ngong,karen,nduyu,yaya,gpo,ambassador, railways",kiserian|ngong|karen|nduyu|yaya|gpo|ambassador|railways
LUMINOUS SHUTTLES LIMITED,ADR-ZZJS9V5,"railways, olesereni, southern bypass,karen,ngong,kiserian,yaya, ambassadeur",railways|olesereni|southern bypass|karen|ngong|kiserian|yaya|ambassadeur
LUMINOUS SHUTTLES LIMITED,ADR-VYAS98E,"kiserian, ngong, ndunyu, yaya, gpo, ambassadour, railways",kiserian|ngong|ndunyu|yaya|gpo|ambassadour|railways
LUMINOUS SHUTTLES LIMITED,ADR-O68IVBW,"karen, hardy, bomas, langata road, railways",karen|hardy|bomas|langata road|railways
LUMINOUS SHUTTLES LIMITED,ADR-6DBSWKM,"kiserian, railways,ngong, ndunyu, yaya, gpo, ambassadour",kiserian|railways|ngong|ndunyu|yaya|gpo|ambassadour
LUMINOUS SHUTTLES LIMITED,ADR-WZ9SWWB,"kiserian, railways,ngong, karen , dunyu, yaya, ambassador",kiserian|railways|ngong|karen|dunyu|yaya|ambassador
LUMINOUS SHUTTLES LIMITED,ADR-2DVSDM6,"kiserian, ngong, karen , dunyu, yaya, ambassador, railways",kiserian|ngong|karen|dunyu|yaya|ambassador|railways
LUMINOUS SHUTTLES LIMITED,NTR-00166,"kiserian, ngong,karen,yaya,ambassador, railways",kiserian|ngong|karen|yaya|ambassador|railways
MADIWA MATATU OWNERS SACCO,NTR-00446,"Mfangano, Kariokor,General Waruinge,Garage,1st Avenue, Eastleigh Section3",mfangano|kariokor|general waruinge|garage|1st avenue|eastleigh section3
MADIWA MATATU OWNERS SACCO,ADR-2DVS5KV,"Mfangano,, Luthuli Avenue,, Eastleigh Section 3",mfangano|luthuli avenue|eastleigh section 3
MADIWA MATATU OWNERS SACCO,ADR-K9BFVRA,"Mfangano street, Kariokor Fig tree Lumbwa rd Ambira rd Jogoo rdCommercial Eastleigh section III Kiambiu St Teresa Juja rd Mathare North Outering rd Thika rd Mwihoko Kangundo rd, By pass",mfangano street|kariokor fig tree lumbwa rd ambira rd jogoo rdcommercial eastleigh section iii kiambiu st teresa juja rd mathare north outering rd thika rd mwihoko kangundo rd|by pass
MADIWA MATATU OWNERS SACCO,ADR-7WRSZDL,"mfangano, luthuli avenue, eastleigh section 3",mfangano|luthuli avenue|eastleigh section 3
MADIWA MATATU OWNERS SACCO,ADR-BQ9S3JL,"mfangano, eastleigh section3,kariokor,general waruinge,garage, 1st avenue",mfangano|eastleigh section3|kariokor|general waruinge|garage|1st avenue
MADIWA MATATU OWNERS SACCO,ADR-REOSLWA,"mfangano, eastleigh section 3, luthuli avenue",mfangano|eastleigh section 3|luthuli avenue
MADIWA MATATU OWNERS SACCO,ADR-MDMSAYY,"eastleigh, commercial,juja road, luthuli",eastleigh|commercial|juja road|luthuli
MAMBIGI SERVICES LIMITED,NTR-00202009231508310,"Commercial, Mwiki Njiru, Utawala .",commercial|mwiki njiru|utawala
MAMBIGI SERVICES LIMITED,NTR-00202104150825200,"Commercial, Thika Rd Juja Thika Town Eastern Bypass Outering Rd Kangundo Rd, Utawala",commercial|thika rd juja thika town eastern bypass outering rd kangundo rd|utawala
MAMBIGI SERVICES LIMITED,NTR-0020181205091222755,"Commercial, Thika Rd Juja Thika Town Mwiki Outering Rd Njiru Eastern Bypass Kangundo Rd, Utawala",commercial|thika rd juja thika town mwiki outering rd njiru eastern bypass kangundo rd|utawala
MANAMA TRAVELLERS LIMITED,ADR-9AKF8R8,"Mlolongo, Athi River Mitaboni Kangundo Tala Joska Kamulu Machakos Kitui, Mutomo",mlolongo|athi river mitaboni kangundo tala joska kamulu machakos kitui|mutomo
MANAMA TRAVELLERS LIMITED,ADR-A5ACV82,"Gikomba, Jogoo Rd Kangundo Rd Outering Rd Imara daima Chai Rd Juja Rd Mathare, Bus Station",gikomba|jogoo rd kangundo rd outering rd imara daima chai rd juja rd mathare|bus station
MANCHESTER TRAVELLERS COACH LIMITED,NTR-0053,"nairobi, thika,matuu,kitui, mwingi",nairobi|thika|matuu|kitui|mwingi
MANCHESTER TRAVELLERS COACH LIMITED,NTR-00519,"nairobi, thika,matuu, mwingi",nairobi|thika|matuu|mwingi
MANCHESTER TRAVELLERS COACH LIMITED,NTR-00202007170920010,"Nairobi, Outering rd via Mombasa rd Kibwezi, Mombasa",nairobi|outering rd via mombasa rd kibwezi|mombasa
MANCHESTER TRAVELLERS COACH LIMITED,NTR-00202009281552290,"Nairobi, Thika Matuu Mwingi GarissaModagashe, Mpeketoni",nairobi|thika matuu mwingi garissamodagashe|mpeketoni
MANCHESTER TRAVELLERS COACH LIMITED,NTR-00202105211012490,"Mombasa, nairobi narok bomet kisii migori homabay kisumu busia kericho, Nakuru",mombasa|nairobi narok bomet kisii migori homabay kisumu busia kericho|nakuru
MANCHESTER TRAVELLERS COACH LIMITED,NTR-00581,"Nairobi, Bypass Juja Eastleigh Ruiru Thika Isiolo Marsabit, Moyale",nairobi|bypass juja eastleigh ruiru thika isiolo marsabit|moyale
MANCHESTER TRAVELLERS COACH LIMITED,NTR-0020181207160047502,"nairobi, thika,matuu,mwingi,kitui,via machakos,wote,kibwezi, mombasa",nairobi|thika|matuu|mwingi|kitui|via machakos|wote|kibwezi|mombasa
MANCHESTER TRAVELLERS COACH LIMITED,ADR-EPJSYEZ,"Nairobi, ThikaMatuuMwingiGarissa, Modagashe .",nairobi|thikamatuumwingigarissa|modagashe
MANCHESTER TRAVELLERS COACH LIMITED,ADR-2DVS5RP,"Nairobi, RuiruEastern bypass Juja Thika Isiolo Marsabit, Moyale",nairobi|ruirueastern bypass juja thika isiolo marsabit|moyale
MANCHESTER TRAVELLERS COACH LIMITED,ADR-K9BFV6Z,"Nairobi, Ruiru bypass Juja Thika Isiolo Marsabit, Moyale",nairobi|ruiru bypass juja thika isiolo marsabit|moyale
MANCHESTER TRAVELLERS COACH LIMITED,ADR-7WRSZ97,"nairobi, mwingi,thika,matuu, kitui",nairobi|mwingi|thika|matuu|kitui
MANCHESTER TRAVELLERS COACH LIMITED,ADR-BQ9S3QQ,"nairobi, thika,matuu,mwingi,kitui,via machakos, wote",nairobi|thika|matuu|mwingi|kitui|via machakos|wote
MANMO SACCO,NTR-00407,"commercial, thika road, mathare north",commercial|thika road|mathare north
MANMO SACCO,NTR-00202003241330260,"Abc place, WaiyakiwayForest rdParklandsMuranga rd TerminusCommercialBustationMombasa rdCitycabanasEastern bypassUtawalaRuaiKangundo rdOutering rdJUJA RDMathare northThika rdPark rd, Ngara rd",abc place|waiyakiwayforest rdparklandsmuranga rd terminuscommercialbustationmombasa rdcitycabanaseastern bypassutawalaruaikangundo rdoutering rdjuja rdmathare norththika rdpark rd|ngara rd
MANMO SACCO,NTR-00201909191433510,"abc place, waiyaki way,forest rd,parklands,muranga rd terminus,commercial,juja rd,ngara rd,park rd,thika rd,mathare north,outering rd, city cabanas",abc place|waiyaki way|forest rd|parklands|muranga rd terminus|commercial|juja rd|ngara rd|park rd|thika rd|mathare north|outering rd|city cabanas
MANMO SACCO,ADR-537HW22,"commercial, muranga rd terminus,thika rd,mathare north,outering rd, city cabanas",commercial|muranga rd terminus|thika rd|mathare north|outering rd|city cabanas
MANMO SACCO,ADR-A5AC8VM,"commercial, mathare north, thika road",commercial|mathare north|thika road
MARUTI T.R.R SACCO,NTR-00201908231143000,"Kenol, thika town makongeni Ruirukiambu limuru, Ruaka",kenol|thika town makongeni ruirukiambu limuru|ruaka
MARUTI T.R.R SACCO,NTR-00561,"Kenol, Thika Makongeni Ruiru Kiambu Raini Tigoni Limuru, Ruaka",kenol|thika makongeni ruiru kiambu raini tigoni limuru|ruaka
MARUTI T.R.R SACCO,ADR-LZRSRZZ,"ruiru prison, ruiru town, kenol",ruiru prison|ruiru town|kenol
MARUTI T.R.R SACCO,ADR-O68I8W5,"kenol, ruiru town,ruru prison,ruaka, limuru",kenol|ruiru town|ruru prison|ruaka|limuru
mat two friends limited,ADR-8LMSVDD,"railways, kawangware,dagorretti,kikuyu, gikambura",railways|kawangware|dagorretti|kikuyu|gikambura
mat two friends limited,ADR-8LMSO6W,"railways, kikuyu, dagoreti",railways|kikuyu|dagoreti
mat two friends limited,NTR-00104,"railways, kikuyu, dagoretti",railways|kikuyu|dagoretti
mat two friends limited,NTR-00539,"kikuyu, dagoreti, gikambura",kikuyu|dagoreti|gikambura
mat two friends limited,ADR-MDMSA9B,"railways, dagoreti, kikuyu",railways|dagoreti|kikuyu
mat two friends limited,ADR-A5ACV22,"knh, kawangware,riruta satelite, dagoretti market",knh|kawangware|riruta satelite|dagoretti market
mat two friends limited,ADR-537H2YW,"railways, dagoretti corner, riruta satellite",railways|dagoretti corner|riruta satellite
mat two friends limited,ADR-WZ9SVL3,"railways, kawangware, riruta satellite, dagoretti market",railways|kawangware|riruta satellite|dagoretti market
MATATU CREW ASSOCIATION SACCO,NTR-00202011131535140,"Railways, Knh Karen Ngong via Ngong rd Kiserian, Ongata Rongai",railways|knh karen ngong via ngong rd kiserian|ongata rongai
MATATU CREW ASSOCIATION SACCO,NTR-00201901071527150,"Knh, ngong rd karen ngongkiserian ongata rongai, bomas",knh|ngong rd karen ngongkiserian ongata rongai|bomas
MATATU CREW ASSOCIATION SACCO,ADR-8LMS5M5,"kabiria, ngong rd karen ngong kiserian rongai gataka bomas langata rd KNH railways jogoo rd eastern bypass utawala ruai kamulu, Kangundo",kabiria|ngong rd karen ngong kiserian rongai gataka bomas langata rd knh railways jogoo rd eastern bypass utawala ruai kamulu|kangundo
MATATU CREW ASSOCIATION SACCO,ADR-ZZJSVL9,"limuru, kikuyu kabiria dagoretti mkt kawangare kiambu alsops mwiki mwihoko railways ngong rd karen ngong kiserian rongai gataka bomas langata rd KNH jogoo rd juja rd eastern bypass utawala githunguri ruai kangundo kamulu outering rd cabanas mombasa rd kitengela, isinya",limuru|kikuyu kabiria dagoretti mkt kawangare kiambu alsops mwiki mwihoko railways ngong rd karen ngong kiserian rongai gataka bomas langata rd knh jogoo rd juja rd eastern bypass utawala githunguri ruai kangundo kamulu outering rd cabanas mombasa rd kitengela|isinya
MAVEROUS SHUTTLE LIMITED,NTR-00202009231121260,"Mfangano, Eastleigh Jogoo road Savannah Komarock Kangundo road Ruai, Kamulu .",mfangano|eastleigh jogoo road savannah komarock kangundo road ruai|kamulu
MAVEROUS SHUTTLE LIMITED,NTR-00202110191117150,"donholm, outering rd eastern bypass syokimau mlolongo via mombasa rd athi river, Machakos",donholm|outering rd eastern bypass syokimau mlolongo via mombasa rd athi river|machakos
MAVEROUS SHUTTLE LIMITED,NTR-00175,"Mfangano, eastleigh jogoo rd donholm savannah komarock kangundo rd ruai kamulu outering rd eastern bypass syokimau mlolongo via mombasa rdathi river, machakos",mfangano|eastleigh jogoo rd donholm savannah komarock kangundo rd ruai kamulu outering rd eastern bypass syokimau mlolongo via mombasa rdathi river|machakos
MAVEROUS SHUTTLE LIMITED,NTR-00763,"komarock, savanna, jogoo road, eastleigh, mfangano street",komarock|savanna|jogoo road|eastleigh|mfangano street
MAVEROUS SHUTTLE LIMITED,ADR-9AKFOJ5,"komarock, eastleigh,savannah, embakasi, commerial",komarock|eastleigh|savannah|embakasi|commerial
MAVEROUS SHUTTLE LIMITED,ADR-DB3TQYD,"komarock, mfangano street,savanna, jogoo road, eastleigh",komarock|mfangano street|savanna|jogoo road|eastleigh
MERUIT LOGISTICS LIMITED,NTR-00202009231509490,"Marurui, Northern Bypass, Ruiru .",marurui|northern bypass|ruiru
MERUIT LOGISTICS LIMITED,NTR-00202010211717240,"Odeon, Thika road marurui Ruiruruaka kiambu thika, Makongeni",odeon|thika road marurui ruiruruaka kiambu thika|makongeni
MERUIT LOGISTICS LIMITED,ADR-9AKF2D9,"Odeon, Thika road marurui, Ruiru",odeon|thika road marurui|ruiru
MERUIT LOGISTICS LIMITED,ADR-DB3T56V,"Moi Lane, Odeon Thika Rd Marurui Ruiru Ruaka Kiambu Thika, Makongeni",moi lane|odeon thika rd marurui ruiru ruaka kiambu thika|makongeni
MERUIT LOGISTICS LIMITED,ADR-3ZQS3WK,"Moi Lane, Wangare Maathai Rd Outering Rd Kahawa West Eastern Bypass Kangundo Rd Nderi Kikuyu, Ndenderu",moi lane|wangare maathai rd outering rd kahawa west eastern bypass kangundo rd nderi kikuyu|ndenderu
MERUIT LOGISTICS LIMITED,ADR-JY7SLPR,"Moi Lane, Odeon Thika Rd Wangare Maathai Rd Outering Rd Marurui Ruiru Ruaka Kahawa West Eastern Bypass Kangundo Rd Kiambu Thika Makongeni Nderi Kikuyu, Ndenderu",moi lane|odeon thika rd wangare maathai rd outering rd marurui ruiru ruaka kahawa west eastern bypass kangundo rd kiambu thika makongeni nderi kikuyu|ndenderu
METROTRANS EAST AFRICA LIMITED,NTR-00947,"nairobi, narok, bomet",nairobi|narok|bomet
METROTRANS EAST AFRICA LIMITED,NTR-00191,"kikuyu, kawangware kenyatta ambasdour tom mboya thika road kasarani, juja",kikuyu|kawangware kenyatta ambasdour tom mboya thika road kasarani|juja
METROTRANS EAST AFRICA LIMITED,NTR-00130,"kikuyu, waiyaki way,westlands,moi avenue,tom mboya,thika road,kasarani, juja",kikuyu|waiyaki way|westlands|moi avenue|tom mboya|thika road|kasarani|juja
METROTRANS EAST AFRICA LIMITED,NTR-00202011161517360,"Zambezi, Kikuyu Ngong Langata Kabiria Kawangware KNH Ambassador Bus station Utawala Mwiki, Thika",zambezi|kikuyu ngong langata kabiria kawangware knh ambassador bus station utawala mwiki|thika
METROTRANS EAST AFRICA LIMITED,NTR-00202012241143330,"Thika, NairobiKawangwareKikuyu Narok Bomet Kisii Homabay, Migori",thika|nairobikawangwarekikuyu narok bomet kisii homabay|migori
METROTRANS EAST AFRICA LIMITED,NTR-00202203221637030,"Thika, Loitoktok Kitengela Nairobi Kawangware Kikuyu Limuru Narok Bomet Kisii Homabay, Migori",thika|loitoktok kitengela nairobi kawangware kikuyu limuru narok bomet kisii homabay|migori
METROTRANS EAST AFRICA LIMITED,NTR-00188,"kikuyu, kawangware kenyatta ambasdour thika road kasarani, juja",kikuyu|kawangware kenyatta ambasdour thika road kasarani|juja
METROTRANS EAST AFRICA LIMITED,NTR-00190,"kikuyu, thogoto kawangware kenyatta ambasdour tom mboya thika road kasarani, utawala",kikuyu|thogoto kawangware kenyatta ambasdour tom mboya thika road kasarani|utawala
METROTRANS EAST AFRICA LIMITED,NTR-00363,"nairobi, kikuyu, narok, bomet",nairobi|kikuyu|narok|bomet
METROTRANS EAST AFRICA LIMITED,NTR-00192,"kikuyu, waiyaki way westlands ambasdour tom mboya thika road kasarani, utawala",kikuyu|waiyaki way westlands ambasdour tom mboya thika road kasarani|utawala
METROTRANS EAST AFRICA LIMITED,ADR-Q5LC8A3,"Thika, NairobiKikuyu Narok Bomet Kisii Homabay, Migori",thika|nairobikikuyu narok bomet kisii homabay|migori
METROTRANS EAST AFRICA LIMITED,ADR-EPJSE6O,"Limuru, Zambezi Kikuyu ngonglangata kabiria kawangware knh ambassador bus stationutawalakoma mwiki, Thika",limuru|zambezi kikuyu ngonglangata kabiria kawangware knh ambassador bus stationutawalakoma mwiki|thika
METROTRANS EAST AFRICA LIMITED,ADR-2DVSR6K,"Limuru, Zambezi Kikuyu ngonglangata kabiria kawangware knh ambassador bus stationutawalakoma mwiki, Thika",limuru|zambezi kikuyu ngonglangata kabiria kawangware knh ambassador bus stationutawalakoma mwiki|thika
METROTRANS EAST AFRICA LIMITED,ADR-K9BF6OM,"Limuru, Zambezi Kikuyu ngonglangata kabiria kawangware knh ambassador bus stationumoja(mama lucy)utawalakitengelakoma mwiki, Thika",limuru|zambezi kikuyu ngonglangata kabiria kawangware knh ambassador bus stationumoja mama lucy utawalakitengelakoma mwiki|thika
METROTRANS EAST AFRICA LIMITED,ADR-7WRS9WP,"Limuru, Zambezi Kikuyu ndenderu ngong kiserian langata kabiria kawangware knh ambassador bus station umoja iinnercore utawala kitengela koma mwiki, Thika",limuru|zambezi kikuyu ndenderu ngong kiserian langata kabiria kawangware knh ambassador bus station umoja iinnercore utawala kitengela koma mwiki|thika
METROTRANS EAST AFRICA LIMITED,ADR-BQ9SQEV,"Limuru, Zambezi Kikuyu ndenderu ngong kiserian langata kabiria kawangware knh ambassador kencom GPObus station civil servant k. south umoja innercoreutawala kitengela koma mwiki, Thika",limuru|zambezi kikuyu ndenderu ngong kiserian langata kabiria kawangware knh ambassador kencom gpobus station civil servant k south umoja innercoreutawala kitengela koma mwiki|thika
METROTRANS EAST AFRICA LIMITED,ADR-REOSZMQ,"Limuru, Zambezi Kikuyu ndenderu ngong kiserian langata kabiria kawangware community knh ngumo kibera kirigiti ambassador kencom GPObus station civil servant k. south umoja innercoreutawala kitengela koma mwiki, Thika",limuru|zambezi kikuyu ndenderu ngong kiserian langata kabiria kawangware community knh ngumo kibera kirigiti ambassador kencom gpobus station civil servant k south umoja innercoreutawala kitengela koma mwiki|thika
METROTRANS EAST AFRICA LIMITED,ADR-MDMSJ8E,"kikuyu, thogoto kawangware kenyatta ambasdour tom mboya thika road kasarani, utawala",kikuyu|thogoto kawangware kenyatta ambasdour tom mboya thika road kasarani|utawala
METROTRANS EAST AFRICA LIMITED,ADR-YM3SBQV,"nairobi, bomet,kikuyu, narok",nairobi|bomet|kikuyu|narok
METROTRANS EAST AFRICA LIMITED,ADR-8LMSYPY,"kikuyu, waiyaki way, westlands, ambassador, tom mboya, jogoo road, donholm, umoja",kikuyu|waiyaki way|westlands|ambassador|tom mboya|jogoo road|donholm|umoja
METROTRANS EAST AFRICA LIMITED,ADR-ZZJSJD2,"kikuyu, thogoto,kawangware,kenyatta.ambassadeur,tommboya,otc,jogoo rd, umoja",kikuyu|thogoto|kawangware|kenyatta ambassadeur|tommboya|otc|jogoo rd|umoja
MNK SACCO SOCIETY LTD,NTR-00201911011235560,"Ruiru, Thika rd,Kasarani,Mwiki,Utawala,Cabanas,Outering rd,Kayole, Kariobangi",ruiru|thika rd|kasarani|mwiki|utawala|cabanas|outering rd|kayole|kariobangi
MNK SACCO SOCIETY LTD,NTR-00746,"Flyover, Limuru Northern Bypass Thika Rd Ruiru Makongeni Ngara kasarani Mwiki Kangundo Rd Kamulu Eastern Bypass Utawala Cabanas Mombasa Rd Syokimau City Stadium via Nyayo Stadium Jogoo Rd Manyanja Rd Kayole Mihango Shooters Kariobangi, Outering Rd",flyover|limuru northern bypass thika rd ruiru makongeni ngara kasarani mwiki kangundo rd kamulu eastern bypass utawala cabanas mombasa rd syokimau city stadium via nyayo stadium jogoo rd manyanja rd kayole mihango shooters kariobangi|outering rd
MNK SACCO SOCIETY LTD,NTR-001393,"kasarani, kariobangi, kayole",kasarani|kariobangi|kayole
MNK SACCO SOCIETY LTD,ADR-O68IBL5,"kasarani, kayole, kariobangi",kasarani|kayole|kariobangi
MNK SACCO SOCIETY LTD,ADR-6DBSKLA,"mwiki, utawala, kayole",mwiki|utawala|kayole
MNK SACCO SOCIETY LTD,ADR-WZ9SD9A,"mwiki, kayole, utawala",mwiki|kayole|utawala
MNK SACCO SOCIETY LTD,ADR-537HQWM,"mwiki, utawala, cabanas, kayole",mwiki|utawala|cabanas|kayole
MSAFI TRAVELLERS LIMITED,NTR-00202101191052510,"Nairobi, Gateway mall Mlolongo Kangundo rd Komarock bus park, Machakos",nairobi|gateway mall mlolongo kangundo rd komarock bus park|machakos
MSAFI TRAVELLERS LIMITED,NTR-00202009021055530,"Nairobi, Jogoo Rd Outering Rd Greatwall via Umoja Kitengela via Katani Machakos Konza Mbumbuni Wote Kibwezi, Mtito Andei",nairobi|jogoo rd outering rd greatwall via umoja kitengela via katani machakos konza mbumbuni wote kibwezi|mtito andei
MWAMBA TRAVELLERS SACCO,NTR-00202002211411300,"Mfangano, EastleighGarageJogoo rdBuruburuCivil servant, Komarock",mfangano|eastleighgaragejogoo rdburuburucivil servant|komarock
MWAMBA TRAVELLERS SACCO,NTR-00202006121308400,"Mfangano, Juja rdEastleigh.GarageJogoo rdBuruburuCivil servantKomarock rd, Komarock",mfangano|juja rdeastleigh garagejogoo rdburuburucivil servantkomarock rd|komarock
MWAMBA TRAVELLERS SACCO,NTR-00441,"komarock, jogoo road, mfangano",komarock|jogoo road|mfangano
MWAMBA TRAVELLERS SACCO,ADR-Q5LC8BO,"mfangano, eastleigh,jogoo road,buruburu,civil servant, garage",mfangano|eastleigh|jogoo road|buruburu|civil servant|garage
MWAMBA TRAVELLERS SACCO,ADR-EPJSEQB,"komarock, mfangano, jogoo road",komarock|mfangano|jogoo road
MWIKI PSV SACCO SOCIETY LIMITED,NTR-00202012241623260,"Commercial, odeon Slip Rd Moi Avenue River Rd Munyu Rd Latema Rd via Westands juja Rd Outering Rd Eatleigh Wangari maathai Rd Kipande Rd Bus Station Thika Rd Kasarani Mwiki Njiru Utawala kangundo Rd eastern Bypass Juja RuiruThika Kangundo Jogoo Rd, Garissa Rd",commercial|odeon slip rd moi avenue river rd munyu rd latema rd via westands juja rd outering rd eatleigh wangari maathai rd kipande rd bus station thika rd kasarani mwiki njiru utawala kangundo rd eastern bypass juja ruiruthika kangundo jogoo rd|garissa rd
MWIKI PSV SACCO SOCIETY LIMITED,ADR-O68IPQJ,"Commercial, Bus station Thika rd Thika Juja Kasarani Mwiki Njiru Utawala Eastern bypass Kangundo rd Kangundo Juja rd Outering rd Eastleigh Wangari Mathai rd, Kipande rd",commercial|bus station thika rd thika juja kasarani mwiki njiru utawala eastern bypass kangundo rd kangundo juja rd outering rd eastleigh wangari mathai rd|kipande rd
MWIKI PSV SACCO SOCIETY LIMITED,ADR-6DBSZ65,"Commercial, Bus Station T Moi Avenue Odeon River Rd Munyu RdKipande Rd Latema Rd Slip Rd Waiyaki Way Juja Rd via Westands Wangari Maathai Rd Eatleigh Jogoo Rd Outering Rd Thika Rd Kasarani Mwiki Njiru Utawala Kangundo Rd Eastern Bypass Juja Ruiru Thika Kangundo, Garissa Rd",commercial|bus station t moi avenue odeon river rd munyu rdkipande rd latema rd slip rd waiyaki way juja rd via westands wangari maathai rd eatleigh jogoo rd outering rd thika rd kasarani mwiki njiru utawala kangundo rd eastern bypass juja ruiru thika kangundo|garissa rd
MWIKI PSV SACCO SOCIETY LIMITED,ADR-WZ9SVZQ,"bus station, thika road, kasarani, mwiki, njiru, utawala",bus station|thika road|kasarani|mwiki|njiru|utawala
MWIKI PSV SACCO SOCIETY LIMITED,ADR-537H2DQ,"commercial, thika road, kasarani, mwiki, njiru, utawala",commercial|thika road|kasarani|mwiki|njiru|utawala
MWIKI PSV SACCO SOCIETY LIMITED,ADR-A5ACV3L,"tommboya, njiru,thika road,kasarani, mwiki",tommboya|njiru|thika road|kasarani|mwiki
MWIKI PSV SACCO SOCIETY LIMITED,ADR-9AKF8ZJ,"bus station, thika road,kasarani,mwiki, njiru",bus station|thika road|kasarani|mwiki|njiru
MWIKI PSV SACCO SOCIETY LIMITED,ADR-DB3T823,"bus station, mwiki, kasarani",bus station|mwiki|kasarani
MWIKI PSV SACCO SOCIETY LIMITED,ADR-3ZQSVZ2,"tommboya, thika road,kasarani,mwiki, njiru",tommboya|thika road|kasarani|mwiki|njiru
MWIKI PSV SACCO SOCIETY LIMITED,ADR-JY7S2WE,"bus station, thika road, kasarani, mwiki",bus station|thika road|kasarani|mwiki
MWIKI PSV SACCO SOCIETY LIMITED,ADR-POKS5V5,"bus station, njiru,thika road,kasarani, mwiki",bus station|njiru|thika road|kasarani|mwiki
MWIKI PSV SACCO SOCIETY LIMITED,ADR-VYASP5O,"bus station, mwiki,thika road, kasarani",bus station|mwiki|thika road|kasarani
MWIKI PSV SACCO SOCIETY LIMITED,ADR-Q5LCE7Z,"odeon, thika,thika road, kasarani",odeon|thika|thika road|kasarani
MWIRONA SACCO LTD,ADR-EPJSYVD,"bus station, thika road, kasarani, mwiki",bus station|thika road|kasarani|mwiki
MWIRONA SACCO LTD,ADR-2DVS5LV,"bus station, mwiki,thika road, kasarani",bus station|mwiki|thika road|kasarani
MWIRONA SACCO LTD,ADR-K9BFVMA,"bus station, mwiki, kasarani",bus station|mwiki|kasarani
NABOKA TRAVELLERS SACCO,NTR-00201912031523330,"Bus station, BomasKarenGataka, Ongata Rongai",bus station|bomaskarengataka|ongata rongai
NABOKA TRAVELLERS SACCO,NTR-00202107221616530,"Bus station, bomas ongata rongai gataka karen, ngong rd",bus station|bomas ongata rongai gataka karen|ngong rd
NABOKA TRAVELLERS SACCO,NTR-001389,"bus station, bomas,karen, gataka",bus station|bomas|karen|gataka
NABOKA TRAVELLERS SACCO,ADR-537HBY7,"bus station, bomas, karen",bus station|bomas|karen
NABOKA TRAVELLERS SACCO,ADR-A5ACK2P,"bus station, karen, bomas",bus station|karen|bomas
NAGIRU 145 SACCO,NTR-00202104150811240,"Ruiru, Alsops Outering rd Kariobangi, Kangundo rd junction",ruiru|alsops outering rd kariobangi|kangundo rd junction
NAGIRU 145 SACCO,NTR-00477,"nairobi, thika road, ruiru",nairobi|thika road|ruiru
NAGIRU 145 SACCO,ADR-YM3SE9J,"Nairobi, Muranga, Kiriaini",nairobi|muranga|kiriaini
Nailepu Travellers Sacco,NTR-00202007021212060,"Kitengela, IsinyaKajiadoBissil, Namanga",kitengela|isinyakajiadobissil|namanga
Nailepu Travellers Sacco,NTR-00202012311440310,"Kitengela, Isinya Kiserian, Ngong",kitengela|isinya kiserian|ngong
Nailepu Travellers Sacco,NTR-00202012311439540,"Kitengela, Emali, Loitoktok",kitengela|emali|loitoktok
Nailepu Travellers Sacco,NTR-00202105101216560,"Kitengela, Emali Loitoktok Namanga Bissil KajiadoIsinya Kiserian, Ngong",kitengela|emali loitoktok namanga bissil kajiadoisinya kiserian|ngong
Nailepu Travellers Sacco,ADR-JY7SLBZ,"Nairobi, Kitengela Sultan Hamud Emali Kimana Loitoktok Namanga Bissil Kajiado Isinya Kiserian Ngong, Rongai",nairobi|kitengela sultan hamud emali kimana loitoktok namanga bissil kajiado isinya kiserian ngong|rongai
NAKAM SACCO SOCIETY LIMITED,NTR-00434,"nairobi, machakos, kitui",nairobi|machakos|kitui
NAKAM SACCO SOCIETY LIMITED,NTR-00202111171240380,"voi, kitui makueni machakos kitengela nairobi naivasha narok bomet nyamira kisii migori, sirare",voi|kitui makueni machakos kitengela nairobi naivasha narok bomet nyamira kisii migori|sirare
NAKAM SACCO SOCIETY LIMITED,NTR-00202111171242020,"thika, nairobi kitengela machakos kitui wote mtito andei, voi",thika|nairobi kitengela machakos kitui wote mtito andei|voi
NAKAM SACCO SOCIETY LIMITED,ADR-537HOPD,"kitengela, easternbypass, thika, kitui, nairobi",kitengela|easternbypass|thika|kitui|nairobi
NAKAM SACCO SOCIETY LIMITED,ADR-A5AC7YZ,"nairobi, kitengela, machakos, kitui",nairobi|kitengela|machakos|kitui
NAKAM SACCO SOCIETY LIMITED,ADR-9AKFWBM,"nairobi, athi river , kitengela, machakos",nairobi|athi river|kitengela|machakos
NAKAM SACCO SOCIETY LIMITED,ADR-DB3T3L6,"nairobi, machakos,athi river , kitengela",nairobi|machakos|athi river|kitengela
NAKAMATA SAVINGS AND CREDIT COOPERATIVE SOCIETY LTD,NTR-00381,"nairobi, machakos, Wote",nairobi|machakos|wote
NAKAMATA SAVINGS AND CREDIT COOPERATIVE SOCIETY LTD,ADR-8LMS5W2,"nairobi, machakos, makueni, kitui, mutomo, kibwezi, ikutha, voi, mombasa",nairobi|machakos|makueni|kitui|mutomo|kibwezi|ikutha|voi|mombasa
NAKAMATA SAVINGS AND CREDIT COOPERATIVE SOCIETY LTD,ADR-ZZJSV5M,"nairobi, machakos, kitui, mutomo, ikutha, kibwezi, mtito andei, mombasa",nairobi|machakos|kitui|mutomo|ikutha|kibwezi|mtito andei|mombasa
NAKAMATA SAVINGS AND CREDIT COOPERATIVE SOCIETY LTD,ADR-LZRS65J,"nairobi, athi river , kitengela, machakos",nairobi|athi river|kitengela|machakos
NAKAMATA SAVINGS AND CREDIT COOPERATIVE SOCIETY LTD,ADR-O68IBR3,"nairobi, machakos, nunguni, makueni, kibwezi, mtiti andei, voi, mombasa",nairobi|machakos|nunguni|makueni|kibwezi|mtiti andei|voi|mombasa
NAKAMATA SAVINGS AND CREDIT COOPERATIVE SOCIETY LTD,ADR-6DBSKVB,"nairobi, machakos,makueni,kibwezi, mtitoandei",nairobi|machakos|makueni|kibwezi|mtitoandei
NAKAMATA SAVINGS AND CREDIT COOPERATIVE SOCIETY LTD,ADR-WZ9SDYD,"nairobi, machakos,athi river , kitengela",nairobi|machakos|athi river|kitengela
NAKAMATA SAVINGS AND CREDIT COOPERATIVE SOCIETY LTD,ADR-537HQJ6,"nairobi, machakos, nunguni, wote, kibwezi, mtitoandei",nairobi|machakos|nunguni|wote|kibwezi|mtitoandei
NAKAMATA SAVINGS AND CREDIT COOPERATIVE SOCIETY LTD,ADR-A5ACP9K,"nairobi, mombasa,machakos, makueni, kitui, mutomo, kibwezi, ikutha, voi",nairobi|mombasa|machakos|makueni|kitui|mutomo|kibwezi|ikutha|voi
NAKAMATA SAVINGS AND CREDIT COOPERATIVE SOCIETY LTD,ADR-9AKF2LW,"nairobi, mtitoandei,machakos,makueni, kibwezi",nairobi|mtitoandei|machakos|makueni|kibwezi
NAKAMATA SAVINGS AND CREDIT COOPERATIVE SOCIETY LTD,ADR-DB3T5VO,"nairobi, kitengela, machakos",nairobi|kitengela|machakos
NAKAMATA SAVINGS AND CREDIT COOPERATIVE SOCIETY LTD,ADR-3ZQS39O,"nairobi, machakos, kitui, mutomo, ikutha, kibwezi, mtito andei, voi, mombasa",nairobi|machakos|kitui|mutomo|ikutha|kibwezi|mtito andei|voi|mombasa
NAKAMATA SAVINGS AND CREDIT COOPERATIVE SOCIETY LTD,ADR-JY7SLV2,"nairobi, mombasa, wote",nairobi|mombasa|wote
NAKAMATA SAVINGS AND CREDIT COOPERATIVE SOCIETY LTD,ADR-POKSRDA,"nairobi, mtitoandei, wote",nairobi|mtitoandei|wote
NAKASKI TRANSORT SAVINGS CREDIT SACCO LTD,NTR-00202012111600420,"Mwiki, Kasarani Ruiru Githurai Thika rd Outering rdKangundo rdJuja rd, Bus station",mwiki|kasarani ruiru githurai thika rd outering rdkangundo rdjuja rd|bus station
NAKASKI TRANSORT SAVINGS CREDIT SACCO LTD,NTR-00202012111616200,"Ruiru, Githurai Thika rd Outering rd Juja rd Kangundo rd Eastern Bypass Alsops, Mwiki",ruiru|githurai thika rd outering rd juja rd kangundo rd eastern bypass alsops|mwiki
NAKASKI TRANSORT SAVINGS CREDIT SACCO LTD,NTR-00201901291438350,"Muranga, RuiruGithurai Thika rd Outering rd Juja rd Kangundo rdEastern bypass AlsopsMwiki, Kasarani",muranga|ruirugithurai thika rd outering rd juja rd kangundo rdeastern bypass alsopsmwiki|kasarani
NAKASKI TRANSORT SAVINGS CREDIT SACCO LTD,ADR-BQ9S3VL,"Muranga, Thika rd GithuraiKasarani Mwiki Kangundo rd Outering rd Juja rd Commercial, Bus station",muranga|thika rd githuraikasarani mwiki kangundo rd outering rd juja rd commercial|bus station
NAKASKI TRANSORT SAVINGS CREDIT SACCO LTD,ADR-REOSLPA,"Muranga, Thika Rd Ruiru Githurai Kasarani Mwiki Kangundo Rd Outering Rd Alsops Juja Rd Muranga Rd Wangari Maathai Rd Kipande Rd Commercial, Bus Station",muranga|thika rd ruiru githurai kasarani mwiki kangundo rd outering rd alsops juja rd muranga rd wangari maathai rd kipande rd commercial|bus station
NAKASKI TRANSORT SAVINGS CREDIT SACCO LTD,ADR-MDMSA6Y,"bus station, thika road, kasarani, mwiki",bus station|thika road|kasarani|mwiki
NAKASKI TRANSORT SAVINGS CREDIT SACCO LTD,ADR-YM3SERK,"bus station, mwiki,thika road, kasarani",bus station|mwiki|thika road|kasarani
NAKASKI TRANSORT SAVINGS CREDIT SACCO LTD,ADR-8LMSVBD,"alsops, kasarani,mwiki,eastern bypass, ruiru",alsops|kasarani|mwiki|eastern bypass|ruiru
NAKATHI TRAVELLERS SACCO LIMITED,NTR-00209,"odeon, githurai, kahawa west",odeon|githurai|kahawa west
NAKATHI TRAVELLERS SACCO LIMITED,NTR-00490,"odeon, thika road, kahawa west",odeon|thika road|kahawa west
NAKATHI TRAVELLERS SACCO LIMITED,NTR-0066,"commercial, zimmerman,kahawa west, githurai",commercial|zimmerman|kahawa west|githurai
NAKATHI TRAVELLERS SACCO LIMITED,NTR-00202105131504310,"Kahawa West, Northern bypass Ruaka, Limuru town",kahawa west|northern bypass ruaka|limuru town
NAKATHI TRAVELLERS SACCO LIMITED,NTR-00202105131503440,"Kahawa West, Northern bypass Ruiru, Makongeni",kahawa west|northern bypass ruiru|makongeni
NAKATHI TRAVELLERS SACCO LIMITED,NTR-00202105250744300,"Odeon, limuru northern bypass ruaka thika rd outering rd kangundo rd eastern bypass githurai kahawa west ruiru, Makongeni",odeon|limuru northern bypass ruaka thika rd outering rd kangundo rd eastern bypass githurai kahawa west ruiru|makongeni
NAKATHI TRAVELLERS SACCO LIMITED,ADR-MDMSA59,"Odeon, limuru northern bypass ruaka thika rd githurai kahawa west ruiru, Makongeni",odeon|limuru northern bypass ruaka thika rd githurai kahawa west ruiru|makongeni
NAKATHI TRAVELLERS SACCO LIMITED,ADR-YM3SE9Z,"odeon, kahawa west,thika road, zimmerman",odeon|kahawa west|thika road|zimmerman
NAKATHI TRAVELLERS SACCO LIMITED,ADR-8LMSVKQ,"odeon, kahawa west, thika road",odeon|kahawa west|thika road
NAKATHI TRAVELLERS SACCO LIMITED,ADR-ZZJS28Y,"odeon, kahawa west, githurai",odeon|kahawa west|githurai
NAKATHI TRAVELLERS SACCO LIMITED,ADR-2DVS5JE,"odeon, thika road, zimmerman, kahawa west",odeon|thika road|zimmerman|kahawa west
NAKATHI TRAVELLERS SACCO LIMITED,ADR-K9BFV9R,"odeon, githurai,kahawa west,bypass, ruiru",odeon|githurai|kahawa west|bypass|ruiru
NAKILI SAVINGS AND CREDIT CO-OPERATIVE SOCIETY LTD,NTR-00202012031635220,"Ndumberi, TurituKanunga Koinange Tigoni Limuru Rironi Nduma Zambezi Kikuyu Ndeiya Nachu Sgr, Ewaso Kidwang",ndumberi|turitukanunga koinange tigoni limuru rironi nduma zambezi kikuyu ndeiya nachu sgr|ewaso kidwang
NAKILI SAVINGS AND CREDIT CO-OPERATIVE SOCIETY LTD,NTR-00202011231641170,"Kikuyu, Muslim Dagoretti Karen Kawangware, Ndeiya",kikuyu|muslim dagoretti karen kawangware|ndeiya
NAKILI SAVINGS AND CREDIT CO-OPERATIVE SOCIETY LTD,NTR-001103,"kikuyu, dagoreti, kamangu",kikuyu|dagoreti|kamangu
NAKILI SAVINGS AND CREDIT CO-OPERATIVE SOCIETY LTD,NTR-0086,"tommboya, westlands,kinoo,kikuyu,thogoto,kamangu, limuru",tommboya|westlands|kinoo|kikuyu|thogoto|kamangu|limuru
NAKILI SAVINGS AND CREDIT CO-OPERATIVE SOCIETY LTD,ADR-9AKFO5E,"Kikuyu, Muslim Dagoretti Karen, Kawangware",kikuyu|muslim dagoretti karen|kawangware
NAKILI SAVINGS AND CREDIT CO-OPERATIVE SOCIETY LTD,ADR-DB3TQDR,"Kikuyu, NderiNdumaRironiLimuruKiambuNdeyia(muslim)DagoretikawangwareNgong rdBomas via kiberaKarenNgong, Ewaso kedong",kikuyu|nderindumarironilimurukiambundeyia muslim dagoretikawangwarengong rdbomas via kiberakarenngong|ewaso kedong
NAKILI SAVINGS AND CREDIT CO-OPERATIVE SOCIETY LTD,ADR-3ZQSOPY,"kikuyu, dagoretti, kamangu and bank",kikuyu|dagoretti|kamangu and bank
NAKILI SAVINGS AND CREDIT CO-OPERATIVE SOCIETY LTD,ADR-JY7SEMA,"tommboya, limuru,westlands,kinoo,kikuyu,thogoto, kamangu",tommboya|limuru|westlands|kinoo|kikuyu|thogoto|kamangu
NAKILI SAVINGS AND CREDIT CO-OPERATIVE SOCIETY LTD,ADR-POKS7Q6,"westlands, kinoo,kikuyu,thogoto,kamangu, limuru",westlands|kinoo|kikuyu|thogoto|kamangu|limuru
NAKINDUKA MATATU SAVINGS AND CREDIT COOPERATIVE SOCIETY LIMITED,NTR-00938,"Kimende, Limuru Kiambu via Ruaka Ndumberi Githunguri, Kawaida",kimende|limuru kiambu via ruaka ndumberi githunguri|kawaida
NAKINDUKA MATATU SAVINGS AND CREDIT COOPERATIVE SOCIETY LIMITED,ADR-7WRSVYA,"kiambu, ndumberi, kawaida, githunguri",kiambu|ndumberi|kawaida|githunguri
NAKWE TRAVELLERS SACCO SOCIETY LTD,NTR-00440,"Nairobi, Kiambu, githunguri kagwe kimende, uplands",nairobi|kiambu|githunguri kagwe kimende|uplands
NAKWE TRAVELLERS SACCO SOCIETY LTD,NTR-00201901180907220,"ngara, kiambu,githuguri, kagwe",ngara|kiambu|githuguri|kagwe
NAKWE TRAVELLERS SACCO SOCIETY LTD,ADR-REOSZJW,"st peters, kiambu road,kiambu,githunguri, kagwe",st peters|kiambu road|kiambu|githunguri|kagwe
NAKWE TRAVELLERS SACCO SOCIETY LTD,ADR-MDMSJ3D,"st peters, kagwe,kiambu road,kiambu, githunguri",st peters|kagwe|kiambu road|kiambu|githunguri
NANGKIS MATATU SACCO,NTR-0096,"kiserian, ngong,karen,nduyu,yaya,gpo,ambassador, railways",kiserian|ngong|karen|nduyu|yaya|gpo|ambassador|railways
NANGKIS MATATU SACCO,NTR-00166,"kiserian, ngong,karen,yaya,ambassador, railways",kiserian|ngong|karen|yaya|ambassador|railways
NANGKIS MATATU SACCO,NTR-00201901141019580,"kiserian, ngong,karen,dagoreti corner,prestige, kenyatta",kiserian|ngong|karen|dagoreti corner|prestige|kenyatta
NANGKIS MATATU SACCO,NTR-0095,"railways, rongai,kiserian, ngong",railways|rongai|kiserian|ngong
NANGKIS MATATU SACCO,NTR-00202010221528160,"Kitengela, Mombasa rd G.P.O Ambassador Railways KNH Yaya jamhuri naivasha rd Kawangware Ndunyu Kikuyu Limuru Karen Ngong Kiserian ongata rongai bomas hardylangata rd, nyayo",kitengela|mombasa rd g p o ambassador railways knh yaya jamhuri naivasha rd kawangware ndunyu kikuyu limuru karen ngong kiserian ongata rongai bomas hardylangata rd|nyayo
NANGKIS MATATU SACCO,NTR-0020160607100512,"Kitengela, Isinya Mombasa Rd GPO Ambassador Railways KNH Yaya Kawangware Ndunyu Kikuyu Limuru Karen Rongai Magadi Kiserian Ngong, Suswa",kitengela|isinya mombasa rd gpo ambassador railways knh yaya kawangware ndunyu kikuyu limuru karen rongai magadi kiserian ngong|suswa
NANGKIS MATATU SACCO,NTR-00155,"kiserian, ngong,yaya,gpo, railways",kiserian|ngong|yaya|gpo|railways
NANGKIS MATATU SACCO,NTR-00201901151527460,"kiserian, ngong,karen,ndunyu,dagoreti corner,prestige, yaya",kiserian|ngong|karen|ndunyu|dagoreti corner|prestige|yaya
NANGKIS MATATU SACCO,ADR-WZ9S98W,"Kitengela, Mombasa rd G.P.O Ambassador Railways KNH YayaKawangwareNdunyuKikuyuLimuruKaren Ngong Kiserian, Rongai",kitengela|mombasa rd g p o ambassador railways knh yayakawangwarendunyukikuyulimurukaren ngong kiserian|rongai
NANGKIS MATATU SACCO,ADR-537HWPB,"railways, ngong, kiserian",railways|ngong|kiserian
NANGKIS MATATU SACCO,ADR-A5AC8Y7,"kiserian, railways,ngong,karen,yaya, ambassador",kiserian|railways|ngong|karen|yaya|ambassador
NANGKIS MATATU SACCO,ADR-9AKFRBR,"railways, ngong,rongai, kiserian",railways|ngong|rongai|kiserian
NANGKIS MATATU SACCO,ADR-DB3TOLQ,"kiserian, ngong, ndunyu, yaya, gpo, ambassadour, railways",kiserian|ngong|ndunyu|yaya|gpo|ambassadour|railways
NANGKIS MATATU SACCO,ADR-3ZQS2BV,"kiserian, ngong, karen , dunyu, yaya, ambassador, railways15",kiserian|ngong|karen|dunyu|yaya|ambassador|railways15
NANGKIS MATATU SACCO,ADR-JY7S7J5,"ngong, railways,karen,yaya, ambasdours",ngong|railways|karen|yaya|ambasdours
NAWAKU SACCO,NTR-00202109211036110,"mwiki, kasarani thika rd, ABC",mwiki|kasarani thika rd|abc
NAWAKU SACCO,NTR-00139,"odeon, thika road,kasarani, thika",odeon|thika road|kasarani|thika
NAWAKU SACCO,NTR-00512,"Odeon, Thika RoadKasaraniThika, Mwihoko",odeon|thika roadkasaranithika|mwihoko
NAWAKU SACCO,NTR-001025,"Mwiki, Kasarani thika Rd odeon, ABC",mwiki|kasarani thika rd odeon|abc
NAWAKU SACCO,NTR-00168,"Odeon, ABC thika rd kasarani mwiki mwihoko eastern bypass kimbo, thika",odeon|abc thika rd kasarani mwiki mwihoko eastern bypass kimbo|thika
NAWAKU SACCO,NTR-00513,"odeon, kasarani, thika",odeon|kasarani|thika
NAWAKU SACCO,ADR-2DVSBRJ,"odeon, thika,thika road, kasarani",odeon|thika|thika road|kasarani
NAWAKU SACCO,ADR-K9BFB63,"odeon, thika, kasarani",odeon|thika|kasarani
NAWAKU TRAVELLERS LIMITED,NTR-00139,"Odeon, Thika Road,Kasarani, Thika",odeon|thika road|kasarani|thika
NAWAKU TRAVELLERS LIMITED,NTR-00202109211036110,"mwiki, kasarani thika rd, ABC",mwiki|kasarani thika rd|abc
NAWAKU TRAVELLERS LIMITED,ADR-LZRS622,"Odeon, Thika road Kasarani thika, Muranga",odeon|thika road kasarani thika|muranga
NAWASUKU SACCO,NTR-00202211011628520,"Timboroa Lane, Kahawa Sukari Warren Uthiru KU Ruiru Kenol Eastern Bypass Outering Road Gatuanyaga Junction, Cabanas",timboroa lane|kahawa sukari warren uthiru ku ruiru kenol eastern bypass outering road gatuanyaga junction|cabanas
NAWASUKU SACCO,ADR-LZRS3JE,"timboroa lane, kahawa sukari, warren, ku, ruiru",timboroa lane|kahawa sukari|warren|ku|ruiru
NAWASUKU SACCO,ADR-O68ILJB,"tom mboya, ku,thika road, warren, kahawa sukari",tom mboya|ku|thika road|warren|kahawa sukari
NAWASUKU SACCO,ADR-6DBSDJW,"bus station, ruiru,ku,kahawa sukari, warren",bus station|ruiru|ku|kahawa sukari|warren
NAWASUKU SACCO,ADR-WZ9S3RE,"ruiru, ku, kahawa sukari, warren, timboroa lane",ruiru|ku|kahawa sukari|warren|timboroa lane
NAWASUKU SACCO,ADR-537HO8O,"timboroa lane, kahawa sukari, mwihoko, warren, ku, ruiru",timboroa lane|kahawa sukari|mwihoko|warren|ku|ruiru
NAZIGI SACCO LIMITED,NTR-00209,"odeon, githurai, kahawa west,.",odeon|githurai|kahawa west|
NAZIGI SACCO LIMITED,NTR-00415,"ronald ngara, thika road, githurai",ronald ngara|thika road|githurai
NAZIGI SACCO LIMITED,NTR-00202012242047420,"Ronald ngara, Wangari maathaiKiambu GithuraiKahawa west bypassruiru, Thika(makongeni)",ronald ngara|wangari maathaikiambu githuraikahawa west bypassruiru|thika makongeni
NAZIGI SACCO LIMITED,NTR-00202012291237110,"KNH, nairobi westlands Wangari Maathai rd Kiambu rd bypass Githurai Kahawa West ruiru Thika(makongeni) eastern bypass ruai kangundo rd utawala Outering rd Juja Rd via Eastleigh cabanas, alsops",knh|nairobi westlands wangari maathai rd kiambu rd bypass githurai kahawa west ruiru thika makongeni eastern bypass ruai kangundo rd utawala outering rd juja rd via eastleigh cabanas|alsops
NAZIGI SACCO LIMITED,NTR-00490,"odeon, thika road, kahawa west",odeon|thika road|kahawa west
NAZIGI SACCO LIMITED,NTR-00201812211550040,"ronald ngala, githurai,kahawa west,bypass, ruiru",ronald ngala|githurai|kahawa west|bypass|ruiru
NAZIGI SACCO LIMITED,NTR-00201812211551470,"ronald ngala, githurai,kahawa west,bypass,ruiru, thika (makongeni)",ronald ngala|githurai|kahawa west|bypass|ruiru|thika makongeni
NAZIGI SACCO LIMITED,ADR-2DVSR3Q,"Odeon, Ngara Wangari Maathai rd Kiambu rd Githurai Kahawa West Bypass Ruiru, Thika (Makongeni)",odeon|ngara wangari maathai rd kiambu rd githurai kahawa west bypass ruiru|thika makongeni
NAZIGI SACCO LIMITED,ADR-K9BF65K,"Odeon, Ngara Wangari Maathai rd Kiambu rd Githurai Kahawa West Bypass Ruiru Thika Alsops Outering rd, Cabanas",odeon|ngara wangari maathai rd kiambu rd githurai kahawa west bypass ruiru thika alsops outering rd|cabanas
NAZIGI SACCO LIMITED,ADR-7WRS9JE,"Ronald ngara, Wangari maathai Kiambu rd Githurai Kahawa west bypass ruiruthika alsops outering, Cabanas",ronald ngara|wangari maathai kiambu rd githurai kahawa west bypass ruiruthika alsops outering|cabanas
NAZIGI SACCO LIMITED,ADR-BQ9SQV9,"KNH, nairobiTom mboya westlandsWangari Maathai rd Kiambu rd bypass Githurai Kahawa West ruiru Thika(makongeni) eastern bypass ruai kangundo rd utawala Outering rd cabanas, alsops",knh|nairobitom mboya westlandswangari maathai rd kiambu rd bypass githurai kahawa west ruiru thika makongeni eastern bypass ruai kangundo rd utawala outering rd cabanas|alsops
NAZIGI SACCO LIMITED,ADR-REOSZPW,"ronald ngala, githurai , kahawa west",ronald ngala|githurai|kahawa west
NAZIGI SACCO LIMITED,ADR-MDMSJ6D,"odeon, kahawa west, githurai",odeon|kahawa west|githurai
NAZIGI SACCO LIMITED,ADR-YM3SBRO,"ronald ngala, kahawa west, githurai",ronald ngala|kahawa west|githurai
NAZIGI SACCO LIMITED,ADR-8LMSYBB,"odeon, kahawa west,thika road, zimmerman",odeon|kahawa west|thika road|zimmerman
NAZIGI SACCO LIMITED,ADR-ZZJSJKL,"odeon, thika road, zimmerman, kahawa west",odeon|thika road|zimmerman|kahawa west
NAZIGI SACCO LIMITED,ADR-LZRS7K6,"odeon, githurai,kahawa west,bypass, ruiru",odeon|githurai|kahawa west|bypass|ruiru
NAZIGI SACCO LIMITED,ADR-O68IM3V,"odeon, githurai,kahawa west,bypass,ruiru,thika(makongeni), matuu",odeon|githurai|kahawa west|bypass|ruiru|thika makongeni|matuu
NAZIGI SACCO LIMITED,ADR-6DBS959,"odeon, westlands,lavington,kileleshwa,yaya,via prestige, kibera dc",odeon|westlands|lavington|kileleshwa|yaya|via prestige|kibera dc
NEEMA TRAVELLERS AGENCY LIMITED,NTR-00201911121120050,"Gikomba, Eastleigh,juja rd,Outering rd,Kariobangi,Baba dogo, , Lucky summer",gikomba|eastleigh|juja rd|outering rd|kariobangi|baba dogo|lucky summer
NEEMA TRAVELLERS AGENCY LIMITED,NTR-00202010261059350,"Kangundo rd, Ruai Greater Eastern Link rd Mwalimu fgarm Malaa, Koma Hill",kangundo rd|ruai greater eastern link rd mwalimu fgarm malaa|koma hill
NEEMA TRAVELLERS AGENCY LIMITED,ADR-2DVSRBM,"Eastleigh, gikomba commercial ronald ngala forest rdkariokor thika rd juja rd outering rd baba dogo kariobangi south kariobangi lucky summer gituamba githurai eastern bypass kangundo rd ruai kamulu joska malaa greater eastern link rd mwalimu farm, Koma Hill",eastleigh|gikomba commercial ronald ngala forest rdkariokor thika rd juja rd outering rd baba dogo kariobangi south kariobangi lucky summer gituamba githurai eastern bypass kangundo rd ruai kamulu joska malaa greater eastern link rd mwalimu farm|koma hill
NEEMA TRAVELLERS AGENCY LIMITED,ADR-K9BF6B8,"Eastleigh, gikomba commercial ronald ngala forest rd ojijo rd parklands rhapta rd kariokor thika rd juja rd outering rd baba dogo kariobangi south kariobangi lucky summer gituamba githurai eastern bypass kangundo rd ruai kamulu joska malaa greater eastern link rd mwalimu farm, Koma Hill",eastleigh|gikomba commercial ronald ngala forest rd ojijo rd parklands rhapta rd kariokor thika rd juja rd outering rd baba dogo kariobangi south kariobangi lucky summer gituamba githurai eastern bypass kangundo rd ruai kamulu joska malaa greater eastern link rd mwalimu farm|koma hill
NEEMA TRAVELLERS AGENCY LIMITED,ADR-7WRS92W,"Kariobangi, Eastleigh gikomba commercial ronald ngala forest rd Kangemi ojijo rd parklands rhapta rd kariokor thika rd Gatundu Thika Kilimambogo Oldonyo Sabuk Juja Rd outering rd baba dogo kariobangi south lucky summer gituamba githurai eastern bypass kangundo rd ruai kamulu joska malaa greater eastern link rd mwalimu farm Koma Hill, Matuu",kariobangi|eastleigh gikomba commercial ronald ngala forest rd kangemi ojijo rd parklands rhapta rd kariokor thika rd gatundu thika kilimambogo oldonyo sabuk juja rd outering rd baba dogo kariobangi south lucky summer gituamba githurai eastern bypass kangundo rd ruai kamulu joska malaa greater eastern link rd mwalimu farm koma hill|matuu
NEEMA TRAVELLERS AGENCY LIMITED,ADR-EPJSABK,"kariobangi south, juja road, kariokor, ronald ngara",kariobangi south|juja road|kariokor|ronald ngara
NEEMA TRAVELLERS AGENCY LIMITED,ADR-Q5LCYZZ,"kariobangi, thika road, commercial",kariobangi|thika road|commercial
NEEMA TRAVELLERS AGENCY LIMITED,ADR-A5ACLOL,"gikomba, juja road, kariobangi",gikomba|juja road|kariobangi
NEEMA TRAVELLERS AGENCY LIMITED,NTR-00348,"ronald ngara, juja road, kariobangi",ronald ngara|juja road|kariobangi
NEEMA TRAVELLERS AGENCY LIMITED,NTR-00349,"ronald ngara, thika road,alsolps, kariobangi",ronald ngara|thika road|alsolps|kariobangi
NEEMA TRAVELLERS AGENCY LIMITED,ADR-K9BF6V8,"kariobangi south, outering road, thika road, gikomba, commercial",kariobangi south|outering road|thika road|gikomba|commercial
NEEMA TRAVELLERS AGENCY LIMITED,ADR-POKSME5,"gikomba, kariobangi, juja road",gikomba|kariobangi|juja road
NEEMA TRAVELLERS AGENCY LIMITED,ADR-DB3TBZ3,"ronald ngara, kariobangi, thika road",ronald ngara|kariobangi|thika road
NEEMA TRAVELLERS AGENCY LIMITED,ADR-3ZQSLM2,"ronald ngara, kariobangi, juja road",ronald ngara|kariobangi|juja road
NEEMA TRAVELLERS AGENCY LIMITED,NTR-00372,"ronald ngara, thika road, kariobangi",ronald ngara|thika road|kariobangi
NEEMA TRAVELLERS AGENCY LIMITED,NTR-00357,"dandora, kariobangi round about,alsolps,thika road, ronald ngara",dandora|kariobangi round about|alsolps|thika road|ronald ngara
NEEMA TRAVELLERS AGENCY LIMITED,ADR-JY7SQ6E,"kariobagi, juja road, eastleigh, gikomba",kariobagi|juja road|eastleigh|gikomba
NEO KENYA MPYA COMMUTERS LIMITED,NTR-00922,"Mombasa Rd(cabanas), Airport North Rd Outering Rd Eastern Bypass Utawala Ruai Thika Rd Pangani Parklands, Nairobi",mombasa rd cabanas|airport north rd outering rd eastern bypass utawala ruai thika rd pangani parklands|nairobi
NEO KENYA MPYA COMMUTERS LIMITED,NTR-00615,"nairobi, nanyuki,meru, isiolo",nairobi|nanyuki|meru|isiolo
NEO KENYA MPYA COMMUTERS LIMITED,NTR-00202008171329140,"Thika, Outering road Kangundo road Airport North Road Taj Mall Eastern Bypass, Tala .",thika|outering road kangundo road airport north road taj mall eastern bypass|tala
NEO KENYA MPYA COMMUTERS LIMITED,NTR-00149,"nairobi, thika,kerugoya, kirinyaga",nairobi|thika|kerugoya|kirinyaga
NEO KENYA MPYA COMMUTERS LIMITED,ADR-A5AC768,"nairobi, kirinyaga,thika, kerugoya",nairobi|kirinyaga|thika|kerugoya
NEO KENYA MPYA COMMUTERS LIMITED,ADR-9AKFWDO,"nairobi, thika, embu, meru",nairobi|thika|embu|meru
NEO KENYA MPYA COMMUTERS LIMITED,ADR-DB3T368,"nairobi, meru, embu",nairobi|meru|embu
NGOKANA SAVINGS AND CREDIT COOPERATIVE SOCIETY,NTR-00166,"kiserian, ngong,karen,yaya,ambassador, railways",kiserian|ngong|karen|yaya|ambassador|railways
NGOKANA SAVINGS AND CREDIT COOPERATIVE SOCIETY,NTR-00201901141019580,"kiserian, ngong,karen,dagoreti corner,prestige, kenyatta",kiserian|ngong|karen|dagoreti corner|prestige|kenyatta
NGOKANA SAVINGS AND CREDIT COOPERATIVE SOCIETY,ADR-BQ9SQAO,"kiserian, railways,ngong,yaya, gpo",kiserian|railways|ngong|yaya|gpo
NGOKANA SAVINGS AND CREDIT COOPERATIVE SOCIETY,ADR-REOSZ9K,"kiserian, railways,ngong,karen,yaya, ambassador",kiserian|railways|ngong|karen|yaya|ambassador
NGONG TRAVELLERS SACCO,NTR-00202003161526160,"Kiserian, NgongKarenNduyuYayaGpoAmbassadorRailwaysHaile sellasieMbagathi rd, Langata",kiserian|ngongkarennduyuyayagpoambassadorrailwayshaile sellasiembagathi rd|langata
NGONG TRAVELLERS SACCO,NTR-0092,"Railways, KNH,Mbagathi Way,Rongai, Magadi",railways|knh|mbagathi way|rongai|magadi
NGONG TRAVELLERS SACCO,NTR-00202012151526570,"Kiserian, Ngong Karen Langata Mbagathi GPO Ambassador Haile selassie Nyayo Stadium Mombasa rd, Utawala",kiserian|ngong karen langata mbagathi gpo ambassador haile selassie nyayo stadium mombasa rd|utawala
NGONG TRAVELLERS SACCO,NTR-00202109161630370,"magadi, kiserian ongataRongai ngong Karen ndunyu knh Yaya langata nyayo stadium mbagathi GPO ambassador railways Mombasa Rd outering rd jogoo Rd. Kangundo Rd njiru, Utawala .",magadi|kiserian ongatarongai ngong karen ndunyu knh yaya langata nyayo stadium mbagathi gpo ambassador railways mombasa rd outering rd jogoo rd kangundo rd njiru|utawala
NGONG TRAVELLERS SACCO,NTR-0096,"kiserian, ngong,karen,nduyu,yaya,gpo,ambassador, railways",kiserian|ngong|karen|nduyu|yaya|gpo|ambassador|railways
NGONG TRAVELLERS SACCO,NTR-00166,"kiserian, ngong,karen,yaya,ambassador, railways",kiserian|ngong|karen|yaya|ambassador|railways
NGONG TRAVELLERS SACCO,ADR-VYAS98E,"kiserian, ngong, ndunyu, yaya, gpo, ambassadour, railways",kiserian|ngong|ndunyu|yaya|gpo|ambassadour|railways
NGONG TRAVELLERS SACCO,ADR-Q5LCMPP,"railways, ngong, kiserian",railways|ngong|kiserian
NGONG TRAVELLERS SACCO,ADR-EPJSRKW,"railways, kiserian, ngong",railways|kiserian|ngong
NGONG TRAVELLERS SACCO,ADR-2DVSDM6,"kiserian, ngong, karen , dunyu, yaya, ambassador, railways",kiserian|ngong|karen|dunyu|yaya|ambassador|railways
NGUMO-LINE SAVINGS AND CREDIT CO-OPERATIVE SOCIETY LIMITED,NTR-00201911111218030,"St peters, Serena,Valley rd,Knh,Ngumo,Soweto,Kibera,Mbagathi rd,Tmall,Nyayo stadium,Lusaka rd,Enterprise rd, General Motors",st peters|serena|valley rd|knh|ngumo|soweto|kibera|mbagathi rd|tmall|nyayo stadium|lusaka rd|enterprise rd|general motors
NGUMO-LINE SAVINGS AND CREDIT CO-OPERATIVE SOCIETY LIMITED,NTR-00202110191107070,"ngumo, mbagathi rd KNH tmall nyayo stadium lusaka rd muthurwa jogoo rd outering rd, Kangundo rd",ngumo|mbagathi rd knh tmall nyayo stadium lusaka rd muthurwa jogoo rd outering rd|kangundo rd
NGUMO-LINE SAVINGS AND CREDIT CO-OPERATIVE SOCIETY LIMITED,NTR-00157,"st.peters, valley road,serena,knh,mbagathi, ngumo",st peters|valley road|serena|knh|mbagathi|ngumo
NGUMO-LINE SAVINGS AND CREDIT CO-OPERATIVE SOCIETY LIMITED,ADR-537H63J,"st.peters, serana, valley road, knh, ngumo, soweto, kibera",st peters|serana|valley road|knh|ngumo|soweto|kibera
NGUMO-LINE SAVINGS AND CREDIT CO-OPERATIVE SOCIETY LIMITED,ADR-A5ACLJJ,"st.peters, ngumo,valley road,serena, mbagathi",st peters|ngumo|valley road|serena|mbagathi
NGUMO-LINE SAVINGS AND CREDIT CO-OPERATIVE SOCIETY LIMITED,ADR-9AKFA7Y,"st.peters, ngumo,valley road,serena,knh, mbagathi",st peters|ngumo|valley road|serena|knh|mbagathi
NICCO MOVERS LIMITED,NTR-00201910041103390,"Luthuli Avenue, Thika rd,Juja,Makongeni,, Gatundu",luthuli avenue|thika rd|juja|makongeni|gatundu
NICCO MOVERS LIMITED,NTR-00201911061447250,"Ronald Ngala, Thika rd,Githurai,Juja, Thika (MAKONGENI)",ronald ngala|thika rd|githurai|juja|thika makongeni
NICCO MOVERS LIMITED,NTR-00202002041115240,"Ronald Ngala, GithuraiJujaThika, Makongeni",ronald ngala|githuraijujathika|makongeni
NICCO MOVERS LIMITED,ADR-A5AC8E3,"nairobi, thika road, githurai",nairobi|thika road|githurai
NKIKAN SACCO SOCIETY LIMITED,NTR-00202108060738470,"Kitengela, isinya ngong karen kikuyu wangige northern bypass KU ruiru thika, Makongeni",kitengela|isinya ngong karen kikuyu wangige northern bypass ku ruiru thika|makongeni
NKIKAN SACCO SOCIETY LIMITED,NTR-00840,"Nairobi, kitengela namanga kiserian rongai gataka rd langata rdmbagathi rd ngong rd suswa kikuyu wangige nothern bypass kiambu ruiru thika, makongeni",nairobi|kitengela namanga kiserian rongai gataka rd langata rdmbagathi rd ngong rd suswa kikuyu wangige nothern bypass kiambu ruiru thika|makongeni
NKIKAN SACCO SOCIETY LIMITED,NTR-001424,"nairobi, ngong rd,kiserian,isinya, namanga anad back",nairobi|ngong rd|kiserian|isinya|namanga anad back
NKIKAN SACCO SOCIETY LIMITED,NTR-00716,"nairobi, kiserian,isinya, namanga",nairobi|kiserian|isinya|namanga
NKIKAN SACCO SOCIETY LIMITED,NTR-0095,"railways, rongai,kiserian, ngong",railways|rongai|kiserian|ngong
NKIKAN SACCO SOCIETY LIMITED,ADR-ZZJSJLL,"railways, knh, mbagathi, langata road, rongai, kiserian, namanga",railways|knh|mbagathi|langata road|rongai|kiserian|namanga
NKIKAN SACCO SOCIETY LIMITED,ADR-2DVSRPD,"nairobi, rongai, kiserian, isinya, kajiado, namanga",nairobi|rongai|kiserian|isinya|kajiado|namanga
NKIKAN SACCO SOCIETY LIMITED,ADR-K9BF6YE,"nairobi, namanga,kiserian, isinya",nairobi|namanga|kiserian|isinya
OBAMANA TRAVELLERS SACCO,NTR-00202011161232480,"Kangundo rd, Outering rd Juja rd Eatsleigh Gikomba Jogoo rd Enterprise rd Eatern Bypass, Alsops",kangundo rd|outering rd juja rd eatsleigh gikomba jogoo rd enterprise rd eatern bypass|alsops
OBAMANA TRAVELLERS SACCO,NTR-00202211141656550,"Bus Station, Westlands via Waiyaki Way Ruiru via Thika Rd Alsops Outering Rd Juja Rd Eastleigh Gikomba Jogoo Rd Enterprise Rd Mombasa Rd Eastern Bypass, Kangundo Rd",bus station|westlands via waiyaki way ruiru via thika rd alsops outering rd juja rd eastleigh gikomba jogoo rd enterprise rd mombasa rd eastern bypass|kangundo rd
OBAMANA TRAVELLERS SACCO,ADR-7WRSZQK,"temple lane, jogoo road, outer ring road, kangundo road, kantafu market",temple lane|jogoo road|outer ring road|kangundo road|kantafu market
OBAMANA TRAVELLERS SACCO,ADR-BQ9S3KO,"temple lane, kantafu market,jogoo road, outer ring road, kangundo road",temple lane|kantafu market|jogoo road|outer ring road|kangundo road
OBAMANA TRAVELLERS SACCO,ADR-REOSLDK,"bus station, malaa,jogoo road,kangundo road,ruai, joska",bus station|malaa|jogoo road|kangundo road|ruai|joska
OBAMANA TRAVELLERS SACCO,ADR-MDMSAWB,"bus station, jogoo road, buruburu, outering road, kangundo road, kantafu market",bus station|jogoo road|buruburu|outering road|kangundo road|kantafu market
ONGATA LINE TRANSPORTERS LIMITED,ADR-WZ9SWOK,"railways, mbagathi way,ongata rongai, kiserian",railways|mbagathi way|ongata rongai|kiserian
ONGATA LINE TRANSPORTERS LIMITED,ADR-537H6MR,"railways, kiserian, ongata rongai",railways|kiserian|ongata rongai
ONGATA LINE TRANSPORTERS LIMITED,ADR-A5ACLW6,"railways, kiserian,mbagathi way, ongata rongai",railways|kiserian|mbagathi way|ongata rongai
ongata rongai bus services,NTR-00202106141134550,"ongata rongai, bomas railways, Kitengela",ongata rongai|bomas railways|kitengela
ongata rongai bus services,NTR-00138,"kiserian, magadi road,langata road,mbagathi road,knh, railways",kiserian|magadi road|langata road|mbagathi road|knh|railways
ongata rongai bus services,NTR-00201909271127470,"KITENGELA, MLOLONGOEMBAKASIJOGOO RDMOMBASA ROADOUTERING ROADSAVANNAH ROUTEALSOPS, ACCRA RD",kitengela|mlolongoembakasijogoo rdmombasa roadoutering roadsavannah routealsops|accra rd
ongata rongai bus services,NTR-00202007031207480,"Railways, Kitengela via, Mombasa Rd",railways|kitengela via|mombasa rd
ongata rongai bus services,ADR-POKSK2Q,"railways, ongata rongai, kiserian",railways|ongata rongai|kiserian
ongata rongai bus services,ADR-VYASAY9,"railways, kiserian, ongata rongai",railways|kiserian|ongata rongai
OROKISE SACCO LTD,NTR-00138,"kiserian, magadi road,langata road,mbagathi road,knh, railways",kiserian|magadi road|langata road|mbagathi road|knh|railways
OROKISE SACCO LTD,ADR-3ZQSL52,"railways, knh,mbagathi way,rongai, kiserian",railways|knh|mbagathi way|rongai|kiserian
OROKISE SACCO LTD,ADR-JY7SQ5E,"railways, ongata rongai, kiserian",railways|ongata rongai|kiserian
OROKISE SACCO LTD,ADR-POKSMA5,"railways, kiserian, ongata rongai",railways|kiserian|ongata rongai
OROKISE SACCO LTD,ADR-VYASVOO,"kiserian, railways,magadi road,langata road,mbagathi road, knh",kiserian|railways|magadi road|langata road|mbagathi road|knh
OROKISE SACCO LTD,ADR-Q5LCYOZ,"nairobi, rongai, kiserian, isinya, kajiado, namanga",nairobi|rongai|kiserian|isinya|kajiado|namanga
OROKISE SACCO LTD,ADR-EPJSA3K,"railways, knh, mbagathi, langata road, rongai, kiserian, namanga",railways|knh|mbagathi|langata road|rongai|kiserian|namanga
OROKISE SACCO LTD,ADR-2DVSZJO,"railways, mbagathi way,ongata rongai, kiserian",railways|mbagathi way|ongata rongai|kiserian
OROKISE SACCO LTD,ADR-K9BFE9O,"railways, kiserian,mbagathi way, ongata rongai",railways|kiserian|mbagathi way|ongata rongai
OROKISE SACCO LTD,ADR-7WRS75B,"railways, kiserian,knh,mbagathi way, rongai",railways|kiserian|knh|mbagathi way|rongai
OROKISE SACCO LTD,ADR-BQ9S76R,"railways, ngong,rongai, kiserian",railways|ngong|rongai|kiserian
OROMATS SACCO SOCIETY LTD,ADR-A5AC875,"kiserian, railways,magadi road,langata road,mbagathi road, knh",kiserian|railways|magadi road|langata road|mbagathi road|knh
OROMATS SACCO SOCIETY LTD,ADR-K9BF6YE,"nairobi, namanga,kiserian, isinya",nairobi|namanga|kiserian|isinya
OROMATS SACCO SOCIETY LTD,ADR-DB3TO35,"railways, ongata rongai, kiserian",railways|ongata rongai|kiserian
OROMATS SACCO SOCIETY LTD,ADR-POKSK8P,"railways, knh,mbagathi way,rongai, kiserian",railways|knh|mbagathi way|rongai|kiserian
OROMATS SACCO SOCIETY LTD,NTR-00716,"nairobi, kiserian,isinya, namanga",nairobi|kiserian|isinya|namanga
OROMATS SACCO SOCIETY LTD,ADR-LZRSR32,"railways, mbagathi way,ongata rongai, kiserian",railways|mbagathi way|ongata rongai|kiserian
OROMATS SACCO SOCIETY LTD,ADR-7WRS9VW,"nairobi, rongai, kiserian, isinya, kajiado, namanga",nairobi|rongai|kiserian|isinya|kajiado|namanga
OROMATS SACCO SOCIETY LTD,ADR-WZ9S937,"nairobi, kiserian, magadi",nairobi|kiserian|magadi
OROMATS SACCO SOCIETY LTD,ADR-ZZJSJLL,"railways, knh, mbagathi, langata road, rongai, kiserian, namanga",railways|knh|mbagathi|langata road|rongai|kiserian|namanga
OROMATS SACCO SOCIETY LTD,NTR-00138,"kiserian, magadi road,langata road,mbagathi road,knh, railways",kiserian|magadi road|langata road|mbagathi road|knh|railways
OROMATS SACCO SOCIETY LTD,ADR-ZZJSRQL,"ngong, kjiado,kiserian, isinya",ngong|kjiado|kiserian|isinya
OROMATS SACCO SOCIETY LTD,ADR-8LMS9EB,"railways, magadi,knh,mbagathi way, rongai",railways|magadi|knh|mbagathi way|rongai
OROMATS SACCO SOCIETY LTD,ADR-YM3S56O,"railways, knh,mbagathi way,rongai, magadi",railways|knh|mbagathi way|rongai|magadi
OUTER CIRCLE SACCO,ADR-JY7SE2K,"gillhouse, muthurwa,jogoo road,buruburu, civilservant",gillhouse|muthurwa|jogoo road|buruburu|civilservant
OUTER CIRCLE SACCO,ADR-POKS75Z,"jericho, maringo,jogoo road, temple road",jericho|maringo|jogoo road|temple road
OUTER CIRCLE SACCO,ADR-VYASZP6,"jericho, temple road,maringo, jogoo road",jericho|temple road|maringo|jogoo road
OUTER CIRCLE SACCO,ADR-Q5LCBO2,"gill house, outering,jogoo road, buruburu",gill house|outering|jogoo road|buruburu
OUTER CIRCLE SACCO,ADR-EPJSQ3P,"muthurwa, jogoo road,maringo,jericho,bururburu, dandora",muthurwa|jogoo road|maringo|jericho|bururburu|dandora
OUTER CIRCLE SACCO,ADR-2DVS2JY,"gill house, jogoo road,buruburu, outering",gill house|jogoo road|buruburu|outering
OUTREACH TRAVEL,NTR-00202011131701470,"Muthurwa, Jogoo rd Likoni rd Lungalunga Mombasa rd Taj Mall Outering rd, Alsops",muthurwa|jogoo rd likoni rd lungalunga mombasa rd taj mall outering rd|alsops
OUTREACH TRAVEL,NTR-00202107081403490,"temple rd, muthurwa gikomba juja rd jogoo rd likoni rd lenterprise rd lusaka rd kwa njenga lunga lunga mombasa rd kitengela cabanaseastern by pass outering rd kangundo rd malaa, Thika rd",temple rd|muthurwa gikomba juja rd jogoo rd likoni rd lenterprise rd lusaka rd kwa njenga lunga lunga mombasa rd kitengela cabanaseastern by pass outering rd kangundo rd malaa|thika rd
OUTREACH TRAVEL,NTR-00601,"temple rd, muthurwa,jogoo rd,likoni rd,lungalunga rd, donholm route",temple rd|muthurwa|jogoo rd|likoni rd|lungalunga rd|donholm route
OUTREACH TRAVEL,ADR-3ZQSVY2,"Muthurwa, Jogoo rd Likoni rd Mombasa rd Taj Mall Outering rd, Alsops",muthurwa|jogoo rd likoni rd mombasa rd taj mall outering rd|alsops
OUTREACH TRAVEL,ADR-JY7S2OE,"muthurwa, jogoo road,likoni road,lungalunga, donholm",muthurwa|jogoo road|likoni road|lungalunga|donholm
OUTREACH TRAVEL,ADR-POKS5L5,"muthurwa, donholm,jogoo road,likoni road, lungalunga",muthurwa|donholm|jogoo road|likoni road|lungalunga
OUTREACH TRAVEL,ADR-VYASPKO,"temple rd, donholm route,muthurwa,jogoo rd,likoni rd, lungalunga rd",temple rd|donholm route|muthurwa|jogoo rd|likoni rd|lungalunga rd
OUTREACH TRAVEL,ADR-Q5LCEKZ,"muthurwa, kwa njenga,enterprise road, lusaka road",muthurwa|kwa njenga|enterprise road|lusaka road
PAKIN ALICIA SACCO SOCIETY LTD,NTR-00126,"railways, dagoreti, kikuyu",railways|dagoreti|kikuyu
PAKIN ALICIA SACCO SOCIETY LTD,NTR-00104,"railways, kikuyu, dagoretti",railways|kikuyu|dagoretti
PAKIN ALICIA SACCO SOCIETY LTD,NTR-00667,"railways, kawangware,dagorretti,kikuyu, gikambura",railways|kawangware|dagorretti|kikuyu|gikambura
PAKIN ALICIA SACCO SOCIETY LTD,NTR-00201901141021120,"knh, dagoreti,kikuyu, limuru",knh|dagoreti|kikuyu|limuru
PAKIN ALICIA SACCO SOCIETY LTD,NTR-00202105240911050,"Railways, ngong rd karen dagoretti kawangware kikuyu, Limuru",railways|ngong rd karen dagoretti kawangware kikuyu|limuru
PAKIN ALICIA SACCO SOCIETY LTD,NTR-00201901070914160,"kenyatta, dagoretti,kikuyu, limuru",kenyatta|dagoretti|kikuyu|limuru
PAKIN ALICIA SACCO SOCIETY LTD,ADR-MDMSMR5,"railways, dagoreti, kikuyu, limuru",railways|dagoreti|kikuyu|limuru
PAKIN ALICIA SACCO SOCIETY LTD,ADR-YM3SLAD,"railways, kawangware,kikuyu, dagoretti",railways|kawangware|kikuyu|dagoretti
PAKIN ALICIA SACCO SOCIETY LTD,ADR-8LMSO6W,"railways, kikuyu, dagoreti",railways|kikuyu|dagoreti
PAKIN ALICIA SACCO SOCIETY LTD,ADR-ZZJSZWW,"railways, dagoretti,kawangware, kikuyu",railways|dagoretti|kawangware|kikuyu
PAKIN ALICIA SACCO SOCIETY LTD,ADR-LZRSRVZ,"railways, kawangware, limuru",railways|kawangware|limuru
PAKIN ALICIA SACCO SOCIETY LTD,ADR-O68I875,"railways, kikuyu,ngong road, dagoretti",railways|kikuyu|ngong road|dagoretti
PAKIN ALICIA SACCO SOCIETY LTD,ADR-6DBSL7A,"kikuyu, gikambura, dagoreti",kikuyu|gikambura|dagoreti
PAKIN ALICIA SACCO SOCIETY LTD,ADR-WZ9S96A,"railways, dagoretti, kikuyu",railways|dagoretti|kikuyu
PALS MATATU SAVINGS AND CREDIT CO-OPERATIVE SOCIETY LIMITED,NTR-0042,"railways, yaya, kawangware",railways|yaya|kawangware
PALS MATATU SAVINGS AND CREDIT CO-OPERATIVE SOCIETY LIMITED,NTR-00201907151554060,"railways, yaya,kawangware,riruta satelite, dagoretti market",railways|yaya|kawangware|riruta satelite|dagoretti market
peja travellers limited,NTR-00202002270910280,"Saika, Kangundo rdDandoraOuteringBuruburuJerichoMaringoJogoo rdOtc, Temple rd",saika|kangundo rddandoraouteringburuburujerichomaringojogoo rdotc|temple rd
peja travellers limited,ADR-EPJS7D5,"ALSOLPS,, OUTERING ROAD,, CITY CABANAS AND BACK",alsolps|outering road|city cabanas and back
peja travellers limited,ADR-POKS75Z,"jericho, maringo,jogoo road, temple road",jericho|maringo|jogoo road|temple road
peja travellers limited,NTR-00202002270910280,"Saika, Kangundo rdDandoraOuteringBuruburuJerichoMaringoJogoo rdOtc, Temple rd",saika|kangundo rddandoraouteringburuburujerichomaringojogoo rdotc|temple rd
peja travellers limited,ADR-EPJS7D5,"ALSOLPS,, OUTERING ROAD,, CITY CABANAS AND BACK",alsolps|outering road|city cabanas and back
peja travellers limited,ADR-POKS75Z,"jericho, maringo,jogoo road, temple road",jericho|maringo|jogoo road|temple road
PEJO TECH COMPANY LTD,NTR-00741,"Bus Station, Jogoo rd Muthurwa Gikomba Kariokor Juja Rd OuteringRd Allsops Kariobangi dandora Moslem machakos mlolongo mombasa rd Cabanas EasternBypass Utawala Ruiru Roundabout kangundo rd ruai joska malaa tala Thika Makongeni kiskioni donyosabuk kilimambogo, Nyeri",bus station|jogoo rd muthurwa gikomba kariokor juja rd outeringrd allsops kariobangi dandora moslem machakos mlolongo mombasa rd cabanas easternbypass utawala ruiru roundabout kangundo rd ruai joska malaa tala thika makongeni kiskioni donyosabuk kilimambogo|nyeri
PEJO TECH COMPANY LTD,NTR-00114,"ronald ngala, kariobangi, dandora",ronald ngala|kariobangi|dandora
PEJO TECH COMPANY LTD,NTR-00357,"dandora, kariobangi round about,alsolps,thika road, ronald ngara",dandora|kariobangi round about|alsolps|thika road|ronald ngara
PEJO TECH COMPANY LTD,ADR-9AKFR89,"dandora, juja road, ronald ngala",dandora|juja road|ronald ngala
PINPOINT SOLUTION (K) LTD,NTR-00202109291448350,"thika rd, bypass kangundo rd jogoo rd eastleigh juja rd gikomba alsops maringo jericho outering rd kamuluruiru OTC mombasa rd komarock muthurwa bus station kayole, Utawala",thika rd|bypass kangundo rd jogoo rd eastleigh juja rd gikomba alsops maringo jericho outering rd kamuluruiru otc mombasa rd komarock muthurwa bus station kayole|utawala
PINPOINT SOLUTION (K) LTD,NTR-0047,"kayole, jogoo road,muthurwa, otc",kayole|jogoo road|muthurwa|otc
PINPOINT SOLUTION (K) LTD,NTR-00117,"kayole, juja road, gikomba",kayole|juja road|gikomba
PINPOINT SOLUTION (K) LTD,NTR-00439,"bus station, jogoo road,kayole, muthurwa",bus station|jogoo road|kayole|muthurwa
PINPOINT SOLUTION (K) LTD,ADR-EPJSEOJ,"kayole, jogoo road, otc",kayole|jogoo road|otc
PINPOINT SOLUTION (K) LTD,ADR-2DVSRE2,"kayole, otc, jogoo road",kayole|otc|jogoo road
PINPOINT SOLUTION (K) LTD,ADR-K9BF6PW,"kayole, jogoo road, muthurwa, otc, mfangano",kayole|jogoo road|muthurwa|otc|mfangano
PINPOINT SOLUTION (K) LTD,ADR-7WRS985,"kayole, gikomba, juja road",kayole|gikomba|juja road
PINPOINT SOLUTION (K) LTD,ADR-BQ9SQ96,"bus station, muthurwa, jogoo road, kayole, eastern bypass, utawala",bus station|muthurwa|jogoo road|kayole|eastern bypass|utawala
PINPOINT SOLUTION (K) LTD,ADR-REOSZAE,"kayole, komarocksmolemjuja road, eastleigh",kayole|komarocksmolemjuja road|eastleigh
PINPOINT SOLUTION (K) LTD,ADR-MDMSJVR,"muthurwa, jogoo road, kayole",muthurwa|jogoo road|kayole
prime  transcity limited,NTR-0048,"kayole, juja road,eastleigh, gikomba",kayole|juja road|eastleigh|gikomba
prime  transcity limited,NTR-00117,"kayole, juja road, gikomba",kayole|juja road|gikomba
prime  transcity limited,NTR-0047,"kayole, jogoo road,muthurwa, otc",kayole|jogoo road|muthurwa|otc
prime  transcity limited,NTR-00206,"kayole, umoja, outering, juja road, gikomba",kayole|umoja|outering|juja road|gikomba
prime  transcity limited,NTR-0052,"kayole, umoja,outering,juja road, gikomba",kayole|umoja|outering|juja road|gikomba
prime  transcity limited,NTR-00201907151558480,"kayole, komarock rd,juja rd, gikomba",kayole|komarock rd|juja rd|gikomba
prime  transcity limited,ADR-MDMSMO6,"Kangundo rd, Kamulu Eastern bypass Cabanas Outering rd Tassia link Savannah Komarock Umoja komarock rd Heshima rd Jogoo rd Muthurwa Gikomba Eastleigh juja rd Mihango, Ruiru underpass",kangundo rd|kamulu eastern bypass cabanas outering rd tassia link savannah komarock umoja komarock rd heshima rd jogoo rd muthurwa gikomba eastleigh juja rd mihango|ruiru underpass
prime  transcity limited,ADR-YM3SL58,"Kangundo rd, Kamulu Eastern bypass Cabanas Outering rd alsops Tassia link Savannah Komarock Umoja kayole komarock rd Heshima rd Jogoo rd otc Muthurwa Gikomba Eastleigh juja rd Mihango, Ruiru underpass",kangundo rd|kamulu eastern bypass cabanas outering rd alsops tassia link savannah komarock umoja kayole komarock rd heshima rd jogoo rd otc muthurwa gikomba eastleigh juja rd mihango|ruiru underpass
prime  transcity limited,ADR-8LMSO95,"kayole, jogoo road, otc",kayole|jogoo road|otc
prime  transcity limited,ADR-ZZJSZR9,"kayole, komarocksmolemjuja road, eastleigh",kayole|komarocksmolemjuja road|eastleigh
prime  transcity limited,ADR-LZRSRY7,"kayole, otc, jogoo road",kayole|otc|jogoo road
prime  transcity limited,ADR-O68I8PL,"kayole, gikomba,juja road, eastleigh",kayole|gikomba|juja road|eastleigh
prime  transcity limited,ADR-6DBSLZL,"kayole, otc,jogoo road, muthurwa",kayole|otc|jogoo road|muthurwa
prime  transcity limited,ADR-WZ9S9VL,"kayole, gikomba, juja road",kayole|gikomba|juja road
QUE SERVICES SAVINGS AND CREDIT CO-OPERATIVE SOCIETY LTD,NTR-00731,"huruma, eeastleigh, lunga lunga",huruma|eeastleigh|lunga lunga
QUE SERVICES SAVINGS AND CREDIT CO-OPERATIVE SOCIETY LTD,ADR-K9BFBEY,"Huruma, Eastleigh, Jogoo road, Likoni road, Lunga lunga, Outering road, Green span, Cabanas Terminus, Mombasa rd",huruma|eastleigh|jogoo road|likoni road|lunga lunga|outering road|green span|cabanas terminus|mombasa rd
QUE SERVICES SAVINGS AND CREDIT CO-OPERATIVE SOCIETY LTD,ADR-7WRS27O,"Huruma, Eastleigh, Jogoo roadlusaka rd enterprise rd, Likoni road, Lunga lunga, Outering road kangundo rd kamulu, Green span, Cabanas Terminus, Mombasa rd",huruma|eastleigh|jogoo roadlusaka rd enterprise rd|likoni road|lunga lunga|outering road kangundo rd kamulu|green span|cabanas terminus|mombasa rd
QUE SERVICES SAVINGS AND CREDIT CO-OPERATIVE SOCIETY LTD,ADR-BQ9SZ77,"huruma, eastleigh, jogoo road, likoni road, lunga lunga",huruma|eastleigh|jogoo road|likoni road|lunga lunga
QUE SERVICES SAVINGS AND CREDIT CO-OPERATIVE SOCIETY LTD,ADR-YM3SLVL,"huruma, ronald ngala,juja, ngara",huruma|ronald ngala|juja|ngara
QUE SERVICES SAVINGS AND CREDIT CO-OPERATIVE SOCIETY LTD,ADR-8LMSOJE,"huruma, ronald ngala,joskasaga, kariokor",huruma|ronald ngala|joskasaga|kariokor
RAJ SAFARIS LIMITED,NTR-00202106161128210,"Railways, ngong rd kibera yaya kawangware dagoretti, kabiria",railways|ngong rd kibera yaya kawangware dagoretti|kabiria
RAJ SAFARIS LIMITED,NTR-00202107081548470,"tom mboya, mombasa rd utawala eastern bypass kamakis railways via thika rdngong rd kibera yaya kawangware dagoretti, kabiria",tom mboya|mombasa rd utawala eastern bypass kamakis railways via thika rdngong rd kibera yaya kawangware dagoretti|kabiria
RAJ SAFARIS LIMITED,NTR-0077,"Tom Mboya, Mombasa RdUtawala Eastern Bypass Kamakis Railways via Thika Rd Kibera Yaya Kawangware Dagoretti Kabiria Rongai Ngong Kiserian Isinya, Kitengela",tom mboya|mombasa rdutawala eastern bypass kamakis railways via thika rd kibera yaya kawangware dagoretti kabiria rongai ngong kiserian isinya|kitengela
rasasi travellers limited,NTR-00201911081222270,"Bus station, Nyayo stadium,Langata,St marys,Rongai,Kiserian,Ngong,Karen,Dagoretti corner,Knh,Kileleshwa,Westlands,Museum road,Limuru rd, Ruaka",bus station|nyayo stadium|langata|st marys|rongai|kiserian|ngong|karen|dagoretti corner|knh|kileleshwa|westlands|museum road|limuru rd|ruaka
rasasi travellers limited,NTR-00370,"bus station, kenyatta,mbagathi road,langata,otiende, st marys",bus station|kenyatta|mbagathi road|langata|otiende|st marys
rasasi travellers limited,NTR-00201903041604540,"bus station, nyayo stadium,rongai,kiserian,ngong,karen,dagoretti corner, kenyatta hospital",bus station|nyayo stadium|rongai|kiserian|ngong|karen|dagoretti corner|kenyatta hospital
rasasi travellers limited,NTR-00201901141206210,"nyayo stadium, rongai,kiserian,ngong,karen,dagoreti corner, kenyatta hospital",nyayo stadium|rongai|kiserian|ngong|karen|dagoreti corner|kenyatta hospital
rasasi travellers limited,ADR-POKSO32,"bus station, knh,mbagathi way, langata,otiende, st.marys hospital",bus station|knh|mbagathi way|langata|otiende|st marys hospital
REMBO SHUTTLE SAVINGS AND CREDIT SACCO LTD,NTR-00202008111552550,"Athi River, KitengelaKataniJoskaKangundo road, Koma Bus Park .",athi river|kitengelakatanijoskakangundo road|koma bus park
REMBO SHUTTLE SAVINGS AND CREDIT SACCO LTD,NTR-001098,"railways, athi river, kitengela, machakos",railways|athi river|kitengela|machakos
REMBO SHUTTLE SAVINGS AND CREDIT SACCO LTD,NTR-001104,"railways, kitengela, athi river, machakos",railways|kitengela|athi river|machakos
REMBO SHUTTLE SAVINGS AND CREDIT SACCO LTD,NTR-00202008171333500,"Cabanas, Kangundo road Ruai, Komarock stage .",cabanas|kangundo road ruai|komarock stage
REMBO SHUTTLE SAVINGS AND CREDIT SACCO LTD,NTR-00202008210840050,"Railways, Athi River Kitengela, Kajiado .",railways|athi river kitengela|kajiado
REMBO SHUTTLE SAVINGS AND CREDIT SACCO LTD,NTR-0020160526151433,"Railways, Jogoo rd Cabanas Kitengela Kajiado Athi River Machakos Katani Kangundo road Ruai Joska, Koma bus",railways|jogoo rd cabanas kitengela kajiado athi river machakos katani kangundo road ruai joska|koma bus
REMBO SHUTTLE SAVINGS AND CREDIT SACCO LTD,ADR-8LMSEKM,"Railways, Kitengela Kajiado Athi River Machakos Katani Cabanas Kangundo road Ruai Joska, Koma bus",railways|kitengela kajiado athi river machakos katani cabanas kangundo road ruai joska|koma bus
REMBO SHUTTLE SAVINGS AND CREDIT SACCO LTD,ADR-ZZJSQ8V,"railways, athi river, kitengela",railways|athi river|kitengela
REMBO SHUTTLE SAVINGS AND CREDIT SACCO LTD,ADR-LZRSWDO,"railways, athiriver,kitengela, machakos",railways|athiriver|kitengela|machakos
REMBO SHUTTLE SAVINGS AND CREDIT SACCO LTD,ADR-O68I2KM,"railways, athiriver, kitengela, machakos",railways|athiriver|kitengela|machakos
REMBO SHUTTLE SAVINGS AND CREDIT SACCO LTD,ADR-6DBS8YD,"railways, kitengela, athi river",railways|kitengela|athi river
REMBO SHUTTLE SAVINGS AND CREDIT SACCO LTD,ADR-WZ9SL29,"railways, machakos,athiriver, kitengela",railways|machakos|athiriver|kitengela
REMBO SHUTTLE SAVINGS AND CREDIT SACCO LTD,ADR-537HYLY,"railways, machakos,athiriver, kitengela",railways|machakos|athiriver|kitengela
REMBO SHUTTLE SAVINGS AND CREDIT SACCO LTD,ADR-A5AC2MV,"railways, kitengela, athiriver, machakos",railways|kitengela|athiriver|machakos
RISEN COMPANY LIMITED,NTR-00202009101618560,"Umoja innercore, KomarockSavannahOutering rdEmbakasiCabanasMombasa rdIndustrial areaEastern bypassUtawalaKangundo rdRuaiKomarock rdJuja rdEastleighJogoo rdMumias rdThika rdKahawa westCommercialRailwaysLangata rdOngata RongaiKiserianNgongKaren, Ngong rd .",umoja innercore|komarocksavannahoutering rdembakasicabanasmombasa rdindustrial areaeastern bypassutawalakangundo rdruaikomarock rdjuja rdeastleighjogoo rdmumias rdthika rdkahawa westcommercialrailwayslangata rdongata rongaikiserianngongkaren|ngong rd
RISEN COMPANY LIMITED,NTR-00417,"Subukia, Njoro Molo Mau Narok Kitale Eldoret Muhoroni Kericho Kakamega Kapsabet Malaba Bungoma Webuye Kisumu Kisii Narok Nakuru Nairobi Kangundo, Machakos",subukia|njoro molo mau narok kitale eldoret muhoroni kericho kakamega kapsabet malaba bungoma webuye kisumu kisii narok nakuru nairobi kangundo|machakos
RISEN COMPANY LIMITED,NTR-00202211071526240,"Kitui, KibweziMachakosKajiadoKangundoKangundo Rd NairobiKiambuThikaMurangaEmbuNyeriMeruNyahururuSubukiaNyandaruaNakuruNjoroMau -NarokKisiiMuhoroniKerichoKisumuBusiaMalabaKakamegaBungomaWebuyeEldoret, kitale",kitui|kibwezimachakoskajiadokangundokangundo rd nairobikiambuthikamurangaembunyerimerunyahururusubukianyandaruanakurunjoromau narokkisiimuhoronikerichokisumubusiamalabakakamegabungomawebuyeeldoret|kitale
RISEN COMPANY LIMITED,ADR-BQ9SPKR,"Shauri moyo, Jogoo rd Buruburu outering civil servant Umoja Kangundo rd kayole Soweto Komarock Savannah Embakasi Industrial area Eastern Bypass Mombasa rd Ktani Syokimau Mlolongo Kajiado Athi river Machakos Kangundo Outering rd Juja rd Eastleigh Kabirea SatelliteNrb Upperhill Moi Avenue Community Westlands Parklands Forest rd Thika rd Zimmerman 44 Kahawa West Ruiru, Thika(Makongeni)",shauri moyo|jogoo rd buruburu outering civil servant umoja kangundo rd kayole soweto komarock savannah embakasi industrial area eastern bypass mombasa rd ktani syokimau mlolongo kajiado athi river machakos kangundo outering rd juja rd eastleigh kabirea satellitenrb upperhill moi avenue community westlands parklands forest rd thika rd zimmerman 44 kahawa west ruiru|thika makongeni
RISEN COMPANY LIMITED,ADR-REOSBDD,"Shauri moyo, Jogoo rd Buruburu Outering rdKangundo rd Umoja Innercore KomarockSavannah Embakasi Industrial Area Mombasa rd Katani Athi river Kitengela Eastern BypassUtawala KangundoKomarockrd Juja rd Eastleigh Thika rd ZimmermanKahawa WestJuja Commercial Langatard Mbagathi rd Ongata Rongai Karen Yaya Ngong rdKenyatta Community.GPO Moi Avenue, Railway",shauri moyo|jogoo rd buruburu outering rdkangundo rd umoja innercore komarocksavannah embakasi industrial area mombasa rd katani athi river kitengela eastern bypassutawala kangundokomarockrd juja rd eastleigh thika rd zimmermankahawa westjuja commercial langatard mbagathi rd ongata rongai karen yaya ngong rdkenyatta community gpo moi avenue|railway
RISEN COMPANY LIMITED,ADR-MDMSOW2,"Shauri moyo, Jogoo rd Buruburu Outering rdKangundo rd Umoja Innercore KomarockSavannah Embakasi Industrial Area Mombasa rd Katani Athi river Kitengela Eastern BypassUtawala KangundoKomarockrd Juja rd Eastleigh Thika rd ZimmermanKahawa WestJuja Commercial Langatard Mbagathi rd Ongata Rongai Kiserian Ngong Karen Yaya Ngong rdKenyatta Community.GPO Moi Avenue, Railway",shauri moyo|jogoo rd buruburu outering rdkangundo rd umoja innercore komarocksavannah embakasi industrial area mombasa rd katani athi river kitengela eastern bypassutawala kangundokomarockrd juja rd eastleigh thika rd zimmermankahawa westjuja commercial langatard mbagathi rd ongata rongai kiserian ngong karen yaya ngong rdkenyatta community gpo moi avenue|railway
RISEN COMPANY LIMITED,ADR-YM3S5Z2,"Ronald Ngala, Jogoo rd Shauri Moyo Buruburu outering civil servant Umoja Kangundo rd kayole Soweto Komarock Savannah Embakasi Industrial area Eastern Bypass Mombasa rd Katani Syokimau Mlolongo Kajiado Athi river Machakos Kangundo Outering rd Juja rd Eastleigh Kabirea Satellite Nrb Upperhill Moi Avenue Community Westlands Parklands Forest rd Thika rd Zimmerman 44 Kahawa West Ruiru, Thika (Makongeni)",ronald ngala|jogoo rd shauri moyo buruburu outering civil servant umoja kangundo rd kayole soweto komarock savannah embakasi industrial area eastern bypass mombasa rd katani syokimau mlolongo kajiado athi river machakos kangundo outering rd juja rd eastleigh kabirea satellite nrb upperhill moi avenue community westlands parklands forest rd thika rd zimmerman 44 kahawa west ruiru|thika makongeni
RISEN COMPANY LIMITED,ADR-8LMS9A3,"Ronald Ngala, Tom Mboya Jogoo rd Shauri Moyo Buruburu outering civil servant Umoja Kangundo rd kayole Soweto Komarock Savannah Embakasi Industrial area Eastern Bypass Mombasa rd Katani Syokimau Mlolongo Kajiado Athi river Machakos Kangundo Outering rd Juja rd Eastleigh Kabiria Satellite Nrb Upperhill Moi Avenue Community Westlands Parklands Forest rd Thika rd Zimmerman 44 Kahawa West Ruiru, Thika (Makongeni)",ronald ngala|tom mboya jogoo rd shauri moyo buruburu outering civil servant umoja kangundo rd kayole soweto komarock savannah embakasi industrial area eastern bypass mombasa rd katani syokimau mlolongo kajiado athi river machakos kangundo outering rd juja rd eastleigh kabiria satellite nrb upperhill moi avenue community westlands parklands forest rd thika rd zimmerman 44 kahawa west ruiru|thika makongeni
RONGAO SAVING AND CREDIT COOPERATIVE SOCIETY LIMITED,NTR-0095,"railways, rongai,kiserian, ngong",railways|rongai|kiserian|ngong
RONGAO SAVING AND CREDIT COOPERATIVE SOCIETY LIMITED,NTR-00138,"kiserian, magadi road,langata road,mbagathi road,knh, railways",kiserian|magadi road|langata road|mbagathi road|knh|railways
RONGAO SAVING AND CREDIT COOPERATIVE SOCIETY LIMITED,ADR-LZRSR32,"railways, mbagathi way,ongata rongai, kiserian",railways|mbagathi way|ongata rongai|kiserian
RONGAO SAVING AND CREDIT COOPERATIVE SOCIETY LIMITED,ADR-O68I8LQ,"ngong, kiserian, magandi",ngong|kiserian|magandi
RONGAO SAVING AND CREDIT COOPERATIVE SOCIETY LIMITED,ADR-6DBSLD2,"railways, ngong,rongai, kiserian",railways|ngong|rongai|kiserian
RONGAO SAVING AND CREDIT COOPERATIVE SOCIETY LIMITED,ADR-WZ9S937,"nairobi, kiserian, magadi",nairobi|kiserian|magadi
RONGAO SAVING AND CREDIT COOPERATIVE SOCIETY LIMITED,ADR-537HWO8,"railways, kiserian,mbagathi way, ongata rongai",railways|kiserian|mbagathi way|ongata rongai
RONGAO SAVING AND CREDIT COOPERATIVE SOCIETY LIMITED,ADR-A5AC875,"kiserian, railways,magadi road,langata road,mbagathi road, knh",kiserian|railways|magadi road|langata road|mbagathi road|knh
RONGAO SAVING AND CREDIT COOPERATIVE SOCIETY LIMITED,ADR-9AKFRWK,"railways, knh,mbagathi way,rongai, kiserian",railways|knh|mbagathi way|rongai|kiserian
RONGAO SAVING AND CREDIT COOPERATIVE SOCIETY LIMITED,ADR-DB3TO35,"railways, ongata rongai, kiserian",railways|ongata rongai|kiserian
ROYAL SWIFT EXPRESS LIMITED,NTR-00202002051608010,"Embakasi, Jogoo rdMombasa rdCabanasOutering rdAlsops, Accra rd",embakasi|jogoo rdmombasa rdcabanasoutering rdalsops|accra rd
ROYAL SWIFT EXPRESS LIMITED,ADR-6DBSW36,"accra rd, mombasa rd cabanas outering rdembakasi likoni rdenterprise rd jogoo rd juja rdthika rd mathare north, Alsops",accra rd|mombasa rd cabanas outering rdembakasi likoni rdenterprise rd jogoo rd juja rdthika rd mathare north|alsops
ROYAL SWIFT EXPRESS LIMITED,ADR-WZ9SW8K,"accra rd, mombasa rd cabanas Kitengela outering rd embakasi Kangundo Rd Utawala Eastern Bypass likoni rd enterprise rd jogoo rd Muranga Rd juja rd thika rd mathare north, Alsops",accra rd|mombasa rd cabanas kitengela outering rd embakasi kangundo rd utawala eastern bypass likoni rd enterprise rd jogoo rd muranga rd juja rd thika rd mathare north|alsops
ROYAL SWIFT EXPRESS LIMITED,ADR-537H6PR,"accra rd, jogoo rd, embakasi",accra rd|jogoo rd|embakasi
ROYAL SWIFT EXPRESS LIMITED,ADR-A5ACLY6,"emabakasi, jogoo road, accra road",emabakasi|jogoo road|accra road
ROYAL SWIFT EXPRESS LIMITED,ADR-9AKFAB5,"accra road, mombasa road, embakasi",accra road|mombasa road|embakasi
ROYAL SWIFT EXPRESS LIMITED,ADR-DB3TBLD,"emabakasi, accra road, jogoo road",emabakasi|accra road|jogoo road
RUKAGINA 44 SACCO,NTR-00202107221159520,"Commercial, Ronald ngala Zimmermankiambugithuraikahawa westoutering roadnorthern bypasseastern bypassruiruthika, Makongeni",commercial|ronald ngala zimmermankiambugithuraikahawa westoutering roadnorthern bypasseastern bypassruiruthika|makongeni
RUKAGINA 44 SACCO,NTR-00201901151134190,"ronald ngala, zimmerman,githurai,kahawawest,northern bypass,ruiru, thika",ronald ngala|zimmerman|githurai|kahawawest|northern bypass|ruiru|thika
RUKAGINA 44 SACCO,NTR-00201908081513360,"ronald ngala, kiambu rd,nothern bypass,ruiru, thika",ronald ngala|kiambu rd|nothern bypass|ruiru|thika
RUKAGINA 44 SACCO,ADR-O68IMW2,"ronald ngala, githurai , kahawa west",ronald ngala|githurai|kahawa west
RUKAGINA 44 SACCO,ADR-6DBS97Z,"commercial, zimmerman, kahawawest, ruiru",commercial|zimmerman|kahawawest|ruiru
RUKAGINA 44 SACCO,ADR-WZ9SE62,"ronald ngala, zimmerman, kahawa west",ronald ngala|zimmerman|kahawa west
RUKAGINA 44 SACCO,ADR-537HBK9,"ronald ngala, kahawa west, githurai",ronald ngala|kahawa west|githurai
RUKAGINA 44 SACCO,ADR-A5ACKB9,"ronald ngala, kahawa west, zimmerman",ronald ngala|kahawa west|zimmerman
RUKINE TRAVELLERS SAVINGS AND CREDIT CO-OPERATVE SOCIETY LIMITED,NTR-00229,"nairobi, ruiru, thika",nairobi|ruiru|thika
RUKINE TRAVELLERS SAVINGS AND CREDIT CO-OPERATVE SOCIETY LIMITED,NTR-00202102171148440,"Ruiru, Nembu Kigongo Gitwe Gachika, Mundoro",ruiru|nembu kigongo gitwe gachika|mundoro
RUKINE TRAVELLERS SAVINGS AND CREDIT CO-OPERATVE SOCIETY LIMITED,NTR-00202107070954180,"Nairobi, thika ruiru nembu kigumo gitare gachika mundoro nyanduma gatamaiyu, kimende",nairobi|thika ruiru nembu kigumo gitare gachika mundoro nyanduma gatamaiyu|kimende
RUKINE TRAVELLERS SAVINGS AND CREDIT CO-OPERATVE SOCIETY LIMITED,NTR-00964,"nairobi, thika, ruiru, kigumo",nairobi|thika|ruiru|kigumo
RUNKA SERVICES COOPERATIVE SAVINGS AND CREDIT SOCIETY LTD,NTR-00202006091055510,"Odeon, HighridgePanganiBypassGithogoroRuakaLimururdNdenderuKaruraWangigeKikuyuKiambuRuiruJujaJuja farm, Thika",odeon|highridgepanganibypassgithogororuakalimururdndenderukarurawangigekikuyukiamburuirujujajuja farm|thika
RUNKA SERVICES COOPERATIVE SAVINGS AND CREDIT SOCIETY LTD,NTR-001288,"Odeon, BypassGithogoroRuakaKarura gachie via waiyaki way kikuyu peponi rd banana kabuku limuru tigoni kimende kijabe ikinu githunguri kwa maiko rioki thome ngumba alsops kariobangi, thika",odeon|bypassgithogororuakakarura gachie via waiyaki way kikuyu peponi rd banana kabuku limuru tigoni kimende kijabe ikinu githunguri kwa maiko rioki thome ngumba alsops kariobangi|thika
RUNKA SERVICES COOPERATIVE SAVINGS AND CREDIT SOCIETY LTD,NTR-00201912270805250,"Odeon, HighridgePanganiBypassGithogoroRuakaLimuru rdNdenderuKaruraWanginge, Kikuyu",odeon|highridgepanganibypassgithogororuakalimuru rdndenderukarurawanginge|kikuyu
RUNKA SERVICES COOPERATIVE SAVINGS AND CREDIT SOCIETY LTD,ADR-REOSLL9,"odeon, highridge, pangani, ruaka, ndenderu",odeon|highridge|pangani|ruaka|ndenderu
RUNKA SERVICES COOPERATIVE SAVINGS AND CREDIT SOCIETY LTD,ADR-MDMSAM9,"odeon, pangani, highridge, karura, rwaka, ndenderu",odeon|pangani|highridge|karura|rwaka|ndenderu
RUNKA SERVICES COOPERATIVE SAVINGS AND CREDIT SOCIETY LTD,ADR-YM3SELZ,"odeon, bypass,githogoro,ruaka,karura, kikuyu",odeon|bypass|githogoro|ruaka|karura|kikuyu
RUNKA SERVICES COOPERATIVE SAVINGS AND CREDIT SOCIETY LTD,ADR-8LMSVOQ,"odeon, highridge, pangani, ndenderu",odeon|highridge|pangani|ndenderu
RUNKA SERVICES COOPERATIVE SAVINGS AND CREDIT SOCIETY LTD,ADR-ZZJS2ZY,"odeon, ndenderu,highridge, pangani, ruaka",odeon|ndenderu|highridge|pangani|ruaka
RWAKEN INVESTMENTS LIMITED,NTR-001253,"within kenya, within kenya, within kenya",within kenya|within kenya|within kenya
RWAKEN INVESTMENTS LIMITED,NTR-00948,"nairobi, within, nairobi",nairobi|within|nairobi
RWAKEN INVESTMENTS LIMITED,ADR-WZ9SW79,"within, , kenya",within|kenya
RWAKEN INVESTMENTS LIMITED,ADR-537H6RY,"railwaysmsardathiriverkitengela, ,",railwaysmsardathiriverkitengela
RWAKEN INVESTMENTS LIMITED,ADR-A5ACLRV,"accra road, mombasa road, embakasi",accra road|mombasa road|embakasi
RWAKEN INVESTMENTS LIMITED,ADR-9AKFAMQ,"nairobi, within, within",nairobi|within|within
RWARE TRAVELLERS SACCO,NTR-00202101181115420,"Kangemi, Nyeri town, Ruringu",kangemi|nyeri town|ruringu
RWARE TRAVELLERS SACCO,NTR-00202101181117300,"Kangemi, Nyeri town, Kamakwa",kangemi|nyeri town|kamakwa
SAFELINE MATATU SOCCO SOCIETY LIMITED,NTR-00201901070914160,"kenyatta, dagoretti,kikuyu, limuru",kenyatta|dagoretti|kikuyu|limuru
SAFELINE MATATU SOCCO SOCIETY LIMITED,ADR-MDMSMR5,"railways, dagoreti, kikuyu, limuru",railways|dagoreti|kikuyu|limuru
SAFELINE MATATU SOCCO SOCIETY LIMITED,ADR-JY7S2EV,"nairobi, ndeiya, limuru",nairobi|ndeiya|limuru
SALTY BIZADA INVESTMENT LIMITED,ADR-WZ9SDQL,"Ronald Ngala, tom mboya moi avenue mombasa rd cabanas utawala ruai njiru umoja innercore jogoo rd lunga lunga bahati juja rd kariobangi eastleigh kariokor fig tree thika rd, Alsops",ronald ngala|tom mboya moi avenue mombasa rd cabanas utawala ruai njiru umoja innercore jogoo rd lunga lunga bahati juja rd kariobangi eastleigh kariokor fig tree thika rd|alsops
SALTY BIZADA INVESTMENT LIMITED,ADR-537HQ72,"Ronald Ngala, tom mboya moi avenue mombasa rd cabanas utawala ruai njiru umoja innercore jogoo rd lunga lunga industrial area likoni bahati juja rd kariobangi eastleigh kariokor fig tree thika rd, Alsops",ronald ngala|tom mboya moi avenue mombasa rd cabanas utawala ruai njiru umoja innercore jogoo rd lunga lunga industrial area likoni bahati juja rd kariobangi eastleigh kariokor fig tree thika rd|alsops
SALTY BIZADA INVESTMENT LIMITED,ADR-A5ACPQM,"Umoja innecore, jogoo rd savannah Enterprise rd Imara Daima mombasa rd bunyala road upperhill Ngong rd Dagoretti corner Naivasha rd uthiru kangemi Waiyaki way Westlands Moi Avenue Ronald Ngala parklandsThika rd Eastern bypass RuiruThika, makongeni .",umoja innecore|jogoo rd savannah enterprise rd imara daima mombasa rd bunyala road upperhill ngong rd dagoretti corner naivasha rd uthiru kangemi waiyaki way westlands moi avenue ronald ngala parklandsthika rd eastern bypass ruiruthika|makongeni
SALTY INVESTMENTS LIMITED,NTR-00202106141134550,"ongata rongai, bomas railways, Kitengela",ongata rongai|bomas railways|kitengela
SALTY INVESTMENTS LIMITED,NTR-00202105240924590,"Railways, langata rdbomas ongata rongai, kitengela",railways|langata rdbomas ongata rongai|kitengela
SALTY INVESTMENTS LIMITED,NTR-00202211071511110,"Ngong, Kiserian Rongai Gataka Rd Bomas Langata Railways Jogoo Rd Kangundo Rd Komarock via Umoja, Kitengela",ngong|kiserian rongai gataka rd bomas langata railways jogoo rd kangundo rd komarock via umoja|kitengela
SALTY SUPPORTERS INVESTMENT LIMITED,NTR-00202101191051190,"Ronald Ngala, Fig tree Thika rd Alsops Outering rd Cabanas Utawala Ruai, Kangundo rd",ronald ngala|fig tree thika rd alsops outering rd cabanas utawala ruai|kangundo rd
SALTY SUPPORTERS INVESTMENT LIMITED,NTR-00201812211111140,"ronald ngara, jogoo rd,umoja innercore,saika, mowlem",ronald ngara|jogoo rd|umoja innercore|saika|mowlem
SALTY SUPPORTERS INVESTMENT LIMITED,ADR-EPJS7D5,"ALSOLPS,, OUTERING ROAD,, CITY CABANAS AND BACK",alsolps|outering road|city cabanas and back
SALTY SUPPORTERS INVESTMENT LIMITED,ADR-2DVSPW3,"ALSOLPS,, DANDORA,, RUAI,, MALAA AND BACK",alsolps|dandora|ruai|malaa and back
SERIAN SAVINGS AND CREDIT CO-OPERATIVE SOCIETY LTD,NTR-00138,"kiserian, magadi road,langata road,mbagathi road,knh, railways",kiserian|magadi road|langata road|mbagathi road|knh|railways
SERIAN SAVINGS AND CREDIT CO-OPERATIVE SOCIETY LTD,ADR-MDMSM3A,"Railways, kiserian, Isinya",railways|kiserian|isinya
SERIAN SAVINGS AND CREDIT CO-OPERATIVE SOCIETY LTD,ADR-YM3SLOL,"railways, mbagathi way,ongata rongai, kiserian",railways|mbagathi way|ongata rongai|kiserian
SERIAN SAVINGS AND CREDIT CO-OPERATIVE SOCIETY LTD,ADR-8LMSODE,"railways, ongata rongai, kiserian",railways|ongata rongai|kiserian
SERIAN SAVINGS AND CREDIT CO-OPERATIVE SOCIETY LTD,ADR-ZZJSZ7R,"railways, kiserian, ongata rongai",railways|kiserian|ongata rongai
SERIAN SAVINGS AND CREDIT CO-OPERATIVE SOCIETY LTD,ADR-LZRSRJD,"nairobi, kiserian, magadi",nairobi|kiserian|magadi
SERIAN SAVINGS AND CREDIT CO-OPERATIVE SOCIETY LTD,ADR-O68I8J6,"railways, kiserian,mbagathi way, ongata rongai",railways|kiserian|mbagathi way|ongata rongai
SERIAN SAVINGS AND CREDIT CO-OPERATIVE SOCIETY LTD,ADR-6DBSLJV,"railways, kiserian,knh,mbagathi way, rongai",railways|kiserian|knh|mbagathi way|rongai
SERIAN SAVINGS AND CREDIT CO-OPERATIVE SOCIETY LTD,ADR-WZ9S9R5,"railways, knh,mbagathi way,rongai, kiserian",railways|knh|mbagathi way|rongai|kiserian
seven city shuttle limited,ADR-JY7SL62,"nairobi, athi river , kitengela, machakos",nairobi|athi river|kitengela|machakos
seven city shuttle limited,ADR-POKSREA,"railways, machakos,athiriver, kitengela",railways|machakos|athiriver|kitengela
SINGLE LINE SERVICES LIMITED,NTR-00202109201132040,"katani, mlolongo mombasa rd hazina enterprise rd GPO ambassador, hakati",katani|mlolongo mombasa rd hazina enterprise rd gpo ambassador|hakati
SINGLE LINE SERVICES LIMITED,ADR-JY7S2Y8,"south b, gpo, ambassador, hazina estate",south b|gpo|ambassador|hazina estate
SINGLE LINE SERVICES LIMITED,ADR-POKS52J,"south b, gpo, ambassador, hazina estate",south b|gpo|ambassador|hazina estate
SINGLE LINE SERVICES LIMITED,ADR-VYASPYM,"bus station, south b, hazina",bus station|south b|hazina
SMOKE CITY SACCO LIMITED,NTR-001102,"Nairobi, Kitengela, Machakos, Makueni",nairobi|kitengela|machakos|makueni
SMOKE CITY SACCO LIMITED,NTR-00381,"nairobi, machakos, Wote",nairobi|machakos|wote
SMOKE CITY SACCO LIMITED,NTR-00202009301656280,"Nairobi, KitengelaKajiado, Namanga .",nairobi|kitengelakajiado|namanga
SMOKE CITY SACCO LIMITED,ADR-8LMS9RZ,"city cabanas, machakos, Wote",city cabanas|machakos|wote
SNOWBALL SACCO SOCIETY LTD,NTR-00138,"kiserian, magadi road,langata road,mbagathi road,knh, railways",kiserian|magadi road|langata road|mbagathi road|knh|railways
SNOWBALL SACCO SOCIETY LTD,NTR-00724,"Railways, KNH,, Mbagathi,, Langata road,, Rongai,, Kiserian,, Namanga and back",railways|knh|mbagathi|langata road|rongai|kiserian|namanga and back
SNOWBALL SACCO SOCIETY LTD,ADR-O68IMV7,"Railways, KNH ngong rd kawangware ndonyo karen kibera langata rd hardy gataka rd ongata rongai kiserian isinya namanga kitengela, Mombasa rd",railways|knh ngong rd kawangware ndonyo karen kibera langata rd hardy gataka rd ongata rongai kiserian isinya namanga kitengela|mombasa rd
SNOWBALL SACCO SOCIETY LTD,ADR-6DBS9W7,"Railways, Athi River, Kitengela",railways|athi river|kitengela
SNOWBALL SACCO SOCIETY LTD,ADR-WZ9SEWJ,"railways, knh,mbagathi way,rongai, kiserian",railways|knh|mbagathi way|rongai|kiserian
SNOWBALL SACCO SOCIETY LTD,ADR-537HBBV,"railways, mbagathi way,ongata rongai, kiserian",railways|mbagathi way|ongata rongai|kiserian
SNOWBALL SACCO SOCIETY LTD,ADR-A5ACKKE,"railways, ongata rongai, kiserian",railways|ongata rongai|kiserian
SNOWBALL SACCO SOCIETY LTD,ADR-9AKFJJV,"railways, kiserian, ongata rongai",railways|kiserian|ongata rongai
SONY CLASSIC SHUTTLE EAST AFRICA LIMITED,NTR-00202104201026350,"Juja, Ruiru Eastern bypass Commercial Kikuyu Mutarakwa Thigio Limuru Githunguri Kiambu Wangige, Ruaka",juja|ruiru eastern bypass commercial kikuyu mutarakwa thigio limuru githunguri kiambu wangige|ruaka
SONY CLASSIC SHUTTLE EAST AFRICA LIMITED,NTR-00202104290903280,"Eastern by pass, Ruiru JujaRuaka Kiambu Githunguri Thigio Wangige Mutarakwa Limuru, kikuyu",eastern by pass|ruiru jujaruaka kiambu githunguri thigio wangige mutarakwa limuru|kikuyu
SONY CLASSIC SHUTTLE EAST AFRICA LIMITED,ADR-9AKFOOQ,"commercial, kiambu, githunguri",commercial|kiambu|githunguri
SONY CLASSIC SHUTTLE EAST AFRICA LIMITED,NTR-00202104201026350,"Juja, Ruiru Eastern bypass Commercial Kikuyu Mutarakwa Thigio Limuru Githunguri Kiambu Wangige, Ruaka",juja|ruiru eastern bypass commercial kikuyu mutarakwa thigio limuru githunguri kiambu wangige|ruaka
SONY CLASSIC SHUTTLE EAST AFRICA LIMITED,NTR-00202104290903280,"Eastern by pass, Ruiru JujaRuaka Kiambu Githunguri Thigio Wangige Mutarakwa Limuru, kikuyu",eastern by pass|ruiru jujaruaka kiambu githunguri thigio wangige mutarakwa limuru|kikuyu
SONY CLASSIC SHUTTLE EAST AFRICA LIMITED,ADR-9AKFOOQ,"commercial, kiambu, githunguri",commercial|kiambu|githunguri
SOUTH B MATATU OWNERS SACCO SOCIETY LTD,NTR-00201910291437530,"Bus station, South b,Hazina,Mombasa rd, Machakos",bus station|south b|hazina|mombasa rd|machakos
SOUTH B MATATU OWNERS SACCO SOCIETY LTD,NTR-00202105241245440,"Bus Station, mombasa rd south b south c jogoo rd eastleigh juja rd thika rd outering rd embakasi utawala kangundo rd ruai, Machakos",bus station|mombasa rd south b south c jogoo rd eastleigh juja rd thika rd outering rd embakasi utawala kangundo rd ruai|machakos
SOUTH B MATATU OWNERS SACCO SOCIETY LTD,ADR-EPJSY5D,"bus station, hazina, south b",bus station|hazina|south b
SOUTH B MATATU OWNERS SACCO SOCIETY LTD,ADR-2DVS53V,"bus station, south b, hazina",bus station|south b|hazina
SOUTH B MATATU OWNERS SACCO SOCIETY LTD,ADR-K9BFV5A,"bus station, south b, hazina",bus station|south b|hazina
SOUTH B MATATU OWNERS SACCO SOCIETY LTD,ADR-7WRSZJL,"bus station, hazina, south b",bus station|hazina|south b
SOUTHLEIGH S LIMITED,ADR-537HQE2,"Ngara fig tree, Kariokor Juja rd GikombaEastleigh Kiambiu Jericho Buruburu Alsops Outering rd Cabanas Mombasa rd Nyayo round about Lusaka rd Likoni rd Muthurwa Jogoo rd Savannah Umoja Saika Mowlem Civil servants eastern bypass utawala, Kangundo rd",ngara fig tree|kariokor juja rd gikombaeastleigh kiambiu jericho buruburu alsops outering rd cabanas mombasa rd nyayo round about lusaka rd likoni rd muthurwa jogoo rd savannah umoja saika mowlem civil servants eastern bypass utawala|kangundo rd
SOUTHLEIGH SAVINGS AND CREDIT COOPERATIVE SOCIETY LIMITED,NTR-00202003161550390,"Kariokor, GikombaEastleighJerichoBuruburuOutering rdCabanasMombasa rdNyayo roundaboutLusaka rdMuthurwaJogoordSavannahUmoja, Saika",kariokor|gikombaeastleighjerichoburuburuoutering rdcabanasmombasa rdnyayo roundaboutlusaka rdmuthurwajogoordsavannahumoja|saika
SOUTHLEIGH SAVINGS AND CREDIT COOPERATIVE SOCIETY LIMITED,ADR-2DVSDV3,"Ngara fig tree, Kariokor Juja rd GikombaEastleigh Kiambiu Jericho Buruburu Alsops Outering rd Cabanas Mombasa rd Nyayo round about Lusaka rd Likoni rd Muthurwa Jogoo rd Savannah Umoja Saika Mowlem Civil servants eastern bypass utawala, Kangundo rd",ngara fig tree|kariokor juja rd gikombaeastleigh kiambiu jericho buruburu alsops outering rd cabanas mombasa rd nyayo round about lusaka rd likoni rd muthurwa jogoo rd savannah umoja saika mowlem civil servants eastern bypass utawala|kangundo rd
SOUTHLEIGH SAVINGS AND CREDIT COOPERATIVE SOCIETY LIMITED,ADR-K9BFZQY,"kariokor, gikomba,eastleigh,jericho,buruburu,outeringroad, cabanas",kariokor|gikomba|eastleigh|jericho|buruburu|outeringroad|cabanas
SOWETAMU TRAVELLERS SACCO,NTR-00201911080923280,"Thika, Ruiru,Eastern Bypass,Mihango,Kayole junction,soweto,Tajmall,Cabanas,Machakos, Wote",thika|ruiru|eastern bypass|mihango|kayole junction|soweto|tajmall|cabanas|machakos|wote
SOWETAMU TRAVELLERS SACCO,NTR-00133,"Kenol, Thika Ruiru Eastern Bypass Jogoo Rd Mihango Kayole Junction Soweto Taj mall Mombasa Rd Machakos Wote Kibwezi, Kitui",kenol|thika ruiru eastern bypass jogoo rd mihango kayole junction soweto taj mall mombasa rd machakos wote kibwezi|kitui
SOWETAMU TRAVELLERS SACCO,NTR-001152,"isinya, kitengela athi river syokimau jkia utawala ruai malaa kangundo rd kangundo umoja innercore outering rd dandora kariobangi huruma buruburu jogoo rdkencom rongai kiserian ngong hardy knh kibera kawangware kikuyu waiyaki way thika rd, thika",isinya|kitengela athi river syokimau jkia utawala ruai malaa kangundo rd kangundo umoja innercore outering rd dandora kariobangi huruma buruburu jogoo rdkencom rongai kiserian ngong hardy knh kibera kawangware kikuyu waiyaki way thika rd|thika
SOWETAMU TRAVELLERS SACCO,NTR-00201812271114480,"kayole junction, soweto,taj mall,cabanas,machakos, wote",kayole junction|soweto|taj mall|cabanas|machakos|wote
SOWETAMU TRAVELLERS SACCO,ADR-3ZQS3YE,"Thika, Ruiru Gatanga Njambini, Naivasha",thika|ruiru gatanga njambini|naivasha
ST. MARYS TRANSPORT SACCO SOCIETY,NTR-00857,"NAIROBI, KISERIAN, MAGADI AND BACK",nairobi|kiserian|magadi and back
ST. MARYS TRANSPORT SACCO SOCIETY,NTR-00202108060801500,"Bus Station, city stadium lusaka rd enterprise rd likoni rd jogoo rd kangundo rd via eastern bypass mombasa rd langata rd kungu karumba rd ngong rd karen dagoretti yaya centre limuru rd, Ruaka",bus station|city stadium lusaka rd enterprise rd likoni rd jogoo rd kangundo rd via eastern bypass mombasa rd langata rd kungu karumba rd ngong rd karen dagoretti yaya centre limuru rd|ruaka
ST. MARYS TRANSPORT SACCO SOCIETY,NTR-0020181211134410497,"Bus station, Kencom,GPO,KNH,Adams arcade,Karen,Ngong,Matasia,Kiseriani,Rongai,Bomas,Langata road, Kiserian",bus station|kencom|gpo|knh|adams arcade|karen|ngong|matasia|kiseriani|rongai|bomas|langata road|kiserian
ST. MARYS TRANSPORT SACCO SOCIETY,NTR-00370,"bus station, kenyatta,mbagathi road,langata,otiende, st marys",bus station|kenyatta|mbagathi road|langata|otiende|st marys
ST. MARYS TRANSPORT SACCO SOCIETY,NTR-00202007021132300,"Bus Station, KNHMbagathi WayLangataRongai, Kiserian",bus station|knhmbagathi waylangatarongai|kiserian
ST. MARYS TRANSPORT SACCO SOCIETY,ADR-3ZQS2AL,"bus station, knh,mbagathi way, langata,otiende, st.marys hospital",bus station|knh|mbagathi way|langata|otiende|st marys hospital
ST. MARYS TRANSPORT SACCO SOCIETY,ADR-JY7S73Z,"bus station, st marys,kenyatta,mbagathi road,langata, otiende",bus station|st marys|kenyatta|mbagathi road|langata|otiende
ST. MARYS TRANSPORT SACCO SOCIETY,ADR-POKSKOO,"bus station, otiende,knh, mbagathi way, langata",bus station|otiende|knh|mbagathi way|langata
ST. MARYS TRANSPORT SACCO SOCIETY,ADR-VYASALA,"bus station, st.marys hospital,knh,mbagathi way, langata, otiende",bus station|st marys hospital|knh|mbagathi way|langata|otiende
STAHITO  COMMUTER  SERVICES CO. LIMITED,NTR-00202105241240410,"Kitengela, mombasa rd cabanas eastern bypass kangundo rd ruai kamulu outering rd kwa njenga lungalunga rd likoni industrial area lusaka rd bus station/muthurwa railways mbagathi rd langata rd bomas jogoo rd eastleigh(biafra)alsops wangige ruaka ruiru via thika, Muranga",kitengela|mombasa rd cabanas eastern bypass kangundo rd ruai kamulu outering rd kwa njenga lungalunga rd likoni industrial area lusaka rd bus station/muthurwa railways mbagathi rd langata rd bomas jogoo rd eastleigh biafra alsops wangige ruaka ruiru via thika|muranga
STAHITO  COMMUTER  SERVICES CO. LIMITED,NTR-001405,"otc, industrial area,jogoo rd,likoni rd,mombasa rd, kitengela",otc|industrial area|jogoo rd|likoni rd|mombasa rd|kitengela
STAHITO  COMMUTER  SERVICES CO. LIMITED,NTR-00563,"bus station, lusaka road,enterprise road,industrial area,general motors, mukuru kwa njenga",bus station|lusaka road|enterprise road|industrial area|general motors|mukuru kwa njenga
STAHITO  COMMUTER  SERVICES CO. LIMITED,ADR-YM3S8ML,"Muthurwa, Jogoo road Likoni road Industrial AreaLusaka rd mombasa roadKwa Njenga Kitengela City cabanas Eastern Bypass Kangundo rd Ruai Kamulu Outering rd Alsops Eastleigh(Biafra) Lungalunga, Bus station",muthurwa|jogoo road likoni road industrial arealusaka rd mombasa roadkwa njenga kitengela city cabanas eastern bypass kangundo rd ruai kamulu outering rd alsops eastleigh biafra lungalunga|bus station
STAHITO  COMMUTER  SERVICES CO. LIMITED,ADR-8LMSMLE,"Kitengela, mombasa rd cabanas eastern bypass kangundo rd ruai kamulu outering rd kwa njenga lungalunga rd likoni industrial area lusaka rd bus station/muthurwa jogoo rd eastleigh(biafra)alsops wangige ruaka ruiru via thika, Muranga",kitengela|mombasa rd cabanas eastern bypass kangundo rd ruai kamulu outering rd kwa njenga lungalunga rd likoni industrial area lusaka rd bus station/muthurwa jogoo rd eastleigh biafra alsops wangige ruaka ruiru via thika|muranga
STAHITO  COMMUTER  SERVICES CO. LIMITED,ADR-ZZJSL6R,"muthurwa, jogoo road , likoni road, industrial area, mombasa road, kitengela",muthurwa|jogoo road|likoni road|industrial area|mombasa road|kitengela
STAHITO  COMMUTER  SERVICES CO. LIMITED,ADR-LZRSE8D,"railways, athi river, kitengela",railways|athi river|kitengela
STARBUS COMPANY (K) LTD,NTR-0078,"odeon, westlands, kangemi",odeon|westlands|kangemi
STARBUS COMPANY (K) LTD,NTR-00202001071426110,"Odeon/Lagos rd, WestlandsWestlandsRedhill rdLink rdGigiriGachieKaruraGitaru rdWangigeKikuyu, Kangemi",odeon/lagos rd|westlandswestlandsredhill rdlink rdgigirigachiekaruragitaru rdwangigekikuyu|kangemi
STARBUS COMPANY (K) LTD,NTR-0015,"uthiru, kawangware, yaya,ambassador, railways",uthiru|kawangware|yaya|ambassador|railways
STARBUS COMPANY (K) LTD,ADR-2DVSROK,"odeon, westlandsuthiru, kinoo",odeon|westlandsuthiru|kinoo
STARBUS COMPANY (K) LTD,ADR-K9BF68M,"railways, abambassador, kawangware, uthiru",railways|abambassador|kawangware|uthiru
STARBUS COMPANY (K) LTD,ADR-7WRS93P,"odeon, westlands, kangemi, uthiru, kinoo",odeon|westlands|kangemi|uthiru|kinoo
STARBUS COMPANY (K) LTD,ADR-BQ9SQBV,"railways, uthiru,abambassador, kawangware",railways|uthiru|abambassador|kawangware
STARBUS COMPANY (K) LTD,ADR-REOSZVQ,"odeon, kinoo, westlandsuthiru",odeon|kinoo|westlandsuthiru
STARBUS COMPANY (K) LTD,ADR-MDMSJRE,"odeon, kangemi, westlands",odeon|kangemi|westlands
STARBUS COMPANY (K) LTD,ADR-YM3SBAV,"odeon, kangemi, stage87, muhuri road, dagoretti market junction",odeon|kangemi|stage87|muhuri road|dagoretti market junction
STARBUS COMPANY (K) LTD,ADR-8LMSY6Y,"railways, ngong road, naivasha road, satellite , kabiria, uthiru",railways|ngong road|naivasha road|satellite|kabiria|uthiru
SUMMA TRANSPORTERS SACCO LIMITED,ADR-A5AC276,"Ring road, NgaraGithuraiRuiruMwihokoThikaMakongeni, Kenol",ring road|ngaragithurairuirumwihokothikamakongeni|kenol
SUMMA TRANSPORTERS SACCO LIMITED,ADR-9AKFOW5,"githurai, mwihoko, ruiru, kenol",githurai|mwihoko|ruiru|kenol
SUNBIRD SERVICES LTD,NTR-00123,"Ronald Ngala, Zimmerman githurai kahawa west northern bypass outering rd eastern bypass ruiru, Thika",ronald ngala|zimmerman githurai kahawa west northern bypass outering rd eastern bypass ruiru|thika
SUNBIRD SERVICES LTD,NTR-00209,"odeon, githurai, kahawa west",odeon|githurai|kahawa west
SUNBIRD SERVICES LTD,ADR-K9BFZ2J,"Mombasa, NairobiEmbuMaua via MeruNanyukiNyeriNyahururuNaivashaNakuruKisumu, Kakamega back",mombasa|nairobiembumaua via merunanyukinyerinyahururunaivashanakurukisumu|kakamega back
SUNBIRD SERVICES LTD,ADR-7WRSO3A,"ronald ngala, zimmerman, kahawa west",ronald ngala|zimmerman|kahawa west
SUNBIRD SERVICES LTD,ADR-BQ9SMBK,"ronald ngala, githurai , kahawa west",ronald ngala|githurai|kahawa west
SUNBIRD SERVICES LTD,ADR-REOSYV5,"ronald ngala, kahawa west, githurai",ronald ngala|kahawa west|githurai
SUNBIRD SERVICES LTD,ADR-MDMSERP,"ronald ngala, kahawa west, zimmerman",ronald ngala|kahawa west|zimmerman
SUPER HIGHWAY 45 SACCO SOCIETY LTD,NTR-00202103101509460,"Cabanas, Eastern bypass Outerng rd Juja rd Nairobi Thika rd Mwhihoko Githurai Thika, Mwingi",cabanas|eastern bypass outerng rd juja rd nairobi thika rd mwhihoko githurai thika|mwingi
SUPER HIGHWAY 45 SACCO SOCIETY LTD,NTR-00415,"ronald ngara, thika road, githurai",ronald ngara|thika road|githurai
SUPER HIGHWAY 45 SACCO SOCIETY LTD,ADR-YM3SVQB,"nairobi, thika road, githurai",nairobi|thika road|githurai
SUPER HIGHWAY 45 SACCO SOCIETY LTD,ADR-8LMSJPV,"nairobi, thika road, githurai",nairobi|thika road|githurai
SUPER HIGHWAY 45 SACCO SOCIETY LTD,ADR-ZZJS9DZ,"nairobi, thika road, githurai, mwingi",nairobi|thika road|githurai|mwingi
SUPER HIGHWAY 45 SACCO SOCIETY LTD,ADR-LZRSOZW,"ronald ngala, mwingi, githurai",ronald ngala|mwingi|githurai
SUPER HIGHWAY 45 SACCO SOCIETY LTD,ADR-O68IVWP,"nairobi, mwingi,thika road, githurai",nairobi|mwingi|thika road|githurai
SUPER HIGHWAY 45 SACCO SOCIETY LTD,ADR-6DBSW7Y,"railways, mwingi,thika road, githurai",railways|mwingi|thika road|githurai
SUPER HIGHWAY 45 SACCO SOCIETY LTD,ADR-WZ9SW6P,"ronald ngala, githurai, thika, mwingi",ronald ngala|githurai|thika|mwingi
SUPER METRO LIMITED,NTR-00202006121135460,"Ruiru, RuakaWangigeKikuyuWaiyakiwayWestlandsMoi avenueTomboyaThika rdKasaraniJujaThika, Thika-Makongeni",ruiru|ruakawangigekikuyuwaiyakiwaywestlandsmoi avenuetomboyathika rdkasaranijujathika|thika makongeni
SUPER METRO LIMITED,NTR-00202108091506440,"TALA, KOMAROCK- MALAA- KAMULU- RUAI-UTAWALA-PIPELINE- JOGOO RD- YAYA- KAWANGWARE-KABIRIA- KiKUYU, Limuru",tala|komarock malaa kamulu ruai utawala pipeline jogoo rd yaya kawangware kabiria kikuyu|limuru
SUPER METRO LIMITED,NTR-00130,"kikuyu, waiyaki way,westlands,moi avenue,tom mboya,thika road,kasarani, juja",kikuyu|waiyaki way|westlands|moi avenue|tom mboya|thika road|kasarani|juja
SUPER METRO LIMITED,NTR-00191,"kikuyu, kawangware kenyatta ambasdour tom mboya thika road kasarani, juja",kikuyu|kawangware kenyatta ambasdour tom mboya thika road kasarani|juja
SUPER METRO LIMITED,ADR-A5ACQDD,"Ruiru, Ruaka Wangige Kikuyu Waiyaki way Westlands Moi Avenue Tom Mboya Thika rd Kasarani Juja Thika (Thika makongeni) Oldonyo Sabuk Kilimambogo Tala Machakos Mombasa rd, Mlolongo",ruiru|ruaka wangige kikuyu waiyaki way westlands moi avenue tom mboya thika rd kasarani juja thika thika makongeni oldonyo sabuk kilimambogo tala machakos mombasa rd|mlolongo
SUPER METRO LIMITED,ADR-9AKF2PP,"Ruiru, Ruaka Wangige Kikuyu Waiyaki way Westlands Moi Avenue Tom Mboya Thika rd Kasarani Juja Thika (Thika makongeni) Oldonyo Sabuk Kilimambogo Tala Machakos Mombasa rd, Mlolongo",ruiru|ruaka wangige kikuyu waiyaki way westlands moi avenue tom mboya thika rd kasarani juja thika thika makongeni oldonyo sabuk kilimambogo tala machakos mombasa rd|mlolongo
SUPER METRO LIMITED,ADR-DB3T5RP,"Ruiru, Ruaka Wangige Kikuyu Waiyaki way Westlands Moi Avenue Tom Mboya Thika rd Kasarani Juja Thika Thika makongeni Oldonyo Sabuk Kilimambogo Tala Machakos Mlolongo Mombasa rd Bomas Hardy Gataka Ongata Rongai Kiserian Ngong Karen Dagoretti corner, KNH",ruiru|ruaka wangige kikuyu waiyaki way westlands moi avenue tom mboya thika rd kasarani juja thika thika makongeni oldonyo sabuk kilimambogo tala machakos mlolongo mombasa rd bomas hardy gataka ongata rongai kiserian ngong karen dagoretti corner|knh
SUPER METRO LIMITED,ADR-3ZQS3DE,"ruaka, Wangige kikuyu waiyaki way westlands moi avenueTomboya Thika rd kasarani zimmerman kahawa west bypass Juja Thika Thika makongeni oldonyo sabuk Kilimambogo TalaMachakos Mlolongo mombasa rd Bomas hardy gataka ongata Rongai Kiserian Ngong Karen Dagoreti coner, KNH",ruaka|wangige kikuyu waiyaki way westlands moi avenuetomboya thika rd kasarani zimmerman kahawa west bypass juja thika thika makongeni oldonyo sabuk kilimambogo talamachakos mlolongo mombasa rd bomas hardy gataka ongata rongai kiserian ngong karen dagoreti coner|knh
SUPER METRO LIMITED,ADR-JY7SLYJ,"ruaka, Wangige limuru kikuyu waiyaki way westlands moi avenueTom boya Thika rd alsops juja rd outering rd kasarani zimmerman kahawa west bypass Juja Thika Thika makongeni oldonyo sabuk Kilimambogo Tala Machakos kitengela Mlolongo mombasa rd jogoo rd upperhill Bomas hardy gataka ongata Rongai Kiserian Ngong Karen Dagoreti coner kawangare kabiria lavington kileleshwa yaya, KNH",ruaka|wangige limuru kikuyu waiyaki way westlands moi avenuetom boya thika rd alsops juja rd outering rd kasarani zimmerman kahawa west bypass juja thika thika makongeni oldonyo sabuk kilimambogo tala machakos kitengela mlolongo mombasa rd jogoo rd upperhill bomas hardy gataka ongata rongai kiserian ngong karen dagoreti coner kawangare kabiria lavington kileleshwa yaya|knh
SUPER METRO LIMITED,ADR-POKSR2V,"Ruiru, ruakawangigeLimuruKikuyuWiayaki wayWestlandsMoi avenueTom mboyaGPOAmbassadorsKencomThika rdAlsopsJuja rdOutering rdAirport rdEmbakasi via Taj mallCity cabanasUtawalaPipelineKomarockUmojaSavanahJacarandaFedhaTenaMombasa rdKitengelaMachakosTalaKilimbambogoOldonyo sabukMakongeniThika JujaYayakileleshwaLavingtonKabiria KawangwareDagoreticornerKarenNgongKiserianOngata rongaiGatakaHardyBomas, KNH back",ruiru|ruakawangigelimurukikuyuwiayaki waywestlandsmoi avenuetom mboyagpoambassadorskencomthika rdalsopsjuja rdoutering rdairport rdembakasi via taj mallcity cabanasutawalapipelinekomarockumojasavanahjacarandafedhatenamombasa rdkitengelamachakostalakilimbambogooldonyo sabukmakongenithika jujayayakileleshwalavingtonkabiria kawangwaredagoreticornerkarenngongkiserianongata rongaigatakahardybomas|knh back
SUPER METRO LIMITED,ADR-VYAS9Y2,"kikuyu, juja,waiyaki way,westlands,moi avenue,tom mboya,thika road, kasarani",kikuyu|juja|waiyaki way|westlands|moi avenue|tom mboya|thika road|kasarani
SUPER METRO LIMITED,ADR-Q5LCM2D,"kikuyu, waiyakiway,westlands,moi avenue,tom mboya,thika road,kasarani,juja, makongenithika",kikuyu|waiyakiway|westlands|moi avenue|tom mboya|thika road|kasarani|juja|makongenithika
SUPER TRAM LIMITED,NTR-00202109131306060,"Tom mboya, limuru ndenderu ruakamwihoko zimmermangithuraikahawa westruirujujathika road, makongenithika",tom mboya|limuru ndenderu ruakamwihoko zimmermangithuraikahawa westruirujujathika road|makongenithika
SUPER TRAM LIMITED,NTR-00124,"tommboya, zimmerma,githurai, kahawa west",tommboya|zimmerma|githurai|kahawa west
SUPER TRAM LIMITED,NTR-00201901151029270,"tom mboya, zimmerman,githurai,kahawa west,ruiru,juja,thika road, makongenithika",tom mboya|zimmerman|githurai|kahawa west|ruiru|juja|thika road|makongenithika
SUPER TRAM LIMITED,ADR-ZZJS9PQ,"commercial, githurai,zimmerman, kahawa west",commercial|githurai|zimmerman|kahawa west
SUPER TRAM LIMITED,ADR-2DVSZQ8,"tommboya, kahawa west,zimmerma, githurai",tommboya|kahawa west|zimmerma|githurai
SUPER TRAM LIMITED,ADR-K9BFEA9,"ronald ngala, githurai , kahawa west",ronald ngala|githurai|kahawa west
SUPER TRAM LIMITED,ADR-7WRS7Q6,"odeon, githurai,kahawa west,bypass, ruiru",odeon|githurai|kahawa west|bypass|ruiru
tawala shuttle limited,NTR-0016,"Bus station, NRB West Madaraka Mombasa RD, Langata RD, Lusaka RDCity Standium, Jogoo RD Donholm, OuterRing Rd AllsopsThika RD, UtawalaEastern BypassRuiru, RuakaWangige Kawangware, Ngong rd",bus station|nrb west madaraka mombasa rd|langata rd|lusaka rdcity standium|jogoo rd donholm|outerring rd allsopsthika rd|utawalaeastern bypassruiru|ruakawangige kawangware|ngong rd
tawala shuttle limited,NTR-001183,"Kangundo Rd, Outering Rd Githunguri Utawala Jogoo Rd Mombasa Rd Mbagathi Rd GPO via Ngong Rd, Ambassador",kangundo rd|outering rd githunguri utawala jogoo rd mombasa rd mbagathi rd gpo via ngong rd|ambassador
tawala shuttle limited,NTR-00134,"joska, githunguri,utawala,mombasa road,gpo,ambassadeur, commercial",joska|githunguri|utawala|mombasa road|gpo|ambassadeur|commercial
tawala shuttle limited,ADR-2DVS23A,"joska, commercial,githunguri,utawala,mombasa road,gpo, ambassadeur",joska|commercial|githunguri|utawala|mombasa road|gpo|ambassadeur
TELAVIV TRAVELLERS LIMITED,NTR-00201901041436380,"south c, south b,likoni, eastleigh",south c|south b|likoni|eastleigh
TELAVIV TRAVELLERS LIMITED,ADR-REOSRMR,"bus station, mombasa road, south c, south b, hazina",bus station|mombasa road|south c|south b|hazina
TELAVIV TRAVELLERS LIMITED,ADR-MDMSQ8O,"ngumo, south c, south b, industrial area",ngumo|south c|south b|industrial area
TELAVIV TRAVELLERS LIMITED,ADR-YM3S6Q9,"bus station, south c,southb, industrial area",bus station|south c|southb|industrial area
TELAVIV TRAVELLERS LIMITED,ADR-8LMSEPZ,"bus station, hazina,mombasa road, south c, south b",bus station|hazina|mombasa road|south c|south b
TELAVIV TRAVELLERS LIMITED,ADR-ZZJSQD5,"south c, south b,mombasa rd,likoni,eastleigh,gikomba,jogoo rd,outering rd,donholm, fedha",south c|south b|mombasa rd|likoni|eastleigh|gikomba|jogoo rd|outering rd|donholm|fedha
TELAVIV TRAVELLERS LIMITED,ADR-LZRSWZV,"south c, south b,likoni,eastleigh,gikomba,jogoo rd,outering rd, fedha",south c|south b|likoni|eastleigh|gikomba|jogoo rd|outering rd|fedha
TELAVIV TRAVELLERS LIMITED,ADR-O68I2WW,"machakos, syokimau,imara daima,south b,south c,ngumo,likoni rd,industrial area,eastleigh,gikomba,busstation,jogoo rd,donholm, fedha",machakos|syokimau|imara daima|south b|south c|ngumo|likoni rd|industrial area|eastleigh|gikomba|busstation|jogoo rd|donholm|fedha
TELAVIV TRAVELLERS LIMITED,ADR-6DBS87M,"machakos, syokimau,imara daima,south b,south c,ngumo,likoni rd,industrial area,eastleigh,gikomba,busstation,jogoo rd,outering rd,donholm, fedha",machakos|syokimau|imara daima|south b|south c|ngumo|likoni rd|industrial area|eastleigh|gikomba|busstation|jogoo rd|outering rd|donholm|fedha
THOMAT SAVINGS AND CREDIT COPPERATIVE SOCIETY LIMITED,NTR-00201912041616440,"Odeon, Thika rdThomeRuakakiambuRuiru, Thika (MAKONGENI)",odeon|thika rdthomeruakakiamburuiru|thika makongeni
THOMAT SAVINGS AND CREDIT COPPERATIVE SOCIETY LIMITED,NTR-00202008061555520,"Odeon, Thika road Thome Kiambu Barabara Tano Nderi Kikuyu Ruaka Ruiru Thika, Makongeni",odeon|thika road thome kiambu barabara tano nderi kikuyu ruaka ruiru thika|makongeni
THOMAT SAVINGS AND CREDIT COPPERATIVE SOCIETY LIMITED,NTR-00247,"odeon, thika road, thome",odeon|thika road|thome
THOMAT SAVINGS AND CREDIT COPPERATIVE SOCIETY LIMITED,ADR-EPJSALK,"Ngara, ThikaMokengeni, Kenol",ngara|thikamokengeni|kenol
THOMAT SAVINGS AND CREDIT COPPERATIVE SOCIETY LIMITED,ADR-2DVSZ8O,"odeon, thome, kiambu",odeon|thome|kiambu
THOMAT SAVINGS AND CREDIT COPPERATIVE SOCIETY LIMITED,ADR-K9BFEWO,"odeon, thika rd, thome, bypass, ruiru",odeon|thika rd|thome|bypass|ruiru
THOMAT SAVINGS AND CREDIT COPPERATIVE SOCIETY LIMITED,ADR-7WRS7KB,"odeon, thika road, thome, bypass, ruiru",odeon|thika road|thome|bypass|ruiru
THOMAT SAVINGS AND CREDIT COPPERATIVE SOCIETY LIMITED,ADR-BQ9S7OR,"odeon, thika road, thome, ruaka",odeon|thika road|thome|ruaka
THOMAT SAVINGS AND CREDIT COPPERATIVE SOCIETY LIMITED,ADR-REOS83D,"odeon, thome, thika road",odeon|thome|thika road
TIKAGI SAVINGS AND CREDIT COOPERATIVE SOCIETY LIMITED,NTR-00202108091426140,"kiambu, tatu city ruiru tinganga roysambu ruaka githurai 44 kahawa westgithurai 45 mwiki gatundu thika ikinu, githunguri",kiambu|tatu city ruiru tinganga roysambu ruaka githurai 44 kahawa westgithurai 45 mwiki gatundu thika ikinu|githunguri
TIKAGI SAVINGS AND CREDIT COOPERATIVE SOCIETY LIMITED,NTR-00201909131535550,"Tinganga, KiambuRuakaTatu cityRoysambu RuiruGatunduThikaGithurai45Githurai44, Mwiki",tinganga|kiamburuakatatu cityroysambu ruirugatunduthikagithurai45githurai44|mwiki
TIKAGI SAVINGS AND CREDIT COOPERATIVE SOCIETY LIMITED,ADR-7WRSVDA,"kiambu, ikunu, GITHUNGURI",kiambu|ikunu|githunguri
TIKAGI SAVINGS AND CREDIT COOPERATIVE SOCIETY LIMITED,ADR-BQ9S5JK,"kiambu, tatu city ruiru tinganga roysambu ruaka githurai 44 githurai 45 mwiki gatundu thika ikinu, githunguri",kiambu|tatu city ruiru tinganga roysambu ruaka githurai 44 githurai 45 mwiki gatundu thika ikinu|githunguri
TIKAGI SAVINGS AND CREDIT COOPERATIVE SOCIETY LIMITED,ADR-REOSRW5,"tinganga, kiambu,tatu city,ruiru,gatundu,thika,githurai45,githurai44, mwiki",tinganga|kiambu|tatu city|ruiru|gatundu|thika|githurai45|githurai44|mwiki
TIKAGI SAVINGS AND CREDIT COOPERATIVE SOCIETY LIMITED,ADR-MDMSQYP,"tinganga, thika, githurai45, githurai44, mwiki",tinganga|thika|githurai45|githurai44|mwiki
TRANSNOMICS COMPANY LIMITED,NTR-00202002271055550,"Limuru, kikuyuWangigebananaRwakaWestlandsRedhill link rdPeponi rdNorthern bypassKiambuRuiru, Thika",limuru|kikuyuwangigebananarwakawestlandsredhill link rdpeponi rdnorthern bypasskiamburuiru|thika
TRANSNOMICS COMPANY LIMITED,NTR-00201909251519230,"limuru, banana,rwaka,westlands,redhill link road,peponi rd,northen bypass,ruiru, thika",limuru|banana|rwaka|westlands|redhill link road|peponi rd|northen bypass|ruiru|thika
TRANSNOMICS COMPANY LIMITED,ADR-YM3SV52,"nairobi, limuru bypass, ruiru, thika",nairobi|limuru bypass|ruiru|thika
TRANSNOMICS COMPANY LIMITED,ADR-8LMSJ93,"nairobi, thika,limuru bypass, ruiru",nairobi|thika|limuru bypass|ruiru
TRANSNOMICS COMPANY LIMITED,ADR-ZZJS9RE,"limuru bypass, ruiru, thika",limuru bypass|ruiru|thika
TRANSWORLD TRANSPORT SAVINGS AND CREDIT CO-OPERATIVE SOCIETY LTD,NTR-00201910291107300,"Khoja, Westlands,Wangige,Kikuyu,Southern by pass,Karen,Ngong, Kiserian",khoja|westlands|wangige|kikuyu|southern by pass|karen|ngong|kiserian
TRANSWORLD TRANSPORT SAVINGS AND CREDIT CO-OPERATIVE SOCIETY LTD,NTR-00202012151514130,"Khoja, Thika Westlands Wangige GachieKiambu Limuru KikuyuKaren Ngong, Kiserian",khoja|thika westlands wangige gachiekiambu limuru kikuyukaren ngong|kiserian
TRANSWORLD TRANSPORT SAVINGS AND CREDIT CO-OPERATIVE SOCIETY LTD,NTR-00612,"Khoja, WestlandsWangigeBypassThika Makongeni, Kerugoya",khoja|westlandswangigebypassthika makongeni|kerugoya
TRANSWORLD TRANSPORT SAVINGS AND CREDIT CO-OPERATIVE SOCIETY LTD,ADR-537H2ZQ,"Khoja, Westlands,Wangige,Bypass, Thika",khoja|westlands|wangige|bypass|thika
TRANSWORLD TRANSPORT SAVINGS AND CREDIT CO-OPERATIVE SOCIETY LTD,ADR-A5ACVEL,"Kiserian, Ngong Karen Khoja WestlandsKikuyu Wangige Gachie Kiambu Limuru Thika Makongeni, Kerugoya",kiserian|ngong karen khoja westlandskikuyu wangige gachie kiambu limuru thika makongeni|kerugoya
TRANSWORLD TRANSPORT SAVINGS AND CREDIT CO-OPERATIVE SOCIETY LTD,ADR-9AKF83J,"khoja, westlands,wangige,bypass, thika",khoja|westlands|wangige|bypass|thika
TRANSWORLD TRANSPORT SAVINGS AND CREDIT CO-OPERATIVE SOCIETY LTD,ADR-DB3T8P3,"khoja, thika,westlands,wangige, bypass",khoja|thika|westlands|wangige|bypass
UMMOINNER CLASS LIMITED,NTR-00202007021338420,"Ronald Ngala, Juja rd Thika rdOutering rd jogoo rd Umoja InnercoreKomarockKangundo rd Mombasa rd Ruai, Kamulu",ronald ngala|juja rd thika rdoutering rd jogoo rd umoja innercorekomarockkangundo rd mombasa rd ruai|kamulu
UMMOINNER CLASS LIMITED,NTR-00876,"Ronald Ngala, Tom Mboya Juja Rd Thika Rd Outering Rd Jogoo Rd Umoja Innercore Komarock Kangundo Rd Ruai Kamulu Mombasa Rd, Greatwall",ronald ngala|tom mboya juja rd thika rd outering rd jogoo rd umoja innercore komarock kangundo rd ruai kamulu mombasa rd|greatwall
UMMOINNER CLASS LIMITED,ADR-7WRSOLO,"Ronald Ngala, Jogoo rdOutering rdUmoja innercoreKomarockKangundo rdRuai, Kamulu",ronald ngala|jogoo rdoutering rdumoja innercorekomarockkangundo rdruai|kamulu
UMOINNER SACCO LTD,NTR-00201909161142390,"Ronald Ngala, Jogoo road Shauri Moyo Outering road Kangundo road Saika, Ruia",ronald ngala|jogoo road shauri moyo outering road kangundo road saika|ruia
UMOINNER SACCO LTD,NTR-00202007021301330,"Ronald Ngala, Shauri Moyo Jogoo road Donholm Tajmall Utawala Kangundo road Komarock Umoja-Innercore Outering road, Allsops .",ronald ngala|shauri moyo jogoo road donholm tajmall utawala kangundo road komarock umoja innercore outering road|allsops
UMOINNER SACCO LTD,NTR-00397,"ronald ngala, jogoo road,umoja, innercore",ronald ngala|jogoo road|umoja|innercore
UMOINNER SACCO LTD,NTR-00125,"ronald ngala, jogoo road,buru buru,kangundo road, moulem",ronald ngala|jogoo road|buru buru|kangundo road|moulem
UMOINNER SACCO LTD,ADR-8LMSV59,"Ronald Ngala, Jogoo rdDonholmTajmallUtawalaKangundo rdKomarockUmoja-InnercoreOutering rd, Allsops .",ronald ngala|jogoo rddonholmtajmallutawalakangundo rdkomarockumoja innercoreoutering rd|allsops
UMOINNER SACCO LTD,ADR-ZZJS2V8,"ronald ngala, jogoo road, buruburu, kagundo road, moulem",ronald ngala|jogoo road|buruburu|kagundo road|moulem
UMOINNER SACCO LTD,ADR-LZRS36M,"ronald ngala, jogoo road, umoja innercore",ronald ngala|jogoo road|umoja innercore
UMOINNER SACCO LTD,ADR-O68ILBR,"ronald ngala, moulem,jogoo road,buru buru, kangundo road",ronald ngala|moulem|jogoo road|buru buru|kangundo road
UMOINNER SACCO LTD,ADR-6DBSDKP,"ronald ngala, innercore,jogoo road, umoja",ronald ngala|innercore|jogoo road|umoja
UMOINNER SACCO LTD,ADR-WZ9S3D6,"ronald ngala, umoja innercore, jogoo road",ronald ngala|umoja innercore|jogoo road
UMOINNER SACCO LTD,ADR-537HOQA,"ronald ngala, jogoo rd,outering rd,kangundo rd,saika, ruia",ronald ngala|jogoo rd|outering rd|kangundo rd|saika|ruia
UMOINNER SACCO LTD,ADR-A5AC7LA,"ronald ngala, moulem,jogoo road, buruburu, kagundo road",ronald ngala|moulem|jogoo road|buruburu|kagundo road
UMOJA INNERCORE TENA MATATU OWNERS SAVINGS AND CREDIT CO-OPERATIVE SOCIETY LTD,NTR-00502,"mfangano, jogoo road, umoja",mfangano|jogoo road|umoja
UMOJA INNERCORE TENA MATATU OWNERS SAVINGS AND CREDIT CO-OPERATIVE SOCIETY LTD,NTR-00201910041031520,"mfangano, jogoo rd,umoja,outering rd,kangundo rd, malaa",mfangano|jogoo rd|umoja|outering rd|kangundo rd|malaa
UMOJA INNERCORE TENA MATATU OWNERS SAVINGS AND CREDIT CO-OPERATIVE SOCIETY LTD,ADR-BQ9S5WK,"Mfangano, Bus Station Muthurwa Jogoo Rd Shauri Moyo Umoja Innercore Outering Rd Eastleigh Section 3 Utawala Malaa Eastern Bypass Katani Syokimau Mlolongo Kitengela Kangundo Rd Ruai Juja Rd Eastleigh Forest Rd Thika Rd Alsops Donholm Savanna Komarock Industrial area Manyanja Rd, Enterprise Rd",mfangano|bus station muthurwa jogoo rd shauri moyo umoja innercore outering rd eastleigh section 3 utawala malaa eastern bypass katani syokimau mlolongo kitengela kangundo rd ruai juja rd eastleigh forest rd thika rd alsops donholm savanna komarock industrial area manyanja rd|enterprise rd
UMOJA INNERCORE TENA MATATU OWNERS SAVINGS AND CREDIT CO-OPERATIVE SOCIETY LTD,ADR-REOSR75,"ronald ngala, umoja innercore, jogoo road",ronald ngala|umoja innercore|jogoo road
UMOJA INNERCORE TENA MATATU OWNERS SAVINGS AND CREDIT CO-OPERATIVE SOCIETY LTD,ADR-MDMSQDP,"mfangano, umoja, jogoo road",mfangano|umoja|jogoo road
UMOJA INNERCORE TENA MATATU OWNERS SAVINGS AND CREDIT CO-OPERATIVE SOCIETY LTD,ADR-YM3S6K3,"mfangano, luthuli avenue, eastleigh section 3",mfangano|luthuli avenue|eastleigh section 3
UNIFIED INTERNATIONAL LIMITED,NTR-00202009281541460,"Tom mboya, Thika roadOuteringEastern BypassRuiru Thika, Kenol .",tom mboya|thika roadouteringeastern bypassruiru thika|kenol
UNIFIED INTERNATIONAL LIMITED,NTR-00201903261429260,"githurai, mwihoko, ruiru",githurai|mwihoko|ruiru
UNIFIED INTERNATIONAL LIMITED,NTR-00201901041326070,"githurai, githurai, mwihoko",githurai|githurai|mwihoko
UNIFIED INTERNATIONAL LIMITED,ADR-537HYVM,"Mombasa rd, Outering rd Juja rd Eastleigh Tom mboya Kenyatta av GPO Community Knh Ngong rd Kawangware Kikuyu Kiambu rd bypass thika rd Githurai Ruiru Thika, kenol",mombasa rd|outering rd juja rd eastleigh tom mboya kenyatta av gpo community knh ngong rd kawangware kikuyu kiambu rd bypass thika rd githurai ruiru thika|kenol
UNIFIED INTERNATIONAL LIMITED,ADR-A5AC2AY,"Mombasa rd, Outering rd Juja rd Eastleigh Tom mboya Kenyatta av GPO Community Knh Ngong rd Kawangware Kikuyu waiyaki way forest rd Kiambu rd bypass thika rd Githurai mwiki Ruiru Thika, kenol",mombasa rd|outering rd juja rd eastleigh tom mboya kenyatta av gpo community knh ngong rd kawangware kikuyu waiyaki way forest rd kiambu rd bypass thika rd githurai mwiki ruiru thika|kenol
UNIFIED INTERNATIONAL LIMITED,ADR-9AKFOPZ,"Mombasa rd, Outering rd Juja rd Eastleigh Tom mboya Kenyatta av GPO Community Knh Ngong rd Kawangware Kikuyu waiyaki way Westlands Limuru Rd forest rd Kiambu rd bypass thika rd Githurai mwiki Ruiru Thika, kenol",mombasa rd|outering rd juja rd eastleigh tom mboya kenyatta av gpo community knh ngong rd kawangware kikuyu waiyaki way westlands limuru rd forest rd kiambu rd bypass thika rd githurai mwiki ruiru thika|kenol
UNIFIED INTERNATIONAL LIMITED,ADR-DB3TQR7,"Mombasa rd, Outering rd Juja rd Eastleigh Tom mboya Kenyatta av GPO Community Knh Ngong rd Kawangware Kikuyu waiyaki way Westlands Limuru Rd forest rd Kiambu rd bypass thika rd Githurai mwiki Ruiru Thika, kenol",mombasa rd|outering rd juja rd eastleigh tom mboya kenyatta av gpo community knh ngong rd kawangware kikuyu waiyaki way westlands limuru rd forest rd kiambu rd bypass thika rd githurai mwiki ruiru thika|kenol
UNIFIED INTERNATIONAL LIMITED,ADR-3ZQSOD7,"commercial, tom mboya,thika road, githurai",commercial|tom mboya|thika road|githurai
UNIFIED INTERNATIONAL LIMITED,ADR-JY7SEYP,"tom mboya, thika road, githurai, ruiru",tom mboya|thika road|githurai|ruiru
UNIMAX CLASSIC TRAVELLERS SACCO,NTR-00340,"khoja, banana, limuru",khoja|banana|limuru
UNIMAX CLASSIC TRAVELLERS SACCO,NTR-00202107121421300,"limuru, banana ndenderu northern bypass eastern bypass cabanas athi river, Machakos",limuru|banana ndenderu northern bypass eastern bypass cabanas athi river|machakos
UNIMAX CLASSIC TRAVELLERS SACCO,ADR-K9BFLY5,"Banana, kiambu wangari maathai rd westlands ndenderu via waiyaki way limuru njabini wanjohi northern bypass eastern bypass cabanas athi river, machakos",banana|kiambu wangari maathai rd westlands ndenderu via waiyaki way limuru njabini wanjohi northern bypass eastern bypass cabanas athi river|machakos
UNIMAX CLASSIC TRAVELLERS SACCO,ADR-7WRSVRR,"banana, railways,athi river, machakos",banana|railways|athi river|machakos
UTAWALA BY-PASS TRAVELLERS SACCO,NTR-0024,"Muthurwa, likoni rd jogoo rd outering rd alsops ruiru eastern bypass kangundo rd joska malaa koma machakos mombasa rd cabanas utawala githunguri airwayskatani, mlolongo",muthurwa|likoni rd jogoo rd outering rd alsops ruiru eastern bypass kangundo rd joska malaa koma machakos mombasa rd cabanas utawala githunguri airwayskatani|mlolongo
UTAWALA BY-PASS TRAVELLERS SACCO,NTR-0019,"muthurwa, jogoo road,kangundo road,ruai, joska",muthurwa|jogoo road|kangundo road|ruai|joska
UTAWALA BY-PASS TRAVELLERS SACCO,NTR-00510,"muthurwa, likoni road,mombasa road,city cabanas,eastern bypass,utawala,githunguri, kangundo road",muthurwa|likoni road|mombasa road|city cabanas|eastern bypass|utawala|githunguri|kangundo road
UTAWALA BY-PASS TRAVELLERS SACCO,NTR-00201901181546510,"ruiru, eastern bypass,utawala,cabanas,mombasa rd,mlolongo,makutano, machakos",ruiru|eastern bypass|utawala|cabanas|mombasa rd|mlolongo|makutano|machakos
UTAWALA BY-PASS TRAVELLERS SACCO,ADR-JY7SEB2,"Muthurwa, likoni rd jogoo rd outering rd alsops thika rd ruiru eastern bypass kangundo rd joska malaa koma machakos mombasa rd utawala githunguri airwayskatani, mlolongo",muthurwa|likoni rd jogoo rd outering rd alsops thika rd ruiru eastern bypass kangundo rd joska malaa koma machakos mombasa rd utawala githunguri airwayskatani|mlolongo
UTAWALA BY-PASS TRAVELLERS SACCO,ADR-POKS79A,"muthurwa, likoni road, mombasa road, cabanas, eastern bypass, utawala, ruiru",muthurwa|likoni road|mombasa road|cabanas|eastern bypass|utawala|ruiru
UTAWALA BY-PASS TRAVELLERS SACCO,ADR-VYASZ2E,"city cabanas, ruiru, eastern bypass",city cabanas|ruiru|eastern bypass
UTAWALA BY-PASS TRAVELLERS SACCO,ADR-Q5LCBWP,"city cabanas, eastern bypass, ruiru",city cabanas|eastern bypass|ruiru
VIRGINIA COACH ENTERPRISE LIMITED,NTR-00415,"ronald ngara, thika road, githurai",ronald ngara|thika road|githurai
VIRGINIA COACH ENTERPRISE LIMITED,NTR-00202107071449000,"Nairobi, joska malaa koma athi river, Mlolongo",nairobi|joska malaa koma athi river|mlolongo
VIRGINIA COACH ENTERPRISE LIMITED,ADR-7WRSVPR,"ronald ngala, githurai, thika, mwingi",ronald ngala|githurai|thika|mwingi
WAKIMALI TRAVELLERS CO. LIMITED,NTR-00201910041505590,"Ngong, KarenDagoretti cornerUthiruKikuyuNdeiya(kamangu)KahuhoNduma, Limuru",ngong|karendagoretti corneruthirukikuyundeiya kamangu kahuhonduma|limuru
WAKIMALI TRAVELLERS CO. LIMITED,NTR-00616,"Kikuyu, Ndumbuini, Ndeiya(kamangu), Muguga, Limuru",kikuyu|ndumbuini|ndeiya kamangu|muguga|limuru
WAKIMALI TRAVELLERS CO. LIMITED,NTR-00673,"kikuyu, karen, ngong",kikuyu|karen|ngong
WAKIMALI TRAVELLERS CO. LIMITED,ADR-WZ9S9PL,"kiserian, ngong karen dagoretti corner waithaka uthiru kikuyu nduma kahuho ngecha ndeiya (kamangu) limuru tigoni wangige ndenderu, kiambu .",kiserian|ngong karen dagoretti corner waithaka uthiru kikuyu nduma kahuho ngecha ndeiya kamangu limuru tigoni wangige ndenderu|kiambu
WAKIMALI TRAVELLERS CO. LIMITED,ADR-537HW92,"kiserian, ngong Bomas karen dagoretti corner waithaka uthiru kikuyu nduma kahuho ngecha ndeiya (kamangu) limuru tigoni wangige ndenderu Ruiru, kiambu .",kiserian|ngong bomas karen dagoretti corner waithaka uthiru kikuyu nduma kahuho ngecha ndeiya kamangu limuru tigoni wangige ndenderu ruiru|kiambu
WAKIMALI TRAVELLERS CO. LIMITED,ADR-A5AC8OM,"kikuyu, ndumbuini, ndeiya, muguga, limuru",kikuyu|ndumbuini|ndeiya|muguga|limuru
WAKIMALI TRAVELLERS CO. LIMITED,ADR-9AKFR99,"kikuyu, ndumboini,ndaiya, limuru",kikuyu|ndumboini|ndaiya|limuru
WAKIMALI TRAVELLERS CO. LIMITED,ADR-DB3TOZV,"kikuyu, limuru,ndumboini, ndaiya",kikuyu|limuru|ndumboini|ndaiya
WAKIMALI TRAVELLERS CO. LIMITED,ADR-3ZQS2MK,"kikuyu, ngong, karen",kikuyu|ngong|karen
WAKIMALI TRAVELLERS CO. LIMITED,ADR-JY7S76R,"ngong, karen,dagoretti corner,uthiru,kikuyu,kahuho,nduma, limuru",ngong|karen|dagoretti corner|uthiru|kikuyu|kahuho|nduma|limuru
WALOKANA MULTIPURPOSE CO-OPERATIVE SOCIETY LTD,ADR-7WRS9R9,"Khoja, WestlandsPeponi rdWangigeNgechaKikuyuWestern bypassNorthern bypass Thika, Naivasha, Nakuru",khoja|westlandspeponi rdwangigengechakikuyuwestern bypassnorthern bypass thika|naivasha|nakuru
WALOKANA MULTIPURPOSE CO-OPERATIVE SOCIETY LTD,ADR-BQ9SQ23,"khoja, westlands,wangige,ngecha, peponi rd",khoja|westlands|wangige|ngecha|peponi rd
WALOKANA MULTIPURPOSE CO-OPERATIVE SOCIETY LTD,ADR-REOSZQO,"khoja, wangige, westlands",khoja|wangige|westlands
WANJO PATRAMES TRAVEL COMPANY LIMITED,NTR-00202106181630480,"Nairobi, Eastleigh thika road ruiru nyanduma, Juja",nairobi|eastleigh thika road ruiru nyanduma|juja
WANJO PATRAMES TRAVEL COMPANY LIMITED,ADR-POKSRJ8,"Thika rd, juja Ruiru nyanduma eastleigh Nairobi ladhies rd lusaka rd langata rd mbagathi rd bomas magadi rd ngong rd karen gataka rd ongata rongai ngong town kiserian, kajiado",thika rd|juja ruiru nyanduma eastleigh nairobi ladhies rd lusaka rd langata rd mbagathi rd bomas magadi rd ngong rd karen gataka rd ongata rongai ngong town kiserian|kajiado
WANJO PATRAMES TRAVEL COMPANY LIMITED,ADR-VYAS9MY,"Nairobi, Lusaka Rd Via Mombasa Rd Langata Rd Mbagathi Rd Langata Link Rd Bomas Magadi Rd Ngong Rd Kabiria Karen Gataka Rd Ongata Rongai Ngong Town Kiserian Kitengela, Kajiado",nairobi|lusaka rd via mombasa rd langata rd mbagathi rd langata link rd bomas magadi rd ngong rd kabiria karen gataka rd ongata rongai ngong town kiserian kitengela|kajiado
WELKAN 48 TRAVELLERS SACCO SOCIETY LTD,NTR-00201910041453230,"westlands, lavington,kawangware,riruta,naivas,gatina,redhill rd,nyari estate, kangemi",westlands|lavington|kawangware|riruta|naivas|gatina|redhill rd|nyari estate|kangemi
WELKAN 48 TRAVELLERS SACCO SOCIETY LTD,ADR-ZZJSZA9,"westlands, lavington, kawangware",westlands|lavington|kawangware
WELKAN 48 TRAVELLERS SACCO SOCIETY LTD,ADR-LZRSRM7,"westlands, kawangware, lavington",westlands|kawangware|lavington
WELKAN TRAVELLERS SERVICES LIMITED,NTR-00201910041453230,"Westlands, Lavington,Kawangware,Riruta,Naivas,Gatina,Redhill rd,Nyari estate, Kangemi",westlands|lavington|kawangware|riruta|naivas|gatina|redhill rd|nyari estate|kangemi
WELKAN TRAVELLERS SERVICES LIMITED,ADR-VYAS92A,"Kawangware, GatinaLavingtonYayaFig TreeWestlandsWaiyaki WayLimuru RdPeponi RdRed Hill RdRed Hill Link RdGachieGitaruGathigaKaruraWangige Kinoo RegenUthiruRiruta, Kangemi",kawangware|gatinalavingtonyayafig treewestlandswaiyaki waylimuru rdpeponi rdred hill rdred hill link rdgachiegitarugathigakarurawangige kinoo regenuthiruriruta|kangemi
WEST MADARAKA ROUTE 14 COOPERATIVE SACCO.,NTR-0016,"Bus station, NRB West Madaraka Mombasa RD, Langata RD, Lusaka RDCity Standium, Jogoo RD Donholm, OuterRing Rd AllsopsThika RD, UtawalaEastern BypassRuiru, RuakaWangige Kawangware, Ngong rd",bus station|nrb west madaraka mombasa rd|langata rd|lusaka rdcity standium|jogoo rd donholm|outerring rd allsopsthika rd|utawalaeastern bypassruiru|ruakawangige kawangware|ngong rd
WEST MADARAKA ROUTE 14 COOPERATIVE SACCO.,ADR-BQ9SQ86,"bus station, west madaraka, langata rd, strathmore",bus station|west madaraka|langata rd|strathmore
WEST MADARAKA ROUTE 14 COOPERATIVE SACCO.,ADR-REOSZ5E,"bus station, madaraka estate,west madaraka, langata rd",bus station|madaraka estate|west madaraka|langata rd
WEST MADARAKA ROUTE 14 COOPERATIVE SACCO.,ADR-MDMSJ2R,"bus station, strathmore,west madaraka, langata rd",bus station|strathmore|west madaraka|langata rd
zam zam fourty five limited,NTR-00202107221159520,"Commercial, Ronald ngala Zimmermankiambugithuraikahawa westoutering roadnorthern bypasseastern bypassruiruthika, Makongeni",commercial|ronald ngala zimmermankiambugithuraikahawa westoutering roadnorthern bypasseastern bypassruiruthika|makongeni
zam zam fourty five limited,NTR-00202007081106410,"Nairobi, Thika rdGithurairuiru, Thika(Makongeni)",nairobi|thika rdgithurairuiru|thika makongeni
zam zam fourty five limited,NTR-00202012111556180,"Nairobi, Thika rd Outering rd Kangundo rd Eastern Bypass Ruiru Thika(Makongeni), Githurai",nairobi|thika rd outering rd kangundo rd eastern bypass ruiru thika makongeni|githurai
zam zam fourty five limited,NTR-00201905271349100,"Nairobi, Thika Rd Githurai Thika Isiolo Marsabit, Moyale",nairobi|thika rd githurai thika isiolo marsabit|moyale
zam zam fourty five limited,NTR-00202211011812570,"Nairobi, Zimmerman Kahwa West, Githurai 44",nairobi|zimmerman kahwa west|githurai 44
zam zam fourty five limited,NTR-00201909131137050,"ronald ngala, thika rd,githurai,ruiru, thika (makongeni)",ronald ngala|thika rd|githurai|ruiru|thika makongeni
ZURI GENESIS CO. LIMITED,NTR-00202202211203420,"Bus Station, Tom Mboya Thika Rd Kahawa West Kenyatta University Hospital Northern Bypass Ruiru Mwihoko Kahawa Sukari Alsops Outering Rd Eastern Bypass Kangund rd Jogoo Rd Juja Rd Wangari Maathai Rd Kiambu Rd Kikuyu Wangige Gachie, Thika",bus station|tom mboya thika rd kahawa west kenyatta university hospital northern bypass ruiru mwihoko kahawa sukari alsops outering rd eastern bypass kangund rd jogoo rd juja rd wangari maathai rd kiambu rd kikuyu wangige gachie|thika
ZURI GENESIS CO. LIMITED,NTR-00704,"kahawa west, thika road, tommboya, bus station",kahawa west|thika road|tommboya|bus station
ZURI GENESIS CO. LIMITED,NTR-00201909131145270,"bus station, tom mboya,thika rd,kahawa west,kenyatta university hospital,bypass,ruiru, thika",bus station|tom mboya|thika rd|kahawa west|kenyatta university hospital|bypass|ruiru|thika
ZURI GENESIS CO. LIMITED,ADR-6DBSKDA,"tommboya, kahawa west,zimmerma, githurai",tommboya|kahawa west|zimmerma|githurai
ZURI GENESIS CO. LIMITED,ADR-WZ9SD3A,"tommboya, kahawa west, thika road",tommboya|kahawa west|thika road
ZURI GENESIS CO. LIMITED,ADR-537HQOM,"kahawa west, bus station,thika road, tommboya",kahawa west|bus station|thika road|tommboya
ZURI GENESIS CO. LIMITED,ADR-A5ACP7Y,"odeon, thika road, zimmerman, kahawa west",odeon|thika road|zimmerman|kahawa west
