route,corridor,from_terminus,to_terminus,sacco,permit_no,coverage,hits_of_total,via_raw,confidence,VERDICT
1,,Karen Dispensary,Dagoretti Market,DAKABO SACCO LIMITED,ADR-2DVS88Q,0.67,2/3,"dagoretti market, karen, bomas",medium,
1,,Karen Dispensary,Dagoretti Market,DAKABO SACCO LIMITED,ADR-EPJSLLM,0.50,2/4,"bomas, karen, kabiria, dagoretti market",low,
2,,Railways,Dagoretti Market Mwisho,KIBERA BURETI SACCO,ADR-MDMSKW8,1.00,3/3,"railways, kibera, ngong road",high,
2,,Railways,Dagoretti Market Mwisho,KIBERA BURETI SACCO,ADR-ZZJS9OP,1.00,3/3,"railways, ngong road, kibera",high,
2,,Railways,Dagoretti Market Mwisho,KIBERA MATATU OWNERS COOPERATIVE SAVINGS AND CREDIT SOCIETY LIMITED,ADR-EPJSA7P,1.00,3/3,"railways, ngong road, kibera",high,
2,,Railways,Dagoretti Market Mwisho,KIBERA MATATU OWNERS COOPERATIVE SAVINGS AND CREDIT SOCIETY LIMITED,ADR-7WRS7R8,1.00,3/3,"railways, kibera, ngong road",high,
2,,Railways,Dagoretti Market Mwisho,KIRAGI TRAVELLERS SAVINGS AND CREDIT CO-OPERATIVE SOCIETY LIMITED,ADR-WZ9S3Q6,1.00,3/3,"railways, kibera, ngong road",high,
5,,Kencom,Togo Apartments,2KW SAVINGS AND CREDIT CO-OPERATIVE SOCIETY LTD,NTR-00494,0.67,2/3,"nairobi, limuru, nakuru",medium,
5,,Kencom,Togo Apartments,CHANIA TRAVELLERS SACCO,NTR-00183,0.67,2/3,"nairobi, thika nyeri nyahururu, nakuru",medium,
5,,Kencom,Togo Apartments,CHANIA TRAVELLERS SACCO,ADR-ZZJSZDW,0.67,2/3,"nairobi, nakuru, nyeri",medium,
5,,Kencom,Togo Apartments,eastern bypass traverlers investment co. limited,NTR-00201911140919120,0.67,2/3,"Nairobi, RuaiThikaKamwangiFlyover, Nakuru",medium,
5,,Kencom,Togo Apartments,GATANGA SHUTTLE LIMITED,NTR-00183,0.67,2/3,"nairobi, thika nyeri nyahururu, nakuru",medium,
6,,Koja,Eastleigh Terminal,NABOKA TRAVELLERS SACCO,NTR-00201912031523330,1.00,3/3,"Bus station, BomasKarenGataka, Ongata Rongai",high,
6,,Koja,Eastleigh Terminal,ALDANA TRAVELLERS SACCO,NTR-00418,0.67,2/3,"Ronald Ngala, Ngara Juja Rd Outering Rd Kangundo Rd Dandora Kariobangi Asops Thika Rd Thika, Nyeri",medium,
6,,Koja,Eastleigh Terminal,BAKAKI 101 TRAVELLERS SAVINGS AND CREDIT CO-OPERATIVE SOCIETY LIMITED,ADR-2DVSRWK,0.67,2/3,"Kiambu, BananaRuakaNdenderuWangigeKikuyuRusingitiKamanguThigioMutarakwaLimuru, Tigoni",medium,
6,,Koja,Eastleigh Terminal,BYBUSS TRANS LIMITED,NTR-00202102051433520,0.67,2/3,"Khoja, Ngara Westlands kangemi wangige nyathuna gachie ngecha kabuku ruaka Kikuyu limuru kiambu ruiru Thika(makongeni), muranga",medium,
6,,Koja,Eastleigh Terminal,BYBUSS TRANS LIMITED,ADR-REOSYWM,0.67,2/3,"Khoja, Ngara Westlands kangemi wangige nyathuna gachie ngecha kabuku ruaka Kikuyu limuru kiambu ruiru, Thika(makongeni)",medium,
7,,Luthuli Avenue,Gikomba,,,,,,unknown,
8,,Railways,Equity Ayani,KIBERA BURETI SACCO,NTR-00260,0.67,2/3,"Railways, KNH Yaya City stadium Ngara Muthurwa St Marys Kinoo Kikuyu Karen Lenana Racecourse Kawangware Westlands, Kibera",medium,
8,,Railways,Equity Ayani,KIBERA BURETI SACCO,ADR-BQ9S7KD,0.67,2/3,"railways, knh, kibera",medium,
8,,Railways,Equity Ayani,KIBERA BURETI SACCO,ADR-MDMSKW8,0.67,2/3,"railways, kibera, ngong road",medium,
8,,Railways,Equity Ayani,KIBERA BURETI SACCO,ADR-YM3SVZM,0.67,2/3,"railways, kibera, knh",medium,
8,,Railways,Equity Ayani,KIBERA BURETI SACCO,ADR-ZZJS9OP,0.67,2/3,"railways, ngong road, kibera",medium,
10,,Muthurwa,Mwisho,EMBASSAVA COOPERATIVE SAVINGS AND CREDIT SOCIETY LTD,NTR-00259,0.67,2/3,"embakasi, jogoo road, muthurwa",medium,
10,,Muthurwa,Mwisho,EMBASSAVA COOPERATIVE SAVINGS AND CREDIT SOCIETY LTD,NTR-0039,0.67,2/3,"muthurwa, jogoo road, embakasi",medium,
10,,Muthurwa,Mwisho,EMBASSAVA COOPERATIVE SAVINGS AND CREDIT SOCIETY LTD,ADR-537HY73,0.67,2/3,"embakasi, muthurwa, jogoo road",medium,
10,,Muthurwa,Mwisho,GIKIMWI BYPASS TRANSPORTERS SACCO,NTR-001337,0.67,2/3,"githurai, mumbi, mwihoko",medium,
10,,Muthurwa,Mwisho,LIBERA IMPEX LIMITED,NTR-00202111081143080,0.67,2/3,"cabanas, mombasa rd pipeline outering rd eastern bypass mwihoko tassia link rd kayole juja rd ngara, jogoo rd",medium,
11,,Bus Station,South B Mwisho,SOUTH B MATATU OWNERS SACCO SOCIETY LTD,NTR-00201910291437530,1.00,5/5,"Bus station, South b,Hazina,Mombasa rd, Machakos",high,
11,,Bus Station,South B Mwisho,TELAVIV TRAVELLERS LIMITED,ADR-REOSRMR,1.00,5/5,"bus station, mombasa road, south c, south b, hazina",high,
11,,Bus Station,South B Mwisho,TELAVIV TRAVELLERS LIMITED,ADR-8LMSEPZ,1.00,5/5,"bus station, hazina,mombasa road, south c, south b",high,
11,,Bus Station,South B Mwisho,TELAVIV TRAVELLERS LIMITED,ADR-YM3S6Q9,1.00,4/4,"bus station, south c,southb, industrial area",high,
11,,Bus Station,South B Mwisho,ARBAB VENTURES LIMITED,NTR-00201905131607200,1.00,3/3,"South c, iindustrial arealikoni rdjogoo rdeastleighoutering rd mombasa rd, machakos",high,
14,,Terminal Otc,Kariobangi Terminal,KARIOBANGI MATATU OWNERS SAVINGS AND CREDIT CO-OPERATIVE SOCIETY LIMITED,NTR-00202101251614210,1.00,3/3,"Kariobangi, Juja rd Gikomba Kariokor Ronald ngala Commercial Thika rd Alsops Outering rd, Kariobangi south",high,
14,,Terminal Otc,Kariobangi Terminal,KARIOBANGI MATATU OWNERS SAVINGS AND CREDIT CO-OPERATIVE SOCIETY LIMITED,ADR-EPJSABK,0.75,3/4,"kariobangi south, juja road, kariokor, ronald ngara",medium,
14,,Terminal Otc,Kariobangi Terminal,NEEMA TRAVELLERS AGENCY LIMITED,ADR-EPJSABK,0.75,3/4,"kariobangi south, juja road, kariokor, ronald ngara",medium,
14,,Terminal Otc,Kariobangi Terminal,BENJO( K) LTD,NTR-00741,0.67,2/3,"Bus Station, Jogoo rd Muthurwa Gikomba Kariokor Juja Rd OuteringRd Allsops Kariobangi dandora Moslem machakos mlolongo mombasa rd Cabanas EasternBypass Utawala Ruiru Roundabout kangundo rd ruai joska malaa tala Thika Makongeni kiskioni donyosabuk kilimambogo, Nyeri",medium,
14,,Terminal Otc,Kariobangi Terminal,EASTERN BYPASS SAVINGS AND CREDIT CO-OPERATIVE SOCIETY LIMITED,NTR-00741,0.67,2/3,"Bus Station, Jogoo rd Muthurwa Gikomba Kariokor Juja Rd OuteringRd Allsops Kariobangi dandora Moslem machakos mlolongo mombasa rd Cabanas EasternBypass Utawala Ruiru Roundabout kangundo rd ruai joska malaa tala Thika Makongeni kiskioni donyosabuk kilimambogo, Nyeri",medium,
15,,Bus Station,Terminal,KENYA BUS SERVICE MANAGEMENT LIMITED,NTR-00202108060801500,1.00,3/3,"Bus Station, city stadium lusaka rd enterprise rd likoni rd jogoo rd kangundo rd via eastern bypass mombasa rd langata rd kungu karumba rd ngong rd karen dagoretti yaya centre limuru rd, Ruaka",high,
15,,Bus Station,Terminal,ST. MARYS TRANSPORT SACCO SOCIETY,NTR-00202108060801500,1.00,3/3,"Bus Station, city stadium lusaka rd enterprise rd likoni rd jogoo rd kangundo rd via eastern bypass mombasa rd langata rd kungu karumba rd ngong rd karen dagoretti yaya centre limuru rd, Ruaka",high,
15,,Bus Station,Terminal,WEST MADARAKA ROUTE 14 COOPERATIVE SACCO.,ADR-REOSZ5E,0.75,3/4,"bus station, madaraka estate,west madaraka, langata rd",medium,
15,,Bus Station,Terminal,ARBAB VENTURES LIMITED,ADR-POKSRLV,0.67,2/3,"Machakos, SyokimauImara daimaSouth bSouth cNgumoLikoni rdIndustrial areaEastleighGikombaBusstationJogoo rdOutering rdDonholm Fedha juja rd thika rd kangundo rdutawala westlands parklands KNH nairobi west, langata",medium,
15,,Bus Station,Terminal,FORWARD TRAVELLERS SACCO LTD,NTR-00202102051741120,0.67,2/3,"KANGEMA, MURANGA-THIKA-RUIRU-E BYPASS-KANGUNDO RD-JOGOO RD-JUJA RD-EASTLIEGH-GIKOMBA-ALSOLPS-NGARA-MFANGANO STREET-BUS STATION-MUTHURWA-KAYOLE-KOMAROCKS-UMOJA-MOWLEM-SAVVANNAH-CABANAS-UTAWALA-MIHANGO-TASSIA LINK RD-MALAA-MOMBASA RD-EMALI, LOITOKTOK",medium,
16,,Bus Station,Highrise,HIGHRISE KIBERA SACCO,NTR-00202110191626020,0.67,2/3,"Bus Station, enterprise rd via lusaka langata rd highrise upperhill memorial link rd KNH community valley rd soweto sunday studio silanga, yaya centre via ngong rd",medium,
16,,Bus Station,Highrise,KENYA BUS SERVICE MANAGEMENT LIMITED,NTR-00202108060801500,0.67,2/3,"Bus Station, city stadium lusaka rd enterprise rd likoni rd jogoo rd kangundo rd via eastern bypass mombasa rd langata rd kungu karumba rd ngong rd karen dagoretti yaya centre limuru rd, Ruaka",medium,
16,,Bus Station,Highrise,METROTRANS EAST AFRICA LIMITED,NTR-00947,0.67,2/3,"nairobi, narok, bomet",medium,
16,,Bus Station,Highrise,RWAKEN INVESTMENTS LIMITED,NTR-00948,0.67,2/3,"nairobi, within, nairobi",medium,
16,,Bus Station,Highrise,ST. MARYS TRANSPORT SACCO SOCIETY,NTR-00202108060801500,0.67,2/3,"Bus Station, city stadium lusaka rd enterprise rd likoni rd jogoo rd kangundo rd via eastern bypass mombasa rd langata rd kungu karumba rd ngong rd karen dagoretti yaya centre limuru rd, Ruaka",medium,
20,,Mama Lucy Terminal,Mwiki Terminal,GMK SACCO LIMITED,NTR-00202202241345360,1.00,3/3,"Ngara, Outering Rd Kayole Eastern Bypass Kangundo Rd Ruai Northern Bypass Mwihoko via Thika Muranga Karatina Kiriaini NyeriEmbu, Voi",high,
20,,Mama Lucy Terminal,Mwiki Terminal,FIVE FRIENDS INVESTMENT COMPANY LIMITED,ADR-8LMS562,0.67,2/3,"Ngara, Huruma Dandora Molem road Kangundo roadMalaauUtawala Mlolongo Outering rd Thika rd Gikomba Jogoo rd Savannah, Kayole",medium,
20,,Mama Lucy Terminal,Mwiki Terminal,FIVE FRIENDS INVESTMENT COMPANY LIMITED,ADR-ZZJSVWM,0.67,2/3,"Ngara, Huruma via Ronald Ngala Dandora Kariobangi Alsops Thika rd Mowlem rdJogoo rd Gikomba Kagundo rd Malaa Savannah Kayole Utawala Outering rd cabanas, Mlolongo",medium,
20,,Mama Lucy Terminal,Mwiki Terminal,FIVE FRIENDS INVESTMENT COMPANY LIMITED,ADR-2DVSDOA,0.67,2/3,"Ngara, Huruma via Ronald Ngala Dandora Kariobangi AlsopsThika rd Mowlem rd Jogoo rd Gikomba Soweto Spine Rd Manyanja Rd Kagundo rd Malaa Savannah Kayole Utawala Outering rd cabanas, Mlolongo",medium,
20,,Mama Lucy Terminal,Mwiki Terminal,GMK SACCO LIMITED,ADR-LZRSW7B,0.67,2/3,"ngara, ruai outering rd northern bypass mwihoko via thika muranga karatina kiriaini nyeri embu, voi",medium,
24,,Karen/Shell,Kencom,2KW SAVINGS AND CREDIT CO-OPERATIVE SOCIETY LTD,NTR-00494,0.67,2/3,"nairobi, limuru, nakuru",medium,
24,,Karen/Shell,Kencom,CHANIA TRAVELLERS SACCO,NTR-00183,0.67,2/3,"nairobi, thika nyeri nyahururu, nakuru",medium,
24,,Karen/Shell,Kencom,CHANIA TRAVELLERS SACCO,ADR-ZZJSZDW,0.67,2/3,"nairobi, nakuru, nyeri",medium,
24,,Karen/Shell,Kencom,eastern bypass traverlers investment co. limited,NTR-00201911140919120,0.67,2/3,"Nairobi, RuaiThikaKamwangiFlyover, Nakuru",medium,
24,,Karen/Shell,Kencom,GATANGA SHUTTLE LIMITED,NTR-00183,0.67,2/3,"nairobi, thika nyeri nyahururu, nakuru",medium,
26,,Makadara,Kariobangi,ARBAB VENTURES LIMITED,ADR-JY7SLOJ,1.00,3/3,"South c, South bLikoni rdindustrial areaeastleighjogoo rdoutering rddonholmfedha, machakos",high,
26,,Makadara,Kariobangi,ALDANA TRAVELLERS SACCO,NTR-00202003241145200,0.67,2/3,"Ronald ngala, Juja rdDandoraKariobangiAlsops Thika rd, Thika",medium,
26,,Makadara,Kariobangi,ALDANA TRAVELLERS SACCO,NTR-00418,0.67,2/3,"Ronald Ngala, Ngara Juja Rd Outering Rd Kangundo Rd Dandora Kariobangi Asops Thika Rd Thika, Nyeri",medium,
26,,Makadara,Kariobangi,ARBAB VENTURES LIMITED,NTR-00201905131607200,0.67,2/3,"South c, iindustrial arealikoni rdjogoo rdeastleighoutering rd mombasa rd, machakos",medium,
26,,Makadara,Kariobangi,BAKAKI 101 TRAVELLERS SAVINGS AND CREDIT CO-OPERATIVE SOCIETY LIMITED,NTR-00201911291135300,0.67,2/3,"Kiambu, Bypass Ruaka Banana Ndenderu Wangige Kikuyu Rusingiti Kamangu Thigio Mutarakwa Limuru, Tigoni",medium,
28,,Gikomba Market Terminals,Kariobangi Terminal,KARIOBANGI MATATU OWNERS SAVINGS AND CREDIT CO-OPERATIVE SOCIETY LIMITED,ADR-A5ACLOL,1.00,3/3,"gikomba, juja road, kariobangi",high,
28,,Gikomba Market Terminals,Kariobangi Terminal,KARIOBANGI MATATU OWNERS SAVINGS AND CREDIT CO-OPERATIVE SOCIETY LIMITED,ADR-POKSME5,1.00,3/3,"gikomba, kariobangi, juja road",high,
28,,Gikomba Market Terminals,Kariobangi Terminal,NEEMA TRAVELLERS AGENCY LIMITED,ADR-A5ACLOL,1.00,3/3,"gikomba, juja road, kariobangi",high,
28,,Gikomba Market Terminals,Kariobangi Terminal,NEEMA TRAVELLERS AGENCY LIMITED,ADR-POKSME5,1.00,3/3,"gikomba, kariobangi, juja road",high,
28,,Gikomba Market Terminals,Kariobangi Terminal,KARIOBANGI MATATU OWNERS SAVINGS AND CREDIT CO-OPERATIVE SOCIETY LIMITED,ADR-JY7SQ6E,0.75,3/4,"kariobagi, juja road, eastleigh, gikomba",medium,
30,,Odeon Terminus,Ndumbuini Terminus,KARIOBANGI MATATU OWNERS SAVINGS AND CREDIT CO-OPERATIVE SOCIETY LIMITED,NTR-00202101251614210,1.00,3/3,"Kariobangi, Juja rd Gikomba Kariokor Ronald ngala Commercial Thika rd Alsops Outering rd, Kariobangi south",high,
30,,Odeon Terminus,Ndumbuini Terminus,2B TRAVELLERS SACCO LTD,ADR-YM3SEOK,0.67,2/3,"Railways, Karen via bomas kawangwarekabiria dagoretti Kikuyu Muslim gikambura waiyaki way, Uthiru",medium,
30,,Odeon Terminus,Ndumbuini Terminus,BABA DOGO 25 TRAVELLERS SACCO,ADR-BQ9S3MQ,0.67,2/3,"Odeon, Muranga rd terminus(via forest rd)thika rdalsopsbaba dogo outering rd caltex juja rd kariokor, donholm",medium,
30,,Odeon Terminus,Ndumbuini Terminus,BABA DOGO 25 TRAVELLERS SACCO,ADR-REOSLYL,0.67,2/3,"Odeon, Muranga rd terminus(via forest rd) thika rdalsops roysambu lucky summer baba dogo outering rd caltex kangundo rd ruai junction utawala city cabanas donholm juja rd, kariokor",medium,
30,,Odeon Terminus,Ndumbuini Terminus,BENJO( K) LTD,NTR-00741,0.67,2/3,"Bus Station, Jogoo rd Muthurwa Gikomba Kariokor Juja Rd OuteringRd Allsops Kariobangi dandora Moslem machakos mlolongo mombasa rd Cabanas EasternBypass Utawala Ruiru Roundabout kangundo rd ruai joska malaa tala Thika Makongeni kiskioni donyosabuk kilimambogo, Nyeri",medium,
36,,City Stadium,Dandora Terminal,DABUMATO COMMUTER SERVICE SAVINGS & CREDIT CO-OPERATIVE SOCIETY LTD,ADR-MDMSJLB,1.00,4/4,"city stadium, jogoo road,buru buru, dandora",high,
36,,City Stadium,Dandora Terminal,DABUMATO COMMUTER SERVICE SAVINGS & CREDIT CO-OPERATIVE SOCIETY LTD,ADR-YM3SBMA,1.00,4/4,"city stadium, dandora,jogoo road, buru buru",high,
36,,City Stadium,Dandora Terminal,DANDORA USAFIRI TRAVELLERS SACCO,ADR-Q5LC66E,1.00,4/4,"city stadium, jogoo road,buru buru, dandora",high,
36,,City Stadium,Dandora Terminal,EASTLANDS EAGLES LIMITED,ADR-DB3T3R6,1.00,4/4,"city stadium, jogoo road,buru buru, dandora",high,
36,,City Stadium,Dandora Terminal,EASTLANDS EAGLES LIMITED,ADR-3ZQSADR,1.00,4/4,"city stadium, dandora,jogoo road, buru buru",high,
3N,,Ngara,Gikomba,ALDANA TRAVELLERS SACCO,NTR-00418,0.67,2/3,"Ronald Ngala, Ngara Juja Rd Outering Rd Kangundo Rd Dandora Kariobangi Asops Thika Rd Thika, Nyeri",medium,
3N,,Ngara,Gikomba,ARBAB VENTURES LIMITED,ADR-POKSRLV,0.67,2/3,"Machakos, SyokimauImara daimaSouth bSouth cNgumoLikoni rdIndustrial areaEastleighGikombaBusstationJogoo rdOutering rdDonholm Fedha juja rd thika rd kangundo rdutawala westlands parklands KNH nairobi west, langata",medium,
3N,,Ngara,Gikomba,BABA DOGO 25 TRAVELLERS SACCO,ADR-REOSLYL,0.67,2/3,"Odeon, Muranga rd terminus(via forest rd) thika rdalsops roysambu lucky summer baba dogo outering rd caltex kangundo rd ruai junction utawala city cabanas donholm juja rd, kariokor",medium,
3N,,Ngara,Gikomba,DANDORA USAFIRI TRAVELLERS SACCO,NTR-00356,0.67,2/3,"Dandora, juja rd thika rdring rd komarock rd baraka slip rd kangundo rd outering rd jogoo rd heshima rd ambira gikomba, ronald ngala",medium,
3N,,Ngara,Gikomba,EASTERN KUBAMBA LIMITED,ADR-JY7SEZQ,0.67,2/3,"Gikomba, Nyayo stadium Langata rd Ongata Rongai Kiserian, Isinya",medium,
3U,,Dagoretti Corner Stage,Uthiru Pentecostal,2KW SAVINGS AND CREDIT CO-OPERATIVE SOCIETY LTD,NTR-00201901101111320,0.67,2/3,"Dagoretti Corner, UthiruWangigeKahawa west KU Hospital Ruiru Limuru, Nakuru",medium,
3U,,Dagoretti Corner Stage,Uthiru Pentecostal,SUPER METRO LIMITED,ADR-DB3T5RP,0.67,2/3,"Ruiru, Ruaka Wangige Kikuyu Waiyaki way Westlands Moi Avenue Tom Mboya Thika rd Kasarani Juja Thika Thika makongeni Oldonyo Sabuk Kilimambogo Tala Machakos Mlolongo Mombasa rd Bomas Hardy Gataka Ongata Rongai Kiserian Ngong Karen Dagoretti corner, KNH",medium,
41,,Gikomba,Dandora Terminal,DANDORA USAFIRI TRAVELLERS SACCO,NTR-00356,0.67,2/3,"Dandora, juja rd thika rdring rd komarock rd baraka slip rd kangundo rd outering rd jogoo rd heshima rd ambira gikomba, ronald ngala",medium,
41,,Gikomba,Dandora Terminal,DANDORA USAFIRI TRAVELLERS SACCO,ADR-A5AC77Q,0.67,2/3,"dandora, juja road, gikomba",medium,
41,,Gikomba,Dandora Terminal,DANDORA USAFIRI TRAVELLERS SACCO,ADR-DB3T33B,0.67,2/3,"dandora, gikomba, juja road",medium,
41,,Gikomba,Dandora Terminal,ECOSA TRAVELLERS SACCO,ADR-JY7SZPV,0.67,2/3,"dandora, gikomba, juja road",medium,
41,,Gikomba,Dandora Terminal,ECOSA TRAVELLERS SACCO,ADR-POKSYJ3,0.67,2/3,"dandora, juja road, gikomba",medium,
42,,Terminal,Dandora Terminal,ALDANA TRAVELLERS SACCO,NTR-00360,0.67,2/3,"dandora, kariobangi, alsolps",medium,
42,,Terminal,Dandora Terminal,ALDANA TRAVELLERS SACCO,ADR-7WRS9DE,0.67,2/3,"dandora, alsolps, kariobangi",medium,
42,,Terminal,Dandora Terminal,DANDORA USAFIRI TRAVELLERS SACCO,NTR-00360,0.67,2/3,"dandora, kariobangi, alsolps",medium,
42,,Terminal,Dandora Terminal,ECOSA TRAVELLERS SACCO,NTR-00360,0.67,2/3,"dandora, kariobangi, alsolps",medium,
42,,Terminal,Dandora Terminal,ECOSA TRAVELLERS SACCO,NTR-00114,0.67,2/3,"ronald ngala, kariobangi, dandora",medium,
4W,,Railways,Chemist/Kwa Maji/Kaberia,JUPITERLINE INVESTMENTS CAPITAL LIMITED,NTR-00477,1.00,3/3,"nairobi, thika road, ruiru",high,
4W,,Railways,Chemist/Kwa Maji/Kaberia,KIBERA BURETI SACCO,ADR-MDMSKW8,1.00,3/3,"railways, kibera, ngong road",high,
4W,,Railways,Chemist/Kwa Maji/Kaberia,KIBERA BURETI SACCO,ADR-ZZJS9OP,1.00,3/3,"railways, ngong road, kibera",high,
4W,,Railways,Chemist/Kwa Maji/Kaberia,KIBERA MATATU OWNERS COOPERATIVE SAVINGS AND CREDIT SOCIETY LIMITED,ADR-EPJSA7P,1.00,3/3,"railways, ngong road, kibera",high,
4W,,Railways,Chemist/Kwa Maji/Kaberia,KIBERA MATATU OWNERS COOPERATIVE SAVINGS AND CREDIT SOCIETY LIMITED,ADR-7WRS7R8,1.00,3/3,"railways, kibera, ngong road",high,
53,,Roasters,Maruirui,MERUIT LOGISTICS LIMITED,NTR-00202009231509490,0.67,2/3,"Marurui, Northern Bypass, Ruiru .",medium,
53,,Roasters,Maruirui,MERUIT LOGISTICS LIMITED,ADR-9AKF2D9,0.67,2/3,"Odeon, Thika road marurui, Ruiru",medium,
53,,Roasters,Maruirui,SUPER METRO LIMITED,NTR-00202006121135460,0.67,2/3,"Ruiru, RuakaWangigeKikuyuWaiyakiwayWestlandsMoi avenueTomboyaThika rdKasaraniJujaThika, Thika-Makongeni",medium,
53,,Roasters,Maruirui,SUPER METRO LIMITED,ADR-A5ACQDD,0.67,2/3,"Ruiru, Ruaka Wangige Kikuyu Waiyaki way Westlands Moi Avenue Tom Mboya Thika rd Kasarani Juja Thika (Thika makongeni) Oldonyo Sabuk Kilimambogo Tala Machakos Mombasa rd, Mlolongo",medium,
53,,Roasters,Maruirui,SUPER METRO LIMITED,ADR-9AKF2PP,0.67,2/3,"Ruiru, Ruaka Wangige Kikuyu Waiyaki way Westlands Moi Avenue Tom Mboya Thika rd Kasarani Juja Thika (Thika makongeni) Oldonyo Sabuk Kilimambogo Tala Machakos Mombasa rd, Mlolongo",medium,
56,,Railways,Kanungaga/56 Mwisho,KIRAGI TRAVELLERS SAVINGS AND CREDIT CO-OPERATIVE SOCIETY LIMITED,NTR-00202011171405560,1.00,3/3,"Railways, KNH Yaya Ngong Karen Satelite Kibera westlands St Marys Gikomba Eastleigh Nyayo City Stadium, Mlolongo",high,
56,,Railways,Kanungaga/56 Mwisho,FASTRACK UNITED AND CREDIT COOPERATIVE SOCIETY,NTR-0042,0.67,2/3,"railways, yaya, kawangware",medium,
56,,Railways,Kanungaga/56 Mwisho,FASTRACK UNITED AND CREDIT COOPERATIVE SOCIETY,ADR-3ZQS3MO,0.67,2/3,"railways, kawangware, yaya",medium,
56,,Railways,Kanungaga/56 Mwisho,FIVE FRIENDS INVESTMENT COMPANY LIMITED,NTR-00202008111557230,0.67,2/3,"Huruma, Outering road, Mlolongo",medium,
56,,Railways,Kanungaga/56 Mwisho,FIVE FRIENDS INVESTMENT COMPANY LIMITED,ADR-8LMS562,0.67,2/3,"Ngara, Huruma Dandora Molem road Kangundo roadMalaauUtawala Mlolongo Outering rd Thika rd Gikomba Jogoo rd Savannah, Kayole",medium,
58,,Ambassadeur,Mutindwa,DABUMATO COMMUTER SERVICE SAVINGS & CREDIT CO-OPERATIVE SOCIETY LTD,ADR-MDMSJLB,0.75,3/4,"city stadium, jogoo road,buru buru, dandora",medium,
58,,Ambassadeur,Mutindwa,DABUMATO COMMUTER SERVICE SAVINGS & CREDIT CO-OPERATIVE SOCIETY LTD,ADR-YM3SBMA,0.75,3/4,"city stadium, dandora,jogoo road, buru buru",medium,
58,,Ambassadeur,Mutindwa,DANDORA USAFIRI TRAVELLERS SACCO,ADR-Q5LC66E,0.75,3/4,"city stadium, jogoo road,buru buru, dandora",medium,
58,,Ambassadeur,Mutindwa,EASTLANDS EAGLES LIMITED,ADR-DB3T3R6,0.75,3/4,"city stadium, jogoo road,buru buru, dandora",medium,
58,,Ambassadeur,Mutindwa,EASTLANDS EAGLES LIMITED,ADR-3ZQSADR,0.75,3/4,"city stadium, dandora,jogoo road, buru buru",medium,
69,,Muthurwa,Gm Mwisho,INDIMA (NJE) SACCO,ADR-EPJSA6V,0.75,3/4,"muthurwa, jogoo road,likoni road, industrial area",medium,
69,,Muthurwa,Gm Mwisho,INDIMA (NJE) SACCO,ADR-2DVSZ6L,0.75,3/4,"muthurwa, kwa njenga,enterprise road, lusaka road",medium,
69,,Muthurwa,Gm Mwisho,OUTREACH TRAVEL,ADR-Q5LCEKZ,0.75,3/4,"muthurwa, kwa njenga,enterprise road, lusaka road",medium,
69,,Muthurwa,Gm Mwisho,EMBASSAVA COOPERATIVE SAVINGS AND CREDIT SOCIETY LTD,NTR-00465,0.67,4/6,"embakasi, jogoo road, msa road, outereing road,all sops, accra road",medium,
69,,Muthurwa,Gm Mwisho,STAHITO  COMMUTER  SERVICES CO. LIMITED,ADR-ZZJSL6R,0.67,4/6,"muthurwa, jogoo road , likoni road, industrial area, mombasa road, kitengela",medium,
6E,,Church Army,Joster,,,,,,unknown,
7C,,Kencom,Kenyatta Hospital Stage,LOTHIAN TRANSPORTERS,ADR-3ZQS3QL,0.67,2/3,"Mombasa rd, Outering rd Juja rd Eastleigh Tom mboya Kenyatta av GPO Community Knh Ngong rd Kawangware Kikuyu waiyaki way forest rd Kiambu rd bypass thika rd Githurai mwiki Ruiru Thika, kenol",medium,
7C,,Kencom,Kenyatta Hospital Stage,UNIFIED INTERNATIONAL LIMITED,ADR-537HYVM,0.67,2/3,"Mombasa rd, Outering rd Juja rd Eastleigh Tom mboya Kenyatta av GPO Community Knh Ngong rd Kawangware Kikuyu Kiambu rd bypass thika rd Githurai Ruiru Thika, kenol",medium,
7C,,Kencom,Kenyatta Hospital Stage,UNIFIED INTERNATIONAL LIMITED,ADR-A5AC2AY,0.67,2/3,"Mombasa rd, Outering rd Juja rd Eastleigh Tom mboya Kenyatta av GPO Community Knh Ngong rd Kawangware Kikuyu waiyaki way forest rd Kiambu rd bypass thika rd Githurai mwiki Ruiru Thika, kenol",medium,
7C,,Kencom,Kenyatta Hospital Stage,UNIFIED INTERNATIONAL LIMITED,ADR-9AKFOPZ,0.67,2/3,"Mombasa rd, Outering rd Juja rd Eastleigh Tom mboya Kenyatta av GPO Community Knh Ngong rd Kawangware Kikuyu waiyaki way Westlands Limuru Rd forest rd Kiambu rd bypass thika rd Githurai mwiki Ruiru Thika, kenol",medium,
7C,,Kencom,Kenyatta Hospital Stage,UNIFIED INTERNATIONAL LIMITED,ADR-DB3TQR7,0.67,2/3,"Mombasa rd, Outering rd Juja rd Eastleigh Tom mboya Kenyatta av GPO Community Knh Ngong rd Kawangware Kikuyu waiyaki way Westlands Limuru Rd forest rd Kiambu rd bypass thika rd Githurai mwiki Ruiru Thika, kenol",medium,
102,,Railways,Kikuyu,KADANA TRAVELLERS SAVINGS AND CREDIT CO-OPERATIVE SOCIETY LIMITED,ADR-MDMSQK8,1.00,5/5,"kikuyu, dagoreti, karen, ngong road, railways",high,
102,,Railways,Kikuyu,KADANA TRAVELLERS SAVINGS AND CREDIT CO-OPERATIVE SOCIETY LIMITED,ADR-YM3S6VM,1.00,5/5,"kikuyu, dagoreti, karen, ngong road, railways",high,
102,,Railways,Kikuyu,DAKIKA MATATU OWNERS SACCO,ADR-8LMSVRP,1.00,4/4,"railways, ngong road, dagoretti, kikuyu",high,
102,,Railways,Kikuyu,PAKIN ALICIA SACCO SOCIETY LTD,ADR-O68I875,1.00,4/4,"railways, kikuyu,ngong road, dagoretti",high,
102,,Railways,Kikuyu,DAKIKA MATATU OWNERS SACCO,NTR-00126,1.00,3/3,"railways, dagoreti, kikuyu",high,
103,,Dagoretti Corner Stage,Wangige Stage,BENJO( K) LTD,NTR-00741,1.00,3/3,"Bus Station, Jogoo rd Muthurwa Gikomba Kariokor Juja Rd OuteringRd Allsops Kariobangi dandora Moslem machakos mlolongo mombasa rd Cabanas EasternBypass Utawala Ruiru Roundabout kangundo rd ruai joska malaa tala Thika Makongeni kiskioni donyosabuk kilimambogo, Nyeri",high,
103,,Dagoretti Corner Stage,Wangige Stage,DIGITAL LUXURY TRAVELLERS LIMITED,NTR-00202104141031560,1.00,3/3,"Uthiru, muhuri rd dagoretti market kikuyu zambezi nduma buroti mutarakwa kwambira limuru rironi muguga, kinoo",high,
103,,Dagoretti Corner Stage,Wangige Stage,EASTERN BYPASS SAVINGS AND CREDIT CO-OPERATIVE SOCIETY LIMITED,NTR-00741,1.00,3/3,"Bus Station, Jogoo rd Muthurwa Gikomba Kariokor Juja Rd OuteringRd Allsops Kariobangi dandora Moslem machakos mlolongo mombasa rd Cabanas EasternBypass Utawala Ruiru Roundabout kangundo rd ruai joska malaa tala Thika Makongeni kiskioni donyosabuk kilimambogo, Nyeri",high,
103,,Dagoretti Corner Stage,Wangige Stage,EASTERN BYPASS SAVINGS AND CREDIT CO-OPERATIVE SOCIETY LIMITED,ADR-REOSRR7,1.00,3/3,"Bus Station, Jogoo rdMuthurwaGikombaKariokorJuja RdOuteringRdAllsopsKariobangi dandoraMoslemmlolongomombasa rdCabanasEasternBypassUtawalaRuiruRoundaboutkangundordruaijoskamalaatalaThikaMakongenikiskionidonyosabukukilimambogo, Nyeri",high,
103,,Dagoretti Corner Stage,Wangige Stage,EASTERN BYPASS SAVINGS AND CREDIT CO-OPERATIVE SOCIETY LIMITED,ADR-MDMSQQ3,1.00,3/3,"Bus Station, Jogoo rdMuthurwaGikombaKariokorJuja RdOuteringRdAllsopsKariobangi dandoraMoslemmlolongomombasa rdCabanasEasternBypassUtawalaRuiruRoundaboutkangundordruaijoskamalaatalaThikaMakongenikiskionidonyosabukukilimambogo, Nyeri",high,
105,,Kikuyu Terminus,Odeon Terminus,LATEMA 22 TRAVELLERS SACCO,NTR-001332,1.00,6/6,"odeon, westlands,kangemi,uthiru,kinoo, regen",high,
105,,Kikuyu Terminus,Odeon Terminus,COSY TRAVEL LIMITED,ADR-JY7S3P6,1.00,5/5,"odeon, westlands, kangemi, uthiru, kinoo",high,
105,,Kikuyu Terminus,Odeon Terminus,LATEMA 22 TRAVELLERS SACCO,ADR-7WRS93P,1.00,5/5,"odeon, westlands, kangemi, uthiru, kinoo",high,
105,,Kikuyu Terminus,Odeon Terminus,LATEMA 22 TRAVELLERS SACCO,ADR-K9BF6JL,1.00,5/5,"odeon, kinoo,westlands, kangemi, uthiru",high,
105,,Kikuyu Terminus,Odeon Terminus,STARBUS COMPANY (K) LTD,ADR-7WRS93P,1.00,5/5,"odeon, westlands, kangemi, uthiru, kinoo",high,
106,,Koja/Nation Centre,Banana Terminus,GMK SACCO LIMITED,NTR-00202202241345360,1.00,3/3,"Ngara, Outering Rd Kayole Eastern Bypass Kangundo Rd Ruai Northern Bypass Mwihoko via Thika Muranga Karatina Kiriaini NyeriEmbu, Voi",high,
106,,Koja/Nation Centre,Banana Terminus,KIAMBU MARAFIKI SACCO LTD,NTR-00201901180908040,1.00,3/3,"ngara, kiambu, githunguri",high,
106,,Koja/Nation Centre,Banana Terminus,prime  transcity limited,ADR-MDMSMO6,1.00,3/3,"Kangundo rd, Kamulu Eastern bypass Cabanas Outering rd Tassia link Savannah Komarock Umoja komarock rd Heshima rd Jogoo rd Muthurwa Gikomba Eastleigh juja rd Mihango, Ruiru underpass",high,
106,,Koja/Nation Centre,Banana Terminus,prime  transcity limited,ADR-YM3SL58,1.00,3/3,"Kangundo rd, Kamulu Eastern bypass Cabanas Outering rd alsops Tassia link Savannah Komarock Umoja kayole komarock rd Heshima rd Jogoo rd otc Muthurwa Gikomba Eastleigh juja rd Mihango, Ruiru underpass",high,
106,,Koja/Nation Centre,Banana Terminus,TIKAGI SAVINGS AND CREDIT COOPERATIVE SOCIETY LIMITED,NTR-00202108091426140,1.00,3/3,"kiambu, tatu city ruiru tinganga roysambu ruaka githurai 44 kahawa westgithurai 45 mwiki gatundu thika ikinu, githunguri",high,
107,,Odeon,Karura Mwisho,GMK SACCO LIMITED,NTR-00202202241345360,1.00,3/3,"Ngara, Outering Rd Kayole Eastern Bypass Kangundo Rd Ruai Northern Bypass Mwihoko via Thika Muranga Karatina Kiriaini NyeriEmbu, Voi",high,
107,,Odeon,Karura Mwisho,tawala shuttle limited,NTR-001183,1.00,3/3,"Kangundo Rd, Outering Rd Githunguri Utawala Jogoo Rd Mombasa Rd Mbagathi Rd GPO via Ngong Rd, Ambassador",high,
107,,Odeon,Karura Mwisho,LOPHA MULTIPURPOSE CO-OPERATIVE SOCIETY,ADR-3ZQSJ2A,0.67,4/6,"odeon, pangani, highridge, karura, rwaka, ndenderu",medium,
107,,Odeon,Karura Mwisho,RUNKA SERVICES COOPERATIVE SAVINGS AND CREDIT SOCIETY LTD,ADR-MDMSAM9,0.67,4/6,"odeon, pangani, highridge, karura, rwaka, ndenderu",medium,
107,,Odeon,Karura Mwisho,8B SAVINGS AND CREDIT CO-OPERATIVE SOCIETY LTD,NTR-00202101181143450,0.67,2/3,"Fig tree, Thika rd Kariokor Gikomba Juja rd Eastleigh KiambiuJericho Jogoo rd Buruburu Outering rd Donholm(caltex) Cabanas Likoni rd Lungalunga rd Kariobangi south, Kangundo rd",medium,
108,,Poland Embassy,Gasolina/Gichagi Mwisho,BAKAKI 101 TRAVELLERS SAVINGS AND CREDIT CO-OPERATIVE SOCIETY LIMITED,NTR-00201911291135300,0.67,2/3,"Kiambu, Bypass Ruaka Banana Ndenderu Wangige Kikuyu Rusingiti Kamangu Thigio Mutarakwa Limuru, Tigoni",medium,
108,,Poland Embassy,Gasolina/Gichagi Mwisho,BAKAKI 101 TRAVELLERS SAVINGS AND CREDIT CO-OPERATIVE SOCIETY LIMITED,ADR-2DVSRWK,0.67,2/3,"Kiambu, BananaRuakaNdenderuWangigeKikuyuRusingitiKamanguThigioMutarakwaLimuru, Tigoni",medium,
108,,Poland Embassy,Gasolina/Gichagi Mwisho,EASTERN BYPASS SAVINGS AND CREDIT CO-OPERATIVE SOCIETY LIMITED,ADR-REOSRR7,0.67,2/3,"Bus Station, Jogoo rdMuthurwaGikombaKariokorJuja RdOuteringRdAllsopsKariobangi dandoraMoslemmlolongomombasa rdCabanasEasternBypassUtawalaRuiruRoundaboutkangundordruaijoskamalaatalaThikaMakongenikiskionidonyosabukukilimambogo, Nyeri",medium,
108,,Poland Embassy,Gasolina/Gichagi Mwisho,EASTERN BYPASS SAVINGS AND CREDIT CO-OPERATIVE SOCIETY LIMITED,ADR-MDMSQQ3,0.67,2/3,"Bus Station, Jogoo rdMuthurwaGikombaKariokorJuja RdOuteringRdAllsopsKariobangi dandoraMoslemmlolongomombasa rdCabanasEasternBypassUtawalaRuiruRoundaboutkangundordruaijoskamalaatalaThikaMakongenikiskionidonyosabukukilimambogo, Nyeri",medium,
108,,Poland Embassy,Gasolina/Gichagi Mwisho,LIKAMBU MATATU SAVINGS AND CREDIT CO-OPERATIVE SOCIETY LIMITED,NTR-001334,0.50,2/4,"limuru, tigoni,kanunga, kiambu",low,
110,,Easy Coach/Uchumi,Kitengela,INDIMA (NJE) SACCO,NTR-00202203171440590,1.00,3/3,"Bus Station, Mombasa Rd Syokimau Athi River, Kitengela",high,
110,,Easy Coach/Uchumi,Kitengela,BENJO( K) LTD,NTR-00741,0.67,2/3,"Bus Station, Jogoo rd Muthurwa Gikomba Kariokor Juja Rd OuteringRd Allsops Kariobangi dandora Moslem machakos mlolongo mombasa rd Cabanas EasternBypass Utawala Ruiru Roundabout kangundo rd ruai joska malaa tala Thika Makongeni kiskioni donyosabuk kilimambogo, Nyeri",medium,
110,,Easy Coach/Uchumi,Kitengela,COUNTY LINK SAVINGS AND CREDIT CO-OPERATIVE SOCIETY LTD,NTR-00202011241151430,0.67,2/3,"Bus Station, Hazina Kangundo rd Ruai Kamulu Utawala Mombasa rd Mlolongo, Katani",medium,
110,,Easy Coach/Uchumi,Kitengela,COUNTY LINK SAVINGS AND CREDIT CO-OPERATIVE SOCIETY LTD,NTR-00202211011653270,0.67,2/3,"Bus Station, Jogoo Rd Industrial Area Buruburu Hazina Donholm Manyanja Rd Outering Rd Kangundo Rd Eastern Bypass Ruai Kamulu Utawala Mombasa Rd Mlolongo via Syokimau, Katani",medium,
110,,Easy Coach/Uchumi,Kitengela,EASTERN BYPASS SAVINGS AND CREDIT CO-OPERATIVE SOCIETY LIMITED,NTR-00741,0.67,2/3,"Bus Station, Jogoo rd Muthurwa Gikomba Kariokor Juja Rd OuteringRd Allsops Kariobangi dandora Moslem machakos mlolongo mombasa rd Cabanas EasternBypass Utawala Ruiru Roundabout kangundo rd ruai joska malaa tala Thika Makongeni kiskioni donyosabuk kilimambogo, Nyeri",medium,
111,,Railways,Ngong Bus Terminus,KIBERA BURETI SACCO,NTR-00260,1.00,3/3,"Railways, KNH Yaya City stadium Ngara Muthurwa St Marys Kinoo Kikuyu Karen Lenana Racecourse Kawangware Westlands, Kibera",high,
111,,Railways,Ngong Bus Terminus,KIBERA BURETI SACCO,ADR-MDMSKW8,1.00,3/3,"railways, kibera, ngong road",high,
111,,Railways,Ngong Bus Terminus,KIBERA BURETI SACCO,ADR-ZZJS9OP,1.00,3/3,"railways, ngong road, kibera",high,
111,,Railways,Ngong Bus Terminus,KIBERA MATATU OWNERS COOPERATIVE SAVINGS AND CREDIT SOCIETY LIMITED,ADR-EPJSA7P,1.00,3/3,"railways, ngong road, kibera",high,
111,,Railways,Ngong Bus Terminus,KIBERA MATATU OWNERS COOPERATIVE SAVINGS AND CREDIT SOCIETY LIMITED,ADR-7WRS7R8,1.00,3/3,"railways, kibera, ngong road",high,
115,,Koja,Limuru Town Terminal,FORWARD TRAVELLERS SACCO LTD,ADR-O68IMM7,1.00,3/3,"Malaa, KayoleJoskaKamuluRuaiSaikaMowlemKariobangiGikomba, Bus station",high,
115,,Koja,Limuru Town Terminal,INTEGRITY INTERCITY LIMITED,NTR-00201911081554190,1.00,3/3,"Khoja, Thika rd outering rd Ngumba eastern bypass juja farm Forest roadMuseum roadWaiyaki wayKinoo kikuyu wangige ndenderu rironi, Limuru",high,
115,,Koja,Limuru Town Terminal,KARIOBANGI MATATU OWNERS SAVINGS AND CREDIT CO-OPERATIVE SOCIETY LIMITED,NTR-00202101251614210,1.00,3/3,"Kariobangi, Juja rd Gikomba Kariokor Ronald ngala Commercial Thika rd Alsops Outering rd, Kariobangi south",high,
115,,Koja,Limuru Town Terminal,2KR ROUTE 105 MULTIPURPOSE COOPERATIVE SOCIETY LIMITED,ADR-WZ9S3ZE,0.67,4/6,"tommboya, westlands,kinoo,kikuyu,kamangu, limuru",medium,
115,,Koja,Limuru Town Terminal,NAKILI SAVINGS AND CREDIT CO-OPERATIVE SOCIETY LTD,ADR-POKS7Q6,0.67,4/6,"westlands, kinoo,kikuyu,thogoto,kamangu, limuru",medium,
116,,Koja,Limuru Terminus,LIKAMBU MATATU SAVINGS AND CREDIT CO-OPERATIVE SOCIETY LIMITED,NTR-001334,1.00,4/4,"limuru, tigoni,kanunga, kiambu",high,
116,,Koja,Limuru Terminus,BAKAKI 101 TRAVELLERS SAVINGS AND CREDIT CO-OPERATIVE SOCIETY LIMITED,ADR-K9BF6JM,1.00,3/3,"kiambu, banana, limuru",high,
116,,Koja,Limuru Terminus,EASTERN KUBAMBA LIMITED,NTR-00202104141601500,1.00,3/3,"Bus Station, gikomba jogoo rd juja rd ouering rd mombasa rd kariobangi komarock rd kangundo rd eastern by pass ruiru thika makongenikangundo machakos kitui mwingi mutomo kibwezi, Voi",high,
116,,Koja,Limuru Terminus,KARURI COMMUTERS SERVICES SAVINGS AND CREDIT CO-OPERTAIVE SOCIETY LIMITED,NTR-00340,1.00,3/3,"khoja, banana, limuru",high,
116,,Koja,Limuru Terminus,KARURI COMMUTERS SERVICES SAVINGS AND CREDIT CO-OPERTAIVE SOCIETY LIMITED,ADR-MDMSADY,1.00,3/3,"khoja, limuru, banana",high,
118,,Koja,Wangige Stage,BAKAKI 101 TRAVELLERS SAVINGS AND CREDIT CO-OPERATIVE SOCIETY LIMITED,NTR-00201911291135300,1.00,3/3,"Kiambu, Bypass Ruaka Banana Ndenderu Wangige Kikuyu Rusingiti Kamangu Thigio Mutarakwa Limuru, Tigoni",high,
118,,Koja,Wangige Stage,BAKAKI 101 TRAVELLERS SAVINGS AND CREDIT CO-OPERATIVE SOCIETY LIMITED,ADR-2DVSRWK,1.00,3/3,"Kiambu, BananaRuakaNdenderuWangigeKikuyuRusingitiKamanguThigioMutarakwaLimuru, Tigoni",high,
118,,Koja,Wangige Stage,HOME SACCO LIMITED,ADR-YM3S6DR,1.00,3/3,"khoja, westlands, wangige",high,
118,,Koja,Wangige Stage,HOME SACCO LIMITED,ADR-ZZJSQAV,1.00,3/3,"khoja, wangige, westlands",high,
118,,Koja,Wangige Stage,WALOKANA MULTIPURPOSE CO-OPERATIVE SOCIETY LTD,ADR-REOSZQO,1.00,3/3,"khoja, wangige, westlands",high,
119,,Koja,Wangige Health Centre,KARIOBANGI MATATU OWNERS SAVINGS AND CREDIT CO-OPERATIVE SOCIETY LIMITED,ADR-EPJSABK,1.00,4/4,"kariobangi south, juja road, kariokor, ronald ngara",high,
119,,Koja,Wangige Health Centre,NEEMA TRAVELLERS AGENCY LIMITED,ADR-EPJSABK,1.00,4/4,"kariobangi south, juja road, kariokor, ronald ngara",high,
119,,Koja,Wangige Health Centre,BAKAKI 101 TRAVELLERS SAVINGS AND CREDIT CO-OPERATIVE SOCIETY LIMITED,ADR-2DVSRWK,1.00,3/3,"Kiambu, BananaRuakaNdenderuWangigeKikuyuRusingitiKamanguThigioMutarakwaLimuru, Tigoni",high,
119,,Koja,Wangige Health Centre,COUNTY LINK SAVINGS AND CREDIT CO-OPERATIVE SOCIETY LTD,ADR-JY7S3W6,1.00,3/3,"Bus Station, Kangundo rd Ruai Kamulu Utawala, Katani",high,
119,,Koja,Wangige Health Centre,COUNTY LINK SAVINGS AND CREDIT CO-OPERATIVE SOCIETY LTD,ADR-POKSOVD,1.00,3/3,"Bus Station, Kangundo rd Ruai Kamulu Utawala, Katani",high,
11A,,Odeon Terminus,Kwa Mosque/Highridge Mwisho,GMK SACCO LIMITED,NTR-00202202241345360,0.67,2/3,"Ngara, Outering Rd Kayole Eastern Bypass Kangundo Rd Ruai Northern Bypass Mwihoko via Thika Muranga Karatina Kiriaini NyeriEmbu, Voi",medium,
11A,,Odeon Terminus,Kwa Mosque/Highridge Mwisho,GMK SACCO LIMITED,ADR-LZRSW7B,0.67,2/3,"ngara, ruai outering rd northern bypass mwihoko via thika muranga karatina kiriaini nyeri embu, voi",medium,
11A,,Odeon Terminus,Kwa Mosque/Highridge Mwisho,EMBASSAVA COOPERATIVE SAVINGS AND CREDIT SOCIETY LTD,NTR-00465,0.50,3/6,"embakasi, jogoo road, msa road, outereing road,all sops, accra road",low,
11A,,Odeon Terminus,Kwa Mosque/Highridge Mwisho,JONSAGA FLATS SACCO,ADR-MDMSMJL,0.50,2/4,"huruma, juja road, ngara, ronald ngara",low,
11A,,Odeon Terminus,Kwa Mosque/Highridge Mwisho,JONSAGA FLATS SACCO,ADR-ZZJSZ2O,0.50,2/4,"huruma, ronald ngara,juja road, ngara",low,
11B,,Koja,Mayfair,,,,,,unknown,
11C,,Odeon,Pangani Terminal,NABOKA TRAVELLERS SACCO,NTR-00201912031523330,1.00,3/3,"Bus station, BomasKarenGataka, Ongata Rongai",high,
11C,,Odeon,Pangani Terminal,ALDANA TRAVELLERS SACCO,NTR-00418,0.67,2/3,"Ronald Ngala, Ngara Juja Rd Outering Rd Kangundo Rd Dandora Kariobangi Asops Thika Rd Thika, Nyeri",medium,
11C,,Odeon,Pangani Terminal,BABA DOGO 25 TRAVELLERS SACCO,ADR-BQ9S3MQ,0.67,2/3,"Odeon, Muranga rd terminus(via forest rd)thika rdalsopsbaba dogo outering rd caltex juja rd kariokor, donholm",medium,
11C,,Odeon,Pangani Terminal,BABA DOGO 25 TRAVELLERS SACCO,ADR-REOSLYL,0.67,2/3,"Odeon, Muranga rd terminus(via forest rd) thika rdalsops roysambu lucky summer baba dogo outering rd caltex kangundo rd ruai junction utawala city cabanas donholm juja rd, kariokor",medium,
11C,,Odeon,Pangani Terminal,BAKAKI 101 TRAVELLERS SAVINGS AND CREDIT CO-OPERATIVE SOCIETY LIMITED,ADR-2DVSRWK,0.67,2/3,"Kiambu, BananaRuakaNdenderuWangigeKikuyuRusingitiKamanguThigioMutarakwaLimuru, Tigoni",medium,
11F,,Odeon,Ruaka Stage,GMK SACCO LIMITED,NTR-00202202241345360,1.00,3/3,"Ngara, Outering Rd Kayole Eastern Bypass Kangundo Rd Ruai Northern Bypass Mwihoko via Thika Muranga Karatina Kiriaini NyeriEmbu, Voi",high,
11F,,Odeon,Ruaka Stage,8B SAVINGS AND CREDIT CO-OPERATIVE SOCIETY LTD,NTR-00202101181143450,0.67,2/3,"Fig tree, Thika rd Kariokor Gikomba Juja rd Eastleigh KiambiuJericho Jogoo rd Buruburu Outering rd Donholm(caltex) Cabanas Likoni rd Lungalunga rd Kariobangi south, Kangundo rd",medium,
11F,,Odeon,Ruaka Stage,BABA DOGO 25 TRAVELLERS SACCO,ADR-REOSLYL,0.67,2/3,"Odeon, Muranga rd terminus(via forest rd) thika rdalsops roysambu lucky summer baba dogo outering rd caltex kangundo rd ruai junction utawala city cabanas donholm juja rd, kariokor",medium,
11F,,Odeon,Ruaka Stage,BYBUSS TRANS LIMITED,NTR-00202007061248330,0.67,2/3,"Khoja via Ngara Rd, WestlandsWangige via Lower Kabete RdNyathunaNgechaKabukuLimuru Kikuyu Kiambu Ruiru, Thika(Makongeni)",medium,
11F,,Odeon,Ruaka Stage,BYBUSS TRANS LIMITED,ADR-BQ9SMJB,0.67,2/3,"Khoja via Ngara Rd, WestlandsWangige via Lower Kabete RdNyathunaNgechaKabuku, Limuru .",medium,
125,,Railways,Kware,FASTRACK UNITED AND CREDIT COOPERATIVE SOCIETY,NTR-00202202221453100,1.00,3/3,"Railways, Community Jamhuri via Ngong Rd Wanyee Satelite Kabiria Kawangware Othaya Rd via Lavington Uthiru via WestlandsDagoretti Market, Kawangware",high,
125,,Railways,Kware,MATATU CREW ASSOCIATION SACCO,NTR-00202011131535140,1.00,3/3,"Railways, Knh Karen Ngong via Ngong rd Kiserian, Ongata Rongai",high,
125,,Railways,Kware,LANKANA SACCO SOCIETY LIMITED,ADR-2DVSRVL,0.80,4/5,"karen, hardy, bomas, langata road, railways",high,
125,,Railways,Kware,LANKANA SACCO SOCIETY LIMITED,ADR-K9BF6Q7,0.80,4/5,"karen, railways,hardy, bomas, langata road",high,
125,,Railways,Kware,LUMINOUS SHUTTLES LIMITED,ADR-O68IVBW,0.80,4/5,"karen, hardy, bomas, langata road, railways",high,
126,,Railways,Kiserian,FASTRACK UNITED AND CREDIT COOPERATIVE SOCIETY,NTR-00202202221453100,1.00,3/3,"Railways, Community Jamhuri via Ngong Rd Wanyee Satelite Kabiria Kawangware Othaya Rd via Lavington Uthiru via WestlandsDagoretti Market, Kawangware",high,
126,,Railways,Kiserian,LANKANA SACCO SOCIETY LIMITED,NTR-00202105240920410,1.00,3/3,"karen, bomas gataka rd ongata rongai kiserian isinya ngong, Kawangware",high,
126,,Railways,Kiserian,MATATU CREW ASSOCIATION SACCO,NTR-00202011131535140,1.00,3/3,"Railways, Knh Karen Ngong via Ngong rd Kiserian, Ongata Rongai",high,
126,,Railways,Kiserian,Nailepu Travellers Sacco,ADR-JY7SLBZ,1.00,3/3,"Nairobi, Kitengela Sultan Hamud Emali Kimana Loitoktok Namanga Bissil Kajiado Isinya Kiserian Ngong, Rongai",high,
126,,Railways,Kiserian,NGONG TRAVELLERS SACCO,NTR-00202003161526160,1.00,3/3,"Kiserian, NgongKarenNduyuYayaGpoAmbassadorRailwaysHaile sellasieMbagathi rd, Langata",high,
129,,Kikuyu Terminus,Wangige Stage,BENJO( K) LTD,NTR-00741,0.67,2/3,"Bus Station, Jogoo rd Muthurwa Gikomba Kariokor Juja Rd OuteringRd Allsops Kariobangi dandora Moslem machakos mlolongo mombasa rd Cabanas EasternBypass Utawala Ruiru Roundabout kangundo rd ruai joska malaa tala Thika Makongeni kiskioni donyosabuk kilimambogo, Nyeri",medium,
129,,Kikuyu Terminus,Wangige Stage,EASTERN BYPASS SAVINGS AND CREDIT CO-OPERATIVE SOCIETY LIMITED,NTR-00741,0.67,2/3,"Bus Station, Jogoo rd Muthurwa Gikomba Kariokor Juja Rd OuteringRd Allsops Kariobangi dandora Moslem machakos mlolongo mombasa rd Cabanas EasternBypass Utawala Ruiru Roundabout kangundo rd ruai joska malaa tala Thika Makongeni kiskioni donyosabuk kilimambogo, Nyeri",medium,
129,,Kikuyu Terminus,Wangige Stage,EASTERN BYPASS SAVINGS AND CREDIT CO-OPERATIVE SOCIETY LIMITED,ADR-REOSRR7,0.67,2/3,"Bus Station, Jogoo rdMuthurwaGikombaKariokorJuja RdOuteringRdAllsopsKariobangi dandoraMoslemmlolongomombasa rdCabanasEasternBypassUtawalaRuiruRoundaboutkangundordruaijoskamalaatalaThikaMakongenikiskionidonyosabukukilimambogo, Nyeri",medium,
129,,Kikuyu Terminus,Wangige Stage,EASTERN BYPASS SAVINGS AND CREDIT CO-OPERATIVE SOCIETY LIMITED,ADR-MDMSQQ3,0.67,2/3,"Bus Station, Jogoo rdMuthurwaGikombaKariokorJuja RdOuteringRdAllsopsKariobangi dandoraMoslemmlolongomombasa rdCabanasEasternBypassUtawalaRuiruRoundaboutkangundordruaijoskamalaatalaThikaMakongenikiskionidonyosabukukilimambogo, Nyeri",medium,
129,,Kikuyu Terminus,Wangige Stage,KIWALIRU SAVINGS AND CREDIT CO-OPERATIVE SOCIETY LIMITED,NTR-00202102241508470,0.67,2/3,"Kikuyu, wangige kanyariri ndumbuini kiambu, Limuru",medium,
12C,,Bus Station,Container/New Apostolic Church,EASTERN KUBAMBA LIMITED,NTR-00202104141601500,0.67,2/3,"Bus Station, gikomba jogoo rd juja rd ouering rd mombasa rd kariobangi komarock rd kangundo rd eastern by pass ruiru thika makongenikangundo machakos kitui mwingi mutomo kibwezi, Voi",medium,
12C,,Bus Station,Container/New Apostolic Church,NABOKA TRAVELLERS SACCO,ADR-537HBY7,0.67,2/3,"bus station, bomas, karen",medium,
12C,,Bus Station,Container/New Apostolic Church,NABOKA TRAVELLERS SACCO,ADR-A5ACK2P,0.67,2/3,"bus station, karen, bomas",medium,
12C,,Bus Station,Container/New Apostolic Church,NABOKA TRAVELLERS SACCO,NTR-001389,0.50,2/4,"bus station, bomas,karen, gataka",low,
12C,,Bus Station,Container/New Apostolic Church,TELAVIV TRAVELLERS LIMITED,ADR-YM3S6Q9,0.50,2/4,"bus station, south c,southb, industrial area",low,
12D,,Bus Station,Highway Estate,EASTERN KUBAMBA LIMITED,NTR-00202104141601500,0.67,2/3,"Bus Station, gikomba jogoo rd juja rd ouering rd mombasa rd kariobangi komarock rd kangundo rd eastern by pass ruiru thika makongenikangundo machakos kitui mwingi mutomo kibwezi, Voi",medium,
12D,,Bus Station,Highway Estate,NABOKA TRAVELLERS SACCO,ADR-537HBY7,0.67,2/3,"bus station, bomas, karen",medium,
12D,,Bus Station,Highway Estate,NABOKA TRAVELLERS SACCO,ADR-A5ACK2P,0.67,2/3,"bus station, karen, bomas",medium,
12D,,Bus Station,Highway Estate,NGONG TRAVELLERS SACCO,NTR-00202109161630370,0.67,2/3,"magadi, kiserian ongataRongai ngong Karen ndunyu knh Yaya langata nyayo stadium mbagathi GPO ambassador railways Mombasa Rd outering rd jogoo Rd. Kangundo Rd njiru, Utawala .",medium,
12D,,Bus Station,Highway Estate,NABOKA TRAVELLERS SACCO,NTR-001389,0.50,2/4,"bus station, bomas,karen, gataka",low,
135,,Kaka Terminal,Limuru Town Terminal,FORWARD TRAVELLERS SACCO LTD,ADR-O68IMM7,1.00,3/3,"Malaa, KayoleJoskaKamuluRuaiSaikaMowlemKariobangiGikomba, Bus station",high,
135,,Kaka Terminal,Limuru Town Terminal,KARIOBANGI MATATU OWNERS SAVINGS AND CREDIT CO-OPERATIVE SOCIETY LIMITED,NTR-00202101251614210,1.00,3/3,"Kariobangi, Juja rd Gikomba Kariokor Ronald ngala Commercial Thika rd Alsops Outering rd, Kariobangi south",high,
135,,Kaka Terminal,Limuru Town Terminal,2KR ROUTE 105 MULTIPURPOSE COOPERATIVE SOCIETY LIMITED,ADR-WZ9S3ZE,0.67,4/6,"tommboya, westlands,kinoo,kikuyu,kamangu, limuru",medium,
135,,Kaka Terminal,Limuru Town Terminal,NAKILI SAVINGS AND CREDIT CO-OPERATIVE SOCIETY LTD,ADR-POKS7Q6,0.67,4/6,"westlands, kinoo,kikuyu,thogoto,kamangu, limuru",medium,
135,,Kaka Terminal,Limuru Town Terminal,2KR ROUTE 105 MULTIPURPOSE COOPERATIVE SOCIETY LIMITED,NTR-00346,0.67,2/3,"Tommboya, KawangwarekikuyuwestlandsThika RdMakongeniruirukiambuwangige, Limuru",medium,
14A,,Bus Station,Strathmore/Siwaka,KENYA BUS SERVICE MANAGEMENT LIMITED,NTR-00202108060801500,0.67,2/3,"Bus Station, city stadium lusaka rd enterprise rd likoni rd jogoo rd kangundo rd via eastern bypass mombasa rd langata rd kungu karumba rd ngong rd karen dagoretti yaya centre limuru rd, Ruaka",medium,
14A,,Bus Station,Strathmore/Siwaka,METROTRANS EAST AFRICA LIMITED,NTR-00947,0.67,2/3,"nairobi, narok, bomet",medium,
14A,,Bus Station,Strathmore/Siwaka,NAZIGI SACCO LIMITED,NTR-00202012291237110,0.67,2/3,"KNH, nairobi westlands Wangari Maathai rd Kiambu rd bypass Githurai Kahawa West ruiru Thika(makongeni) eastern bypass ruai kangundo rd utawala Outering rd Juja Rd via Eastleigh cabanas, alsops",medium,
14A,,Bus Station,Strathmore/Siwaka,RWAKEN INVESTMENTS LIMITED,NTR-00948,0.67,2/3,"nairobi, within, nairobi",medium,
14A,,Bus Station,Strathmore/Siwaka,ST. MARYS TRANSPORT SACCO SOCIETY,NTR-00202108060801500,0.67,2/3,"Bus Station, city stadium lusaka rd enterprise rd likoni rd jogoo rd kangundo rd via eastern bypass mombasa rd langata rd kungu karumba rd ngong rd karen dagoretti yaya centre limuru rd, Ruaka",medium,
14B,,Bus Station,T-Mall,METROTRANS EAST AFRICA LIMITED,NTR-00947,0.67,2/3,"nairobi, narok, bomet",medium,
14B,,Bus Station,T-Mall,RWAKEN INVESTMENTS LIMITED,NTR-00948,0.67,2/3,"nairobi, within, nairobi",medium,
14B,,Bus Station,T-Mall,METROTRANS EAST AFRICA LIMITED,NTR-00363,0.50,2/4,"nairobi, kikuyu, narok, bomet",low,
14B,,Bus Station,T-Mall,METROTRANS EAST AFRICA LIMITED,ADR-YM3SBQV,0.50,2/4,"nairobi, bomet,kikuyu, narok",low,
14B,,Bus Station,T-Mall,WEST MADARAKA ROUTE 14 COOPERATIVE SACCO.,ADR-BQ9SQ86,0.50,2/4,"bus station, west madaraka, langata rd, strathmore",low,
17A,,Rounda,Calvary,DANDORA USAFIRI TRAVELLERS SACCO,NTR-00356,0.67,2/3,"Dandora, juja rd thika rdring rd komarock rd baraka slip rd kangundo rd outering rd jogoo rd heshima rd ambira gikomba, ronald ngala",medium,
17A,,Rounda,Calvary,DIX-HULT MATATU OWNER SACCO,ADR-A5AC8Z7,0.67,2/3,"kayole, komarocksmolemjuja road, eastleigh",medium,
17A,,Rounda,Calvary,ECOSA TRAVELLERS SACCO,NTR-00202009231508320,0.67,2/3,"Ronald Ngala, Kariokor Gikomba Dandora Juja Rd Outering Rd Kangundo Rd Saika Komarock Rd Kariobangi Alsops Thika Rd, Thika",medium,
17A,,Rounda,Calvary,FIVE FRIENDS INVESTMENT COMPANY LIMITED,ADR-8LMS562,0.67,2/3,"Ngara, Huruma Dandora Molem road Kangundo roadMalaauUtawala Mlolongo Outering rd Thika rd Gikomba Jogoo rd Savannah, Kayole",medium,
17A,,Rounda,Calvary,FORWARD TRAVELLERS SACCO LTD,NTR-00202002041322540,0.67,2/3,"Kayole, KomarocksMowlemJuja rdEastleigh, Alsops",medium,
18C,,Kanisani,Eastleigh Terminal,CIRCULAR CLASSIC COMPANY LIMITED,NTR-00202111051642530,1.00,3/3,"eastleigh, northern bypass eastern bypass jogoo rd mombasa rd utawala, ruai",high,
18C,,Kanisani,Eastleigh Terminal,CBET SACCO,NTR-00202104141523000,0.67,2/3,"kyumbi, malili, konza city",medium,
18C,,Kanisani,Eastleigh Terminal,CIRCULAR CLASSIC COMPANY LIMITED,NTR-00202111121600130,0.67,2/3,"eastleigh, jogoo rd mombasa rd utawala eastern bypass mwihoko kawaha west via mwiki northern bypass, ruiru",medium,
18C,,Kanisani,Eastleigh Terminal,COUNTY LINK SAVINGS AND CREDIT CO-OPERATIVE SOCIETY LTD,NTR-00202011241151430,0.67,2/3,"Bus Station, Hazina Kangundo rd Ruai Kamulu Utawala Mombasa rd Mlolongo, Katani",medium,
18C,,Kanisani,Eastleigh Terminal,COUNTY LINK SAVINGS AND CREDIT CO-OPERATIVE SOCIETY LTD,NTR-00202211011653270,0.67,2/3,"Bus Station, Jogoo Rd Industrial Area Buruburu Hazina Donholm Manyanja Rd Outering Rd Kangundo Rd Eastern Bypass Ruai Kamulu Utawala Mombasa Rd Mlolongo via Syokimau, Katani",medium,
23W,,Nation Building Terminal,Westlands Terminal,,,,,,unknown,
24C,,Kencom,Karen,BURUBURU 58 TRAVELLERS SAVINGS AND CREDIT CO-OPERATIVE SOCIETY LIMITED,ADR-7WRSVZ6,0.67,2/3,"Commercial, muthurwaJogoo road Lusaka Enterprise rd Likoni rd Jericho Buruburu Rabai rd Outering rd Alsops Kangundo rd Eastern bypass, Malaa",medium,
24C,,Kencom,Karen,GARAMU TRAVEL SOLUTIONS LIMITED,NTR-00202101201303380,0.67,2/3,"Ngong, Karen Dagoretti corner Kawangware Kikuyu Wangige, Limuru",medium,
24C,,Kencom,Karen,KADANA TRAVELLERS SAVINGS AND CREDIT CO-OPERATIVE SOCIETY LIMITED,NTR-00202012111031250,0.67,2/3,"Kamangu, Kikuyu Waithaka Kawangware Kabiria Dagoretti market Karen, Ngong",medium,
24C,,Kencom,Karen,KIBERA BURETI SACCO,NTR-00260,0.67,2/3,"Railways, KNH Yaya City stadium Ngara Muthurwa St Marys Kinoo Kikuyu Karen Lenana Racecourse Kawangware Westlands, Kibera",medium,
24C,,Kencom,Karen,KIBERA BURETI SACCO,ADR-MDMSKW8,0.67,2/3,"railways, kibera, ngong road",medium,
26S,,Aquinas,Kariobangi,ARBAB VENTURES LIMITED,ADR-JY7SLOJ,1.00,3/3,"South c, South bLikoni rdindustrial areaeastleighjogoo rdoutering rddonholmfedha, machakos",high,
26S,,Aquinas,Kariobangi,ALDANA TRAVELLERS SACCO,NTR-00202003241145200,0.67,2/3,"Ronald ngala, Juja rdDandoraKariobangiAlsops Thika rd, Thika",medium,
26S,,Aquinas,Kariobangi,ALDANA TRAVELLERS SACCO,NTR-00418,0.67,2/3,"Ronald Ngala, Ngara Juja Rd Outering Rd Kangundo Rd Dandora Kariobangi Asops Thika Rd Thika, Nyeri",medium,
26S,,Aquinas,Kariobangi,ARBAB VENTURES LIMITED,NTR-00201905131607200,0.67,2/3,"South c, iindustrial arealikoni rdjogoo rdeastleighoutering rd mombasa rd, machakos",medium,
26S,,Aquinas,Kariobangi,BAKAKI 101 TRAVELLERS SAVINGS AND CREDIT CO-OPERATIVE SOCIETY LIMITED,NTR-00201911291135300,0.67,2/3,"Kiambu, Bypass Ruaka Banana Ndenderu Wangige Kikuyu Rusingiti Kamangu Thigio Mutarakwa Limuru, Tigoni",medium,
32A,,Kencom,Ayani,COUNTY LINK SAVINGS AND CREDIT CO-OPERATIVE SOCIETY LTD,NTR-00202011241151430,1.00,3/3,"Bus Station, Hazina Kangundo rd Ruai Kamulu Utawala Mombasa rd Mlolongo, Katani",high,
32A,,Kencom,Ayani,COUNTY LINK SAVINGS AND CREDIT CO-OPERATIVE SOCIETY LTD,NTR-00202211011653270,1.00,3/3,"Bus Station, Jogoo Rd Industrial Area Buruburu Hazina Donholm Manyanja Rd Outering Rd Kangundo Rd Eastern Bypass Ruai Kamulu Utawala Mombasa Rd Mlolongo via Syokimau, Katani",high,
32A,,Kencom,Ayani,BENJO( K) LTD,NTR-00741,0.67,2/3,"Bus Station, Jogoo rd Muthurwa Gikomba Kariokor Juja Rd OuteringRd Allsops Kariobangi dandora Moslem machakos mlolongo mombasa rd Cabanas EasternBypass Utawala Ruiru Roundabout kangundo rd ruai joska malaa tala Thika Makongeni kiskioni donyosabuk kilimambogo, Nyeri",medium,
32A,,Kencom,Ayani,CIRCULAR CLASSIC COMPANY LIMITED,NTR-00706,0.67,2/3,"Nairobi, eastleigh kahawa west muranga othaya nyeri mwea, embu",medium,
32A,,Kencom,Ayani,COUNTY LINK SAVINGS AND CREDIT CO-OPERATIVE SOCIETY LTD,ADR-JY7S3W6,0.67,2/3,"Bus Station, Kangundo rd Ruai Kamulu Utawala, Katani",medium,
32D,,Terminal Otc,Dandora Terminal,BENJO( K) LTD,NTR-00741,0.67,2/3,"Bus Station, Jogoo rd Muthurwa Gikomba Kariokor Juja Rd OuteringRd Allsops Kariobangi dandora Moslem machakos mlolongo mombasa rd Cabanas EasternBypass Utawala Ruiru Roundabout kangundo rd ruai joska malaa tala Thika Makongeni kiskioni donyosabuk kilimambogo, Nyeri",medium,
32D,,Terminal Otc,Dandora Terminal,EASTERN BYPASS SAVINGS AND CREDIT CO-OPERATIVE SOCIETY LIMITED,NTR-00741,0.67,2/3,"Bus Station, Jogoo rd Muthurwa Gikomba Kariokor Juja Rd OuteringRd Allsops Kariobangi dandora Moslem machakos mlolongo mombasa rd Cabanas EasternBypass Utawala Ruiru Roundabout kangundo rd ruai joska malaa tala Thika Makongeni kiskioni donyosabuk kilimambogo, Nyeri",medium,
32D,,Terminal Otc,Dandora Terminal,EASTERN BYPASS SAVINGS AND CREDIT CO-OPERATIVE SOCIETY LIMITED,ADR-REOSRR7,0.67,2/3,"Bus Station, Jogoo rdMuthurwaGikombaKariokorJuja RdOuteringRdAllsopsKariobangi dandoraMoslemmlolongomombasa rdCabanasEasternBypassUtawalaRuiruRoundaboutkangundordruaijoskamalaatalaThikaMakongenikiskionidonyosabukukilimambogo, Nyeri",medium,
32D,,Terminal Otc,Dandora Terminal,EASTERN BYPASS SAVINGS AND CREDIT CO-OPERATIVE SOCIETY LIMITED,ADR-MDMSQQ3,0.67,2/3,"Bus Station, Jogoo rdMuthurwaGikombaKariokorJuja RdOuteringRdAllsopsKariobangi dandoraMoslemmlolongomombasa rdCabanasEasternBypassUtawalaRuiruRoundaboutkangundordruaijoskamalaatalaThikaMakongenikiskionidonyosabukukilimambogo, Nyeri",medium,
32D,,Terminal Otc,Dandora Terminal,PEJO TECH COMPANY LTD,NTR-00741,0.67,2/3,"Bus Station, Jogoo rd Muthurwa Gikomba Kariokor Juja Rd OuteringRd Allsops Kariobangi dandora Moslem machakos mlolongo mombasa rd Cabanas EasternBypass Utawala Ruiru Roundabout kangundo rd ruai joska malaa tala Thika Makongeni kiskioni donyosabuk kilimambogo, Nyeri",medium,
33B,,Commercial,Baraka Estate,SONY CLASSIC SHUTTLE EAST AFRICA LIMITED,NTR-00202104201026350,1.00,3/3,"Juja, Ruiru Eastern bypass Commercial Kikuyu Mutarakwa Thigio Limuru Githunguri Kiambu Wangige, Ruaka",high,
33B,,Commercial,Baraka Estate,SONY CLASSIC SHUTTLE EAST AFRICA LIMITED,NTR-00202104201026350,1.00,3/3,"Juja, Ruiru Eastern bypass Commercial Kikuyu Mutarakwa Thigio Limuru Githunguri Kiambu Wangige, Ruaka",high,
33B,,Commercial,Baraka Estate,BENJO( K) LTD,NTR-00833,0.67,2/3,"Embu, Kitui, Mwingi and Back",medium,
33B,,Commercial,Baraka Estate,FIG PRESTIGE MANAGEMENT COMPANY LIMITED,NTR-00202104150827230,0.67,2/3,"Commercial, Jogoo rd Eastleigh Jericho Outering rd Kariobangi ound about Juja rd Cabanas Koma Kenol, Machakos",medium,
33B,,Commercial,Baraka Estate,FIG PRESTIGE MANAGEMENT COMPANY LIMITED,NTR-00202211011743410,0.67,2/3,"Commercial, Ngara Fig Tree Gikomba Muthurwa Eastleigh Thika Rd Kiambio Jericho Outering Rd Kariobangi Round About Mathare North Jogoo Rd Cabanas Kangundo Rd Ruai Tala Kantafu Koma Ruiru Ndani Kwa Maiko Juja Thika Kabati Kenol, Machakos",medium,
33C,,Commercial,Kobil,2KR ROUTE 105 MULTIPURPOSE COOPERATIVE SOCIETY LIMITED,NTR-00346,0.67,2/3,"Tommboya, KawangwarekikuyuwestlandsThika RdMakongeniruirukiambuwangige, Limuru",medium,
33C,,Commercial,Kobil,BABA DOGO 25 TRAVELLERS SACCO,ADR-BQ9S3MQ,0.67,2/3,"Odeon, Muranga rd terminus(via forest rd)thika rdalsopsbaba dogo outering rd caltex juja rd kariokor, donholm",medium,
33C,,Commercial,Kobil,BURUBURU 58 TRAVELLERS SAVINGS AND CREDIT CO-OPERATIVE SOCIETY LIMITED,ADR-REOSRLV,0.67,2/3,"buruburu, jogoo road, commercial",medium,
33C,,Commercial,Kobil,BURUBURU 58 TRAVELLERS SAVINGS AND CREDIT CO-OPERATIVE SOCIETY LIMITED,ADR-YM3S6EM,0.67,2/3,"buruburu, commercial, jogoo road",medium,
33C,,Commercial,Kobil,BYBUSS TRANS LIMITED,NTR-00202102051436280,0.67,2/3,"Thika (makongeni), Kiambu ruaka gachie wangige nyathuna ngecha kabuku limuru kikuyu kangemi kawangware dagoretti corner& market karen bomas ngong, Kiserian",medium,
33H,,Carbanas,By Pass,BAKAKI 101 TRAVELLERS SAVINGS AND CREDIT CO-OPERATIVE SOCIETY LIMITED,NTR-00201911291135300,0.67,2/3,"Kiambu, Bypass Ruaka Banana Ndenderu Wangige Kikuyu Rusingiti Kamangu Thigio Mutarakwa Limuru, Tigoni",medium,
33H,,Carbanas,By Pass,BAKAKI 101 TRAVELLERS SAVINGS AND CREDIT CO-OPERATIVE SOCIETY LIMITED,ADR-2DVSRWK,0.67,2/3,"Kiambu, BananaRuakaNdenderuWangigeKikuyuRusingitiKamanguThigioMutarakwaLimuru, Tigoni",medium,
33H,,Carbanas,By Pass,COUNTY LINK SAVINGS AND CREDIT CO-OPERATIVE SOCIETY LTD,NTR-00202211011653270,0.67,2/3,"Bus Station, Jogoo Rd Industrial Area Buruburu Hazina Donholm Manyanja Rd Outering Rd Kangundo Rd Eastern Bypass Ruai Kamulu Utawala Mombasa Rd Mlolongo via Syokimau, Katani",medium,
33H,,Carbanas,By Pass,EASTERN BYPASS SAVINGS AND CREDIT CO-OPERATIVE SOCIETY LIMITED,NTR-00202008120908210,0.67,2/3,"Cabanas, Eastern Bypass Ruai Ruiru, Nyeri .",medium,
33H,,Carbanas,By Pass,EXPRESO LIMITED,ADR-537HWAM,0.67,2/3,"limuru, kikuyu dagoretti mrktkabiria kawangware knh ambassador moi service lane tom mboya rongai gataka karen ngong kiserian isinya katani cabanas outering rd juja rd eastleigh gikomba thika rd mwiki lucky summer komarocks rd kangundo rd eastern bypass infinity kenol kiambu ruaka, western bypass",medium,
33J,,Carbanas,Githunguri,FORWARD TRAVELLERS SACCO LTD,NTR-00202012161512240,0.67,2/3,"Kayole, Gikombe Alsops Mihango, Cabanas",medium,
33J,,Carbanas,Githunguri,GIKAKI SACCO SOCIETY LIMITED,NTR-00813,0.67,2/3,"Githunguri, Kagwe Kimende Limuru uplands kwamaiko ruiru, nyanduma",medium,
33J,,Carbanas,Githunguri,GIKAKI SACCO SOCIETY LIMITED,NTR-00202211011816190,0.67,2/3,"Githunguri, Kagwe Kimende Limuru Uplands Kwa Maiko Ruiru Nyanduma Kibichoi Gathugu Gachika Gatundu Thika Mai-Mahiu, Naivasha",medium,
33J,,Carbanas,Githunguri,Inagi Travellers Sacco,NTR-00202003111620510,0.67,2/3,"Githunguri, NairobiMachakos via outering rd, Kitui",medium,
33J,,Carbanas,Githunguri,Inagi Travellers Sacco,ADR-A5ACPED,0.67,2/3,"Githunguri, NairobiMachakos, Kitui",medium,
34B,,Ambassadeur,Jacaranda,BABA DOGO 25 TRAVELLERS SACCO,ADR-BQ9S3MQ,0.67,2/3,"Odeon, Muranga rd terminus(via forest rd)thika rdalsopsbaba dogo outering rd caltex juja rd kariokor, donholm",medium,
34B,,Ambassadeur,Jacaranda,EXPRESO LIMITED,NTR-00202002051557030,0.67,2/3,"Kiserian, RongaiDagoretti marketAmbassadorTom mboyaThika rdJuja rdOutering rdKangundo rdKomarocks rdInfinityMwiki, Kasarani",medium,
34B,,Ambassadeur,Jacaranda,EXPRESO LIMITED,ADR-WZ9S9JA,0.67,2/3,"Kiserian, RongaiDagoretti marketAmbassadorTom mboyaThika rdJuja rdOutering rdKomarocks rdKangundo rdInfinityMwiki, Kasarani",medium,
34B,,Ambassadeur,Jacaranda,NGONG TRAVELLERS SACCO,NTR-00202003161526160,0.67,2/3,"Kiserian, NgongKarenNduyuYayaGpoAmbassadorRailwaysHaile sellasieMbagathi rd, Langata",medium,
34B,,Ambassadeur,Jacaranda,NGONG TRAVELLERS SACCO,NTR-00202012151526570,0.67,2/3,"Kiserian, Ngong Karen Langata Mbagathi GPO Ambassador Haile selassie Nyayo Stadium Mombasa rd, Utawala",medium,
34J,,Ambassadeur,Passenger Boarding,LIBERA IMPEX LIMITED,NTR-00202111081143080,1.00,3/3,"cabanas, mombasa rd pipeline outering rd eastern bypass mwihoko tassia link rd kayole juja rd ngara, jogoo rd",high,
34J,,Ambassadeur,Passenger Boarding,NKIKAN SACCO SOCIETY LIMITED,NTR-00716,0.75,3/4,"nairobi, kiserian,isinya, namanga",medium,
34J,,Ambassadeur,Passenger Boarding,NKIKAN SACCO SOCIETY LIMITED,ADR-K9BF6YE,0.75,3/4,"nairobi, namanga,kiserian, isinya",medium,
34J,,Ambassadeur,Passenger Boarding,OROMATS SACCO SOCIETY LTD,ADR-K9BF6YE,0.75,3/4,"nairobi, namanga,kiserian, isinya",medium,
34J,,Ambassadeur,Passenger Boarding,OROMATS SACCO SOCIETY LTD,NTR-00716,0.75,3/4,"nairobi, kiserian,isinya, namanga",medium,
34L,,Kenyatta National Hospital,St.Marys Hospital,rasasi travellers limited,NTR-00370,0.67,4/6,"bus station, kenyatta,mbagathi road,langata,otiende, st marys",medium,
34L,,Kenyatta National Hospital,St.Marys Hospital,ST. MARYS TRANSPORT SACCO SOCIETY,NTR-00370,0.67,4/6,"bus station, kenyatta,mbagathi road,langata,otiende, st marys",medium,
34L,,Kenyatta National Hospital,St.Marys Hospital,ST. MARYS TRANSPORT SACCO SOCIETY,ADR-JY7S73Z,0.67,4/6,"bus station, st marys,kenyatta,mbagathi road,langata, otiende",medium,
34L,,Kenyatta National Hospital,St.Marys Hospital,city star shuttle limited,NTR-00202101251020460,0.67,2/3,"South B, Langata Ongata Rongai Kiserian Ngong Karen Kawangware Yaya KNH Ambassador Kencom Bus station Jogoo rd Buruburu Umoja Kangundo rd Ruai Malaa Kantafu Utawala Jkia Mombasa rd SGR Syokimau Athi river Kitengela, Isinya",medium,
34L,,Kenyatta National Hospital,St.Marys Hospital,GMK SACCO LIMITED,NTR-00202202241345360,0.67,2/3,"Ngara, Outering Rd Kayole Eastern Bypass Kangundo Rd Ruai Northern Bypass Mwihoko via Thika Muranga Karatina Kiriaini NyeriEmbu, Voi",medium,
405,,City Stadium/Lusaka Road Junctn,Baricho Road Terminus,KENYA BUS SERVICE MANAGEMENT LIMITED,NTR-00202108060801500,0.67,2/3,"Bus Station, city stadium lusaka rd enterprise rd likoni rd jogoo rd kangundo rd via eastern bypass mombasa rd langata rd kungu karumba rd ngong rd karen dagoretti yaya centre limuru rd, Ruaka",medium,
405,,City Stadium/Lusaka Road Junctn,Baricho Road Terminus,ST. MARYS TRANSPORT SACCO SOCIETY,NTR-00202108060801500,0.67,2/3,"Bus Station, city stadium lusaka rd enterprise rd likoni rd jogoo rd kangundo rd via eastern bypass mombasa rd langata rd kungu karumba rd ngong rd karen dagoretti yaya centre limuru rd, Ruaka",medium,
44K,,Roysambu Terminus,Main Stage,INDIMA (NJE) SACCO,NTR-00487,0.67,2/3,"Bus station, Mombasa roadLusaka road Industrial AreaKwa Njenga Outering rd Kangundo rd Ruai, Kamulu",medium,
44K,,Roysambu Terminus,Main Stage,KENYA BUS SERVICE MANAGEMENT LIMITED,NTR-00487,0.67,2/3,"Bus station, Mombasa roadLusaka road Industrial AreaKwa Njenga Outering rd Kangundo rd Ruai, Kamulu",medium,
45P,,Githurai,Proggie,UNIFIED INTERNATIONAL LIMITED,NTR-00201901041326070,0.67,2/3,"githurai, githurai, mwihoko",medium,
46B,,Terminal Tusker,Tounder Terminal,HURUMA MINI-BUS SACCO LTD,ADR-REOSZB2,0.75,3/4,"huruma, pangani,kariokor, tusker",medium,
46B,,Terminal Tusker,Tounder Terminal,BENJO( K) LTD,NTR-00741,0.67,2/3,"Bus Station, Jogoo rd Muthurwa Gikomba Kariokor Juja Rd OuteringRd Allsops Kariobangi dandora Moslem machakos mlolongo mombasa rd Cabanas EasternBypass Utawala Ruiru Roundabout kangundo rd ruai joska malaa tala Thika Makongeni kiskioni donyosabuk kilimambogo, Nyeri",medium,
46B,,Terminal Tusker,Tounder Terminal,EASTERN BYPASS SAVINGS AND CREDIT CO-OPERATIVE SOCIETY LIMITED,NTR-00741,0.67,2/3,"Bus Station, Jogoo rd Muthurwa Gikomba Kariokor Juja Rd OuteringRd Allsops Kariobangi dandora Moslem machakos mlolongo mombasa rd Cabanas EasternBypass Utawala Ruiru Roundabout kangundo rd ruai joska malaa tala Thika Makongeni kiskioni donyosabuk kilimambogo, Nyeri",medium,
46B,,Terminal Tusker,Tounder Terminal,EASTERN BYPASS SAVINGS AND CREDIT CO-OPERATIVE SOCIETY LIMITED,ADR-REOSRR7,0.67,2/3,"Bus Station, Jogoo rdMuthurwaGikombaKariokorJuja RdOuteringRdAllsopsKariobangi dandoraMoslemmlolongomombasa rdCabanasEasternBypassUtawalaRuiruRoundaboutkangundordruaijoskamalaatalaThikaMakongenikiskionidonyosabukukilimambogo, Nyeri",medium,
46B,,Terminal Tusker,Tounder Terminal,EASTERN BYPASS SAVINGS AND CREDIT CO-OPERATIVE SOCIETY LIMITED,ADR-MDMSQQ3,0.67,2/3,"Bus Station, Jogoo rdMuthurwaGikombaKariokorJuja RdOuteringRdAllsopsKariobangi dandoraMoslemmlolongomombasa rdCabanasEasternBypassUtawalaRuiruRoundaboutkangundordruaijoskamalaatalaThikaMakongenikiskionidonyosabukukilimambogo, Nyeri",medium,
46H,,Terminal Tusker,Johnsaga,HURUMA MINI-BUS SACCO LTD,ADR-REOSZB2,0.75,3/4,"huruma, pangani,kariokor, tusker",medium,
46H,,Terminal Tusker,Johnsaga,BENJO( K) LTD,NTR-00741,0.67,2/3,"Bus Station, Jogoo rd Muthurwa Gikomba Kariokor Juja Rd OuteringRd Allsops Kariobangi dandora Moslem machakos mlolongo mombasa rd Cabanas EasternBypass Utawala Ruiru Roundabout kangundo rd ruai joska malaa tala Thika Makongeni kiskioni donyosabuk kilimambogo, Nyeri",medium,
46H,,Terminal Tusker,Johnsaga,EASTERN BYPASS SAVINGS AND CREDIT CO-OPERATIVE SOCIETY LIMITED,NTR-00741,0.67,2/3,"Bus Station, Jogoo rd Muthurwa Gikomba Kariokor Juja Rd OuteringRd Allsops Kariobangi dandora Moslem machakos mlolongo mombasa rd Cabanas EasternBypass Utawala Ruiru Roundabout kangundo rd ruai joska malaa tala Thika Makongeni kiskioni donyosabuk kilimambogo, Nyeri",medium,
46H,,Terminal Tusker,Johnsaga,EASTERN BYPASS SAVINGS AND CREDIT CO-OPERATIVE SOCIETY LIMITED,ADR-REOSRR7,0.67,2/3,"Bus Station, Jogoo rdMuthurwaGikombaKariokorJuja RdOuteringRdAllsopsKariobangi dandoraMoslemmlolongomombasa rdCabanasEasternBypassUtawalaRuiruRoundaboutkangundordruaijoskamalaatalaThikaMakongenikiskionidonyosabukukilimambogo, Nyeri",medium,
46H,,Terminal Tusker,Johnsaga,EASTERN BYPASS SAVINGS AND CREDIT CO-OPERATIVE SOCIETY LIMITED,ADR-MDMSQQ3,0.67,2/3,"Bus Station, Jogoo rdMuthurwaGikombaKariokorJuja RdOuteringRdAllsopsKariobangi dandoraMoslemmlolongomombasa rdCabanasEasternBypassUtawalaRuiruRoundaboutkangundordruaijoskamalaatalaThikaMakongenikiskionidonyosabukukilimambogo, Nyeri",medium,
46K,,Kencom,Kawangware Mwisho,EASTERN BYPASS SAVINGS AND CREDIT CO-OPERATIVE SOCIETY LIMITED,ADR-BQ9S55J,0.67,2/3,"mlolongo, cabanas tajmall alsops ruiru, makongeni(thika)",medium,
46K,,Kencom,Kawangware Mwisho,FASTRACK UNITED AND CREDIT COOPERATIVE SOCIETY,NTR-0042,0.67,2/3,"railways, yaya, kawangware",medium,
46K,,Kencom,Kawangware Mwisho,FASTRACK UNITED AND CREDIT COOPERATIVE SOCIETY,ADR-3ZQS3MO,0.67,2/3,"railways, kawangware, yaya",medium,
46K,,Kencom,Kawangware Mwisho,FIVE FRIENDS INVESTMENT COMPANY LIMITED,ADR-8LMS562,0.67,2/3,"Ngara, Huruma Dandora Molem road Kangundo roadMalaauUtawala Mlolongo Outering rd Thika rd Gikomba Jogoo rd Savannah, Kayole",medium,
46K,,Kencom,Kawangware Mwisho,FIVE FRIENDS INVESTMENT COMPANY LIMITED,ADR-ZZJSVWM,0.67,2/3,"Ngara, Huruma via Ronald Ngala Dandora Kariobangi Alsops Thika rd Mowlem rdJogoo rd Gikomba Kagundo rd Malaa Savannah Kayole Utawala Outering rd cabanas, Mlolongo",medium,
46Y,,Kencom,Yaya,KILLETON COMMUTERS SERVICES SAVINGS AND CREDIT COOPERATIVE LTD,ADR-K9BF6QW,0.67,2/3,"Ayany, olympic mashimoni kibera kabiria waithaka via ngong rd kawangware yaya kileleshwa lavington westlands kangemi kikuyu karura ndenderu odeon ngara thika rd kiambu rd ruiru via gitongoro limuru rd gacharage, gachie",medium,
46Y,,Kencom,Yaya,KIRAGI TRAVELLERS SAVINGS AND CREDIT CO-OPERATIVE SOCIETY LIMITED,NTR-00202011171405560,0.67,2/3,"Railways, KNH Yaya Ngong Karen Satelite Kibera westlands St Marys Gikomba Eastleigh Nyayo City Stadium, Mlolongo",medium,
46Y,,Kencom,Yaya,LOTHIAN TRANSPORTERS,ADR-3ZQS3QL,0.67,2/3,"Mombasa rd, Outering rd Juja rd Eastleigh Tom mboya Kenyatta av GPO Community Knh Ngong rd Kawangware Kikuyu waiyaki way forest rd Kiambu rd bypass thika rd Githurai mwiki Ruiru Thika, kenol",medium,
46Y,,Kencom,Yaya,SUPER METRO LIMITED,NTR-00202108091506440,0.67,2/3,"TALA, KOMAROCK- MALAA- KAMULU- RUAI-UTAWALA-PIPELINE- JOGOO RD- YAYA- KAWANGWARE-KABIRIA- KiKUYU, Limuru",medium,
46Y,,Kencom,Yaya,UNIFIED INTERNATIONAL LIMITED,ADR-537HYVM,0.67,2/3,"Mombasa rd, Outering rd Juja rd Eastleigh Tom mboya Kenyatta av GPO Community Knh Ngong rd Kawangware Kikuyu Kiambu rd bypass thika rd Githurai Ruiru Thika, kenol",medium,
48A,,Odeon Terminus,Lavington Shopping Centre/Shell,DIGITAL LUXURY TRAVELLERS LIMITED,NTR-00201810020854450,0.67,2/3,"Odeon, NgaraMuseum HillKangemiUthiruKawangware, Knh via kenyatta avenue",medium,
48A,,Odeon Terminus,Lavington Shopping Centre/Shell,DIGITAL LUXURY TRAVELLERS LIMITED,NTR-00202104161732330,0.67,2/3,"Odeon, NgaraMuseum HillKangemiUthiruKawangwareKNH back to odeon via kenyatta AvenueUthirumuhuri rd dagoretti market kikuyu zambezi nduma buroti mutarakwa kwambira limuru rironi muguga, Kinoo",medium,
48B,,Odeon Terminus,Othaya Road Stage,8B SAVINGS AND CREDIT CO-OPERATIVE SOCIETY LTD,NTR-00202101181143450,0.67,2/3,"Fig tree, Thika rd Kariokor Gikomba Juja rd Eastleigh KiambiuJericho Jogoo rd Buruburu Outering rd Donholm(caltex) Cabanas Likoni rd Lungalunga rd Kariobangi south, Kangundo rd",medium,
48B,,Odeon Terminus,Othaya Road Stage,BABA DOGO 25 TRAVELLERS SACCO,ADR-REOSLYL,0.67,2/3,"Odeon, Muranga rd terminus(via forest rd) thika rdalsops roysambu lucky summer baba dogo outering rd caltex kangundo rd ruai junction utawala city cabanas donholm juja rd, kariokor",medium,
48B,,Odeon Terminus,Othaya Road Stage,BABA DOGO 25 TRAVELLERS SACCO,ADR-MDMSAEM,0.67,2/3,"odeon, thika road, babadogo",medium,
48B,,Odeon Terminus,Othaya Road Stage,BABA DOGO 25 TRAVELLERS SACCO,ADR-YM3SEJ6,0.67,2/3,"odeon, babadogo, thika road",medium,
48B,,Odeon Terminus,Othaya Road Stage,city star shuttle limited,NTR-00202101251031330,0.67,2/3,"Kangundo, Malaa Ruai Juja Ruiru Thika Kenyatta university Juja rdTom mboya Kencom Ambassador Bus station Gikomba Jogoo rd Buruburu Outering rd Umoja Kangundo rdUtawala JKIA Mombasa SGR Syokimau Athi river Kitengela, Isinya",medium,
48C,,Odeon Terminus,Yaya,8B SAVINGS AND CREDIT CO-OPERATIVE SOCIETY LTD,NTR-00202101181143450,0.67,2/3,"Fig tree, Thika rd Kariokor Gikomba Juja rd Eastleigh KiambiuJericho Jogoo rd Buruburu Outering rd Donholm(caltex) Cabanas Likoni rd Lungalunga rd Kariobangi south, Kangundo rd",medium,
48C,,Odeon Terminus,Yaya,BABA DOGO 25 TRAVELLERS SACCO,ADR-REOSLYL,0.67,2/3,"Odeon, Muranga rd terminus(via forest rd) thika rdalsops roysambu lucky summer baba dogo outering rd caltex kangundo rd ruai junction utawala city cabanas donholm juja rd, kariokor",medium,
48C,,Odeon Terminus,Yaya,city star shuttle limited,NTR-00202101251031330,0.67,2/3,"Kangundo, Malaa Ruai Juja Ruiru Thika Kenyatta university Juja rdTom mboya Kencom Ambassador Bus station Gikomba Jogoo rd Buruburu Outering rd Umoja Kangundo rdUtawala JKIA Mombasa SGR Syokimau Athi river Kitengela, Isinya",medium,
48C,,Odeon Terminus,Yaya,COSY TRAVEL LIMITED,NTR-0078,0.67,2/3,"odeon, westlands, kangemi",medium,
48C,,Odeon Terminus,Yaya,COSY TRAVEL LIMITED,ADR-Q5LC6JA,0.67,2/3,"odeon, kangemi, westlands",medium,
48K,,Westlands,Co-Op Bank,BENJO( K) LTD,NTR-00741,0.67,2/3,"Bus Station, Jogoo rd Muthurwa Gikomba Kariokor Juja Rd OuteringRd Allsops Kariobangi dandora Moslem machakos mlolongo mombasa rd Cabanas EasternBypass Utawala Ruiru Roundabout kangundo rd ruai joska malaa tala Thika Makongeni kiskioni donyosabuk kilimambogo, Nyeri",medium,
48K,,Westlands,Co-Op Bank,BYBUSS TRANS LIMITED,NTR-00202007061248330,0.67,2/3,"Khoja via Ngara Rd, WestlandsWangige via Lower Kabete RdNyathunaNgechaKabukuLimuru Kikuyu Kiambu Ruiru, Thika(Makongeni)",medium,
48K,,Westlands,Co-Op Bank,BYBUSS TRANS LIMITED,ADR-REOSYWM,0.67,2/3,"Khoja, Ngara Westlands kangemi wangige nyathuna gachie ngecha kabuku ruaka Kikuyu limuru kiambu ruiru, Thika(makongeni)",medium,
48K,,Westlands,Co-Op Bank,COUNTY LINK SAVINGS AND CREDIT CO-OPERATIVE SOCIETY LTD,NTR-00202011241151430,0.67,2/3,"Bus Station, Hazina Kangundo rd Ruai Kamulu Utawala Mombasa rd Mlolongo, Katani",medium,
48K,,Westlands,Co-Op Bank,COUNTY LINK SAVINGS AND CREDIT CO-OPERATIVE SOCIETY LTD,NTR-00202211011653270,0.67,2/3,"Bus Station, Jogoo Rd Industrial Area Buruburu Hazina Donholm Manyanja Rd Outering Rd Kangundo Rd Eastern Bypass Ruai Kamulu Utawala Mombasa Rd Mlolongo via Syokimau, Katani",medium,
48O,,Odeon Terminus,Othaya Road,BABA DOGO 25 TRAVELLERS SACCO,ADR-MDMSAEM,0.67,2/3,"odeon, thika road, babadogo",medium,
48O,,Odeon Terminus,Othaya Road,BABA DOGO 25 TRAVELLERS SACCO,ADR-YM3SEJ6,0.67,2/3,"odeon, babadogo, thika road",medium,
48O,,Odeon Terminus,Othaya Road,DIGITAL LUXURY TRAVELLERS LIMITED,NTR-00201810020854450,0.67,2/3,"Odeon, NgaraMuseum HillKangemiUthiruKawangware, Knh via kenyatta avenue",medium,
48O,,Odeon Terminus,Othaya Road,DIGITAL LUXURY TRAVELLERS LIMITED,NTR-00202104161732330,0.67,2/3,"Odeon, NgaraMuseum HillKangemiUthiruKawangwareKNH back to odeon via kenyatta AvenueUthirumuhuri rd dagoretti market kikuyu zambezi nduma buroti mutarakwa kwambira limuru rironi muguga, Kinoo",medium,
48O,,Odeon Terminus,Othaya Road,HOME SACCO LIMITED,ADR-8LMSEZM,0.67,2/3,"odeon, thome, thika road",medium,
04SK,,Tuskys Ronald Ngala,Saika Junction,UMOINNER SACCO LTD,ADR-LZRS36M,1.00,3/3,"ronald ngala, jogoo road, umoja innercore",high,
04SK,,Tuskys Ronald Ngala,Saika Junction,UMOINNER SACCO LTD,ADR-WZ9S3D6,1.00,3/3,"ronald ngala, umoja innercore, jogoo road",high,
04SK,,Tuskys Ronald Ngala,Saika Junction,UMOJA INNERCORE TENA MATATU OWNERS SAVINGS AND CREDIT CO-OPERATIVE SOCIETY LTD,ADR-REOSR75,1.00,3/3,"ronald ngala, umoja innercore, jogoo road",high,
04SK,,Tuskys Ronald Ngala,Saika Junction,SALTY SUPPORTERS INVESTMENT LIMITED,NTR-00201812211111140,0.80,4/5,"ronald ngara, jogoo rd,umoja innercore,saika, mowlem",high,
04SK,,Tuskys Ronald Ngala,Saika Junction,UMOINNER SACCO LTD,NTR-00397,0.75,3/4,"ronald ngala, jogoo road,umoja, innercore",medium,
107D,,Main Stage,Ruiru,MERUIT LOGISTICS LIMITED,NTR-00202009231509490,1.00,3/3,"Marurui, Northern Bypass, Ruiru .",high,
107D,,Main Stage,Ruiru,SONY CLASSIC SHUTTLE EAST AFRICA LIMITED,NTR-00202104201026350,1.00,3/3,"Juja, Ruiru Eastern bypass Commercial Kikuyu Mutarakwa Thigio Limuru Githunguri Kiambu Wangige, Ruaka",high,
107D,,Main Stage,Ruiru,SONY CLASSIC SHUTTLE EAST AFRICA LIMITED,NTR-00202104201026350,1.00,3/3,"Juja, Ruiru Eastern bypass Commercial Kikuyu Mutarakwa Thigio Limuru Githunguri Kiambu Wangige, Ruaka",high,
107D,,Main Stage,Ruiru,BAKAKI 101 TRAVELLERS SAVINGS AND CREDIT CO-OPERATIVE SOCIETY LIMITED,NTR-00201911291135300,0.67,2/3,"Kiambu, Bypass Ruaka Banana Ndenderu Wangige Kikuyu Rusingiti Kamangu Thigio Mutarakwa Limuru, Tigoni",medium,
107D,,Main Stage,Ruiru,BAKAKI 101 TRAVELLERS SAVINGS AND CREDIT CO-OPERATIVE SOCIETY LIMITED,ADR-2DVSRWK,0.67,2/3,"Kiambu, BananaRuakaNdenderuWangigeKikuyuRusingitiKamanguThigioMutarakwaLimuru, Tigoni",medium,
114R,,Ngara Stage,Limuru Terminus,LIKAMBU MATATU SAVINGS AND CREDIT CO-OPERATIVE SOCIETY LIMITED,NTR-001334,1.00,4/4,"limuru, tigoni,kanunga, kiambu",high,
114R,,Ngara Stage,Limuru Terminus,BAKAKI 101 TRAVELLERS SAVINGS AND CREDIT CO-OPERATIVE SOCIETY LIMITED,NTR-00201911291135300,1.00,3/3,"Kiambu, Bypass Ruaka Banana Ndenderu Wangige Kikuyu Rusingiti Kamangu Thigio Mutarakwa Limuru, Tigoni",high,
114R,,Ngara Stage,Limuru Terminus,GMK SACCO LIMITED,NTR-00202202241345360,1.00,3/3,"Ngara, Outering Rd Kayole Eastern Bypass Kangundo Rd Ruai Northern Bypass Mwihoko via Thika Muranga Karatina Kiriaini NyeriEmbu, Voi",high,
114R,,Ngara Stage,Limuru Terminus,KIAMBU MARAFIKI SACCO LTD,NTR-00201901180908040,1.00,3/3,"ngara, kiambu, githunguri",high,
114R,,Ngara Stage,Limuru Terminus,tawala shuttle limited,NTR-001183,1.00,3/3,"Kangundo Rd, Outering Rd Githunguri Utawala Jogoo Rd Mombasa Rd Mbagathi Rd GPO via Ngong Rd, Ambassador",high,
114W,,Ngara Teminal,Limuru Town Terminal,FORWARD TRAVELLERS SACCO LTD,ADR-O68IMM7,1.00,3/3,"Malaa, KayoleJoskaKamuluRuaiSaikaMowlemKariobangiGikomba, Bus station",high,
114W,,Ngara Teminal,Limuru Town Terminal,KARIOBANGI MATATU OWNERS SAVINGS AND CREDIT CO-OPERATIVE SOCIETY LIMITED,NTR-00202101251614210,1.00,3/3,"Kariobangi, Juja rd Gikomba Kariokor Ronald ngala Commercial Thika rd Alsops Outering rd, Kariobangi south",high,
114W,,Ngara Teminal,Limuru Town Terminal,2KR ROUTE 105 MULTIPURPOSE COOPERATIVE SOCIETY LIMITED,ADR-WZ9S3ZE,0.67,4/6,"tommboya, westlands,kinoo,kikuyu,kamangu, limuru",medium,
114W,,Ngara Teminal,Limuru Town Terminal,NAKILI SAVINGS AND CREDIT CO-OPERATIVE SOCIETY LTD,ADR-POKS7Q6,0.67,4/6,"westlands, kinoo,kikuyu,thogoto,kamangu, limuru",medium,
114W,,Ngara Teminal,Limuru Town Terminal,2KR ROUTE 105 MULTIPURPOSE COOPERATIVE SOCIETY LIMITED,NTR-00346,0.67,2/3,"Tommboya, KawangwarekikuyuwestlandsThika RdMakongeniruirukiambuwangige, Limuru",medium,
119A,,Koja,Gathiga Mwisho,TRANSWORLD TRANSPORT SAVINGS AND CREDIT CO-OPERATIVE SOCIETY LTD,ADR-537H2ZQ,0.80,4/5,"Khoja, Westlands,Wangige,Bypass, Thika",high,
119A,,Koja,Gathiga Mwisho,TRANSWORLD TRANSPORT SAVINGS AND CREDIT CO-OPERATIVE SOCIETY LTD,ADR-9AKF83J,0.80,4/5,"khoja, westlands,wangige,bypass, thika",high,
119A,,Koja,Gathiga Mwisho,TRANSWORLD TRANSPORT SAVINGS AND CREDIT CO-OPERATIVE SOCIETY LTD,ADR-DB3T8P3,0.80,4/5,"khoja, thika,westlands,wangige, bypass",high,
119A,,Koja,Gathiga Mwisho,BAKAKI 101 TRAVELLERS SAVINGS AND CREDIT CO-OPERATIVE SOCIETY LIMITED,NTR-00201911291135300,0.67,2/3,"Kiambu, Bypass Ruaka Banana Ndenderu Wangige Kikuyu Rusingiti Kamangu Thigio Mutarakwa Limuru, Tigoni",medium,
119A,,Koja,Gathiga Mwisho,BYBUSS TRANS LIMITED,NTR-00202102051433520,0.67,2/3,"Khoja, Ngara Westlands kangemi wangige nyathuna gachie ngecha kabuku ruaka Kikuyu limuru kiambu ruiru Thika(makongeni), muranga",medium,
11_2,,Bus Station,Diamond Park Estate,TELAVIV TRAVELLERS LIMITED,ADR-YM3S6Q9,1.00,4/4,"bus station, south c,southb, industrial area",high,
11_2,,Bus Station,Diamond Park Estate,ARBAB VENTURES LIMITED,NTR-00201905131607200,1.00,3/3,"South c, iindustrial arealikoni rdjogoo rdeastleighoutering rd mombasa rd, machakos",high,
11_2,,Bus Station,Diamond Park Estate,ARBAB VENTURES LIMITED,ADR-JY7SLOJ,1.00,3/3,"South c, South bLikoni rdindustrial areaeastleighjogoo rdoutering rddonholmfedha, machakos",high,
11_2,,Bus Station,Diamond Park Estate,COUNTY LINK SAVINGS AND CREDIT CO-OPERATIVE SOCIETY LTD,NTR-00202211011653270,1.00,3/3,"Bus Station, Jogoo Rd Industrial Area Buruburu Hazina Donholm Manyanja Rd Outering Rd Kangundo Rd Eastern Bypass Ruai Kamulu Utawala Mombasa Rd Mlolongo via Syokimau, Katani",high,
11_2,,Bus Station,Diamond Park Estate,TELAVIV TRAVELLERS LIMITED,ADR-MDMSQ8O,0.75,3/4,"ngumo, south c, south b, industrial area",medium,
126N,,Ngong Town,Kiserian,EMAAR CITY BUS LIMITED,NTR-00202002271026150,0.67,2/3,"Ngong, KiserianRongaiLangataMbagathi wayKnhCbdWestlandsKikuyuRuaka, Limuru",medium,
126N,,Ngong Town,Kiserian,LUMINOUS SHUTTLES LIMITED,NTR-00202105241007320,0.67,2/3,"Ngong, kimuka gataka rongai kiserian, Isinya",medium,
126N,,Ngong Town,Kiserian,Nailepu Travellers Sacco,NTR-00202012311440310,0.67,2/3,"Kitengela, Isinya Kiserian, Ngong",medium,
126N,,Ngong Town,Kiserian,Nailepu Travellers Sacco,NTR-00202105101216560,0.67,2/3,"Kitengela, Emali Loitoktok Namanga Bissil KajiadoIsinya Kiserian, Ngong",medium,
126N,,Ngong Town,Kiserian,NANGKIS MATATU SACCO,ADR-537HWPB,0.67,2/3,"railways, ngong, kiserian",medium,
145B,,By Pass,Ruiru,MERUIT LOGISTICS LIMITED,NTR-00202009231509490,1.00,3/3,"Marurui, Northern Bypass, Ruiru .",high,
145B,,By Pass,Ruiru,CIRCULAR CLASSIC COMPANY LIMITED,NTR-00202111051642530,0.67,2/3,"eastleigh, northern bypass eastern bypass jogoo rd mombasa rd utawala, ruai",medium,
145B,,By Pass,Ruiru,CIRCULAR CLASSIC COMPANY LIMITED,NTR-00202111121600130,0.67,2/3,"eastleigh, jogoo rd mombasa rd utawala eastern bypass mwihoko kawaha west via mwiki northern bypass, ruiru",medium,
145B,,By Pass,Ruiru,EXPRESO LIMITED,ADR-537HWAM,0.67,2/3,"limuru, kikuyu dagoretti mrktkabiria kawangware knh ambassador moi service lane tom mboya rongai gataka karen ngong kiserian isinya katani cabanas outering rd juja rd eastleigh gikomba thika rd mwiki lucky summer komarocks rd kangundo rd eastern bypass infinity kenol kiambu ruaka, western bypass",medium,
145B,,By Pass,Ruiru,EXPRESO LIMITED,ADR-A5AC8DY,0.67,2/3,"Limuru, kikuyu dagoretti market kabiria kawangware knh ambassador moi service lane tom mboya rongai gataka karen ngong kiserian isinya katani cabanas outering rd juja rd eastleigh gikomba thika rd mwiki lucky summer komarocks rd kangundo rd eastern bypass infinity Thika Makongeni kenol kiambu ruaka, Western bypass",medium,
145D,,Super High Way,Ruiru,FORWARD TRAVELLERS SACCO LTD,ADR-537HBOV,0.67,2/3,"Kangema, Muranga Thika Ruiru Estern Bypass Kangundo Rd Jogoo Rd Juja Rd Gikomba Alsops Ngara Mfangano Street Bus station Kayole Komarock Rd Umoja Morlem Savannah Cabanas Utawala-Mihango Northern Bypass Tassia Rd Malaa Mombasa Rd Mwiki Mwihoko Katani Emali Loitoktok, Nyahururu",medium,
145D,,Super High Way,Ruiru,JONSAGA FLATS SACCO,ADR-7WRS29M,0.67,2/3,"Ronald Ngala, NgaraJujardHuruma Round aboutOutering rdKangundo rd, Ruai",medium,
145D,,Super High Way,Ruiru,LIBERA IMPEX LIMITED,ADR-3ZQS3ZL,0.67,2/3,"Cabanas, Outering rd Kayole Jogoo rd Ngara Thika rd Mwihoko Eastern bypass Ruiru Kenyatta rd Gatundu Mukinyi Juja Thika Muranga Kangema Nyeri, Nyahururu",medium,
145D,,Super High Way,Ruiru,MARUTI T.R.R SACCO,ADR-LZRSRZZ,0.67,2/3,"ruiru prison, ruiru town, kenol",medium,
145D,,Super High Way,Ruiru,MERUIT LOGISTICS LIMITED,NTR-00202009231509490,0.67,2/3,"Marurui, Northern Bypass, Ruiru .",medium,
1960,,Ladhes Road/Otc,Kayole 1,FORWARD TRAVELLERS SACCO LTD,ADR-7WRS9Z9,1.00,3/3,"kayole, jogoo road, otc",high,
1960,,Ladhes Road/Otc,Kayole 1,KANI TRANSPORT SAVINGS AND CREDIT CO-OPERATIVE SOCIETY LIMITED,ADR-YM3SB8O,1.00,3/3,"kayole, jogoo road, otc",high,
1960,,Ladhes Road/Otc,Kayole 1,PINPOINT SOLUTION (K) LTD,ADR-EPJSEOJ,1.00,3/3,"kayole, jogoo road, otc",high,
1960,,Ladhes Road/Otc,Kayole 1,PINPOINT SOLUTION (K) LTD,ADR-2DVSRE2,1.00,3/3,"kayole, otc, jogoo road",high,
1960,,Ladhes Road/Otc,Kayole 1,prime  transcity limited,ADR-8LMSO95,1.00,3/3,"kayole, jogoo road, otc",high,
19C2,,Umoja Stage,Tushauriane,JONSAGA FLATS SACCO,ADR-7WRS29M,0.67,2/3,"Ronald Ngala, NgaraJujardHuruma Round aboutOutering rdKangundo rd, Ruai",medium,
19C2,,Umoja Stage,Tushauriane,JONSAGA FLATS SACCO,NTR-00202002071549350,0.67,2/3,"Ronald Ngala, Ngara Juja rd Huruma Round about Outering rd Kangundo rd Ruai Mowlem Kariokor Gikomba Cabanas Mombasa rd Athi river Forest rd Thika rd, Limuru",medium,
19C2,,Umoja Stage,Tushauriane,JONSAGA FLATS SACCO,ADR-BQ9SZQB,0.67,2/3,"Ronald Ngala, Ngara Juja Rd Huruma Round About Outering Rd Kangundo Rd Ruai Utawala Cabanas Mombasa Rd, Athi River",medium,
19C2,,Umoja Stage,Tushauriane,RISEN COMPANY LIMITED,ADR-YM3S5Z2,0.67,2/3,"Ronald Ngala, Jogoo rd Shauri Moyo Buruburu outering civil servant Umoja Kangundo rd kayole Soweto Komarock Savannah Embakasi Industrial area Eastern Bypass Mombasa rd Katani Syokimau Mlolongo Kajiado Athi river Machakos Kangundo Outering rd Juja rd Eastleigh Kabirea Satellite Nrb Upperhill Moi Avenue Community Westlands Parklands Forest rd Thika rd Zimmerman 44 Kahawa West Ruiru, Thika (Makongeni)",medium,
19C2,,Umoja Stage,Tushauriane,RISEN COMPANY LIMITED,ADR-8LMS9A3,0.67,2/3,"Ronald Ngala, Tom Mboya Jogoo rd Shauri Moyo Buruburu outering civil servant Umoja Kangundo rd kayole Soweto Komarock Savannah Embakasi Industrial area Eastern Bypass Mombasa rd Katani Syokimau Mlolongo Kajiado Athi river Machakos Kangundo Outering rd Juja rd Eastleigh Kabiria Satellite Nrb Upperhill Moi Avenue Community Westlands Parklands Forest rd Thika rd Zimmerman 44 Kahawa West Ruiru, Thika (Makongeni)",medium,
2030,,Terminal,Rounder,KARIOBANGI MATATU OWNERS SAVINGS AND CREDIT CO-OPERATIVE SOCIETY LIMITED,NTR-00202101251614210,0.67,2/3,"Kariobangi, Juja rd Gikomba Kariokor Ronald ngala Commercial Thika rd Alsops Outering rd, Kariobangi south",medium,
23KG,,Odeon Terminus,Kangemi Terminus,COSY TRAVEL LIMITED,NTR-0078,1.00,3/3,"odeon, westlands, kangemi",high,
23KG,,Odeon Terminus,Kangemi Terminus,COSY TRAVEL LIMITED,ADR-Q5LC6JA,1.00,3/3,"odeon, kangemi, westlands",high,
23KG,,Odeon Terminus,Kangemi Terminus,KANGEMI MATATU OWNERS SACCO,NTR-0078,1.00,3/3,"odeon, westlands, kangemi",high,
23KG,,Odeon Terminus,Kangemi Terminus,KANGEMI MATATU OWNERS SACCO,ADR-K9BF6AW,1.00,3/3,"odeon, westlands, kangemi",high,
23KG,,Odeon Terminus,Kangemi Terminus,KANGEMI MATATU OWNERS SACCO,ADR-BQ9SQK6,1.00,3/3,"odeon, kangemi, westlands",high,
23KS,,Ambassadeur,Kariobangi South Estate/Deliverance Church,ARBAB VENTURES LIMITED,ADR-JY7SLOJ,1.00,3/3,"South c, South bLikoni rdindustrial areaeastleighjogoo rdoutering rddonholmfedha, machakos",high,
23KS,,Ambassadeur,Kariobangi South Estate/Deliverance Church,KARURI COMMUTERS SERVICES SAVINGS AND CREDIT CO-OPERTAIVE SOCIETY LIMITED,ADR-BQ9S3WL,1.00,3/3,"Kiserian, NgongkawangwareDagorettikikuyuwangigeABC drivewestlands Parklands Highridge Khojalimuru suswaKijabeNaivashaNorthern bypasseastern bypasskiambu roadkiamburuiruthikagatuanyagarailwaysathiriver, Machakos",high,
23KS,,Ambassadeur,Kariobangi South Estate/Deliverance Church,TELAVIV TRAVELLERS LIMITED,ADR-YM3S6Q9,0.75,3/4,"bus station, south c,southb, industrial area",medium,
23KS,,Ambassadeur,Kariobangi South Estate/Deliverance Church,city star shuttle limited,ADR-WZ9SVBB,0.67,4/6,"south b, uhuru,ambassadour,bus station,thika rd, kenyatta university",medium,
23KS,,Ambassadeur,Kariobangi South Estate/Deliverance Church,ARBAB VENTURES LIMITED,NTR-00201905131607200,0.67,2/3,"South c, iindustrial arealikoni rdjogoo rdeastleighoutering rd mombasa rd, machakos",medium,
24BK,,Nakumatt Galleria,Karen Road-Lang'Ata Road Junction,2KW SAVINGS AND CREDIT CO-OPERATIVE SOCIETY LTD,NTR-00494,0.67,2/3,"nairobi, limuru, nakuru",medium,
24BK,,Nakumatt Galleria,Karen Road-Lang'Ata Road Junction,CHANIA TRAVELLERS SACCO,NTR-00183,0.67,2/3,"nairobi, thika nyeri nyahururu, nakuru",medium,
24BK,,Nakumatt Galleria,Karen Road-Lang'Ata Road Junction,CHANIA TRAVELLERS SACCO,ADR-ZZJSZDW,0.67,2/3,"nairobi, nakuru, nyeri",medium,
24BK,,Nakumatt Galleria,Karen Road-Lang'Ata Road Junction,eastern bypass traverlers investment co. limited,NTR-00201911140919120,0.67,2/3,"Nairobi, RuaiThikaKamwangiFlyover, Nakuru",medium,
24BK,,Nakumatt Galleria,Karen Road-Lang'Ata Road Junction,GATANGA SHUTTLE LIMITED,NTR-00183,0.67,2/3,"nairobi, thika nyeri nyahururu, nakuru",medium,
33DC,,Doni,Kobil,BABA DOGO 25 TRAVELLERS SACCO,ADR-BQ9S3MQ,0.67,2/3,"Odeon, Muranga rd terminus(via forest rd)thika rdalsopsbaba dogo outering rd caltex juja rd kariokor, donholm",medium,
33DC,,Doni,Kobil,FASTRACK UNITED AND CREDIT COOPERATIVE SOCIETY,NTR-00202202221453100,0.67,2/3,"Railways, Community Jamhuri via Ngong Rd Wanyee Satelite Kabiria Kawangware Othaya Rd via Lavington Uthiru via WestlandsDagoretti Market, Kawangware",medium,
33DC,,Doni,Kobil,JONSAGA FLATS SACCO,ADR-7WRS29M,0.67,2/3,"Ronald Ngala, NgaraJujardHuruma Round aboutOutering rdKangundo rd, Ruai",medium,
33DC,,Doni,Kobil,JONSAGA FLATS SACCO,NTR-00202002071549350,0.67,2/3,"Ronald Ngala, Ngara Juja rd Huruma Round about Outering rd Kangundo rd Ruai Mowlem Kariokor Gikomba Cabanas Mombasa rd Athi river Forest rd Thika rd, Limuru",medium,
33DC,,Doni,Kobil,JONSAGA FLATS SACCO,ADR-BQ9SZQB,0.67,2/3,"Ronald Ngala, Ngara Juja Rd Huruma Round About Outering Rd Kangundo Rd Ruai Utawala Cabanas Mombasa Rd, Athi River",medium,
33DP,,Muthurwa,Rounda,2KR ROUTE 105 MULTIPURPOSE COOPERATIVE SOCIETY LIMITED,NTR-00346,0.67,2/3,"Tommboya, KawangwarekikuyuwestlandsThika RdMakongeniruirukiambuwangige, Limuru",medium,
33DP,,Muthurwa,Rounda,BABA DOGO 25 TRAVELLERS SACCO,ADR-BQ9S3MQ,0.67,2/3,"Odeon, Muranga rd terminus(via forest rd)thika rdalsopsbaba dogo outering rd caltex juja rd kariokor, donholm",medium,
33DP,,Muthurwa,Rounda,BYBUSS TRANS LIMITED,NTR-00202102051436280,0.67,2/3,"Thika (makongeni), Kiambu ruaka gachie wangige nyathuna ngecha kabuku limuru kikuyu kangemi kawangware dagoretti corner& market karen bomas ngong, Kiserian",medium,
33DP,,Muthurwa,Rounda,EASTLANDS EAGLES LIMITED,NTR-00202109101404550,0.67,2/3,"city stadium, jogoo rd likoni rd lungalunga kangundo rd eastern bypass outering rd donholm saika dandora kariobangi roundabout buruburu, bahati",medium,
33DP,,Muthurwa,Rounda,EMBASSAVA COOPERATIVE SAVINGS AND CREDIT SOCIETY LTD,NTR-00259,0.67,2/3,"embakasi, jogoo road, muthurwa",medium,
33NG,,St.Peters Clavers Primary School/Salvation Army/Otc,Ngumo Market,METROTRANS EAST AFRICA LIMITED,NTR-00947,0.67,2/3,"nairobi, narok, bomet",medium,
33NG,,St.Peters Clavers Primary School/Salvation Army/Otc,Ngumo Market,RWAKEN INVESTMENTS LIMITED,NTR-00948,0.67,2/3,"nairobi, within, nairobi",medium,
33NG,,St.Peters Clavers Primary School/Salvation Army/Otc,Ngumo Market,KAM TRANSPORTERS SACCO LTD,ADR-BQ9S7QZ,0.50,2/4,"nairobi, tala,kangundo, machakos",low,
33NG,,St.Peters Clavers Primary School/Salvation Army/Otc,Ngumo Market,KAM TRANSPORTERS SACCO LTD,ADR-YM3SVB9,0.50,2/4,"nairobi, machakos,tala, kangundo",low,
33NG,,St.Peters Clavers Primary School/Salvation Army/Otc,Ngumo Market,METROTRANS EAST AFRICA LIMITED,NTR-00363,0.50,2/4,"nairobi, kikuyu, narok, bomet",low,
33SB,,Ngumo Stage,South B Stage,TELAVIV TRAVELLERS LIMITED,ADR-MDMSQ8O,0.75,3/4,"ngumo, south c, south b, industrial area",medium,
33SB,,Ngumo Stage,South B Stage,TELAVIV TRAVELLERS LIMITED,NTR-00201901041436380,0.50,2/4,"south c, south b,likoni, eastleigh",low,
33SB,,Ngumo Stage,South B Stage,TELAVIV TRAVELLERS LIMITED,ADR-YM3S6Q9,0.50,2/4,"bus station, south c,southb, industrial area",low,
33TP,,Commercial,Transami,FIG PRESTIGE MANAGEMENT COMPANY LIMITED,NTR-00202104150827230,0.67,2/3,"Commercial, Jogoo rd Eastleigh Jericho Outering rd Kariobangi ound about Juja rd Cabanas Koma Kenol, Machakos",medium,
33TP,,Commercial,Transami,FIG PRESTIGE MANAGEMENT COMPANY LIMITED,NTR-00202211011743410,0.67,2/3,"Commercial, Ngara Fig Tree Gikomba Muthurwa Eastleigh Thika Rd Kiambio Jericho Outering Rd Kariobangi Round About Mathare North Jogoo Rd Cabanas Kangundo Rd Ruai Tala Kantafu Koma Ruiru Ndani Kwa Maiko Juja Thika Kabati Kenol, Machakos",medium,
33TP,,Commercial,Transami,MWIKI PSV SACCO SOCIETY LIMITED,NTR-00202012241623260,0.67,2/3,"Commercial, odeon Slip Rd Moi Avenue River Rd Munyu Rd Latema Rd via Westands juja Rd Outering Rd Eatleigh Wangari maathai Rd Kipande Rd Bus Station Thika Rd Kasarani Mwiki Njiru Utawala kangundo Rd eastern Bypass Juja RuiruThika Kangundo Jogoo Rd, Garissa Rd",medium,
33TP,,Commercial,Transami,MWIKI PSV SACCO SOCIETY LIMITED,ADR-O68IPQJ,0.67,2/3,"Commercial, Bus station Thika rd Thika Juja Kasarani Mwiki Njiru Utawala Eastern bypass Kangundo rd Kangundo Juja rd Outering rd Eastleigh Wangari Mathai rd, Kipande rd",medium,
33TP,,Commercial,Transami,MWIKI PSV SACCO SOCIETY LIMITED,ADR-6DBSZ65,0.67,2/3,"Commercial, Bus Station T Moi Avenue Odeon River Rd Munyu RdKipande Rd Latema Rd Slip Rd Waiyaki Way Juja Rd via Westands Wangari Maathai Rd Eatleigh Jogoo Rd Outering Rd Thika Rd Kasarani Mwiki Njiru Utawala Kangundo Rd Eastern Bypass Juja Ruiru Thika Kangundo, Garissa Rd",medium,
3738,,Soko,Quickmart,BAKAKI 101 TRAVELLERS SAVINGS AND CREDIT CO-OPERATIVE SOCIETY LIMITED,NTR-00201911291135300,0.67,2/3,"Kiambu, Bypass Ruaka Banana Ndenderu Wangige Kikuyu Rusingiti Kamangu Thigio Mutarakwa Limuru, Tigoni",medium,
3738,,Soko,Quickmart,EXPRESO LIMITED,ADR-537HWAM,0.67,2/3,"limuru, kikuyu dagoretti mrktkabiria kawangware knh ambassador moi service lane tom mboya rongai gataka karen ngong kiserian isinya katani cabanas outering rd juja rd eastleigh gikomba thika rd mwiki lucky summer komarocks rd kangundo rd eastern bypass infinity kenol kiambu ruaka, western bypass",medium,
3738,,Soko,Quickmart,EXPRESO LIMITED,ADR-A5AC8DY,0.67,2/3,"Limuru, kikuyu dagoretti market kabiria kawangware knh ambassador moi service lane tom mboya rongai gataka karen ngong kiserian isinya katani cabanas outering rd juja rd eastleigh gikomba thika rd mwiki lucky summer komarocks rd kangundo rd eastern bypass infinity Thika Makongeni kenol kiambu ruaka, Western bypass",medium,
3738,,Soko,Quickmart,FIVE FRIENDS INVESTMENT COMPANY LIMITED,ADR-8LMS562,0.67,2/3,"Ngara, Huruma Dandora Molem road Kangundo roadMalaauUtawala Mlolongo Outering rd Thika rd Gikomba Jogoo rd Savannah, Kayole",medium,
3738,,Soko,Quickmart,NAWAKU SACCO,NTR-00512,0.67,2/3,"Odeon, Thika RoadKasaraniThika, Mwihoko",medium,
110AK,,Devki,Kitengela,NAKAM SACCO SOCIETY LIMITED,NTR-00202111171240380,0.67,2/3,"voi, kitui makueni machakos kitengela nairobi naivasha narok bomet nyamira kisii migori, sirare",medium,
110AK,,Devki,Kitengela,NAKAM SACCO SOCIETY LIMITED,NTR-00202111171242020,0.67,2/3,"thika, nairobi kitengela machakos kitui wote mtito andei, voi",medium,
126RK,,Kware,Kiserian Terminus,BYBUSS TRANS LIMITED,NTR-00202102051436280,0.67,2/3,"Thika (makongeni), Kiambu ruaka gachie wangige nyathuna ngecha kabuku limuru kikuyu kangemi kawangware dagoretti corner& market karen bomas ngong, Kiserian",medium,
126RK,,Kware,Kiserian Terminus,EXPRESO LIMITED,NTR-00201901221600550,0.67,2/3,"NDEIYA, NDUMAONDIRIKIKUYUKABIRIADAGORETTI MARKETKARENBOMASRONGAI, KISERIAN",medium,
126RK,,Kware,Kiserian Terminus,EXPRESO LIMITED,NTR-00202012311422330,0.67,2/3,"Kimende, Limuru Muguga Kikuyu Nduma Ndeiya Dagoretti Market Kawangware KNH Karen Bomas Ongata Rongai, Kiserian",medium,
126RK,,Kware,Kiserian Terminus,FASTRACK UNITED AND CREDIT COOPERATIVE SOCIETY,NTR-00202202221453100,0.67,2/3,"Railways, Community Jamhuri via Ngong Rd Wanyee Satelite Kabiria Kawangware Othaya Rd via Lavington Uthiru via WestlandsDagoretti Market, Kawangware",medium,
126RK,,Kware,Kiserian Terminus,KARURI COMMUTERS SERVICES SAVINGS AND CREDIT CO-OPERTAIVE SOCIETY LIMITED,ADR-BQ9S3WL,0.67,2/3,"Kiserian, NgongkawangwareDagorettikikuyuwangigeABC drivewestlands Parklands Highridge Khojalimuru suswaKijabeNaivashaNorthern bypasseastern bypasskiambu roadkiamburuiruthikagatuanyagarailwaysathiriver, Machakos",medium,
16/62,,Bus Station Terminal,Kanisani,eastern bypass traverlers investment co. limited,ADR-2DVSDD7,0.75,3/4,"huruma, jonsaga, kariokor, ronald ngala",medium,
16/62,,Bus Station Terminal,Kanisani,8B SAVINGS AND CREDIT CO-OPERATIVE SOCIETY LTD,NTR-00202101181143450,0.67,2/3,"Fig tree, Thika rd Kariokor Gikomba Juja rd Eastleigh KiambiuJericho Jogoo rd Buruburu Outering rd Donholm(caltex) Cabanas Likoni rd Lungalunga rd Kariobangi south, Kangundo rd",medium,
16/62,,Bus Station Terminal,Kanisani,BENJO( K) LTD,NTR-00741,0.67,2/3,"Bus Station, Jogoo rd Muthurwa Gikomba Kariokor Juja Rd OuteringRd Allsops Kariobangi dandora Moslem machakos mlolongo mombasa rd Cabanas EasternBypass Utawala Ruiru Roundabout kangundo rd ruai joska malaa tala Thika Makongeni kiskioni donyosabuk kilimambogo, Nyeri",medium,
16/62,,Bus Station Terminal,Kanisani,COUNTY LINK SAVINGS AND CREDIT CO-OPERATIVE SOCIETY LTD,NTR-00202011241151430,0.67,2/3,"Bus Station, Hazina Kangundo rd Ruai Kamulu Utawala Mombasa rd Mlolongo, Katani",medium,
16/62,,Bus Station Terminal,Kanisani,COUNTY LINK SAVINGS AND CREDIT CO-OPERATIVE SOCIETY LTD,NTR-00202211011653270,0.67,2/3,"Bus Station, Jogoo Rd Industrial Area Buruburu Hazina Donholm Manyanja Rd Outering Rd Kangundo Rd Eastern Bypass Ruai Kamulu Utawala Mombasa Rd Mlolongo via Syokimau, Katani",medium,
17Aky,,Eastleigh Terminal,Kayole 1,DIX-HULT MATATU OWNER SACCO,ADR-A5AC8Z7,1.00,3/3,"kayole, komarocksmolemjuja road, eastleigh",high,
17Aky,,Eastleigh Terminal,Kayole 1,FORWARD TRAVELLERS SACCO LTD,ADR-8LMSYVK,1.00,3/3,"kayole, komarocksmolemjuja road, eastleigh",high,
17Aky,,Eastleigh Terminal,Kayole 1,PINPOINT SOLUTION (K) LTD,ADR-REOSZAE,1.00,3/3,"kayole, komarocksmolemjuja road, eastleigh",high,
17Aky,,Eastleigh Terminal,Kayole 1,prime  transcity limited,ADR-ZZJSZR9,1.00,3/3,"kayole, komarocksmolemjuja road, eastleigh",high,
17Aky,,Eastleigh Terminal,Kayole 1,DANDORA USAFIRI TRAVELLERS SACCO,NTR-00356,0.67,2/3,"Dandora, juja rd thika rdring rd komarock rd baraka slip rd kangundo rd outering rd jogoo rd heshima rd ambira gikomba, ronald ngala",medium,
17B_2,,Roysambu Terminus,Mwiki,DANDORA USAFIRI TRAVELLERS SACCO,ADR-9AKFWW2,0.50,2/4,"dandora, thika road, ngara, ronald ngara",low,
17B_2,,Roysambu Terminus,Mwiki,JONSAGA FLATS SACCO,ADR-MDMSMJL,0.50,2/4,"huruma, juja road, ngara, ronald ngara",low,
17B_2,,Roysambu Terminus,Mwiki,JONSAGA FLATS SACCO,ADR-ZZJSZ2O,0.50,2/4,"huruma, ronald ngara,juja road, ngara",low,
1961K,,Ladhes Road/Otc,Diesel,FORWARD TRAVELLERS SACCO LTD,ADR-7WRS9Z9,1.00,3/3,"kayole, jogoo road, otc",high,
1961K,,Ladhes Road/Otc,Diesel,KANI TRANSPORT SAVINGS AND CREDIT CO-OPERATIVE SOCIETY LIMITED,ADR-YM3SB8O,1.00,3/3,"kayole, jogoo road, otc",high,
1961K,,Ladhes Road/Otc,Diesel,PINPOINT SOLUTION (K) LTD,ADR-EPJSEOJ,1.00,3/3,"kayole, jogoo road, otc",high,
1961K,,Ladhes Road/Otc,Diesel,PINPOINT SOLUTION (K) LTD,ADR-2DVSRE2,1.00,3/3,"kayole, otc, jogoo road",high,
1961K,,Ladhes Road/Otc,Diesel,prime  transcity limited,ADR-8LMSO95,1.00,3/3,"kayole, jogoo road, otc",high,
19Cdc,,Ronald Ngala/Tuskys,Mkanju Court,UMOINNER SACCO LTD,ADR-LZRS36M,1.00,3/3,"ronald ngala, jogoo road, umoja innercore",high,
19Cdc,,Ronald Ngala/Tuskys,Mkanju Court,UMOINNER SACCO LTD,ADR-WZ9S3D6,1.00,3/3,"ronald ngala, umoja innercore, jogoo road",high,
19Cdc,,Ronald Ngala/Tuskys,Mkanju Court,UMOJA INNERCORE TENA MATATU OWNERS SAVINGS AND CREDIT CO-OPERATIVE SOCIETY LTD,ADR-REOSR75,1.00,3/3,"ronald ngala, umoja innercore, jogoo road",high,
19Cdc,,Ronald Ngala/Tuskys,Mkanju Court,UMOINNER SACCO LTD,NTR-00397,0.75,3/4,"ronald ngala, jogoo road,umoja, innercore",medium,
19Cdc,,Ronald Ngala/Tuskys,Mkanju Court,UMOINNER SACCO LTD,ADR-6DBSDKP,0.75,3/4,"ronald ngala, innercore,jogoo road, umoja",medium,
19Cjk,,Ambassadeur,Mkanju Court,SINGLE LINE SERVICES LIMITED,ADR-JY7S2Y8,0.75,3/4,"south b, gpo, ambassador, hazina estate",medium,
19Cjk,,Ambassadeur,Mkanju Court,SINGLE LINE SERVICES LIMITED,ADR-POKS52J,0.75,3/4,"south b, gpo, ambassador, hazina estate",medium,
19Cjk,,Ambassadeur,Mkanju Court,BABA DOGO 25 TRAVELLERS SACCO,ADR-BQ9S3MQ,0.67,2/3,"Odeon, Muranga rd terminus(via forest rd)thika rdalsopsbaba dogo outering rd caltex juja rd kariokor, donholm",medium,
19Cjk,,Ambassadeur,Mkanju Court,DANDORA USAFIRI TRAVELLERS SACCO,NTR-00356,0.67,2/3,"Dandora, juja rd thika rdring rd komarock rd baraka slip rd kangundo rd outering rd jogoo rd heshima rd ambira gikomba, ronald ngala",medium,
19Cjk,,Ambassadeur,Mkanju Court,EASTERN KUBAMBA LIMITED,NTR-00202104141601500,0.67,2/3,"Bus Station, gikomba jogoo rd juja rd ouering rd mombasa rd kariobangi komarock rd kangundo rd eastern by pass ruiru thika makongenikangundo machakos kitui mwingi mutomo kibwezi, Voi",medium,
33FED,,Commercial,Posta Embakasi Village,ARBAB VENTURES LIMITED,ADR-POKSRLV,0.67,2/3,"Machakos, SyokimauImara daimaSouth bSouth cNgumoLikoni rdIndustrial areaEastleighGikombaBusstationJogoo rdOutering rdDonholm Fedha juja rd thika rd kangundo rdutawala westlands parklands KNH nairobi west, langata",medium,
33FED,,Commercial,Posta Embakasi Village,BENJO( K) LTD,NTR-00833,0.67,2/3,"Embu, Kitui, Mwingi and Back",medium,
33FED,,Commercial,Posta Embakasi Village,FIG PRESTIGE MANAGEMENT COMPANY LIMITED,NTR-00202104150827230,0.67,2/3,"Commercial, Jogoo rd Eastleigh Jericho Outering rd Kariobangi ound about Juja rd Cabanas Koma Kenol, Machakos",medium,
33FED,,Commercial,Posta Embakasi Village,FIG PRESTIGE MANAGEMENT COMPANY LIMITED,NTR-00202211011743410,0.67,2/3,"Commercial, Ngara Fig Tree Gikomba Muthurwa Eastleigh Thika Rd Kiambio Jericho Outering Rd Kariobangi Round About Mathare North Jogoo Rd Cabanas Kangundo Rd Ruai Tala Kantafu Koma Ruiru Ndani Kwa Maiko Juja Thika Kabati Kenol, Machakos",medium,
33FED,,Commercial,Posta Embakasi Village,MWIKI PSV SACCO SOCIETY LIMITED,NTR-00202012241623260,0.67,2/3,"Commercial, odeon Slip Rd Moi Avenue River Rd Munyu Rd Latema Rd via Westands juja Rd Outering Rd Eatleigh Wangari maathai Rd Kipande Rd Bus Station Thika Rd Kasarani Mwiki Njiru Utawala kangundo Rd eastern Bypass Juja RuiruThika Kangundo Jogoo Rd, Garissa Rd",medium,
33GTB,,Commercial,Gate B,2KR ROUTE 105 MULTIPURPOSE COOPERATIVE SOCIETY LIMITED,NTR-00346,0.67,2/3,"Tommboya, KawangwarekikuyuwestlandsThika RdMakongeniruirukiambuwangige, Limuru",medium,
33GTB,,Commercial,Gate B,BABA DOGO 25 TRAVELLERS SACCO,ADR-BQ9S3MQ,0.67,2/3,"Odeon, Muranga rd terminus(via forest rd)thika rdalsopsbaba dogo outering rd caltex juja rd kariokor, donholm",medium,
33GTB,,Commercial,Gate B,BURUBURU 58 TRAVELLERS SAVINGS AND CREDIT CO-OPERATIVE SOCIETY LIMITED,ADR-REOSRLV,0.67,2/3,"buruburu, jogoo road, commercial",medium,
33GTB,,Commercial,Gate B,BURUBURU 58 TRAVELLERS SAVINGS AND CREDIT CO-OPERATIVE SOCIETY LIMITED,ADR-YM3S6EM,0.67,2/3,"buruburu, commercial, jogoo road",medium,
33GTB,,Commercial,Gate B,BYBUSS TRANS LIMITED,NTR-00202102051436280,0.67,2/3,"Thika (makongeni), Kiambu ruaka gachie wangige nyathuna ngecha kabuku limuru kikuyu kangemi kawangware dagoretti corner& market karen bomas ngong, Kiserian",medium,
33IMR,,Commercial Imara,Imara Daima,MWIKI PSV SACCO SOCIETY LIMITED,NTR-00202012241623260,0.67,2/3,"Commercial, odeon Slip Rd Moi Avenue River Rd Munyu Rd Latema Rd via Westands juja Rd Outering Rd Eatleigh Wangari maathai Rd Kipande Rd Bus Station Thika Rd Kasarani Mwiki Njiru Utawala kangundo Rd eastern Bypass Juja RuiruThika Kangundo Jogoo Rd, Garissa Rd",medium,
33IMR,,Commercial Imara,Imara Daima,MWIKI PSV SACCO SOCIETY LIMITED,ADR-O68IPQJ,0.67,2/3,"Commercial, Bus station Thika rd Thika Juja Kasarani Mwiki Njiru Utawala Eastern bypass Kangundo rd Kangundo Juja rd Outering rd Eastleigh Wangari Mathai rd, Kipande rd",medium,
33IMR,,Commercial Imara,Imara Daima,MWIKI PSV SACCO SOCIETY LIMITED,ADR-6DBSZ65,0.67,2/3,"Commercial, Bus Station T Moi Avenue Odeon River Rd Munyu RdKipande Rd Latema Rd Slip Rd Waiyaki Way Juja Rd via Westands Wangari Maathai Rd Eatleigh Jogoo Rd Outering Rd Thika Rd Kasarani Mwiki Njiru Utawala Kangundo Rd Eastern Bypass Juja Ruiru Thika Kangundo, Garissa Rd",medium,
33MKR,,Bus Station,Maziwa,INDIMA (NJE) SACCO,NTR-0017,0.67,2/3,"Bus station, muthurwa mombasa rd lusaka rd industrial area enterprise rd likoni rd imara daima kwa njenga jogoo rd outering rd kangundo rd ruai kamulu eastern bypass, alsops",medium,
33MKR,,Bus Station,Maziwa,INDIMA (NJE) SACCO,ADR-JY7SQRO,0.67,2/3,"Bus station, muthurwa mombasa rd lusaka rd industrial area enterprise rd likoni rd imara daima kwa njenga jogoo rd outering rd kangundo rdruai eastern bypass, alsops",medium,
33MKR,,Bus Station,Maziwa,MANAMA TRAVELLERS LIMITED,ADR-A5ACV82,0.67,2/3,"Gikomba, Jogoo Rd Kangundo Rd Outering Rd Imara daima Chai Rd Juja Rd Mathare, Bus Station",medium,
33MKR,,Bus Station,Maziwa,NAKASKI TRANSORT SAVINGS CREDIT SACCO LTD,ADR-REOSLPA,0.67,2/3,"Muranga, Thika Rd Ruiru Githurai Kasarani Mwiki Kangundo Rd Outering Rd Alsops Juja Rd Muranga Rd Wangari Maathai Rd Kipande Rd Commercial, Bus Station",medium,
33MKR,,Bus Station,Maziwa,ZURI GENESIS CO. LIMITED,NTR-00202202211203420,0.67,2/3,"Bus Station, Tom Mboya Thika Rd Kahawa West Kenyatta University Hospital Northern Bypass Ruiru Mwihoko Kahawa Sukari Alsops Outering Rd Eastern Bypass Kangund rd Jogoo Rd Juja Rd Wangari Maathai Rd Kiambu Rd Kikuyu Wangige Gachie, Thika",medium,
33UTW,,Ambassadeur,Githunguri,EXPRESO LIMITED,NTR-00202002051557030,0.67,2/3,"Kiserian, RongaiDagoretti marketAmbassadorTom mboyaThika rdJuja rdOutering rdKangundo rdKomarocks rdInfinityMwiki, Kasarani",medium,
33UTW,,Ambassadeur,Githunguri,EXPRESO LIMITED,ADR-WZ9S9JA,0.67,2/3,"Kiserian, RongaiDagoretti marketAmbassadorTom mboyaThika rdJuja rdOutering rdKomarocks rdKangundo rdInfinityMwiki, Kasarani",medium,
33UTW,,Ambassadeur,Githunguri,FORWARD TRAVELLERS SACCO LTD,NTR-00202012161512240,0.67,2/3,"Kayole, Gikombe Alsops Mihango, Cabanas",medium,
33UTW,,Ambassadeur,Githunguri,GIKAKI SACCO SOCIETY LIMITED,NTR-00813,0.67,2/3,"Githunguri, Kagwe Kimende Limuru uplands kwamaiko ruiru, nyanduma",medium,
33UTW,,Ambassadeur,Githunguri,GIKAKI SACCO SOCIETY LIMITED,NTR-00202211011816190,0.67,2/3,"Githunguri, Kagwe Kimende Limuru Uplands Kwa Maiko Ruiru Nyanduma Kibichoi Gathugu Gachika Gatundu Thika Mai-Mahiu, Naivasha",medium,
35/60,,Tuskys Ronald Ngala,Umoja Market,UMOINNER SACCO LTD,ADR-LZRS36M,1.00,3/3,"ronald ngala, jogoo road, umoja innercore",high,
35/60,,Tuskys Ronald Ngala,Umoja Market,UMOINNER SACCO LTD,ADR-WZ9S3D6,1.00,3/3,"ronald ngala, umoja innercore, jogoo road",high,
35/60,,Tuskys Ronald Ngala,Umoja Market,UMOJA INNERCORE TENA MATATU OWNERS SAVINGS AND CREDIT CO-OPERATIVE SOCIETY LTD,ADR-REOSR75,1.00,3/3,"ronald ngala, umoja innercore, jogoo road",high,
35/60,,Tuskys Ronald Ngala,Umoja Market,UMOINNER SACCO LTD,NTR-00397,0.75,3/4,"ronald ngala, jogoo road,umoja, innercore",medium,
35/60,,Tuskys Ronald Ngala,Umoja Market,UMOINNER SACCO LTD,ADR-6DBSDKP,0.75,3/4,"ronald ngala, innercore,jogoo road, umoja",medium,
38/39,,Muthurwa,Quickmart,PINPOINT SOLUTION (K) LTD,ADR-MDMSJVR,1.00,3/3,"muthurwa, jogoo road, kayole",high,
38/39,,Muthurwa,Quickmart,FORWARD TRAVELLERS SACCO LTD,NTR-0047,0.75,3/4,"kayole, jogoo road,muthurwa, otc",medium,
38/39,,Muthurwa,Quickmart,KANI TRANSPORT SAVINGS AND CREDIT CO-OPERATIVE SOCIETY LIMITED,ADR-REOSZQW,0.75,3/4,"muthurwa, utawala,jogoo road, kayole",medium,
38/39,,Muthurwa,Quickmart,KANI TRANSPORT SAVINGS AND CREDIT CO-OPERATIVE SOCIETY LIMITED,ADR-8LMSYMB,0.75,3/4,"kayole, otc,jogoo road, muthurwa",medium,
38/39,,Muthurwa,Quickmart,PINPOINT SOLUTION (K) LTD,NTR-0047,0.75,3/4,"kayole, jogoo road,muthurwa, otc",medium,
70/71,,Muthurwa,Donholm,EASTERN KUBAMBA LIMITED,NTR-00202101181006500,1.00,3/3,"Muthurwa, Mombasa rd Athi river Machakos Kitui Mutomo Ikutha, Voi",high,
70/71,,Muthurwa,Donholm,LATEMA 22 TRAVELLERS SACCO,ADR-MDMSJLE,1.00,3/3,"Kitengela, Isinya, Kisaju",high,
70/71,,Muthurwa,Donholm,RISEN COMPANY LIMITED,NTR-00202211071526240,1.00,3/3,"Kitui, KibweziMachakosKajiadoKangundoKangundo Rd NairobiKiambuThikaMurangaEmbuNyeriMeruNyahururuSubukiaNyandaruaNakuruNjoroMau -NarokKisiiMuhoroniKerichoKisumuBusiaMalabaKakamegaBungomaWebuyeEldoret, kitale",high,
70/71,,Muthurwa,Donholm,SOWETAMU TRAVELLERS SACCO,NTR-00133,1.00,3/3,"Kenol, Thika Ruiru Eastern Bypass Jogoo Rd Mihango Kayole Junction Soweto Taj mall Mombasa Rd Machakos Wote Kibwezi, Kitui",high,
70/71,,Muthurwa,Donholm,STAHITO  COMMUTER  SERVICES CO. LIMITED,ADR-ZZJSL6R,0.83,5/6,"muthurwa, jogoo road , likoni road, industrial area, mombasa road, kitengela",high,
110ATH,,Easy Coach/Uchumi,Makadara,BENJO( K) LTD,NTR-00741,0.67,2/3,"Bus Station, Jogoo rd Muthurwa Gikomba Kariokor Juja Rd OuteringRd Allsops Kariobangi dandora Moslem machakos mlolongo mombasa rd Cabanas EasternBypass Utawala Ruiru Roundabout kangundo rd ruai joska malaa tala Thika Makongeni kiskioni donyosabuk kilimambogo, Nyeri",medium,
110ATH,,Easy Coach/Uchumi,Makadara,COUNTY LINK SAVINGS AND CREDIT CO-OPERATIVE SOCIETY LTD,NTR-00202011241151430,0.67,2/3,"Bus Station, Hazina Kangundo rd Ruai Kamulu Utawala Mombasa rd Mlolongo, Katani",medium,
110ATH,,Easy Coach/Uchumi,Makadara,COUNTY LINK SAVINGS AND CREDIT CO-OPERATIVE SOCIETY LTD,NTR-00202211011653270,0.67,2/3,"Bus Station, Jogoo Rd Industrial Area Buruburu Hazina Donholm Manyanja Rd Outering Rd Kangundo Rd Eastern Bypass Ruai Kamulu Utawala Mombasa Rd Mlolongo via Syokimau, Katani",medium,
110ATH,,Easy Coach/Uchumi,Makadara,EASTERN BYPASS SAVINGS AND CREDIT CO-OPERATIVE SOCIETY LIMITED,NTR-00741,0.67,2/3,"Bus Station, Jogoo rd Muthurwa Gikomba Kariokor Juja Rd OuteringRd Allsops Kariobangi dandora Moslem machakos mlolongo mombasa rd Cabanas EasternBypass Utawala Ruiru Roundabout kangundo rd ruai joska malaa tala Thika Makongeni kiskioni donyosabuk kilimambogo, Nyeri",medium,
110ATH,,Easy Coach/Uchumi,Makadara,EASTERN BYPASS SAVINGS AND CREDIT CO-OPERATIVE SOCIETY LIMITED,ADR-BQ9S55J,0.67,2/3,"mlolongo, cabanas tajmall alsops ruiru, makongeni(thika)",medium,
1961Kd,,Caltex,Diesel,FIVE FRIENDS INVESTMENT COMPANY LIMITED,ADR-8LMS562,0.67,2/3,"Ngara, Huruma Dandora Molem road Kangundo roadMalaauUtawala Mlolongo Outering rd Thika rd Gikomba Jogoo rd Savannah, Kayole",medium,
1961Kd,,Caltex,Diesel,SINGLE LINE SERVICES LIMITED,ADR-JY7S2Y8,0.50,2/4,"south b, gpo, ambassador, hazina estate",low,
1961Kd,,Caltex,Diesel,SINGLE LINE SERVICES LIMITED,ADR-POKS52J,0.50,2/4,"south b, gpo, ambassador, hazina estate",low,
3560_2,,Umoja Stage,Umoja 2 Terminus,DIGITAL LUXURY TRAVELLERS LIMITED,ADR-6DBSZO5,1.00,6/6,"ngara, museum hill,kangemi,uthiru,kawangware, knh",high,
3560_2,,Umoja Stage,Umoja 2 Terminus,COMPLIANT MOA,NTR-00355,1.00,5/5,"luthuli, general waruinge,garage,eastleigh, kimathi",high,
3560_2,,Umoja Stage,Umoja 2 Terminus,COMPLIANT MOA,ADR-2DVSDZ7,1.00,5/5,"luthuli, kimathi,general waruinge,garage, eastleigh",high,
3560_2,,Umoja Stage,Umoja 2 Terminus,GITHURAI 45 SACCO,ADR-POKS7KY,1.00,4/4,"ronald ngala, thika road,githurai, thika (makongeni)",high,
3560_2,,Umoja Stage,Umoja 2 Terminus,JESMAT TRAVELLERS CO-OPRATIVE,ADR-2DVSRY2,1.00,4/4,"mfangano street, highrise,gikomba, majengo",high,
100,kiambu_road,Githunguri Terminal,Kiambu Bus Terminus,BAKAKI 101 TRAVELLERS SAVINGS AND CREDIT CO-OPERATIVE SOCIETY LIMITED,ADR-2DVSRWK,1.00,3/3,"Kiambu, BananaRuakaNdenderuWangigeKikuyuRusingitiKamanguThigioMutarakwaLimuru, Tigoni",high,
100,kiambu_road,Githunguri Terminal,Kiambu Bus Terminus,KIAMBU MARAFIKI SACCO LTD,NTR-00201901180908040,1.00,3/3,"ngara, kiambu, githunguri",high,
100,kiambu_road,Githunguri Terminal,Kiambu Bus Terminus,LATEMA 22 TRAVELLERS SACCO,ADR-MDMSJLE,1.00,3/3,"Kitengela, Isinya, Kisaju",high,
100,kiambu_road,Githunguri Terminal,Kiambu Bus Terminus,RISEN COMPANY LIMITED,NTR-00202211071526240,1.00,3/3,"Kitui, KibweziMachakosKajiadoKangundoKangundo Rd NairobiKiambuThikaMurangaEmbuNyeriMeruNyahururuSubukiaNyandaruaNakuruNjoroMau -NarokKisiiMuhoroniKerichoKisumuBusiaMalabaKakamegaBungomaWebuyeEldoret, kitale",high,
100,kiambu_road,Githunguri Terminal,Kiambu Bus Terminus,RWAKEN INVESTMENTS LIMITED,ADR-WZ9SW79,1.00,2/2,"within, , kenya",medium,
120,kiambu_road,Githunguri Terminal,Githunguri Terminal,TIKAGI SAVINGS AND CREDIT COOPERATIVE SOCIETY LIMITED,NTR-00202108091426140,1.00,3/3,"kiambu, tatu city ruiru tinganga roysambu ruaka githurai 44 kahawa westgithurai 45 mwiki gatundu thika ikinu, githunguri",high,
120,kiambu_road,Githunguri Terminal,Githunguri Terminal,TIKAGI SAVINGS AND CREDIT COOPERATIVE SOCIETY LIMITED,ADR-BQ9S5JK,1.00,3/3,"kiambu, tatu city ruiru tinganga roysambu ruaka githurai 44 githurai 45 mwiki gatundu thika ikinu, githunguri",high,
120,kiambu_road,Githunguri Terminal,Githunguri Terminal,GITHIGA TRAVELLERS SACCO,ADR-DB3TB99,0.75,3/4,"st.peters, kiambu, limuru, githuguri",medium,
120,kiambu_road,Githunguri Terminal,Githunguri Terminal,GITHIGA TRAVELLERS SACCO,ADR-POKSY2B,0.75,3/4,"st.peters, githuguri,kiambu, limuru",medium,
120,kiambu_road,Githunguri Terminal,Githunguri Terminal,LIKAMBU MATATU SAVINGS AND CREDIT CO-OPERATIVE SOCIETY LIMITED,NTR-001334,0.75,3/4,"limuru, tigoni,kanunga, kiambu",medium,
121,kiambu_road,Githunguri Terminal,Ndumberi,BAKAKI 101 TRAVELLERS SAVINGS AND CREDIT CO-OPERATIVE SOCIETY LIMITED,ADR-2DVSRWK,1.00,3/3,"Kiambu, BananaRuakaNdenderuWangigeKikuyuRusingitiKamanguThigioMutarakwaLimuru, Tigoni",high,
121,kiambu_road,Githunguri Terminal,Ndumberi,RISEN COMPANY LIMITED,NTR-00202211071526240,1.00,3/3,"Kitui, KibweziMachakosKajiadoKangundoKangundo Rd NairobiKiambuThikaMurangaEmbuNyeriMeruNyahururuSubukiaNyandaruaNakuruNjoroMau -NarokKisiiMuhoroniKerichoKisumuBusiaMalabaKakamegaBungomaWebuyeEldoret, kitale",high,
121,kiambu_road,Githunguri Terminal,Ndumberi,RWAKEN INVESTMENTS LIMITED,ADR-WZ9SW79,1.00,2/2,"within, , kenya",medium,
121,kiambu_road,Githunguri Terminal,Ndumberi,NAKINDUKA MATATU SAVINGS AND CREDIT COOPERATIVE SOCIETY LIMITED,ADR-7WRSVYA,0.75,3/4,"kiambu, ndumberi, kawaida, githunguri",medium,
121,kiambu_road,Githunguri Terminal,Ndumberi,BABA DOGO 25 TRAVELLERS SACCO,ADR-REOSLYL,0.67,2/3,"Odeon, Muranga rd terminus(via forest rd) thika rdalsops roysambu lucky summer baba dogo outering rd caltex kangundo rd ruai junction utawala city cabanas donholm juja rd, kariokor",medium,
100A,kiambu_road,Ngara Bus Terminals,Kiambu Hospital,BAKAKI 101 TRAVELLERS SAVINGS AND CREDIT CO-OPERATIVE SOCIETY LIMITED,ADR-2DVSRWK,1.00,3/3,"Kiambu, BananaRuakaNdenderuWangigeKikuyuRusingitiKamanguThigioMutarakwaLimuru, Tigoni",high,
100A,kiambu_road,Ngara Bus Terminals,Kiambu Hospital,RISEN COMPANY LIMITED,NTR-00202211071526240,1.00,3/3,"Kitui, KibweziMachakosKajiadoKangundoKangundo Rd NairobiKiambuThikaMurangaEmbuNyeriMeruNyahururuSubukiaNyandaruaNakuruNjoroMau -NarokKisiiMuhoroniKerichoKisumuBusiaMalabaKakamegaBungomaWebuyeEldoret, kitale",high,
100A,kiambu_road,Ngara Bus Terminals,Kiambu Hospital,RWAKEN INVESTMENTS LIMITED,ADR-WZ9SW79,1.00,2/2,"within, , kenya",medium,
100A,kiambu_road,Ngara Bus Terminals,Kiambu Hospital,2KW SAVINGS AND CREDIT CO-OPERATIVE SOCIETY LTD,NTR-00202107221145140,0.67,2/3,"suswa, kimuka ngong dagoretti corner kawangware uthiru Kikuyu kamangu thigio ngecha wangige kahawa west via Kiambu KU hospital ruiru limuru, nakuru",medium,
100A,kiambu_road,Ngara Bus Terminals,Kiambu Hospital,BAKAKI 101 TRAVELLERS SAVINGS AND CREDIT CO-OPERATIVE SOCIETY LIMITED,NTR-00201911291135300,0.67,2/3,"Kiambu, Bypass Ruaka Banana Ndenderu Wangige Kikuyu Rusingiti Kamangu Thigio Mutarakwa Limuru, Tigoni",medium,
25,thika_road,Odeon Terminal,Baba Ndogo Terminal,BABA DOGO 25 TRAVELLERS SACCO,ADR-REOSLYL,1.00,3/3,"Odeon, Muranga rd terminus(via forest rd) thika rdalsops roysambu lucky summer baba dogo outering rd caltex kangundo rd ruai junction utawala city cabanas donholm juja rd, kariokor",high,
25,thika_road,Odeon Terminal,Baba Ndogo Terminal,ECOSA TRAVELLERS SACCO,NTR-00202009231508320,1.00,3/3,"Ronald Ngala, Kariokor Gikomba Dandora Juja Rd Outering Rd Kangundo Rd Saika Komarock Rd Kariobangi Alsops Thika Rd, Thika",high,
25,thika_road,Odeon Terminal,Baba Ndogo Terminal,JONSAGA FLATS SACCO,ADR-7WRS29M,1.00,3/3,"Ronald Ngala, NgaraJujardHuruma Round aboutOutering rdKangundo rd, Ruai",high,
25,thika_road,Odeon Terminal,Baba Ndogo Terminal,KARIOBANGI MATATU OWNERS SAVINGS AND CREDIT CO-OPERATIVE SOCIETY LIMITED,NTR-00202101251614210,1.00,3/3,"Kariobangi, Juja rd Gikomba Kariokor Ronald ngala Commercial Thika rd Alsops Outering rd, Kariobangi south",high,
25,thika_road,Odeon Terminal,Baba Ndogo Terminal,kayo-line group company limited,ADR-EPJSEWO,1.00,3/3,"kasarani, kayole, kariobangi",high,
43,thika_road,Bus Station,Ngumba Terminal,COUNTY LINK SAVINGS AND CREDIT CO-OPERATIVE SOCIETY LTD,ADR-JY7S3W6,1.00,3/3,"Bus Station, Kangundo rd Ruai Kamulu Utawala, Katani",high,
43,thika_road,Bus Station,Ngumba Terminal,COUNTY LINK SAVINGS AND CREDIT CO-OPERATIVE SOCIETY LTD,ADR-POKSOVD,1.00,3/3,"Bus Station, Kangundo rd Ruai Kamulu Utawala, Katani",high,
43,thika_road,Bus Station,Ngumba Terminal,FORWARD TRAVELLERS SACCO LTD,NTR-00202012161512240,1.00,3/3,"Kayole, Gikombe Alsops Mihango, Cabanas",high,
43,thika_road,Bus Station,Ngumba Terminal,KARIOBANGI MATATU OWNERS SAVINGS AND CREDIT CO-OPERATIVE SOCIETY LIMITED,NTR-00202101251614210,1.00,3/3,"Kariobangi, Juja rd Gikomba Kariokor Ronald ngala Commercial Thika rd Alsops Outering rd, Kariobangi south",high,
43,thika_road,Bus Station,Ngumba Terminal,kayo-line group company limited,ADR-EPJSEWO,1.00,3/3,"kasarani, kayole, kariobangi",high,
49,thika_road,Odeon Terminals,Sunton,ALDANA TRAVELLERS SACCO,NTR-00202003241145200,1.00,3/3,"Ronald ngala, Juja rdDandoraKariobangiAlsops Thika rd, Thika",high,
49,thika_road,Odeon Terminals,Sunton,BABA DOGO 25 TRAVELLERS SACCO,ADR-REOSLYL,1.00,3/3,"Odeon, Muranga rd terminus(via forest rd) thika rdalsops roysambu lucky summer baba dogo outering rd caltex kangundo rd ruai junction utawala city cabanas donholm juja rd, kariokor",high,
49,thika_road,Odeon Terminals,Sunton,ECOSA TRAVELLERS SACCO,NTR-00202009231508320,1.00,3/3,"Ronald Ngala, Kariokor Gikomba Dandora Juja Rd Outering Rd Kangundo Rd Saika Komarock Rd Kariobangi Alsops Thika Rd, Thika",high,
49,thika_road,Odeon Terminals,Sunton,FORWARD TRAVELLERS SACCO LTD,NTR-00202012161512240,1.00,3/3,"Kayole, Gikombe Alsops Mihango, Cabanas",high,
49,thika_road,Odeon Terminals,Sunton,KARIOBANGI MATATU OWNERS SAVINGS AND CREDIT CO-OPERATIVE SOCIETY LIMITED,NTR-00202101251614210,1.00,3/3,"Kariobangi, Juja rd Gikomba Kariokor Ronald ngala Commercial Thika rd Alsops Outering rd, Kariobangi south",high,
145,thika_road,Main Stage,Ruiru,eastern bypass traverlers investment co. limited,NTR-0027,1.00,4/4,"ruiru, ruai,joska, kangundo",high,
145,thika_road,Main Stage,Ruiru,eastern bypass traverlers investment co. limited,ADR-O68IBBL,1.00,4/4,"ruiru, kangundo,ruai, joska",high,
145,thika_road,Main Stage,Ruiru,FORWARD TRAVELLERS SACCO LTD,NTR-00202012161512240,1.00,3/3,"Kayole, Gikombe Alsops Mihango, Cabanas",high,
145,thika_road,Main Stage,Ruiru,FORWARD TRAVELLERS SACCO LTD,ADR-537HBOV,1.00,3/3,"Kangema, Muranga Thika Ruiru Estern Bypass Kangundo Rd Jogoo Rd Juja Rd Gikomba Alsops Ngara Mfangano Street Bus station Kayole Komarock Rd Umoja Morlem Savannah Cabanas Utawala-Mihango Northern Bypass Tassia Rd Malaa Mombasa Rd Mwiki Mwihoko Katani Emali Loitoktok, Nyahururu",high,
145,thika_road,Main Stage,Ruiru,GIKAKURU TRAVELLERS SACCO,NTR-00820,1.00,3/3,"githurai 45, mwihoko eastern bypass ruiru githunguri limuru kimende kijabe hospital wangige kiambu, kahawa west",high,
17B,thika_road,Bus Station,Mwiki,COUNTY LINK SAVINGS AND CREDIT CO-OPERATIVE SOCIETY LTD,ADR-JY7S3W6,1.00,3/3,"Bus Station, Kangundo rd Ruai Kamulu Utawala, Katani",high,
17B,thika_road,Bus Station,Mwiki,COUNTY LINK SAVINGS AND CREDIT CO-OPERATIVE SOCIETY LTD,ADR-POKSOVD,1.00,3/3,"Bus Station, Kangundo rd Ruai Kamulu Utawala, Katani",high,
17B,thika_road,Bus Station,Mwiki,FORWARD TRAVELLERS SACCO LTD,NTR-00202012161512240,1.00,3/3,"Kayole, Gikombe Alsops Mihango, Cabanas",high,
17B,thika_road,Bus Station,Mwiki,KARIOBANGI MATATU OWNERS SAVINGS AND CREDIT CO-OPERATIVE SOCIETY LIMITED,NTR-00202101251614210,1.00,3/3,"Kariobangi, Juja rd Gikomba Kariokor Ronald ngala Commercial Thika rd Alsops Outering rd, Kariobangi south",high,
17B,thika_road,Bus Station,Mwiki,kayo-line group company limited,NTR-00129,1.00,3/3,"Mwiki, Kayole kangundo rd kamulu via ruai Utawala Mihango Cabanas Outering rd Kariobangi, Kasarani",high,
237,thika_road,Townterminal,Thika Town,eastern bypass traverlers investment co. limited,NTR-0027,1.00,4/4,"ruiru, ruai,joska, kangundo",high,
237,thika_road,Townterminal,Thika Town,eastern bypass traverlers investment co. limited,ADR-O68IBBL,1.00,4/4,"ruiru, kangundo,ruai, joska",high,
237,thika_road,Townterminal,Thika Town,NAWASUKU SACCO,ADR-LZRS3JE,1.00,4/4,"timboroa lane, kahawa sukari, warren, ku, ruiru",high,
237,thika_road,Townterminal,Thika Town,NAWASUKU SACCO,ADR-WZ9S3RE,1.00,4/4,"ruiru, ku, kahawa sukari, warren, timboroa lane",high,
237,thika_road,Townterminal,Thika Town,BAKAKI 101 TRAVELLERS SAVINGS AND CREDIT CO-OPERATIVE SOCIETY LIMITED,NTR-00201911291135300,1.00,3/3,"Kiambu, Bypass Ruaka Banana Ndenderu Wangige Kikuyu Rusingiti Kamangu Thigio Mutarakwa Limuru, Tigoni",high,
25A,thika_road,25A Terminal,Lucky Summer Terminal,ALDANA TRAVELLERS SACCO,NTR-00202003241145200,1.00,3/3,"Ronald ngala, Juja rdDandoraKariobangiAlsops Thika rd, Thika",high,
25A,thika_road,25A Terminal,Lucky Summer Terminal,ECOSA TRAVELLERS SACCO,NTR-00202009231508320,1.00,3/3,"Ronald Ngala, Kariokor Gikomba Dandora Juja Rd Outering Rd Kangundo Rd Saika Komarock Rd Kariobangi Alsops Thika Rd, Thika",high,
25A,thika_road,25A Terminal,Lucky Summer Terminal,FORWARD TRAVELLERS SACCO LTD,NTR-00202012161512240,1.00,3/3,"Kayole, Gikombe Alsops Mihango, Cabanas",high,
25A,thika_road,25A Terminal,Lucky Summer Terminal,JONSAGA FLATS SACCO,ADR-7WRS29M,1.00,3/3,"Ronald Ngala, NgaraJujardHuruma Round aboutOutering rdKangundo rd, Ruai",high,
25A,thika_road,25A Terminal,Lucky Summer Terminal,KARIOBANGI MATATU OWNERS SAVINGS AND CREDIT CO-OPERATIVE SOCIETY LIMITED,NTR-00202101251614210,1.00,3/3,"Kariobangi, Juja rd Gikomba Kariokor Ronald ngala Commercial Thika rd Alsops Outering rd, Kariobangi south",high,
44G,thika_road,Main Stage,Main Stage,ALDANA TRAVELLERS SACCO,NTR-00202003241145200,1.00,3/3,"Ronald ngala, Juja rdDandoraKariobangiAlsops Thika rd, Thika",high,
44G,thika_road,Main Stage,Main Stage,COUNTY LINK SAVINGS AND CREDIT CO-OPERATIVE SOCIETY LTD,ADR-JY7S3W6,1.00,3/3,"Bus Station, Kangundo rd Ruai Kamulu Utawala, Katani",high,
44G,thika_road,Main Stage,Main Stage,COUNTY LINK SAVINGS AND CREDIT CO-OPERATIVE SOCIETY LTD,ADR-POKSOVD,1.00,3/3,"Bus Station, Kangundo rd Ruai Kamulu Utawala, Katani",high,
44G,thika_road,Main Stage,Main Stage,ECOSA TRAVELLERS SACCO,NTR-00202009231508320,1.00,3/3,"Ronald Ngala, Kariokor Gikomba Dandora Juja Rd Outering Rd Kangundo Rd Saika Komarock Rd Kariobangi Alsops Thika Rd, Thika",high,
44G,thika_road,Main Stage,Main Stage,FORWARD TRAVELLERS SACCO LTD,NTR-00202012161512240,1.00,3/3,"Kayole, Gikombe Alsops Mihango, Cabanas",high,
44Z,thika_road,Main Stage,Main Stage,ALDANA TRAVELLERS SACCO,NTR-00202003241145200,1.00,3/3,"Ronald ngala, Juja rdDandoraKariobangiAlsops Thika rd, Thika",high,
44Z,thika_road,Main Stage,Main Stage,ECOSA TRAVELLERS SACCO,NTR-00202009231508320,1.00,3/3,"Ronald Ngala, Kariokor Gikomba Dandora Juja Rd Outering Rd Kangundo Rd Saika Komarock Rd Kariobangi Alsops Thika Rd, Thika",high,
44Z,thika_road,Main Stage,Main Stage,FORWARD TRAVELLERS SACCO LTD,NTR-00202012161512240,1.00,3/3,"Kayole, Gikombe Alsops Mihango, Cabanas",high,
44Z,thika_road,Main Stage,Main Stage,KARIOBANGI MATATU OWNERS SAVINGS AND CREDIT CO-OPERATIVE SOCIETY LIMITED,NTR-00202101251614210,1.00,3/3,"Kariobangi, Juja rd Gikomba Kariokor Ronald ngala Commercial Thika rd Alsops Outering rd, Kariobangi south",high,
44Z,thika_road,Main Stage,Main Stage,kayo-line group company limited,ADR-EPJSEWO,1.00,3/3,"kasarani, kayole, kariobangi",high,
45G,thika_road,Main Stage,Gihurai,FORWARD TRAVELLERS SACCO LTD,NTR-00202012161512240,1.00,3/3,"Kayole, Gikombe Alsops Mihango, Cabanas",high,
45G,thika_road,Main Stage,Gihurai,KARIOBANGI MATATU OWNERS SAVINGS AND CREDIT CO-OPERATIVE SOCIETY LIMITED,NTR-00202101251614210,1.00,3/3,"Kariobangi, Juja rd Gikomba Kariokor Ronald ngala Commercial Thika rd Alsops Outering rd, Kariobangi south",high,
45G,thika_road,Main Stage,Gihurai,kayo-line group company limited,ADR-EPJSEWO,1.00,3/3,"kasarani, kayole, kariobangi",high,
45G,thika_road,Main Stage,Gihurai,MNK SACCO SOCIETY LTD,NTR-001393,1.00,3/3,"kasarani, kariobangi, kayole",high,
45G,thika_road,Main Stage,Gihurai,MNK SACCO SOCIETY LTD,ADR-O68IBL5,1.00,3/3,"kasarani, kayole, kariobangi",high,
45K,thika_road,Main Stage,KU,ALDANA TRAVELLERS SACCO,NTR-00202003241145200,1.00,3/3,"Ronald ngala, Juja rdDandoraKariobangiAlsops Thika rd, Thika",high,
45K,thika_road,Main Stage,KU,ECOSA TRAVELLERS SACCO,NTR-00202009231508320,1.00,3/3,"Ronald Ngala, Kariokor Gikomba Dandora Juja Rd Outering Rd Kangundo Rd Saika Komarock Rd Kariobangi Alsops Thika Rd, Thika",high,
45K,thika_road,Main Stage,KU,FORWARD TRAVELLERS SACCO LTD,NTR-00202012161512240,1.00,3/3,"Kayole, Gikombe Alsops Mihango, Cabanas",high,
45K,thika_road,Main Stage,KU,JONSAGA FLATS SACCO,ADR-7WRS29M,1.00,3/3,"Ronald Ngala, NgaraJujardHuruma Round aboutOutering rdKangundo rd, Ruai",high,
45K,thika_road,Main Stage,KU,KARIOBANGI MATATU OWNERS SAVINGS AND CREDIT CO-OPERATIVE SOCIETY LIMITED,NTR-00202101251614210,1.00,3/3,"Kariobangi, Juja rd Gikomba Kariokor Ronald ngala Commercial Thika rd Alsops Outering rd, Kariobangi south",high,
29/30,thika_road,Ngara Bus Terminals,Mathare North Terminal,kayo-line group company limited,ADR-EPJSEWO,1.00,3/3,"kasarani, kayole, kariobangi",high,
29/30,thika_road,Ngara Bus Terminals,Mathare North Terminal,MNK SACCO SOCIETY LTD,NTR-001393,1.00,3/3,"kasarani, kariobangi, kayole",high,
29/30,thika_road,Ngara Bus Terminals,Mathare North Terminal,MNK SACCO SOCIETY LTD,ADR-O68IBL5,1.00,3/3,"kasarani, kayole, kariobangi",high,
29/30,thika_road,Ngara Bus Terminals,Mathare North Terminal,REMBO SHUTTLE SAVINGS AND CREDIT SACCO LTD,NTR-00202008171333500,1.00,3/3,"Cabanas, Kangundo road Ruai, Komarock stage .",high,
29/30,thika_road,Ngara Bus Terminals,Mathare North Terminal,ALDANA SUPREME SERVICES LIMITED,NTR-00202008111559300,0.67,2/3,"Saika, Dandora Outering road Thika road, Thika",medium,
